item,ref,op_idx,id,audiencia,opiniao,participante_atribuido,cargo,orador_casado,n_frases_orador,n_frases_transcricao,n_oradores,cos_s,best_other,delta,cos_g,orador_top1_idx,orador_top1_cos,orador_top1_texto,orador_top2_idx,orador_top2_cos,orador_top2_texto,orador_top3_idx,orador_top3_cos,orador_top3_texto,orador_top4_idx,orador_top4_cos,orador_top4_texto,orador_top5_idx,orador_top5_cos,orador_top5_texto,global_top1_idx,global_top1_cos,global_top1_orador,global_top1_texto,global_top2_idx,global_top2_cos,global_top2_orador,global_top2_texto,global_top3_idx,global_top3_cos,global_top3_orador,global_top3_texto,global_top4_idx,global_top4_cos,global_top4_orador,global_top4_texto,global_top5_idx,global_top5_cos,global_top5_orador,global_top5_texto,melhor_orador_ctx_antes,melhor_orador_ctx_antes_orador,melhor_orador_ctx_depois,melhor_orador_ctx_depois_orador,melhor_global_ctx_antes,melhor_global_ctx_antes_orador,melhor_global_ctx_depois,melhor_global_ctx_depois_orador,auditor_categoria,auditor_orador_real,auditor_notas
1,data_014,24,data_014#24,Vítimas e autoridades divergem sobre reparações do crime socioambiental da Braskem em Maceió,"Mais de 70 mil pessoas foram deslocadas sem uma indenização adequada, apenas uma compensação limitada.",Alexandre Sampaio,Presidente da Associação dos Empreendedores e Vítimas da Mineração em Maceió,ALEXANDRE SAMPAIO,35,641,11,0.3030426502227783,0.8350360989570618,0.5319934487342834,0.8350360989570618,299,0.3030426502227783,"O Ministério Público argumenta que a nossa associação, que está há 5 anos lutando em favor das vítimas, não tem legitimidade para processar criminalmente a Braskem.",315,0.2991411089897156,"O primeiro acordo, que foi o de compensação financeira, deu a posse, a propriedade dos imóveis das pessoas atingidas.",323,0.21266895532608032,"Para coroar tudo isso, o IMA, do Governo Estadual, ainda este mês, há mais ou menos uns 10 dias, autorizou o uso de mosaicos de RPPN nos cerca de 3,5 quilômetros afetados pela mineradora Braskem.",318,0.2109980285167694,"A verdade é que ela tem condicionantes para fazer intervenções comerciais e uso comercial da área, e essas condicionantes podem se cumprir daqui a 10 anos, 15 anos, 20 anos, quando nem vamos mais estar militando.",324,0.19964689016342163,"Portanto, eu refuto, eu rechaço veementemente esses subterfúgios usados pelos colegas até agora, porque, de fato, o que aconteceu, em todas as instâncias, foi a legitimação da propriedade, inclusive uma licença prévia do IMA para que haja mosaicos de RPPN, e, nos outros lugares, consequentemente, poderia haver construções e tudo mais.",606,0.8350360989570618,PRESIDENTE,Mais de 70 mil pessoas foram deslocadas.,490,0.5203464031219482,PROFESSORA LUCIENE CAVALCANTE,"São milhares e milhares de famílias impactadas, mais de 60 mil famílias, e mais de 14 mil residências já evacuadas.",254,0.486863374710083,PAULO CÉSAR PEREIRA MARQUES,"Diante de todas essas situações, eu acho que muitas pessoas queriam mesmo ter uma indenização justa, sair daquele local, ter segurança, ter seu juízo no lugar, voltar a ter uma vida que já não tinham mais, o que é muito semelhante ao que acontece hoje com o Flexal e Bom Parto, que são outros bairros atingidos pela Braskem cujos moradores não foram realocados e brigam para entrar no mapa de criticidade e para poder sair do território com uma indenização justa e também a garantia dos direitos mínimos que foram tirados, como escola, saúde, educação, Uber, que não entra no território.",607,0.4826076626777649,PRESIDENTE,"Como disse um dos defensores do movimento, na verdade não houve indenização, houve compensação, e compensação limitada.",213,0.43338248133659363,CÁSSIO ARAÚJO,"As vítimas são detentoras dos direitos tratados por essas autoridades, e não estão sendo consideradas.",Entramos então com uma queixa-crime subsidiária.,ALEXANDRE SAMPAIO,"E, apesar de já se terem passado 5 anos do início da prática do crime, o Ministério Público Federal ainda não processou criminalmente a empresa, o que nos causa muito estranhamento.",ALEXANDRE SAMPAIO,A verdade é a seguinte: essas pessoas foram vítimas de algo extremamente arrasante para a continuidade e busca de dignidade na vida.,PRESIDENTE,"Como disse um dos defensores do movimento, na verdade não houve indenização, houve compensação, e compensação limitada.",PRESIDENTE,,,
2,data_017,8,data_017#8,"Em seminário na Câmara, especialistas discordam sobre ativismo judicial","Criticou a relação de proximidade entre Ministros do STF e parlamentares, alegando que isso compromete a independência dos Poderes.",Sebastião Coelho,Desembargador aposentado do Tribunal de Justiça do Distrito Federal,SEBASTIÂO COELHO,127,1359,13,0.6257309913635254,0.7223812937736511,0.09665030241012573,0.7223812937736511,250,0.6257309913635254,"O STF coloca no ordenamento jurídico situações que o Parlamento, com a intervenção do Executivo, no caso de lei com sanção, não colocou no mundo jurídico, ou retira do mundo jurídico aquilo que o Parlamento e o Poder Executivo colocaram nele.",307,0.5874468088150024,"Mas, quando o Ministro se acha no direito de proferir falas infelizes, dizer que o partido tal...",260,0.5847126245498657,Essa invasão de competência não é saudável para o relacionamento dos Poderes.,271,0.5609915256500244,"Qual é o sentido de um Ministro do Supremo Tribunal Federal interferir em nomeação de membros para o STJ, para os Tribunais Regionais Federais ou até mesmo para os Tribunais Estaduais.",277,0.5567101240158081,"Agora, quando o Ministro do Supremo interfere em indicação para outras Cortes...",474,0.7223812937736511,PEDRO ESTEVAM,"Existem mecanismos para o Parlamento controlar e defender, aí, sim, o STF dos próprios Ministros?",1133,0.6436634063720703,RODRIGO SARAIVA,"Nesta visão, trazendo o ponto que a Deputada Chris Tonietto traz, de pesos e contrapesos, eu tenho muito problema naquilo que foi trazido na Constituinte por Michel Temer: os poderes devem ser independentes e harmônicos.",250,0.6257309913635254,SEBASTIÂO COELHO,"O STF coloca no ordenamento jurídico situações que o Parlamento, com a intervenção do Executivo, no caso de lei com sanção, não colocou no mundo jurídico, ou retira do mundo jurídico aquilo que o Parlamento e o Poder Executivo colocaram nele.",1230,0.6208305954933167,SEBASTIÃO COELHO,Nós devemos salvar o STF dos abusos dos seus Ministros.,997,0.6202355623245239,PRESIDENTE,"Como preservar a independência entre os Poderes em um cenário político tão polarizado, com grande pressão e impacto social?""","O Supremo Tribunal Federal tomou para si essa atribuição que não lhe é devida.Então, o que nós temos visto, infelizmente, é o Supremo Tribunal Federal colocar no mundo jurídico normas inexistentes, como, por exemplo, normas relacionadas à injúria real, à homofobia, à transformação em crime hediondo.",SEBASTIÂO COELHO,"Então, 594 Parlamentares debatem uma lei — é claro que as leis não são feitas por unanimidade, mas são aprovadas pela maioria, qualificada ou não —, e a um Ministro só se atribui o poder de retirar essa lei do ordenamento jurídico e, mais do que isso, de fazer a sua decisão vigorar por tempo indeterminado.",SEBASTIÂO COELHO,Que o Ministro Alexandre leve ou não em consideração isso.,PEDRO ESTEVAM,Existe.,PEDRO ESTEVAM,,,
3,data_022,10,data_022#10,"Debatedores apontam necessidade de mais regulamentação do e-commerce, especialmente para importações",Sublinhou a necessidade de uma regulamentação equilibrada que não iniba o crescimento do setor.,Igor Luna,Advogado e representante da Câmara Brasileira de Economia Digital (Camara-e.net),IGOR LUNA,82,647,6,0.5998818874359131,0.5923318862915039,-0.00755000114440918,0.5998818874359131,200,0.5998818874359131,"Então, quando começamos a ter noção do impacto do comércio eletrônico na economia nacional, isso desperta a necessidade de que o tratamento regulatório e legislativo desse setor receba um cuidado compatível com a importância que tem.",544,0.5689816474914551,Nós achamos que nós temos espaço para fazer a construção de um modelo que seja equilibrado.,202,0.5629104375839233,"E o comércio eletrônico vem se posicionando para ser também um dos grandes pilares da economia brasileira e exigir, em boa medida, um tratamento regulatório e legislativo compatível.",177,0.5520086288452148,"E esse setor, progressivamente, vem ganhando importância no contexto da economia nacional.",547,0.532248854637146,Defendemos uma tributação equilibrada e que observe a carga tributária que já existe no Brasil.,200,0.5998818874359131,IGOR LUNA,"Então, quando começamos a ter noção do impacto do comércio eletrônico na economia nacional, isso desperta a necessidade de que o tratamento regulatório e legislativo desse setor receba um cuidado compatível com a importância que tem.",393,0.5923318862915039,GUILHERME HENRIQUE MARTINS SANTOS,"Eu entendo que uma lei complementar regulamentando o tema em todo o território nacional traria previsibilidade, mitigaria essas discussões sobre formalidade e sobre norma adequada ou não para se regulamentar e também teria o condão de unificar o tratamento em todo o território nacional.",462,0.5875064730644226,GUILHERME HENRIQUE MARTINS SANTOS,"Será que o Ministério de Indústria e Comércio poderia consolidar aqui quais são as estratégias, as linhas de ação e os programas traçados para a melhoria desse ambiente de negócio?",544,0.5689816474914551,IGOR LUNA,Nós achamos que nós temos espaço para fazer a construção de um modelo que seja equilibrado.,632,0.5631134510040283,PRESIDENTE,"Para a construção de uma legislação que torne esse ambiente favorável ao desenvolvimento de negócios, vamos precisar, necessariamente, repetir conversas ricas como esta.","Isso, de fato, ampliou bastante os impactos de A a Z na economia nacional.",IGOR LUNA,"Atualmente, tomamos decisões de elevado nível técnico, muito ponderadas, políticas, técnicas, em grandes setores como o agro, o da indústria automotiva, porque reconhecemos a importância desses segmentos para a economia nacional.",IGOR LUNA,"Isso, de fato, ampliou bastante os impactos de A a Z na economia nacional.",IGOR LUNA,"Atualmente, tomamos decisões de elevado nível técnico, muito ponderadas, políticas, técnicas, em grandes setores como o agro, o da indústria automotiva, porque reconhecemos a importância desses segmentos para a economia nacional.",IGOR LUNA,,,
4,data_023,14,data_023#14,Debatedores defendem medidas para impulsionar uso do biometano no Brasil,Enfatizou a importância de se trabalhar com incrementos percentuais na descarbonização para expandir o uso do biometano.,Tiago Samos Santovito,"Gerente Executivo de Regulação, Transporte e Distribuição de Gás Natural do Instituto Brasileiro de Petróleo e Gás (IBP)",TIAGO SAMOS SANTOVITO,113,1220,10,0.769526481628418,0.7918310165405273,0.022304534912109375,0.7918310165405273,704,0.769526481628418,O biometano tem o papel importantíssimo de promover a redução de emissões do nosso setor.,717,0.7681795358657837,É importante sempre mencionar que o IBP reconhece a importância do biometano na transição energética e dos esforços que vêm sendo implementados em prol da descarbonização por meio de políticas públicas que visam trazer esse incentivo.,698,0.6518440246582031,Muito se falou da integração do gás natural com o biometano.,719,0.6337825059890747,O primeiro pilar é a criação do Regime Especial de Incentivos para o Desenvolvimento de Tecnologias Sustentáveis de Matriz Limpa do Gás Natural e Biometano.,703,0.6217952966690063,"Trazer essa segurança energética, tanto através do gás natural quanto do biometano, é fundamental.",462,0.7918310165405273,GUSTAVO BONINI,"Com o comprovado cumprimento dessa meta de descarbonização, conseguiremos avançar também no uso do gás e do biometano.",308,0.7760287523269653,TULIO CORREA,"E aqui eu acho que temos de enaltecer sim o papel do biometano, porque, com o gás natural, nós temos sim uma redução de emissões de CO2, e, com a utilização do biometano, essa redução pode chegar até 95%.",704,0.769526481628418,TIAGO SAMOS SANTOVITO,O biometano tem o papel importantíssimo de promover a redução de emissões do nosso setor.,717,0.7681795358657837,TIAGO SAMOS SANTOVITO,É importante sempre mencionar que o IBP reconhece a importância do biometano na transição energética e dos esforços que vêm sendo implementados em prol da descarbonização por meio de políticas públicas que visam trazer esse incentivo.,316,0.7681015729904175,TULIO CORREA,"E, aqui, mais uma vez, quero enaltecer o biometano, porque, com o biometano, nós conseguimos uma redução, até na ordem do dobro, de 15% para 30%, pois, em geral, os clientes produzem o próprio combustível ou têm acesso a esse tipo de combustível com um custo mais baixo.","Trazer essa segurança energética, tanto através do gás natural quanto do biometano, é fundamental.",TIAGO SAMOS SANTOVITO,"Então, é extremamente necessário ele estar conectado ao gás natural.",TIAGO SAMOS SANTOVITO,Isso é bastante importante.,GUSTAVO BONINI,Aqui foram listados alguns pontos importantes sobre o preço que é determinado pelo mercado.,GUSTAVO BONINI,,,
5,data_029,18,data_029#18,Debatedores apontam medidas para reduzir mortes violentas de jovens negros,Compartilhou a importância de ressignificar a lógica da segurança pública no Brasil.,Silvio Conceição do Rosário,"Major da Polícia Militar do Estado da Bahia, representante da Secretaria de Segurança Pública do Estado da Bahia",SILVIO CONCEIÇÃO DO ROSÁRIO,67,989,14,0.6175034046173096,0.6795850396156311,0.06208163499832153,0.6795850396156311,364,0.6175034046173096,"Então, eu entendo a luta que é feita no Congresso Nacional para que essa pauta se torne cada dia mais importante e cada dia mais essencial no cotidiano de todo brasileiro.",390,0.6112445592880249,Nós como policiais precisamos ouvir o que a comunidade negra no Brasil tem a dizer.,360,0.5916194915771484,"De alguma forma, estou representando também um estrato da Secretaria de Segurança Pública do Estado da Bahia.",521,0.584181547164917,"Este é o caminho para uma segurança pública de melhor qualidade, uma segurança pública cidadã.",399,0.5633937120437622,"Isso não só é uma chancela, mas também um projeto da Polícia Militar da Bahia, através do GTP.",411,0.6795850396156311,PRESIDENTE,"Foi muito importante a participação do major da Polícia Militar da Bahia, representando a Secretaria de Segurança Pública do Estado.",137,0.6701552867889404,RAFAEL MOREIRA DA SILVA DE OLIVEIRA,"Isso deveria motivar-nos a olhar com mais atenção, com mais prioridade e com mais especificidade para a letalidade, para a forma e para os aspectos como a violência se apresenta no Brasil.",935,0.6695443391799927,JOÃO CARLOS DOS SANTOS,"Entendemos que, assim como está sendo proposta, através do PRONASCI, a formação para os serviços de segurança estaduais, é necessário que se faça um projeto de formação antirracista para as empresas e os prestadores de serviços de segurança privada, a fim de que o combate a essa violência, no nível da segurança pública, aconteça de forma generalizada e atinja todas as formas de segurança existentes no regramento brasileiro.",143,0.666022002696991,RAFAEL MOREIRA DA SILVA DE OLIVEIRA,"Começo lembrando alguns dados do Fórum Brasileiro de Segurança Pública, que fez uma ótima nota técnica sobre a desigualdade racial na segurança pública.",351,0.6586946249008179,PRESIDENTE,"Com a palavra, repito, o Major da Polícia Militar da Bahia Silvio Conceição do Rosário, representando a Secretaria de Segurança Pública da Bahia.","Quando estou trajado de branco, eu corro tanto risco de ser apedrejado e de ser vilipendiado quanto qualquer homem preto na minha condição.",SILVIO CONCEIÇÃO DO ROSÁRIO,"Eu queria começar dizendo que eu, como o Pastor Martin Luther King, também tenho um sonho.",SILVIO CONCEIÇÃO DO ROSÁRIO,"Inclusive, eu queria levantar aqui um questionamento sobre o qual acho importante refletirmos neste painel.",PRESIDENTE,"Ele, como disse, é filho de santo, negro, major, e sofre toda essa realidade.",PRESIDENTE,,,
6,data_031,26,data_031#26,Especialistas defendem transformação de programa de formação de professores em política de Estado,Apoio ao diálogo com os municípios para melhorar a pactuação e colaboração no PARFOR.,Mariana Breim,Diretora de Políticas Educacionais do Instituto Península,MARIANA BREIM,91,736,13,0.5335729718208313,0.8024058938026428,0.2688329219818115,0.8024058938026428,698,0.5335729718208313,Acho que concordo com tudo o que foi dito em relação ao PARFOR.,701,0.4845321774482727,"Aproveitando a presença da Marcia aqui, gostaria de dizer que precisamos trazer para discussão, Marcia, o PIBID — Programa Institucional de Bolsa de Iniciação à Docência.",707,0.46576452255249023,"Então, que possamos fazer um diálogo de adequação do programa às necessidades, às demandas dos professores e das redes.",414,0.4545133709907532,"E essa não deveria ser uma característica apenas do PARFOR, mas de qualquer programa que se proponha a formar professores, seja na formação inicial, seja na formação continuada.",407,0.4524400234222412,Eles queriam participar da tomada de decisões.,690,0.8024058938026428,ROMILSON MARTINS SIQUEIRA,"Por fim, no regime de colaboração e pactuação com os Municípios, podemos quem sabe pensar a questão do PARFOR na perspectiva dos planos de carreira dos Municípios.",691,0.7067006826400757,ROMILSON MARTINS SIQUEIRA,"Quem sabe podemos ajudar os Municípios a pensar o PARFOR como um processo de progressão horizontal, por exemplo, nos planos de carreira, não apenas para adequação da formação, mas também para garantir que aqueles que fizerem o PARFOR tenham, no plano de carreira, ascensão e progressão horizontal ou vertical, como queiram os municípios.",682,0.6979652047157288,ROMILSON MARTINS SIQUEIRA,Uma segunda questão que quero trazer é sobre o regime de pactuação e de colaboração com os Municípios.,684,0.6907203197479248,ROMILSON MARTINS SIQUEIRA,"Acho que há um novo Governo e uma nova política sendo pensada para o programa, então eu acho que vale a pena um diálogo com os Municípios para fazermos essa chamada de atenção para aquilo que é compromisso de cada ente nessa pactuação.",625,0.678817629814148,SUZANE DA ROCHA VIEIRA GONÇALVES,"Finalizo as minhas contribuições e colocações nesta audiência destacando a importância da continuidade do PARFOR como um programa permanente, com ampliação de financiamento e com ampliação de vagas, a partir de um diagnóstico construído e dialogado entre os fóruns estaduais, as instituições de ensino superior, o Ministério da Educação, que é responsável por acompanhar os fóruns, e a CAPES.",A SRA. MARIANA BREIM- Quero agradecer as falas aos meus colegas de Mesa e à Deputada a oportunidade.,MARIANA BREIM,Acho que ele está devidamente iluminado e defendido nesta manhã.,MARIANA BREIM,"Que seja um edital, mas que seja um edital amplo, a longo prazo, que nos permita, a curto, médio e longo prazo, entender como é que se faz e como é que as universidades, o MEC e os próprios Municípios vão a curto, médio e longo prazo, nesse planejamento, fazer ingressarem novas turmas no PARFOR, não apenas a cada edital.",ROMILSON MARTINS SIQUEIRA,"Quem sabe podemos ajudar os Municípios a pensar o PARFOR como um processo de progressão horizontal, por exemplo, nos planos de carreira, não apenas para adequação da formação, mas também para garantir que aqueles que fizerem o PARFOR tenham, no plano de carreira, ascensão e progressão horizontal ou vertical, como queiram os municípios.",ROMILSON MARTINS SIQUEIRA,,,
7,data_035,8,data_035#8,Especialistas sugerem prazo maior para registro de candidaturas em minirreforma eleitoral,Destaca a importância da transparência e a necessidade de simplificação sem perder a garantia republicana.,Thiago Boverio,Coordenador do grupo de trabalho da Coordenação da Advocacia Partidária,THIAGO BOVERIO,111,1465,14,0.6219205856323242,0.757174551486969,0.13525396585464478,0.757174551486969,1056,0.6219205856323242,"Mantendo esse contraponto, sobre as questões atinentes à prestação de contas, acredito que seja o tema mais falado aqui e acredito que tenha sido o que mais tenha acentuado essa lógica da simplificação.",1063,0.5439928770065308,"Isso, além de desburocratizar, alivia a tramitação desses processos na Justiça Eleitoral.",1109,0.5391572713851929,"Isso vai dar liquidez, vai dar fruição para a Justiça Eleitoral, porque analisa, aprofunda.",1043,0.526666522026062,A lógica sistemática constitucional hoje é a diminuição de partido político.,1042,0.520685076713562,"Por meio dessa premissa de não retroação constitucional, quando se avança numa matéria no País, evita-se o retrocesso.",352,0.757174551486969,RODRIGO LOPES ZILIO,"Nisso, acho, não temos espaço para retroceder.Na prestação de contas partidárias, não há oposição à simplificação, desde que não prejudique a transparência e a fiscalização dos recursos públicos.",969,0.7442945837974548,VICTOR DURIGAN,"A transparência deve ser considerada uma regra, com exceções específicas, explícitas e justificadas, e tem que ser considerada de forma transversal em toda a proposta de minirreforma.",169,0.7310675382614136,WALBER AGRA,"E a prestação de contas, volto a dizer, é uma garantia republicana, é uma medida de transparência.",1026,0.7035934925079346,PRESIDENTE,"Então, a transparência é fundamental.",979,0.6683330535888672,VICTOR DURIGAN,"Diante disso, nós ressaltamos que devem ser criados não apenas instrumentos de transparência sobre a remoção de informação dos canais oficiais de órgão público, mas também melhores definições de critérios que sirvam para orientar os servidores sobre a remoção apenas de conteúdos que promovam agentes públicos, sem que sejam removidas as informações sobre as políticas públicas e de Estado.","A contribuição desse sistema de sobras para aqueles que atingirem o quociente é muito válida nesse sentido, assim como fomentar a formação de federação, criando mecanismos formais nas casas políticas para que funcione como uma federação, não como partido avulso, senão vira uma fraude ao sistema de coligação.",THIAGO BOVERIO,"Dentro dessa construção, fica, a título de sugestão ao eminente Relator, a possibilidade de se fazer a prestação de contas eleitoral dentro da anual, porque, em ano eleitoral, há duas prestações de contas do partido.",THIAGO BOVERIO,"Quero apenas falar sobre a questão da fraude de gênero, uma política afirmativa que veio para ficar.O TSE teve um papel essencial em relação aos critérios e às consequências das cassações, o que foi corroborado pela massificação do Supremo pela ADI 6.338.",RODRIGO LOPES ZILIO,"Acho que o Marcelo Issa, da Transparência Partidária, foi muito feliz nas observações que fez.A última observação diz respeito às federações partidárias.",RODRIGO LOPES ZILIO,,,
8,data_037,12,data_037#12,Secretaria Nacional de Paradesporto pede mais orçamento e estrutura para os atletas com deficiência,A instituição da Subcomissão Permanente do Paradesporto é um passo importante para o reconhecimento e investimento no paradesporto.,Augusto Puppio,Deputado Federal,AUGUSTO PUPPIO,22,443,5,0.6969414949417114,0.7018568515777588,0.004915356636047363,0.7018568515777588,345,0.6969414949417114,"Podem ter certeza de que vamos trabalhar, pelo menos enquanto estivermos aqui, Presidente, para colocar o paradesporto no local que merece, porque, mesmo sem o devido reconhecimento e investimento, o paradesporto proporciona um retorno muito maior do que outros temas aos quais, às vezes, damos um pouco mais de foco, por uma série de fatores.",336,0.6324144601821899,"Eu estou muito feliz, Presidente, porque conseguimos instituir aqui a Subcomissão Permanente do Paradesporto.",341,0.5060874223709106,"Eu sei que todo o mundo aqui sabe, tão bem quanto eu, da importância do esporte, não pelo esporte em si, mas por tudo que ele representa, por todas as muletas psicológicas e sociais que o esporte representa em todos os sentidos.",335,0.302401602268219,"Eu queria cumprimentar o Secretário-Executivo Lindberg; a Nayara, a quem parabenizo pela sua história; e o Secretário Nacional de Paradesporto, Fábio, que eu estava querendo conhecer pessoalmente há muito tempo — a sua fama o precede.",333,0.251801073551178,"Eu queria agradecer ao nosso Presidente Luiz Lima, nosso ídolo do esporte, pela gentileza de me ceder a oportunidade de falar primeiro.",213,0.7018568515777588,PRESIDENTE,Esse seu comprometimento contribui bastante para o paradesporto.,162,0.699416995048523,FÁBIO AUGUSTO LIMA DE ARAUJO,"Da mesma maneira, o Avança Paradesporto do Brasil, um programa que visa à excelência paradesportiva, também precisa ainda ser adequado ao que diz a Lei Geral do Esporte.",345,0.6969414949417114,AUGUSTO PUPPIO,"Podem ter certeza de que vamos trabalhar, pelo menos enquanto estivermos aqui, Presidente, para colocar o paradesporto no local que merece, porque, mesmo sem o devido reconhecimento e investimento, o paradesporto proporciona um retorno muito maior do que outros temas aos quais, às vezes, damos um pouco mais de foco, por uma série de fatores.",95,0.6803394556045532,FÁBIO AUGUSTO LIMA DE ARAUJO,"O eixo conceitual, que eu acho que é muito importante, é para diferenciar o paradesporto do esporte paralímpico.",146,0.679266095161438,FÁBIO AUGUSTO LIMA DE ARAUJO,É importantíssimo darmos essa visibilidade ao paradesporto.,Todo o mundo apoiou.,AUGUSTO PUPPIO,"Muito obrigado pela oportunidade, Presidente.",AUGUSTO PUPPIO,Vemos que realmente é emocionante a sua atitude.,PRESIDENTE,"Registro a presença — já foi anunciado aqui — do nosso colega Deputado Augusto Puppio e do Deputado Airton Faleiro, do Pará.",PRESIDENTE,,,
9,data_048,8,data_048#8,Proposta que proíbe a união de pessoas do mesmo sexo é criticada em audiência pública,Afirma que a decisão do STF sobre a ADI 4.277 foi correta em reconhecer a união estável como entidade familiar.,Rodrigo Pedroso,Procurador da Universidade de São Paulo — USP,RODRIGO PEDROSO,66,1745,19,0.6668570041656494,0.6850306391716003,0.018173635005950928,0.6850306391716003,480,0.6668570041656494,"O art. 1.723 do Código Civil, que repete o texto da Constituição sobre a união estável, recebeu — entre aspas — ""uma interpretação conforme a Constituição"", como se ele já não repetisse o texto constitucional, para reconhecer-se a união estável como entidade familiar.",476,0.6147744655609131,"Este é um tema que se presta, infelizmente, a muita demagogia, mas o fato é que, quando o Supremo Tribunal Federal julgou a ADI 4.277, há 12 anos, em 2011, ele declarou inconstitucional o próprio texto do artigo da Constituição que define a união estável entre homem e mulher como entidade familiar, como já ressaltado antes de mim pelo Prof. Glauco e pelo Prof. Antonio.",507,0.5647139549255371,"Esse desenho da família era o que já existia antes, na legislação infraconstitucional, e foi confirmado no Código Civil, de 2002.",506,0.545981764793396,O que importa é que a Constituição desenhou a família de uma certa maneira.,518,0.5448473691940308,"O casamento é abrangido pelo direito, é regulado pelo direito, não por uma questão de felicidade individual, mas porque tem reflexos no bem comum, no interesse público, no interesse social.",1364,0.6850306391716003,PASTOR HENRIQUE VIEIRA,"Concordo com a unanimidade do STF, que diz que é constitucional o casamento civil entre pessoas do mesmo sexo.",330,0.6810086965560913,GLAUCO BARREIRA,Fala da união estável.,770,0.672594428062439,PASTOR HENRIQUE VIEIRA,Nós queremos a manutenção do que já está garantido por um entendimento do STF a respeito do espírito constitucional.,480,0.6668570041656494,RODRIGO PEDROSO,"O art. 1.723 do Código Civil, que repete o texto da Constituição sobre a união estável, recebeu — entre aspas — ""uma interpretação conforme a Constituição"", como se ele já não repetisse o texto constitucional, para reconhecer-se a união estável como entidade familiar.",1509,0.6374863386154175,GLAUCO BARREIRA,"A união estável, mesmo entre homem e mulher, a Constituição chama de ""entidade familiar"", que é equiparável para a proteção, mas recebeu outro nome.",E foi isso o que aconteceu no julgamento da ADI 4.277.,RODRIGO PEDROSO,"Como disse antes de mim o Prof. Glauco, a família não pode ser objeto de uma definição arbitrária.",RODRIGO PEDROSO,Eu até faço.,PASTOR HENRIQUE VIEIRA,"Mas chega uma hora que nem dá mais vontade de fazer debate técnico, jurídico, constitucional.",PASTOR HENRIQUE VIEIRA,,,
10,data_057,18,data_057#18,"Guardas armados não resolvem problema de violência nas escolas, dizem especialistas",Apresentou a necessidade de abordar a violência contra as escolas de maneira ampla e integrada.,Daniel Cara,Professor da Faculdade de Educação da Universidade de São Paulo,DANIEL CARA,92,810,14,0.7842200398445129,0.8400883674621582,0.055868327617645264,0.8400883674621582,323,0.7842200398445129,"Eu falei sobre a primeira grande contribuição do relatório, que foi descobrirmos o fenômeno que vai além da violência nas escolas, mas que se trata da violência às escolas.",315,0.7557886838912964,O primeiro deles é a percepção de que saímos de uma perspectiva só de violência nas escolas para uma perspectiva de violência às escolas.,300,0.7497797608375549,"O Brasil precisava enfrentar o fenômeno da violência às escolas, ou seja, contra as escolas.",349,0.697988748550415,"Por último, também estão previstas em nosso relatório campanhas de conscientização sobre o extremismo de direita e alternativas para a ação governamental na prevenção dos ataques às escolas.",324,0.6583027243614197,A segunda grande contribuição para a literatura sobre o tema que esse relatório inaugura é a percepção de que essa violência às escolas é mobilizada também por um extremismo neonazista e fascista.,772,0.8400883674621582,ARIEL DE CASTRO ALVES,A nossa Coordenação de Enfrentamento às Violências tem como prioridade a temática do enfrentamento à violência nas escolas.,471,0.7947531938552856,ARIEL DE CASTRO ALVES,"Também precisaríamos pensar em como ampliar essa experiência para o País todo, para que toda escola tenha a sua Comissão de Prevenção à Violência para tratar dos casos que ocorrem no interior das escolas e prevenir situações, com medidas de capacitação dos profissionais e medidas de discussão junto aos estudantes sobre direitos humanos, cidadania e cultura de paz.",323,0.7842200398445129,DANIEL CARA,"Eu falei sobre a primeira grande contribuição do relatório, que foi descobrirmos o fenômeno que vai além da violência nas escolas, mas que se trata da violência às escolas.",91,0.7669926881790161,JOSEVANDA FRANCO,Agora nós estamos enfrentando a violência da sociedade contra a escola.,556,0.7560713291168213,CATARINA DE ALMEIDA,"E nós precisamos olhar esse número crescente, que inclusive ele já trouxe, de atentados contra as escolas a partir de questões vinculadas na sociedade.",O SR. DANIEL CARA- Voltarei às questões do relatório.,DANIEL CARA,A segunda grande contribuição para a literatura sobre o tema que esse relatório inaugura é a percepção de que essa violência às escolas é mobilizada também por um extremismo neonazista e fascista.,DANIEL CARA,Essa é uma das ações.,ARIEL DE CASTRO ALVES,"Pretendemos que o Fundo da Criança e do Adolescente, também no seu edital, preveja projetos sociais para as entidades voltados à prevenção da violência nas escolas.",ARIEL DE CASTRO ALVES,,,
11,data_060,14,data_060#14,Especialistas apontam benefícios e desafios de novo programa do SUS para o atendimento a idosos,A Tabela SUS precisa de ajustes para refletir melhor os custos reais e permitir a compra de dispositivos médicos de qualidade.,Dra. Maíra Batista Botelho,Secretária de Atenção Especializada à Saúde do Ministério da Saúde,MAÍRA BATISTA BOTELHO,126,569,7,0.5948575735092163,0.7777942419052124,0.1829366683959961,0.7777942419052124,497,0.5948575735092163,"Isso é o mais caro para nós, porque trata da qualidade do atendimento prestado ao usuário do SUS.",550,0.5834270715713501,"Nós trazemos para o SUS o conceito de valor em saúde, criamos várias comparações entre serviços e capacitações, promovemos a troca de experiências entre serviços, para ampliar e melhorar o acesso com qualidade assistencial.",412,0.557213544845581,"A Portaria nº 3.904, de 2022, que regulamentou a Tabela do SUS, traz um atributo para a tabela, que é o valor de referência nacional.",519,0.5404707193374634,Um dos critérios de contrapartida do hospital habilitado seria o preenchimento de todos os dados clínicos desse atendimento no Registro Nacional de Implantes.,520,0.5255182981491089,Nós pagamos e oferecemos um custeio diferenciado.,142,0.7777942419052124,FERNANDO SILVEIRA,"Verifica-se claramente que, de acordo com a necessidade do paciente, produtos com características técnicas mais específicas podem ser adquiridos com preços bastante acima daqueles estabelecidos no SIGTAP, que é o sistema que gerencia a Tabela SUS.",144,0.7290921211242676,FERNANDO SILVEIRA,"De toda forma, o QualiSUS Cardio, por meio de portarias do Ministério da Saúde publicadas ao final de 2021 e em meados de 2022, estabeleceu os preços de reembolso para dispositivos usados em procedimentos cardiovasculares no âmbito do SUS e, com a eventual economia dessas reduções, estabeleceu uma política de remuneração dos serviços hospitalares e dos serviços profissionais dessa área da medicina, com base em métricas de desempenho e qualidade.",140,0.6799559593200684,FERNANDO SILVEIRA,"No contraste com os preços da Tabela SUS do Ministério da Saúde e o monitoramento dos preços da ANVISA, a ferramenta da ANVISA ainda permite obter a referência de preços mínimos, dois recortes em percentis médios de preço e o preço máximo encontrado em contas públicas de dispositivos médicos.",150,0.6663767099380493,FERNANDO SILVEIRA,"Portanto, embora os tópicos da Tabela SUS e do QualiSUS Cardio ofereçam ainda inúmeras possibilidades de discussão e de realinhamento entre todos os participantes do mercado e entes federativos, entendemos que a aplicação do QualiSUS Cardio na melhoria do atendimento à população idosa demanda uma retomada das conversações sobre metodologia, critérios e valores atribuídos aos dispositivos e procedimentos, de tal forma a ampliar o acesso da população-alvo a procedimentos e a dispositivos custo-efetivos com eficácia e segurança de nível adequado, tanto do ponto de vista técnico, como do de disponibilidade continuada e intempestiva em toda a cadeia produtiva e de atendimento.",143,0.6536899209022522,FERNANDO SILVEIRA,"A ferramenta de monitoramento dos preços praticados no mercado da ANVISA, de acordo com as características técnicas do dispositivo, tem se mostrado muito mais eficaz e fidedigna para estabelecer referência de preço para os repasses do Ministério da Saúde aos prestadores de serviço.","Nós partimos desse diagnóstico situacional de toda a rede de alta complexidade cardiovascular, estabelecemos um modelo de avaliação, uma metodologia de análise multicritério que considerou o volume de procedimentos e o acesso a esses centros, combinando os indicadores assistenciais.",MAÍRA BATISTA BOTELHO,"Nós estabelecemos uma relação, sim, de pactuação com o fortalecimento dos processos de gestão e aprimoramento dessa qualidade e focamos em capacitação profissional.",MAÍRA BATISTA BOTELHO,"Para os itens monitorados pela ANVISA, verificam-se alguns contrastes no que a Tabela SUS estabelece em termos de ressarcimento, nivelando todos os produtos usados no serviço público pelo menor preço.",FERNANDO SILVEIRA,"A ferramenta de monitoramento dos preços praticados no mercado da ANVISA, de acordo com as características técnicas do dispositivo, tem se mostrado muito mais eficaz e fidedigna para estabelecer referência de preço para os repasses do Ministério da Saúde aos prestadores de serviço.",FERNANDO SILVEIRA,,,
12,data_062,16,data_062#16,Debatedores cobram oferta gratuita de novos medicamentos para tratar amiloidose no SUS,Relata os benefícios do uso do inotersena em comparação com o tafamidis.,Fábio Almeida,Paciente de amiloidose hereditária,FÁBIO ALMEIDA,92,537,7,0.5427874326705933,0.7208430171012878,0.17805558443069458,0.7208430171012878,331,0.5427874326705933,"E eu sabia do tratamento que já existia na Europa com o uso do tafamidis, e alguns países já estavam começando a dar acesso a ele à população.",380,0.5094090104103088,"A droga que está no SUS, o tafamidis, não é o suficiente.",340,0.5014406442642212,"Com relação ao meu tratamento, nesses 10 anos e meio que eu posso computar desde o início dos sintomas, eu usei tafamidis por 2 anos, recebendo o medicamento do Ministério da Saúde, através de ação judicial.",343,0.490988552570343,"Naquela época, foi aberto um estudo para um medicamento novo, a inotersena, e nós tínhamos grande esperança nele.",359,0.3854772746562958,"Também fico muito contente porque, ao participar do estudo, eu ajudei a que essa droga fosse provada e outras pessoas pudessem ter acesso a ela.",274,0.7208430171012878,LIANA FERRONATO,"Ao mesmo tempo, tenho acompanhado pacientes que puderam entrar nos ensaios clínicos com a inotersena e que hoje têm um quadro clínico perceptivelmente melhor do que o daqueles que só tomam tafamidis 20mg.",272,0.6063467860221863,LIANA FERRONATO,"Ao longo dos últimos 2 anos à frente da ABPAR, enquanto a incorporação da inotersena se arrasta, eu tenho visto muitos casos de pacientes cujo estado de saúde se agravou e que hoje não respondem mais ao tafamidis 20mg.",188,0.6022360324859619,MARCIA CRUZ,"Depois, vieram as drogas, como as estabilizadoras — no caso, o tafamidis — e os silenciadores da transtirretina, que faz como se fosse um transplante, e veio mais tarde.",67,0.5940957069396973,PRISCILA GEBRIM LOULY,Nós avaliamos recentemente o inotersena.,331,0.5427874326705933,FÁBIO ALMEIDA,"E eu sabia do tratamento que já existia na Europa com o uso do tafamidis, e alguns países já estavam começando a dar acesso a ele à população.","Eu fiquei com medo dessa opção, então não era minha alternativa primeira.",FÁBIO ALMEIDA,"Na época, infelizmente não havia acesso a isso no Brasil.",FÁBIO ALMEIDA,Outros casos de demora no diagnóstico também descartam o uso desse medicamento.,LIANA FERRONATO,"O Fábio, aqui presente, é um exemplo disso por ter participado de um estudo conduzido pela Dra. Marcia.",LIANA FERRONATO,,,
13,data_063,17,data_063#17,Entidades de defesa dos idosos cobram mais atenção do Estado com instituições de longa permanência,Reforçou que o Estado tem a obrigação de apoiar financeiramente essas instituições.,Sandro Roberto Poleto,Coordenador Nacional do Departamento de Normatização e Orientação da Sociedade Vicente de Paulo,SANDRO ROBERTO POLETO,78,712,9,0.5666828751564026,0.7441232204437256,0.177440345287323,0.7441232204437256,567,0.5666828751564026,"Sendo uma instituição filantrópica, como prevê a própria Constituição, toda essa assistência social, que é um direito do cidadão, assim como é um dever da caridade — porque a Sociedade São Vicente de Paulo faz pela caridade —, que hoje é assistência social, ela deveria ser feita em gestão, de forma articulada.",569,0.5380693674087524,"Por fazer parte da rede SUAS, que é um dever, somos fiscalizados pelo Ministério Público, pela vigilância sanitária, pelos conselhos, e geralmente essas fiscalizações agem com força desproporcional contra essas instituições filantrópicas.",597,0.5178940296173096,Mas onde estão os direitos das instituições?,581,0.5091323852539062,"E eles não fecham por maus tratos, eles fecham por falta de recurso financeiro quando o Estado, o Governo Federal, o Governo Estadual e o Governo Municipal se omitem e não repassam o recurso financeiro, uma vez que é dever do Estado custear o idoso que está institucionalizado.",598,0.4880335330963135,"A Lei nº 10.741, o Estatuto do Idoso, fala dos deveres, sim, mas esqueceram-se de colocar ali que o Estado também tem suas obrigações.",106,0.7441232204437256,VEJUSE ALENCAR DE OLIVEIRA,Mas o Estado tem uma obrigação e precisa assumi-la.,522,0.721393883228302,RENATO DA SILVA GOMES,"O Estado tem que se colocar, sim, porque o Estado tem responsabilidade de fomentar isso.",61,0.6998242139816284,KARLA GIACOMIN,"É preciso apoiar as instituições privadas, porque elas estão fazendo o papel que o Estado deveria fazer.",169,0.6474420428276062,VEJUSE ALENCAR DE OLIVEIRA,"É dever do Estado, é dever do sistema da assistência social acolher qualquer cidadão que dele necessite.",60,0.6450238227844238,KARLA GIACOMIN,É preciso apoiar as instituições filantrópicas.,"Mas grande parte desses idosos que adentram nas nossas instituições não têm nem acesso a esse benefício ou, quando eles chegam, o benefício já está todo comprometido por empréstimos e por outras pessoas que se beneficiaram dessas pessoas idosas.",SANDRO ROBERTO POLETO,"E qual é a maior dificuldade que temos hoje, como instituição filantrópica?",SANDRO ROBERTO POLETO,"Esse é um desafio do Estado, da sociedade e da família, isso é um esforço conjunto.",VEJUSE ALENCAR DE OLIVEIRA,A Casa do Povo tem suas atribuições.,VEJUSE ALENCAR DE OLIVEIRA,,,
14,data_069,4,data_069#4,Debatedores defendem engajamento de jovens na política para combater ataques à democracia,Desenvolveu o projeto Eleitor do Futuro para engajar crianças e jovens em diferentes níveis de ensino.,Maria Claudia Bucchianeri Pinheiro,Ministra Substituta do Tribunal Superior Eleitoral,MINISTRA MARIA CLAUDIA BUCCHIANERI PINHEIRO,53,433,7,0.7410863637924194,0.6726969480514526,-0.0683894157409668,0.7410863637924194,42,0.7410863637924194,"Já no ensino médio, o foco muitas vezes do projeto Eleitor do Futuro é a formação de lideranças.",49,0.7294214963912964,"Ele engaja crianças, engaja adolescentes e jovens, em gradação de formação cívica.",35,0.7166740894317627,O projeto mais antigo das nossas escolas se chama Eleitor do Futuro.,36,0.6908555030822754,"Trata-se de um projeto voltado ao público do ensino infantil, ensino fundamental e também, Dr. Ricardo, do ensino médio e, a depender da idade, da escolaridade, o enfoque das atuações muda.",37,0.6669428944587708,"Então, por exemplo, com crianças, há um interessantíssimo trabalho de formação de consciência cívica, de engajamento eleitoral.",42,0.7410863637924194,MINISTRA MARIA CLAUDIA BUCCHIANERI PINHEIRO,"Já no ensino médio, o foco muitas vezes do projeto Eleitor do Futuro é a formação de lideranças.",49,0.7294214963912964,MINISTRA MARIA CLAUDIA BUCCHIANERI PINHEIRO,"Ele engaja crianças, engaja adolescentes e jovens, em gradação de formação cívica.",35,0.7166740894317627,MINISTRA MARIA CLAUDIA BUCCHIANERI PINHEIRO,O projeto mais antigo das nossas escolas se chama Eleitor do Futuro.,36,0.6908555030822754,MINISTRA MARIA CLAUDIA BUCCHIANERI PINHEIRO,"Trata-se de um projeto voltado ao público do ensino infantil, ensino fundamental e também, Dr. Ricardo, do ensino médio e, a depender da idade, da escolaridade, o enfoque das atuações muda.",90,0.6726969480514526,LUCAS FERNANDES HOOGERBRUGGE,"Uma das coisas que percebemos muito nessa interação dos professores e especialmente dos estudantes é que há um desejo, uma necessidade muito forte dos jovens de participarem do debate sobre aquilo que é o projeto para o nosso País.","Há também, em muitos Estados — e sabemos da profundidade das diversidades regionais do Brasil —, a atuação de interiorização do projeto Eleitor do Futuro, levando a criança do interior, em escolas muitas vezes sem Internet, a este programa de formação de cidadania e de despertar interesse nas nossas crianças.",MINISTRA MARIA CLAUDIA BUCCHIANERI PINHEIRO,"Crianças são convidadas a ir ao Tribunal Eleitoral para entenderem os seus direitos; crianças são treinadas por professores, por servidores públicos da Justiça Eleitoral, a saber como fiscalizar a propaganda eleitoral.",MINISTRA MARIA CLAUDIA BUCCHIANERI PINHEIRO,"Há também, em muitos Estados — e sabemos da profundidade das diversidades regionais do Brasil —, a atuação de interiorização do projeto Eleitor do Futuro, levando a criança do interior, em escolas muitas vezes sem Internet, a este programa de formação de cidadania e de despertar interesse nas nossas crianças.",MINISTRA MARIA CLAUDIA BUCCHIANERI PINHEIRO,"Crianças são convidadas a ir ao Tribunal Eleitoral para entenderem os seus direitos; crianças são treinadas por professores, por servidores públicos da Justiça Eleitoral, a saber como fiscalizar a propaganda eleitoral.",MINISTRA MARIA CLAUDIA BUCCHIANERI PINHEIRO,,,
15,data_077,10,data_077#10,Participantes de audiência defendem financiamento federal do transporte coletivo urbano,Agradece a oportunidade de debater e elogia a visão do Deputado Elias Vaz sobre o setor de transporte.,Marcos Bicalho dos Santos,Diretor Administrativo e Institucional da Associação Nacional das Empresas de Transportes Urbanos (NTU),MARCOS BICALHO DOS SANTOS,133,881,4,0.6671338677406311,0.720980703830719,0.05384683609008789,0.720980703830719,224,0.6671338677406311,"Eu gostaria de agradecer a oportunidade e o convite desta Comissão de Viação e Transportes para participar desta audiência pública, que trata de um assunto de suma importância tanto para a população, como para as empresas operadoras e a sociedade em geral.",844,0.6188521385192871,"A NTU — Associação Nacional das Empresas de Transportes Urbanos agradece por esta oportunidade e se coloca totalmente à disposição desta Casa para contribuir para esses debates e para tentar recuperar a atividade do transporte público coletivo urbano no Brasil, que realmente está muito sofrida nos dias de hoje.",840,0.603651762008667,"Eu gostaria apenas, referindo-me à última fala do senhor, Deputado, sobre a conversa que teve com o candidato às eleições presidenciais que citou, de dizer que tive notícia de uma recente conversa entre os operadores de ônibus de Goiânia e o Governador sobre essa tratativa de subsídio ao sistema de transportes nesta época de pandemia.Um dos argumentos que foram utilizados e que deixaram o Governador realmente impressionado foi o de que os recursos que o Estado de Goiás gasta hoje subsidiando o IPVA dos automóveis novos seriam bastante significativos para esse subsídio ao transporte coletivo.",302,0.5984313488006592,"Ele tem apoio, é um projeto que foi muito bem discutido em todos os segmentos, com todos os agentes que fazem o transporte público.",842,0.5917613506317139,"Deputado, gostaria de lhe agradecer e de cumprimentá-lo pela visão clara e objetiva, pela sabedoria que o senhor tem sobre o nosso setor de atividade.",63,0.720980703830719,RAFAEL CALABRIA,Eu queria começar agradecendo o convite da Comissão e parabenizando o nobre Deputado Elias Vaz por abraçar esta pauta que é tão importante.,65,0.7156394720077515,RAFAEL CALABRIA,"Por isso, queria agradecer ao Deputado por abraçar esse tema dos usuários de transporte coletivo.",826,0.6677656173706055,RAFAEL CALABRIA,"Elogio a sua iniciativa, Deputado, de fazer um debate tão importante.",224,0.6671338677406311,MARCOS BICALHO DOS SANTOS,"Eu gostaria de agradecer a oportunidade e o convite desta Comissão de Viação e Transportes para participar desta audiência pública, que trata de um assunto de suma importância tanto para a população, como para as empresas operadoras e a sociedade em geral.",54,0.6252161264419556,PRESIDENTE,"E é com esse sentimento e com essa preocupação que nós trazemos esta discussão a esta audiência pública aqui hoje, através da nossa Comissão de Viação e Transportes.","O SR. MARCOS BICALHO DOS SANTOS- Bom dia, Deputado Elias Vaz.",MARCOS BICALHO DOS SANTOS,"Eu cumprimento os demais convidados, o Rafael Calabria e o Prefeito de Porto Alegre, Sebastião Melo, pela participação neste debate.",MARCOS BICALHO DOS SANTOS,Eu fiz uma pequena apresentação para ser um pouco mais objetivo e até para não ser tão prolixo.,RAFAEL CALABRIA,"No IDEC, nós atuamos em defesa do consumidor há mais de 30 anos.E eu coordeno essa área de mobilidade, tentando expressar, reunir e acumular visões dos usuários na defesa desse ponto, que é tão importante.",RAFAEL CALABRIA,,,
16,data_084,26,data_084#26,"Serviço de famílias acolhedoras precisa ser ampliado no Brasil, defendem participantes de audiência",Enfatizou a importância do vínculo afetivo para o desenvolvimento saudável das crianças acolhidas.,Julia Salvagni,Psicóloga e Vice-Presidenta do Grupo Aconchego do Distrito Federal,JULIA SALVAGNI,94,841,12,0.7213611006736755,0.7746412754058838,0.05328017473220825,0.7746412754058838,413,0.7213611006736755,"Não podemos falar em atender criança e em atender adolescente sem considerar a importância do vínculo e, como a Débora disse, do apego no desenvolvimento infantil.",464,0.6487956643104553,"Considerando todas essas relações, o cuidado com a criança é o cuidado com a família acolhedora, é o cuidado com a família de origem, é o cuidado com as equipes técnicas.",431,0.623526930809021,"Eu tenho uma criança que, em um momento de extrema delicadeza, está vivendo intensamente as relações que a constituem.",435,0.6100249290466309,"E acolher essa criança é acolher, de alguma maneira, a sua família, é escutar as motivações do acolhimento e, a partir dessa escuta, traçar, de maneira articulada, com a rede de proteção do território, uma atuação.",458,0.6067366600036621,"E quando a equipe olha para esse contexto, com cuidado, com ética, com zelo e com responsabilidade, nós garantimos à criança o direito à convivência familiar e comunitária.",337,0.7746412754058838,DÉBORA VIGEVANI,"O apego é necessário para o desenvolvimento integral de qualquer ser humano, de qualquer criança, adolescente ou de um bebê.",413,0.7213611006736755,JULIA SALVAGNI,"Não podemos falar em atender criança e em atender adolescente sem considerar a importância do vínculo e, como a Débora disse, do apego no desenvolvimento infantil.",339,0.6631013751029968,DÉBORA VIGEVANI,"Então, crianças precisam de adultos que se importem com elas, com quem elas possam estabelecer relações de apego.",779,0.6583681106567383,PRESIDENTE,"Acho que a família acolhedora representa isto: amorosidade, afetividade, vínculos, permanência.",325,0.6540586948394775,DÉBORA VIGEVANI,"Entre esses objetivos, é preciso trabalhar para a preservação do vínculo e do contato da criança e do adolescente com sua família de origem.","A partir da minha vivência prática, cotidiana e dos estudos que já foram referenciados aqui, eu gostaria de sublinhar que discutir e debater o serviço em família acolhedora é falar sobre participação e corresponsabilização social no direito da criança e do adolescente, é considerar o vínculo afetivo como parte fundamental de um aparato técnico na execução da política pública da infância e da juventude.",JULIA SALVAGNI,A alta complexidade é a UTI da assistência social.,JULIA SALVAGNI,"Para responder isso, em primeiro lugar, é preciso considerar que não tem cuidado verdadeiro sem apego.",DÉBORA VIGEVANI,"É uma via de mão dupla: cuidar gera apego, e só sentimos o ímpeto de cuidar de alguém por quem nós nos importamos.",DÉBORA VIGEVANI,,,
17,data_096,14,data_096#14,Participantes de audiência pública divergem sobre proposta que enquadra TDAH como deficiência,"Compartilhou a experiência de gestão da condição de sua filha, destacando a importância do diagnóstico precoce e tratamento contínuo.",Cely Matthiesen Granja,Mãe de uma adolescente com TDAH,CELY MATTHIESEN GRANJA,144,987,8,0.5434757471084595,0.6562626957893372,0.11278694868087769,0.6562626957893372,384,0.5434757471084595,E esse tratamento tinha acompanhamento da psicóloga.,397,0.518415093421936,"Eu quis deixar bem claro que ela podia ter TOD e TDAH, porque eu não queria chegar a uma escola, mentir e depois não ter o acompanhamento correto.",347,0.49607735872268677,"Depois, elas me falavam que ela ficava melhor e tudo o mais, mas era um dia a dia de muita crise.",340,0.4944266974925995,"No caso, a minha filha chegou com 10 meses apenas.",408,0.4792810082435608,Ela teve uma crise severíssima no começo.,894,0.6562626957893372,ERIKA KOKAY,"Há, portanto, a necessidade de diagnóstico precoce, de nível de informação e capacitação.",905,0.6201316714286804,ERIKA KOKAY,"Nesse sentido, penso serem necessários o diagnóstico precoce, as informações acerca do que isso significa, a capacitação dos educadores e profissionais de saúde, o atendimento multidisciplinar e intersetorial, que é absolutamente fundamental, porque as políticas públicas se engancham umas nas outras, não caminham sozinhas, como os direitos também se engancham.",891,0.6024152636528015,ERIKA KOKAY,"Portanto, penso que é preciso o diagnóstico precoce e, ao mesmo tempo, as informações necessárias em todas as políticas públicas.",885,0.5872681140899658,ERIKA KOKAY,"Por isso, é importante uma política nacional que pressuponha atenção à saúde, que pressuponha atenção à educação, que pressuponha a capacidade de termos diagnósticos precoces.",804,0.5617094039916992,CAPITÃO FÁBIO ABREU,"Eu vejo isso como um fator importante para que a família dessas crianças, desses jovens, desses adultos sejam também esclarecidas e sejam sempre tratadas, para que possam enfrentar esse problema juntamente com aquela pessoa.","Passados os 6 meses, ela começou a ter uma regressão, a medicação começou a não fazer efeito.",CELY MATTHIESEN GRANJA,"Ela começou a regredir muito, começou a bater nos alunos.",CELY MATTHIESEN GRANJA,"E, a partir daí, se constrói a possibilidade de adaptação da política pública à lógica que cada uma e cada um de nós carrega nas nossas individualidades.",ERIKA KOKAY,"Penso que educadores e educadoras têm que, na sua formação, analisar as singularidades que vão fazer parte da sua própria vida num contato que é um dos mais intensos na condição de gente com gente.",ERIKA KOKAY,,,
18,data_101,20,data_101#20,Torcidas organizadas pedem mudanças na Lei Geral do Esporte,Capacitação das forças de segurança é crucial para combater a violência nos estádios.,Mario Sarrubbo,Secretário Nacional de Segurança Pública,MARIO LUIZ SARRUBBO,95,918,15,0.603624165058136,0.7900594472885132,0.1864352822303772,0.7900594472885132,327,0.603624165058136,"Esse projeto promove apoio às políticas sociais e assegura a paz e a segurança nos estádios e nas imediações, antes, durante e depois dos jogos.",307,0.5938435792922974,"E é isso que nós temos que preservar sempre, a volta das famílias aos estádios, a frequência das mulheres, e ali tem que ser um ambiente da mais absoluta segurança.",330,0.5781365633010864,"E esse centro terá atribuições como coletar e analisar informações relevantes para a segurança dos estádios, produzir conhecimento em segurança pública.",349,0.5587490200996399,"A partir desses canais, construiremos os alicerces de uma política de segurança para os estádios, de forma que possamos levar ainda mais as famílias para os estádios, para as arenas esportivas.",309,0.5352930426597595,"Este é um diálogo, essa questão da violência dos estádios, nós temos que encontrar uma diretriz no nosso Brasil, através do diálogo com todas as partes envolvidas, com as torcidas organizadas, com os clubes, com as confederações, com a CBF, com as federações estaduais.",248,0.7900594472885132,BEBETO,"Queria falar aqui que combater a violência nos estádios de futebol é crucial, pois a violência nos estádios representa uma ameaça à segurança e ao bem-estar dos torcedores.",214,0.7691586017608643,ALCINO REIS ROCHA,"As forças de segurança precisam se capacitar, precisam entender esse fenômeno para ver qual a melhor forma de fazer o seu devido combate.",224,0.7379338145256042,ALCINO REIS ROCHA,"Os estádios têm contribuído, as torcidas organizadas têm contribuído, mas nós temos que ter aqui uma capacitação grande no que diz respeito às forças públicas que agem no estádio, ou nas suas mediações, ou no deslocamento dos times, para que sejam adotados, como dito aqui, procedimentos, protocolos que sejam seguros e eficientes para se combater isso daí.",47,0.6781049966812134,CLEOMAR MARQUES DE PAULA,Deveria haver uma padronização do trabalho das Polícias Militares nesses grandes eventos.,22,0.6495376825332642,PRESIDENTE,Essa parte do combate à violência precisa ser mais bem trabalhada.,"Nós temos um acordo de cooperação, o Ministério da Justiça, o Ministério dos Esportes e a CBF.",MARIO LUIZ SARRUBBO,"Mas ele prevê algo que nos parece muito importante, que são, na verdade, os centros de segurança.",MARIO LUIZ SARRUBBO,"Conheço muito bem torcida organizada, da qual eu também já participei.",BEBETO,"Os incidentes e a violência física, o vandalismo e o confronto entre as torcidas organizadas podem resultar em ferimento grave, até mesmo em morte.",BEBETO,,,
19,data_102,0,data_102#0,Governo reforça importância comercial de reduzir emissões de carbono em terminais marítimos,Apoia as iniciativas de transição energética e a redução da pegada de carbono no setor de navegação.,Arnaldo Jardim,Presidente da Comissão e Deputado Federal (CIDADANIA-SP),ARNALDO JARDIM,11,738,8,0.4665226340293884,0.7399573922157288,0.27343475818634033,0.7399573922157288,724,0.4665226340293884,"Dentro daquilo que é o espectro de energias do ponto de vista de energia limpa, o mundo todo vive um debate hoje em torno da utilização da energia nuclear.",728,0.4650038778781891,"A proposta é que esta Comissão, que trata da transição energética, programe, então, uma audiência especificamente sobre a questão da energia nuclear.",723,0.4594607651233673,A proposta que eu apresento hoje é a realização de uma audiência pública para discutir a importância da energia nuclear no processo de transição energética.,730,0.39932480454444885,"Acho que essa audiência será muito valiosa para que nós possamos ter um cenário de discussão do uso da energia nuclear, razão pela qual eu peço o apoiamento dos Srs. Parlamentares a este nosso requerimento.",729,0.3746775984764099,"Nós estamos propondo que sejam convidados: o Sr. Ernest Moniz, CEO da Energy Futures Initiative e ex-Secretário de Energia dos Estados Unidos; o Sr. Celso Cunha, Presidente da Associação Brasileira para o Desenvolvimento de Atividades Nucleares — ABDAN; a Sra. Isabelle Boemeke, influenciadora digital na área de energia nuclear; o Sr. Raul Lycurgo Leite, Presidente da ELETRONUCLEAR; um representante da Marinha do Brasil; e um representante da Agência Internacional de Energia.",520,0.7399573922157288,DINO ANTUNES DIAS BATISTA,"Há a preocupação de uma quantidade de energia certamente muito menor do que as grandes embarcações, mas que já começa a fazer a diferença no processo de descarbonização e redução da pegada de carbono das atividades portuárias.",287,0.7267559766769409,PRESIDENTE,Nós estamos discutindo como diminuir também esse impacto ambiental do combustível marítimo.,354,0.7220302224159241,FRANCIELLE CARVALHO,"Esse trabalho vai alimentar muito essas regulações que estão em discussão e que provavelmente vão forçar a redução de emissões desses combustíveis ao longo do tempo, de acordo com as metas da Organização Marítima Internacional.",388,0.6928185820579529,PRESIDENTE,"O que queremos, ao final, é um combustível de acordo com esse compromisso de redução da pegada de carbono, do impacto ambiental.",681,0.6891736388206482,EDUARDO NERY MACHADO FILHO,"No mais, quero só reafirmar aqui, Presidente, o nosso compromisso com a pauta da sustentabilidade, enfatizando estas prioridades, que são: os estudos já mencionados da transição energética; o nosso inventário de emissões de carbono, que entendemos que vai ser um marco para que o setor possa medir as suas emissões e, a partir daí, formular políticas públicas e poder realmente acompanhar se estamos melhorando ou não em termos de descarbonização; e, por fim, o desenvolvimento das nossas hidrovias, que, como o Deputado Leônidas Cristino falou, claro, está totalmente inserido no objeto da transição energética pelo apelo de sustentabilidade que ele carrega, o que é outra superprioridade da agência.",A proposta que eu apresento hoje é a realização de uma audiência pública para discutir a importância da energia nuclear no processo de transição energética.,ARNALDO JARDIM,"Eu, particularmente, defendo que essa matriz que nós já temos, essa fonte que nós já temos presente, através de Angra e outras iniciativas, possa adquirir outra dimensão com o avanço tecnológico que tem acontecido.",ARNALDO JARDIM,"Apesar de a operação ter muita lógica, hoje os portos não estão preparados para fornecer essa energia.",DINO ANTUNES DIAS BATISTA,"Este é só um exemplo, Deputado, das ações que nós temos no Ministério.",DINO ANTUNES DIAS BATISTA,,,
20,data_104,7,data_104#7,Deputados reafirmam interesse da Câmara em participar de definição das regras de renovação das concessões das distribuidoras,Comentou sobre a sobrecarga da tarifa elétrica e a necessidade de reconhecer e resolver esse problema.,Sandoval de Araújo Feitosa Neto,Diretor-Geral da Agência Nacional de Energia Elétrica (ANEEL),SANDOVAL DE ARAÚJO FEITOSA NETO,157,1359,20,0.6958509087562561,0.6834260821342468,-0.012424826622009277,0.6958509087562561,1225,0.6958509087562561,"O grande problema é que, entre a produção de energia elétrica, seja nas nossas hidrelétricas, seja nos painéis solares, seja nas hélices das usinas eólicas, seja nas usinas termoelétricas, até a chegada na tomada do consumidor, a tarifa está extremamente sobrecarregada.",913,0.6937243938446045,"No que se refere aos desafios da tarifa de energia elétrica, temos que modernizar o sistema.",1249,0.6751796007156372,"Eu acho que uma boa saída, Deputado, seria o reconhecimento, que nós já estamos vendo que existe, e um grande projeto para reformar o setor elétrico.",1229,0.6487618684768677,"Só que há um efeito colateral, o custo da energia elétrica.",1244,0.6079995632171631,"E essa forma necessariamente é alocar um recurso maior para os Municípios, sobrecarregando aqueles entes que pagam e recolhem essa compensação, as usinas hidrelétricas no caso, que vão repassar isso para o preço final de energia elétrica.",1225,0.6958509087562561,SANDOVAL DE ARAÚJO FEITOSA NETO,"O grande problema é que, entre a produção de energia elétrica, seja nas nossas hidrelétricas, seja nos painéis solares, seja nas hélices das usinas eólicas, seja nas usinas termoelétricas, até a chegada na tomada do consumidor, a tarifa está extremamente sobrecarregada.",913,0.6937243938446045,SANDOVAL DE ARAÚJO FEITOSA NETO,"No que se refere aos desafios da tarifa de energia elétrica, temos que modernizar o sistema.",365,0.6834260821342468,RENATA ALBUQUERQUE RIBEIRO,"No entanto, existem outros pontos que nos preocupam, principalmente a possibilidade de aumento do custo da conta de luz para o consumidor.",1249,0.6751796007156372,SANDOVAL DE ARAÚJO FEITOSA NETO,"Eu acho que uma boa saída, Deputado, seria o reconhecimento, que nós já estamos vendo que existe, e um grande projeto para reformar o setor elétrico.",1335,0.6611054539680481,RENATA ALBUQUERQUE RIBEIRO,"Nós estamos falando aqui de um processo urgente, da reforma do setor elétrico, mas não deve caber ao pequeno consumidor assumir e pagar essa conta.","Na fala trazida aqui pelo Deputado Julio Lopes — vou começar por ela —, foi destacada a importância de nós termos um plano, um projeto, para que possamos reorientar o desenvolvimento do País a partir da energia elétrica, como, vamos dizer assim, a grande base para que isso ocorra, considerada a nossa grande competitividade relacionada à produção de energia elétrica.",SANDOVAL DE ARAÚJO FEITOSA NETO,"E, claro, o setor elétrico é tão perfeito na sua composição de receita e despesa que o Parlamento o escolheu para ser o grande indutor das políticas públicas, exatamente em função da volatilidade do orçamento público ou de outras questões, que aqui não me compete descrever.",SANDOVAL DE ARAÚJO FEITOSA NETO,"Na fala trazida aqui pelo Deputado Julio Lopes — vou começar por ela —, foi destacada a importância de nós termos um plano, um projeto, para que possamos reorientar o desenvolvimento do País a partir da energia elétrica, como, vamos dizer assim, a grande base para que isso ocorra, considerada a nossa grande competitividade relacionada à produção de energia elétrica.",SANDOVAL DE ARAÚJO FEITOSA NETO,"E, claro, o setor elétrico é tão perfeito na sua composição de receita e despesa que o Parlamento o escolheu para ser o grande indutor das políticas públicas, exatamente em função da volatilidade do orçamento público ou de outras questões, que aqui não me compete descrever.",SANDOVAL DE ARAÚJO FEITOSA NETO,,,
21,data_108,16,data_108#16,Representantes do setor de turismo pedem manutenção de incentivos,Criticou a necessidade de discutir um direito adquirido do setor de eventos.,Jorge Goetten,Deputado Federal (PL - SC),JORGE GOETTEN,57,1139,20,0.5129383206367493,0.6277353763580322,0.11479705572128296,0.6277353763580322,306,0.5129383206367493,"Esta semana, Deputado Bibo, na Frente Parlamentar do Empreendedorismo, eu abordei a necessidade de o Congresso discutir qual é o papel das agências reguladoras.",312,0.5095366835594177,"Então, é isso que nós deveríamos estar discutindo, mas nós estamos discutindo, envergonhadamente, a manutenção do PERSE.",331,0.4276873767375946,"Como nós não vamos fazer justiça e manter o PERSE para os parques temáticos, para os operadores turísticos?",318,0.41019222140312195,"Lá nós tínhamos uma política pública dessa forma e não temos mais"".",308,0.4056962728500366,Nós deveríamos discutir o que vocês precisam!,729,0.6277353763580322,DORENI CARAMORI JUNIOR,"Ainda que o programa tenha sido desenhado inicialmente para o setor de eventos, não acho justo deixarmos nossos coirmãos fora do programa.",730,0.5947383642196655,DORENI CARAMORI JUNIOR,Quero deixar registrado que inúmeras CNAEs do setor de eventos ficaram fora desse PL.,1093,0.5818222165107727,MILTON SÉRGIO SILVEIRA ZUANAZZI,"Às vezes, uma discussão que envolve CNAEs pode criar um ambiente de divisão.",1071,0.5792984366416931,MILTON SÉRGIO SILVEIRA ZUANAZZI,Seria necessário outro debate.,739,0.5591616630554199,DORENI CARAMORI JUNIOR,"Por último, manifesto a nossa — do setor de eventos — total não concordância com a necessidade de um cadastro prévio para usufruir o benefício.","Eu me sinto muito envergonhado, porque nós deveríamos estar discutindo...",JORGE GOETTEN,"Nós deveríamos estar discutindo aqui o que a ANAC está fazendo para ajudar o turismo, o que a ANTT está fazendo quanto à melhoria das rodovias para ajudar o turismo, o que a ANEEL está fazendo para ajudar o turismo.",JORGE GOETTEN,Não entendo que nenhum elo dessa cadeia deveria ficar de fora.,DORENI CARAMORI JUNIOR,Quero deixar registrado que inúmeras CNAEs do setor de eventos ficaram fora desse PL.,DORENI CARAMORI JUNIOR,,,
22,data_123,3,data_123#3,Deputado defende aumento de orçamento para combater a tuberculose no Brasil,"Destacou a importância de acabar com a epidemia de AIDS, tuberculose e malária.",Ethel Leonor Noia Maciel,Secretária de Vigilância em Saúde e Ambiente,ETHEL LEONOR NOIA MACIEL,171,778,13,0.7564200162887573,0.7794588804244995,0.023038864135742188,0.7794588804244995,74,0.7564200162887573,"Nos nossos Objetivos de Desenvolvimento Sustentável, uma das nossas metas pós-2015, especificamente, é: acabar com a epidemia de AIDS, tuberculose, malária e doenças tropicais negligenciadas.",118,0.7258535623550415,"Então, lutar pela união dos diagnósticos de HIV e de tuberculose e pela prevenção no grupo com HIV é fundamental.",204,0.686730146408081,"A nossa maior arma agora é fazermos a prevenção, interrompermos a cadeia, a progressão para a doença e a possível transmissão.",123,0.6865739822387695,"Eu quero aqui também destacar a nossa Coordenadora do Programa Nacional de Controle da Tuberculose, a Fernanda, e o Dr. Draurio, que é o Diretor do Departamento de HIV/Aids, Tuberculose, Hepatites Virais e Infecções Sexualmente Transmissíveis e que tem feito essa ponte muito importante entre tuberculose e HIV/AIDS, para que possamos intensificar as ações.",184,0.652456521987915,O Comitê Interministerial visa à eliminação da tuberculose e de outras doenças determinadas socialmente.,266,0.7794588804244995,MIGUEL ANGEL ARAGÓN LÓPEZ,"Conhecemos a Meta 3, que é a de eliminar a epidemia de AIDS, tuberculose e malária.",74,0.7564200162887573,ETHEL LEONOR NOIA MACIEL,"Nos nossos Objetivos de Desenvolvimento Sustentável, uma das nossas metas pós-2015, especificamente, é: acabar com a epidemia de AIDS, tuberculose, malária e doenças tropicais negligenciadas.",118,0.7258535623550415,ETHEL LEONOR NOIA MACIEL,"Então, lutar pela união dos diagnósticos de HIV e de tuberculose e pela prevenção no grupo com HIV é fundamental.",758,0.6928865909576416,MARCIA DE ÁVILA BERNI LEÃO,E voltamos a falar que a principal causa de óbito na AIDS se dá por tuberculose.,204,0.686730146408081,ETHEL LEONOR NOIA MACIEL,"A nossa maior arma agora é fazermos a prevenção, interrompermos a cadeia, a progressão para a doença e a possível transmissão.",Vou falar um pouquinho do cenário atual e das perspectivas.,ETHEL LEONOR NOIA MACIEL,Aqui está a nossa estratégia — eu vou falar um pouquinho dos números —: nós queremos reduzir em 90% a incidência e em 95% o número de mortes por tuberculose no Brasil e que nenhuma família sofra por custos catastróficos.,ETHEL LEONOR NOIA MACIEL,Já foram abordadas as determinantes sociais no contexto dos Objetivos de Desenvolvimento Sustentável.,MIGUEL ANGEL ARAGÓN LÓPEZ,O País entende perfeitamente que só a atuação do setor de saúde ou só a abordagem da Meta 3 não vai ser suficiente.,MIGUEL ANGEL ARAGÓN LÓPEZ,,,
23,data_130,4,data_130#4,Representantes do audiovisual sugerem a deputados medidas para estimular o setor,O desafio é distribuir filmes nacionais e colocá-los nas principais telas do VOD.,Márcio,Desconhecido,MARCIO FRACCAROLI,63,1521,19,0.8712737560272217,0.7294570207595825,-0.14181673526763916,0.8712737560272217,450,0.8712737560272217,"Nós temos como desafio distribuir filmes, colocar os nossos filmes na principal tela do VOD.",439,0.5902013182640076,"Temos que saber quem vai ajudar o cinema nacional, quem vai nos ajudar, quem vai ter um intercâmbio, quem vai nos colocar no lugar do mundo onde o jogo está sendo jogado.",428,0.5858614444732666,"O que eu posso dizer para este Parlamento é que um filme brasileiro tem a escravidão de pertencer a uma plataforma, enquanto um filme estrangeiro pode circular.",401,0.5326575040817261,Eu tenho dividido com os meus pares o desejo de conquistar outros mercados que não sejam só o mercado brasileiro e que eu possa ser um representante da obra audiovisual brasileira no BRICS ou em outros lugares que têm desejo de ter o nosso cinema e o nosso audiovisual.,399,0.4998529851436615,Trabalho com filmes brasileiros e filmes estrangeiros.,450,0.8712737560272217,MARCIO FRACCAROLI,"Nós temos como desafio distribuir filmes, colocar os nossos filmes na principal tela do VOD.",827,0.7294570207595825,LÚCIO OTONI,"Obviamente, o cinema também precisa do conteúdo nacional!",601,0.7130463123321533,FELIPE LOPES,"Nós lançamos filmes de todo o País em diversas telas, incluindo ostreaming.",790,0.6795734763145447,LÚCIO OTONI,"Nós queremos muito que o cinema nacional retorne, que o fomento melhore cada vez mais para o filme nacional.",521,0.6702561378479004,SIMONE DE OLIVEIRA,"Nós sabemos que o filme nacional é o que impulsiona também o mercado exibidor, é o que faz a diferença para o mercado exibidor.","Então, sou muito voltado para o cinema, que infelizmente vive hoje umsharede mercado pequeno.",MARCIO FRACCAROLI,Esse é um desafio muito grande.,MARCIO FRACCAROLI,"Então, sou muito voltado para o cinema, que infelizmente vive hoje umsharede mercado pequeno.",MARCIO FRACCAROLI,Esse é um desafio muito grande.,MARCIO FRACCAROLI,,,
24,data_132,8,data_132#8,Governo conclui plano para garantir rádios comunitárias em todos os municípios do País,Reitera a necessidade de um novo decreto para garantir melhores condições de funcionamento para as rádios comunitárias.,Taís Ladeira,Representante da Associação Mundial de Rádios Comunitárias (AMARC) no Brasil,TAÍS LADEIRA,121,711,7,0.6206470727920532,0.8044766187667847,0.18382954597473145,0.8044766187667847,542,0.6206470727920532,"No momento que começamos, por exemplo, a fazer uma legislação comparada com a América Latina, nós percebemos que quem tem que ter o poder de decisão de qual é a frequência que quer utilizar e qual é o tamanho da rádio que quer assumir é a comunidade.",265,0.6117361783981323,"O movimento de rádios comunitárias está junto com outros movimentos do campo do direito à comunicação, para exigir do Governo Federal uma nova Conferência Nacional de Comunicação.",270,0.5782139301300049,"E, para finalizar a minha apresentação, quero reiterar que nós da AMARC, junto com outras organizações e movimentos, estamos lado a lado da Abraço na exigência de que o decreto seja entregue, para que consigamos, por parte do Executivo, o mínimo e do executivo o mínimo: um novo decreto que nos dê respiro para que consigamos trabalhar no nosso dia a dia.",221,0.5610113143920898,"É um verdadeiro acinte virem com um argumento sem nexo algum, dizendo que isso iria abrir uma competição, uma competitividade entre rádios comerciais e rádios comunitárias.",215,0.551423966884613,Essa associação cita os números das rádios comunitárias.,27,0.8044766187667847,PRESIDENTE,"Estamos prestes a testemunhar a publicação de um novo decreto, que, sem dúvida, precisa estabelecer condições mínimas para a criação e manutenção das rádios comunitárias brasileiras desempenhando um papel fundamental na vida das pessoas.",427,0.7789677381515503,DANIELA NAUFEL SCHETTINO,"Tecnicamente, nós temos tentado melhorar as condições para prestação do serviço e autorização das rádios comunitárias.",442,0.7705178260803223,DANIELA NAUFEL SCHETTINO,"Depois veio o decreto que regulamentou a lei, que fala que, quanto ao tipo de modulação, as rádios comunitárias vão operar na faixa de frequência modulada.",678,0.7298293113708496,DANIELA NAUFEL SCHETTINO,"Então, precisamos colocar regras para regulamentar o espectro para que todos tenham vez e oportunidade.""Ah, mas eu acho que deveria haver mais canais para as rádios comunitárias"".O.k., se a lei alterar, nem eu e nem o Renato vamos fazer nada diferente disso, muito pelo contrário.",343,0.7110646963119507,HIGINO ÍTALO GERMANI,"Para respeitar os critérios de proteção e interferência, serão necessários canais de FM.","Porque anos depois a Abraço foi fundada, e eu fui participar da Associação Mundial de Rádios Comunitárias.",TAÍS LADEIRA,"É claro que o Estado brasileiro, nas pessoas da ANATEL e também do Ministério das Comunicações, tem como coordenar esse processo, mas a autonomia tem que ser da comunidade.",TAÍS LADEIRA,"A democracia exige que ouçamos todos, que falemos com todos, para que todos sejam de fato representados na maioria.",PRESIDENTE,"O momento é de debate, e unidos vamos quebrar todas as barreiras que existem e exigir de mais, punir de mais e proteger de menos.",PRESIDENTE,,,
25,data_133,29,data_133#29,Deputados criticam ausência de presidente da Enel Brasil em audiência na Câmara,Expressa preocupação com a falta de respostas às reclamações dos consumidores.,Aureo Ribeiro,Deputado (Bloco/SOLIDARIEDADE - RJ),AUREO RIBEIRO,59,628,13,0.6146822571754456,0.6366121768951416,0.021929919719696045,0.6366121768951416,333,0.6146822571754456,"Primeiro, eu quero externar que não estou satisfeito com o serviço ofertado pela companhia elétrica no nosso País.",380,0.5494658946990967,"Concordo que o serviço ofertado ao brasileiro é de péssima qualidade, mas acho que não podemos deixar de fazer esse debate na data de hoje, porque quem está perdendo é o consumidor brasileiro.",334,0.5323114991188049,Não atende à necessidade que temos.,349,0.49312829971313477,"Podemos perder a grande oportunidade de ampliar este debate, entender o que está acontecendo, recebendo informações da agência.",382,0.47564995288848877,Eu queria perguntar à ANEEL quantos consumidores fizeram a reclamação de que estavam sem luz no momento da interrupção de energia elétrica.,129,0.6366121768951416,ALEX MANENTE,"Em vez de aumentar, diminuiu, e não houve nenhuma eficiência, nenhuma resposta ao consumidor.",333,0.6146822571754456,AUREO RIBEIRO,"Primeiro, eu quero externar que não estou satisfeito com o serviço ofertado pela companhia elétrica no nosso País.",18,0.56854248046875,PRESIDENTE,"Em muitos casos, temos assistido um desserviço das distribuidoras, que cobram tarifas altas e não prestam serviço.",380,0.5494658946990967,AUREO RIBEIRO,"Concordo que o serviço ofertado ao brasileiro é de péssima qualidade, mas acho que não podemos deixar de fazer esse debate na data de hoje, porque quem está perdendo é o consumidor brasileiro.",301,0.5399984121322632,CELSO RUSSOMANNO,Está difícil conviver com uma empresa que tem a quantidade de reclamações que eu tenho aqui.,"Foi aqui apresentado um requerimento para a realização de uma audiência pública, para que se pudesse debater esse tema, mas temos que ter clareza do que estamos discutindo aqui.",AUREO RIBEIRO,Não atende à necessidade que temos.,AUREO RIBEIRO,"É importante ressaltar que a ENEL diminuiu 36% do número de funcionários, enquanto nós tivemos 7% de aumento do número de residências.",ALEX MANENTE,"Nós precisamos é estimular, principalmente por causa da falta de compromisso e de respeito da ENEL com esta Casa, a criação da CPI que está sendo proposta, para que façamos avançar sua instalaçãoe possamos ter o desdobramento adequado, com as punições devidas e o ressarcimento à população brasileira de tudo o que foi causado.",ALEX MANENTE,,,
26,data_145,9,data_145#9,"Desempenho atual na segurança pública supera 2022, diz ministro da Justiça",Destacou que não há redução no orçamento de segurança pública para 2024 e que as emendas parlamentares ainda não foram apresentadas.,Flávio Dino,Ministro da Justiça e Segurança Pública,MINISTRO FLÁVIO DINO DE CASTRO E COSTA,664,1829,23,0.7772502899169922,0.7176868915557861,-0.059563398361206055,0.7772502899169922,330,0.7772502899169922,"Em resumo à sua perquirição, eu informo que não há corte de orçamento para 2024.",116,0.7618740797042847,"Como não há ainda prazo para as emendas ao Orçamento de 2024, nós fizemos uma comparação, sem levar em conta as emendas parlamentares.",112,0.7566536068916321,"Lembro que o Orçamento de 2024 ainda não foi votado, portanto não é possível aquilatar se haverá ou não redução em relação a um item fundamental, que são as emendas parlamentares.",113,0.667783796787262,As senhoras e os senhores ainda não apresentaram emendas parlamentares.,128,0.6331773996353149,"Portanto, respondendo ao segundo requerimento, na proposta orçamentária de 2024, elaborada pelo nosso Ministério, não há em absoluto a redução de 700 milhões de reais.",330,0.7772502899169922,MINISTRO FLÁVIO DINO DE CASTRO E COSTA,"Em resumo à sua perquirição, eu informo que não há corte de orçamento para 2024.",116,0.7618740797042847,MINISTRO FLÁVIO DINO DE CASTRO E COSTA,"Como não há ainda prazo para as emendas ao Orçamento de 2024, nós fizemos uma comparação, sem levar em conta as emendas parlamentares.",112,0.7566536068916321,MINISTRO FLÁVIO DINO DE CASTRO E COSTA,"Lembro que o Orçamento de 2024 ainda não foi votado, portanto não é possível aquilatar se haverá ou não redução em relação a um item fundamental, que são as emendas parlamentares.",1575,0.7176868915557861,KIM KATAGUIRI,"V.Exa. diz que não há corte no orçamento por parte da sua Pasta e diz que o orçamento ainda não foi votado e, portanto, não há que se falar em corte.",113,0.667783796787262,MINISTRO FLÁVIO DINO DE CASTRO E COSTA,As senhoras e os senhores ainda não apresentaram emendas parlamentares.,"O SR. MINISTRO FLÁVIO DINO DE CASTRO E COSTA- Então, a taxa é declinante.",MINISTRO FLÁVIO DINO DE CASTRO E COSTA,E eu espero que o senhor consulte os dados.,MINISTRO FLÁVIO DINO DE CASTRO E COSTA,"O SR. MINISTRO FLÁVIO DINO DE CASTRO E COSTA- Então, a taxa é declinante.",MINISTRO FLÁVIO DINO DE CASTRO E COSTA,E eu espero que o senhor consulte os dados.,MINISTRO FLÁVIO DINO DE CASTRO E COSTA,,,
27,data_149,17,data_149#17,"Mudança demográfica exige reestruturação do Estado, afirmam especialistas",Sugeriu uma ação transversal envolvendo diferentes Ministérios e entidades para garantir políticas efetivas para a população idosa.,Matheus Guerra Cotta,"Secretário de Relações de Trabalho, Mobilização e Inserção Profissional, Federação Nacional dos Arquitetos e Urbanistas (FNA)",MATHEUS GUERRA COTTA,67,936,11,0.7626140117645264,0.7973171472549438,0.03470313549041748,0.7973171472549438,291,0.7626140117645264,"Dessa forma, pode ser estratégica, de novo, uma ação de Estado que pense uma forma de haver interlocução local, que identifique qual é essa população idosa que vai surgindo a cada ano, como ela se entende, como ela pretende participar e se é algum agente ativo, como o marco legal pressupõe, para essas políticas que são também destinatárias.",265,0.7427465915679932,"Nessa condição colocada, especialmente, essas políticas públicas devem chegar aonde essa população idosa se estabelece.",271,0.7217025756835938,"Inclusive, parece que a Política Nacional do Idoso e o Conselho Nacional dos Direitos da Pessoa Idosa têm uma representatividade bastante consistente, assim como há vários Ministérios e entidades da sociedade não governamental também.",288,0.7090125679969788,"Ao mesmo tempo, pelo visto, a política nacional de direitos humanos das pessoas idosas tem também como referência exatamente esses espaços de convivência, de socialização, que talvez sejam estratégicos até para outras políticas setoriais poderem acontecer, como a política de saúde, a política do cuidado de maneira geral.",254,0.6903442144393921,"Eu gostei de ouvir a fala dos colegas da Mesa, especialmente do Secretário Alexandre, porque verificamos que nos instrumentos que temos hoje direcionados para a questão da pessoa idosa — e eu fiz questão de verificar rapidamente o que está colocado na Política Nacional do Idoso — fica evidente o papel da família, da sociedade e do Estado no dever de assegurar os direitos e as condições necessárias para o bem-estar, incluindo a participação da comunidade.",723,0.7973171472549438,MICHEL SAAD,"Quais ações, em 2023, a Secretaria e o Ministério conseguiram pôr em prática no âmbito das políticas públicas para o idoso?",291,0.7626140117645264,MATHEUS GUERRA COTTA,"Dessa forma, pode ser estratégica, de novo, uma ação de Estado que pense uma forma de haver interlocução local, que identifique qual é essa população idosa que vai surgindo a cada ano, como ela se entende, como ela pretende participar e se é algum agente ativo, como o marco legal pressupõe, para essas políticas que são também destinatárias.",203,0.7564195394515991,DANYEL IÓRIO DE LIMA,"Então, a ideia é de que haja mais órgãos específicos de gestão da política de direitos humanos da pessoa idosa nos territórios, a partir da ação do Ministério dos Direitos Humanos.",265,0.7427465915679932,MATHEUS GUERRA COTTA,"Nessa condição colocada, especialmente, essas políticas públicas devem chegar aonde essa população idosa se estabelece.",330,0.7337017059326172,ANDRÉA DOS SANTOS,"E esse arranjo que precisamos organizar através da Câmara dos Deputados e desta Comissão é fundamental para que possamos, de fato, fazer um trabalho articulado de ações em defesa e para a população de pessoas idosas.","Frente à diversidade regional que temos no País, as diversas condições locais, que possam surgir formas específicas e peculiares em cada local do País de se organizar esses espaços de convivência, de socialização, de cuidado.",MATHEUS GUERRA COTTA,Esse é o nosso desafio.,MATHEUS GUERRA COTTA,Queria deixar aqui também uma pergunta para o Secretário Nacional.,MICHEL SAAD,"Faço essa pergunta até para que nós da Comissão lá no Rio de Janeiro possamos divulgar a informação e levá-la até a ponta, o que é um desafio.",MICHEL SAAD,,,
28,data_151,22,data_151#22,Especialistas defendem educação profissionalizante nos presídios,A leitura é um elemento essencial e deve ser promovida no sistema prisional.,Adauto Locatelli Taufer,Representante da Federação de Sindicatos de Professores e Professoras de Institutos Federais,ADAUTO LOCATELLI TAUFER,9,682,12,0.5601736307144165,0.7389335036277771,0.1787598729133606,0.7389335036277771,573,0.5601736307144165,"Nós somos professores de universidades públicas e de institutos federais, e esta é uma pauta que certamente entrará no nosso planejamento, a da educação direcionada ao sistema prisional.",578,0.5263693332672119,"Fico muito contente, na condição de professor de literatura, porque a leitura aqui foi destacada e foi referendada várias vezes.",577,0.470439612865448,"De novo reitero que o nosso GT e nós professores saímos daqui com o compromisso de promover ações direcionadas à população carcerária, também como uma alternativa de ressocialização e de reinserção desses sujeitos na sociedade.",572,0.33397865295410156,"Eu gostaria de ressaltar a importância de todas as discussões que foram feitas aqui, hoje de manhã, o quanto nós nos sentimos contemplados por todas as falas e o que levamos desta manhã, de aprendizado.",575,0.3259986937046051,"Temos como pautas, que defendemos com muita garra e muito afinco, ações direcionadas a uma educação antimachista, mais diversa e antirracista.Sobretudo neste ano nossas ações foram direcionadas à pauta das mulheres.",34,0.7389335036277771,PETRA SILVIA PFALLER,"A educação, a escola, a remissão por leitura é uma maneira de desencarcerar.",353,0.7320157289505005,DIÓGENES FAUSTINO DO NASCIMENTO,"A EJA é um instrumento que estimula a leitura e que consegue, através da educação, reintegrar à sociedade esse apenado, esse egresso do sistema penitenciário.",358,0.7060496807098389,DIÓGENES FAUSTINO DO NASCIMENTO,"Talvez exista esse grande medo porque a leitura liberta, a leitura ensina e forma cidadãos.",355,0.6327215433120728,DIÓGENES FAUSTINO DO NASCIMENTO,"Muitas bibliotecas no sistema prisional contêm livros plastificados, impossibilitando que quem está em cela e deseje ler tenha acesso à leitura.",591,0.6247418522834778,MARIÂNGELA GRACIANO,"Da mesma maneira, haverá o PNLD Literário, que também contemplará o sistema prisional.","Eu gostaria de ressaltar a importância de todas as discussões que foram feitas aqui, hoje de manhã, o quanto nós nos sentimos contemplados por todas as falas e o que levamos desta manhã, de aprendizado.",ADAUTO LOCATELLI TAUFER,"Além de professores universitários, nós também fazemos parte da ADUFRGS-Sindical, da PROIFES-Federação e do Grupo de Trabalho de Direitos Humanos.",ADAUTO LOCATELLI TAUFER,"Quando entramos no cárcere, percebemos que muitos querem estudar, sair desse mundo do cárcere e ter uma nova chance ao sair.",PETRA SILVIA PFALLER,Nós entendemos isso como uma medida de desencarceramento.,PETRA SILVIA PFALLER,,,
29,data_152,8,data_152#8,Debatedores alertam sobre extinção da lei que regulamenta o seguro obrigatório para vítimas do trânsito,Defende a importância do DPVAT para a manutenção das vítimas de trânsito.,Patricia Menezes,Advogada e Diretora Jurídica do CDVT,PATRICIA MENEZES,65,725,9,0.6349119544029236,0.7952127456665039,0.16030079126358032,0.7952127456665039,255,0.6349119544029236,"E gostaria que esta audiência pública de fato surtisse um efeito prático, para que nós possamos ter a real noção e para que haja, de maneira urgente, a manutenção do seguro obrigatório DPVAT não só para 2024, mas para todo o sempre, porque é um seguro universal do qual necessitam a vítima de trânsito e a população.",232,0.6240108609199524,"Senhores, é sigiloso o direito das vítimas de trânsito de saber como é o DPVAT?",203,0.6228615045547485,"Gostaria também de deixar claro, pela minha fala, que estou aqui representando as vítimas de acidente de trânsito pelo CDVT.",214,0.6072722673416138,Isso foi e é muito traumático até hoje pelas dificuldades que a vítima de trânsito tem de requerer o seu direito.,204,0.5842815637588501,"Eu represento aqui, como a nossa entidade, aquelas pessoas que precisam receber as suas indenizações para se manterem, porque, depois de um acidente de trânsito, como alguns já falaram, uns têm lesões leves, outros têm lesões médias e outros têm lesões graves, ficam deficientes, sofrem amputações.",60,0.7952127456665039,CARLOS ROBERTO ALVES DE QUEIROZ,"Eu entendo que é importante destacar aqui que a política pública do seguro DPVAT, tal como foi estabelecida na Lei 6.194, prevê apoio e reparação básicos e imediatos às vítimas de trânsito e seus beneficiários.",618,0.7403496503829956,ERIKA KOKAY,"Para além disso, deve-se fazer uma campanha para que as pessoas tenham consciência do próprio DPVAT, porque elas têm esse direito quando sofrem acidentes.",647,0.7396640777587891,ERIKA KOKAY,"Portanto, tudo isso faz com que tenhamos a necessidade de que a Caixa faça essa escuta.O DPVAT, penso eu, deveria ter um fórum permanente de discussão, com representantes das vítimas, com todas as pessoas que estão envolvidas no DPVAT, mas, em particular, com prioridade, porque ele funciona para atendimento das vítimas, seja por meio do financiamento ao SUS, seja por meio de indenização, seja por meio de campanhas, para que não haja outras vítimas da violência no trânsito, que tem índices tão cruéis e que devem nos levar a uma reflexão.",474,0.7204993963241577,CARLOS ADEMIR VERAS PINHEIRO,O seguro DPVAT indeniza aquelas pessoas que sofreram acidente de trânsito e estão em estado de vulnerabilidade.,125,0.7179317474365234,LÚCIO DEODATO MACHADO DE ALMEIDA,O DPVAT é o maior instrumento de redução de acidente de trânsito que existe.,"Então, eu gostaria de finalizar — nem sei se já passou todo o meu tempo — agradecendo novamente a oportunidade.",PATRICIA MENEZES,Agradeço a todos.,PATRICIA MENEZES,"As regras de responsabilização civil são basicamente as previstas no Código Civil, nos arts. 186 e 927.",CARLOS ROBERTO ALVES DE QUEIROZ,"É certo que o sistema de responsabilização civil do causador do acidente, do culpado pelo acidente, é o que, em tese, teria mais condições de promover a justiça em cada caso concreto, promovendo, assim, maiores e mais justas indenizações aos vitimados ou aos seus beneficiários.",CARLOS ROBERTO ALVES DE QUEIROZ,,,
30,data_154,24,data_154#24,Deputadas e especialistas cobram políticas públicas voltadas para mulheres no climatério,Ressaltou a necessidade de apoio e informação para mulheres na menopausa.,Dra. Pérola Grinberg Plapler,Diretora da Divisão de Medicina Física do Instituto de Ortopedia e Traumatologia do Hospital das Clínicas da USP,PÉROLA GRINBERG PLAPLER,76,1172,13,0.6967333555221558,0.8431612253189087,0.14642786979675293,0.8431612253189087,794,0.6967333555221558,"Agradeço aos que me antecederam, agradeço por essa oportunidade de realmente poder falar sobre a importância dessas patologias na terceira idade e no climatério ou menopausa, exatamente pela falta do hormônio estrógeno.",1123,0.6592978239059448,"Eu realmente me senti acolhida, dentro dos nossos objetivos de trabalhar em prol das mulheres que estão entrando na menopausa.",1126,0.5716061592102051,"As mulheres estão vivendo mais tempo, e nós precisamos dar a elas qualidade de vida.",752,0.5476589798927307,"Eu, como médica fisiatra, lido exatamente com isso, com as repercussões da menopausa no aparelho locomotor.",758,0.5378842353820801,"As três patologias acabam sendo muito mais prevalentes em mulheres na pós-menopausa, exatamente pela falta do hormônio estrógeno.",196,0.8431612253189087,ADRIANA FERREIRA,Nós nascemos da necessidade de informação e assistência integral à saúde da mulher na menopausa.,115,0.7890771627426147,CARMEN HELENA FERREIRA FORO,"O tema da informação sobre a menopausa, programas sobre menopausa é algo que tem que nos mover.",914,0.7623671293258667,MARILDA DE CÁSSIA CASTRO,"Por isso, estou trazendo para os cursos de doula a questão da menopausa.Nós temos contato, na rede de apoio das mulheres, com as avós, que geralmente estão na menopausa, no climatério e na menopausa.",144,0.7305565476417542,CARMEN HELENA FERREIRA FORO,"Portanto, a existência de um programa que reafirme que mulheres nesse ciclo precisam dessa atenção é fundamental.",152,0.7249845266342163,CARMEN HELENA FERREIRA FORO,"Eu comentava com a Deputada que, nesta mesa, há mulheres que estão na pré-menopausa, mulheres que estão na menopausa, mulheres que já passaram pela menopausa, mulheres que podem falar com propriedade sobre o tema.",Não podemos deixar de estar muito felizes por isso ter sido assinado ainda nesta semana.,PÉROLA GRINBERG PLAPLER,Agradeço muito poder falar com vocês.,PÉROLA GRINBERG PLAPLER,Este é o nosso grupo que hoje compõe a nossa organização.,ADRIANA FERREIRA,"Hoje, como foi muito bem dito pelo Ministério da Saúde, há uma série de políticas públicas que perpassam várias faixas etárias, mas não há especificamente, em algum programa ou política, um trabalho diferenciado, uma ação efetiva com foco no público que está no climatério ou na menopausa.",ADRIANA FERREIRA,,,
31,data_155,5,data_155#5,"Nos 20 anos do Estatuto do Idoso, especialistas pedem consolidação de políticas públicas",Apoiou a necessidade de revisão das políticas de pensão por morte.,Maria do Carmo Guido Di Lascio,Participante da audiência,MARIA DO CARMO GUIDO DI LASCIO,9,920,11,0.3440297245979309,0.7337931394577026,0.38976341485977173,0.7337931394577026,908,0.3440297245979309,"E, através dessa Comissão do Idoso da Câmara Municipal de São Paulo, conseguimos levantar bandeiras, fazer pedidos de audiência pública.",907,0.3199089765548706,Eu sou Conselheira do Conselho Municipal de Direitos da Pessoa Idosa de São Paulo e sou uma frequentadora assídua da nossa Comissão do Idoso.,909,0.31216853857040405,"Então, é uma saudação que eu trago de São Paulo para a Comissão do Idoso.",904,0.2156432569026947,Eu queria saudar a Comissão aqui da Câmara.,910,0.20161515474319458,"Sempre acompanhamos esta Comissão pela televisão, quando há temas interessantes.",866,0.7337931394577026,LUIZ LEGÑANI,"Ele pede que a questão da pensão por morte seja revisto, Presidente Aliel.",90,0.6280857920646667,ANTÔNIO FERNANDES TONINHO COSTA,Nós defendemos uma nova revisão na forma de financiamento das Instituições de Longa Permanência para Idosos — ILPIs filantrópicas.,70,0.617983341217041,ANTÔNIO FERNANDES TONINHO COSTA,"Isso criou uma certa expectativa de sensibilidade e despertou, num certo ponto, um olhar para a política do idoso.",811,0.6126278042793274,MARGÔ GOMES DE OLIVEIRA KARNIKOWSKI,"Nós temos refletido muito sobre os avanços conquistados a partir do Estatuto do Idoso, que é uma lei federal e que, portanto, deve ser cumprida.",202,0.5994102954864502,ALEXANDRE KALACHE,Ele foi indispensável para que essa proposta de uma política de Estado pudesse se tornar lei.,Eu sou Conselheira do Conselho Municipal de Direitos da Pessoa Idosa de São Paulo e sou uma frequentadora assídua da nossa Comissão do Idoso.,MARIA DO CARMO GUIDO DI LASCIO,"Então, é uma saudação que eu trago de São Paulo para a Comissão do Idoso.",MARIA DO CARMO GUIDO DI LASCIO,"Essa mãe, que hoje tem 47 anos, já tentou suicídio, tem depressão, tem dificuldade de conseguir emprego e está pedindo socorro.",LUIZ LEGÑANI,E essa questão é uma das bandeiras de luta da COBAP.,LUIZ LEGÑANI,,,
32,data_155,14,data_155#14,"Nos 20 anos do Estatuto do Idoso, especialistas pedem consolidação de políticas públicas",Defendeu a participação ativa de universidades e entidades da sociedade civil na formulação de políticas públicas.,Alexandre Kalache,Presidente do Centro Internacional de Longevidade Brasil (ILC-BR),ALEXANDRE KALACHE,87,920,11,0.5192694664001465,0.6269944310188293,0.10772496461868286,0.6269944310188293,202,0.5192694664001465,Ele foi indispensável para que essa proposta de uma política de Estado pudesse se tornar lei.,227,0.4464530348777771,"Da mesma forma, combater o idadismo é função de toda a sociedade e de todos os grupos etários.",224,0.4059896469116211,Combater o idadismo é dever de todos.,216,0.3931525647640228,"O meu dileto amigo Alexandre da Silva esteve presente, em fevereiro, na reunião das Nações Unidas — uma reunião de composição aberta que trata de direitos humanos.",173,0.38003015518188477,Ele se junta a dois outros marcos civilizatórios que nós conquistamos com determinação e continuaremos defendendo ardorosamente.,570,0.6269944310188293,RAPHAEL FRANCO CASTELO BRANCO CARVALHO,"E aí é necessário que as nossas políticas públicas, não só as políticas públicas construídas pelo Estado, até porque, para que nós tenhamos uma política pública, não existe política pública sem povo, então, é importante a participação da universidade, é importante a participação da ciência, da tecnologia, das entidades da sociedade civil, para que possamos, nesse grande esforço nacional, tornar de fato um País, um Brasil que seja humano, digno, não só para pessoas idosas, mas também para outros segmentos populacionais.",477,0.6003386378288269,FLÁVIA MORAIS,"Então, há várias ações que nós podemos fazer articuladas com as universidades — está aqui a UnB do meu ladinho —, e nós sabemos da importância de trabalharmos paralelamente à questão da Política Nacional de Cuidados.",393,0.5785207748413086,ALEXANDRE DA SILVA,"Isso é feito em uma articulação com o Município, com o Estado e com órgãos, conselhos, universidades, instituições de ensino superior, lideranças comunitárias, ONGs, etc.",327,0.5529448986053467,ALEXANDRE DA SILVA,"É importante que nós possamos gerar esse fortalecimento da participação social, que se dá tanto com o Conselho Nacional, com os Conselhos Estaduais, com os Conselhos Municipais e, como eu tenho dito, também com os fóruns — o Jairo está aqui para poder falar e representar esse local —, com as rodas de conversa, os quintais.",350,0.5480348467826843,ALEXANDRE DA SILVA,"Há também a importância de se discutir com lideranças comunitárias, discutir com conselhos e tantos outros órgãos que vão nos ajudar a pensar essa perspectiva.","Eu não sei, sinceramente, Deputado Aliel, se nós teríamos a sensibilidade política, hoje, no Congresso para esse espírito de humanismo, de solidariedade e de empatia que foi necessário para que o Estatuto fosse promulgado.",ALEXANDRE KALACHE,"Eu digo isso porque, e o senhor citou, até hoje, até agora, o Brasil não promulgou, não assinou a Convenção Interamericana sobre os Direitos das Pessoas Idosas.",ALEXANDRE KALACHE,"Ou seja, o processo de envelhecimento brasileiro, e não só brasileiro, mas dos países subdesenvolvidos, é amplamente diferente do que foi vivenciado em outros espaços do mundo.",RAPHAEL FRANCO CASTELO BRANCO CARVALHO,Outro desafio que sinalizamos é a ratificação.,RAPHAEL FRANCO CASTELO BRANCO CARVALHO,,,
33,data_156,8,data_156#8,Universidades comunitárias cobram ajustes na legislação para manter qualidade do ensino,A importância de diretrizes claras para a educação superior que contemplem as comunitárias.,Ulysses Tavares Teixeira,Diretor de Avaliação da Educação Superior do INEP,ULYSSES TAVARES TEIXEIRA,178,764,9,0.6679062247276306,0.6837645769119263,0.015858352184295654,0.6837645769119263,168,0.6679062247276306,"Poderíamos, por exemplo, dentro do cenário da educação superior como um todo, discutir sobre o papel das universidades comunitárias, contextualizado num plano nacional da educação superior.Mas esse documento não existe.",181,0.6359105110168457,"Faço isso para nos dar a liberdade de pensar qual é o indicador, a estatística, o dado que nós precisamos para caracterizar a atuação de cada tipo de instituição e a especificidade de cada tipo de curso da melhor maneira possível.",252,0.6304608583450317,Eu vou falar um pouco aqui também sobre as perspectivas de aperfeiçoamento que temos pensado para a política de avaliação da educação superior.,158,0.6303087472915649,Esta é uma grande oportunidade para o INEP discutir a avaliação da educação superior e o papel específico das universidades comunitárias nesse sistema que temos hoje.,275,0.6302878856658936,"Isso aconteceu justamente pelo crescimento quantitativo das instituições, dos cursos e da necessidade de haver indicadores educacionais para tomar decisão das políticas públicas, da gestão universitária, do estudante e por aí vai.",87,0.6837645769119263,PRESIDENTE,"Como o Ministério da Educação pode colocar na sua agenda de prioridades as instituições federais, os institutos e as universidades, e as universidades comunitárias nos ajudando a fazer um novo marco legal?",366,0.6690710783004761,LAERTE GUIMARÃES FERREIRA JUNIOR,"Eu entendo que esta audiência pública é para discutirmos o cenário das instituições comunitárias de educação superior, os desafios, as perspectivas e o futuro.",168,0.6679062247276306,ULYSSES TAVARES TEIXEIRA,"Poderíamos, por exemplo, dentro do cenário da educação superior como um todo, discutir sobre o papel das universidades comunitárias, contextualizado num plano nacional da educação superior.Mas esse documento não existe.",396,0.6575530767440796,LAERTE GUIMARÃES FERREIRA JUNIOR,"Então, as comunitárias fazem parte da preocupação da CAPES, em termos de fomento, e da nossa preocupação, porque nós sabemos da qualidade do ensino ofertado.",683,0.6558256149291992,GELSON LEONARDO RECH,"Nós precisaríamos de sinalizações para 2024: a(ininteligível), a regulação, os sinais com as características peculiares para as universidades comunitárias, para os grupos, para o EAD.","Quando falamos de avaliação, estamos falando de um sistema que está muito bem consolidado.",ULYSSES TAVARES TEIXEIRA,"Existe o PNE, com pouquíssimas metas relacionadas à educação superior.",ULYSSES TAVARES TEIXEIRA,"A Dra. Denise esteve presente no lançamento da Frente, prestigiou o evento.",PRESIDENTE,"Hoje, o Ministério da Educação, em parte, não nos reconhece.",PRESIDENTE,,,
34,data_157,10,data_157#10,Especialistas sugerem desoneração tributária para baratear custo de remédios para doenças raras,A importância de autorregulamentação no setor de precificação de medicamentos.,Renato Porto,Presidente da Associação da Indústria Farmacêutica de Pesquisa — INTERFARMA,RENATO ALENCAR PORTO,157,1040,9,0.6792075634002686,0.70122230052948,0.022014737129211426,0.70122230052948,317,0.6792075634002686,O que nós temos que fazer é tomar cuidado para não criar instrumentos regulatórios que inviabilizem a chegada rápida desse medicamento à população brasileira.,355,0.6156913042068481,"Não adianta haver medicamento nas prateleiras, nas fábricas, os medicamentos precisam chegar às pessoas e chegar no momento certo, na dose certa e, claro, por um valor adequado.",892,0.6070059537887573,"Nenhuma indústria farmacêutica inova pensando no preço, ela inova pensando em mudar a terapia e, depois, avalia o preço desse produto.",354,0.5819661617279053,"Em outras palavras, o pilar central da associação é ter um sistema sustentável de acesso a medicamentos.",336,0.560068666934967,O que acontece com medicamentos da categoria Caso Omisso?,46,0.70122230052948,DANIELA MARRECO CERQUEIRA,Nossas competências estão ligadas principalmente à regulação econômica do mercado de medicamentos.,99,0.6812604665756226,DANIELA MARRECO CERQUEIRA,"Existem alguns critérios que foram estabelecidos pela Câmara de Regulação do Mercado de Medicamentos, que é o acompanhamento do preço internacional desses produtos e o acompanhamento dos dados de segurança e eficácia, até que possamos estabelecer o preço definitivo dessas terapias.",317,0.6792075634002686,RENATO ALENCAR PORTO,O que nós temos que fazer é tomar cuidado para não criar instrumentos regulatórios que inviabilizem a chegada rápida desse medicamento à população brasileira.,65,0.6659625768661499,DANIELA MARRECO CERQUEIRA,Aqui são os critérios utilizados novamente para a precificação de medicamentos.,48,0.6635515689849854,DANIELA MARRECO CERQUEIRA,"Então, além de definir os critérios para o estabelecimento de preços, que são os preços-teto dos medicamentos que são definidos em território nacional, nós também monitoramos esse mercado para que esses preços sejam realmente praticados e as infrações às normas da CMED possam ser devidamente apuradas.","Então, quando surge um produto inovador e a população pode ter à disposição a cura de uma doença, ele chega aqui, Deputada.",RENATO ALENCAR PORTO,Essa é a primeira base técnica que nós precisamos ter: dar acesso.,RENATO ALENCAR PORTO,A Secretaria Executiva é exercida pela ANVISA.,DANIELA MARRECO CERQUEIRA,A CMED tem a competência de definir as diretrizes em relação à precificação de medicamentos no Brasil e também de monitorar o mercado de medicamentos.,DANIELA MARRECO CERQUEIRA,,,
35,data_166,18,data_166#18,Especialistas defendem uso de tecnologia blockchain no serviço público,Contratos inteligentes podem reduzir custos de transação e melhorar a eficiência na execução de contratos.,Caio Sanas,Advogado e Professor Convidado de Blockchain da Fundação Getulio Vargas do Rio de Janeiro,CAIO SANAS,93,1200,11,0.6801910400390625,0.8097509741783142,0.1295599341392517,0.8097509741783142,568,0.6801910400390625,"Propriedade nas relações de execução imediata: é mais fácil a sua implementação, ao contrário de contratos de execução diferida, em que nós precisamos de inúmeros comportamentos dos agentes econômicos para monitorar dentro de um contrato inteligente.Imaginem um carro elétrico financiado em umsmart contract.",581,0.6746854782104492,"Num futuro não tão distante, as relações vão ser preferencialmente realizadas e instrumentalizadas por meio dos contratos inteligentes.",577,0.6533761024475098,"A tecnologiablockchain, combinada com ossmarts contracts,pode potencializar a redução de custos de transação até nessa área.",534,0.6319223642349243,"Em 2015, vieram os contratos inteligentes, ossmart contracts, e aí vem a economia tokenizada.",517,0.5771409273147583,"Ela de fato pode servir de meio para inovar, trazer novos modelos de negócio, eficiência, transparência e redução de custos de transação tanto na iniciativa privada quanto no setor público.",63,0.8097509741783142,DIEGO OLIVEIRA FARIAS,A automação inteligente de contratos reduz riscos de erros e otimiza serviços.,44,0.7484497427940369,DIEGO OLIVEIRA FARIAS,"Com isso, você consegue reduzir o custo de transação de forma eficiente.",568,0.6801910400390625,CAIO SANAS,"Propriedade nas relações de execução imediata: é mais fácil a sua implementação, ao contrário de contratos de execução diferida, em que nós precisamos de inúmeros comportamentos dos agentes econômicos para monitorar dentro de um contrato inteligente.Imaginem um carro elétrico financiado em umsmart contract.",581,0.6746854782104492,CAIO SANAS,"Num futuro não tão distante, as relações vão ser preferencialmente realizadas e instrumentalizadas por meio dos contratos inteligentes.",691,0.6595486402511597,DIEGO OLIVEIRA FARIAS,"A tecnologia também apresenta diversas características para reduzir a burocracia na administração pública, o que acaba reduzindo os custos de transação, em razão de ela funcionar como uma máquina de confiança, em que se eliminam intermediários e se reduzem os custos de transação do seu processo de negócio.","Todavia, se ele não for cumprido, esse contrato permanece da forma como se encontra.",CAIO SANAS,Nós sabemos que no custo do financiamento há um custo jurídico envolvido.,CAIO SANAS,"Isso aprimora o processo de registro e a troca de informações entre diferentes esferas, indústrias e sociedade.",DIEGO OLIVEIRA FARIAS,"Então, por meio desmart contracts, você consegue criar regras que reflitam o funcionamento do mundo real, e isso faz com que você automatize processos governamentais, reduzindo a burocracia.",DIEGO OLIVEIRA FARIAS,,,
36,data_169,7,data_169#7,"Com apoio parcial do governo, movimentos sociais querem Cerrado e Caatinga como patrimônios nacionais","As políticas públicas para os biomas Cerrado e Caatinga foram orientadas por uma visão externa e colonizada, ignorando soluções locais e tradicionais.",Silvio Isoppo Porto,Representante da Campanha em Defesa do Cerrado,SÍLVIO ISOPPO PORTO,53,899,15,0.5865569114685059,0.6682662963867188,0.08170938491821289,0.6682662963867188,535,0.5865569114685059,"Se nós pegarmos as duas concepções que orientaram as políticas públicas para esses biomas, vamos voltar à ideia do que o Paulo Pedro disse em relação à questão de que a Caatinga é um espaço não de convivência, mas em que se tem que combater a seca.",538,0.5562261343002319,As soluções para a Caatinga passam por soluções que são de fora do próprio bioma.,549,0.47378066182136536,"Agora, é evidente que nós não podemos ter um pensamento colonizado, em que as coisas de fora sempre são melhores do que as soluções próprias.",546,0.4469171166419983,"Nessa questão, hoje, a grande solução seria não mandar 1.500 pesquisadores para fora, mas mandar 1.500 pesquisadores para os roçados de que a Deputada falou, onde as pessoas compreendem o bioma, têm sabedoria tradicional e popular.Efetivamente, é daqui de dentro que nós vamos ter soluções para esses dois biomas, assim como para a Amazônia, assim como para o Pantanal, assim como para o Pampa.",536,0.4321492910385132,"Essa ideia de combate à seca foi que fez com que os perímetros irrigados fossem desenvolvidos nessa região, a transposição do Rio São Francisco e tudo isso.",360,0.6682662963867188,ALEXANDRE HENRIQUE BEZERRA PIRES,"E foi construído nas nossas mentes que a Caatinga e o Cerrado seriam biomas impróprios, biomas onde não se reconhece o papel dos povos e das comunidades que vivem neles.",255,0.6155647039413452,SAMANTHA RO'OTSITSINA JURUNA,"Nesse processo, muito se fala também de problemas ambientais que são gerados no âmbito do Cerrado por não existirem políticas públicas eficazes.",535,0.5865569114685059,SÍLVIO ISOPPO PORTO,"Se nós pegarmos as duas concepções que orientaram as políticas públicas para esses biomas, vamos voltar à ideia do que o Paulo Pedro disse em relação à questão de que a Caatinga é um espaço não de convivência, mas em que se tem que combater a seca.",538,0.5562261343002319,SÍLVIO ISOPPO PORTO,As soluções para a Caatinga passam por soluções que são de fora do próprio bioma.,96,0.5546478033065796,LOURDES CARDOZO LAUREANO,"O Brasil, que propôs metas ousadas para o enfrentamento à emergência climática, vive essa contradição de proteger apenas parte do seu patrimônio natural, não tendo o Cerrado e a Caatinga como biomas considerados patrimônio nacional.","Para mim, há aqui dois elementos muito relevantes, que colocaram em xeque, de certa forma, a conservação do Cerrado e da Caatinga.",SÍLVIO ISOPPO PORTO,"Essa ideia de combate à seca foi que fez com que os perímetros irrigados fossem desenvolvidos nessa região, a transposição do Rio São Francisco e tudo isso.",SÍLVIO ISOPPO PORTO,Nós nos perguntamos: Certamente por esse ser um lugar de vida.,ALEXANDRE HENRIQUE BEZERRA PIRES,"Então, reconhecer a importância e a aprovação dessa proposta de emenda constitucional — PEC é, sobretudo, reconhecer a importância dos povos que neles vivem, a importância da água, do solo, das florestas, da nossa mata branca, como nós chamamos a Caatinga, da biodiversidade para a sustentação e sobrevivência deste planeta.",ALEXANDRE HENRIQUE BEZERRA PIRES,,,
37,data_173,10,data_173#10,"País deve retomar projetos de hidrelétricas com reservatórios, apontam especialistas","Ressalta os benefícios sociais e econômicos das hidrelétricas, como o acesso à eletricidade em áreas rurais e o apoio aos Objetivos de Desenvolvimento Sustentável da ONU.",Cristiana Nepomuceno de Sousa Soares,Advogada especialista em Direito de Energia,CRISTIANA NEPOMUCENO DE SOUSA SOARES,45,682,8,0.8429744243621826,0.817503809928894,-0.025470614433288574,0.8429744243621826,119,0.8429744243621826,"As hidrelétricas contribuem com os Objetivos de Desenvolvimento Sustentável da ONU, com aqueles que dizem respeito à energia para todos, água potável, a saneamento, ao trabalho decente e crescimento econômico, à indústria e à ação contra a mudança do clima.",116,0.7624138593673706,Ela traz benefício para as comunidades em volta contribuindo para o melhor acesso à eletricidade nas áreas rurais e servindo como recurso de matéria limpa.,120,0.7428703308105469,As hidrelétricas como padrão de sustentabilidade.,101,0.6762727499008179,"Sobre as hidrelétricas, é aproveitado o potencial hidrelétrico de um rio.",123,0.673249363899231,"Temos também o padrão de sustentabilidade das hidrelétricas para qualidade de água; biodiversidade do local, que pode ser estudada; alocação dos povos indígenas; patrimônio cultural; governança; comunicações; mitigação das mudanças climáticas e resiliência; entre outros.",119,0.8429744243621826,CRISTIANA NEPOMUCENO DE SOUSA SOARES,"As hidrelétricas contribuem com os Objetivos de Desenvolvimento Sustentável da ONU, com aqueles que dizem respeito à energia para todos, água potável, a saneamento, ao trabalho decente e crescimento econômico, à indústria e à ação contra a mudança do clima.",620,0.817503809928894,LUDIMILA LIMA DA SILVA,A usina hidrelétrica é um importante vetor de desenvolvimento social e econômico.,116,0.7624138593673706,CRISTIANA NEPOMUCENO DE SOUSA SOARES,Ela traz benefício para as comunidades em volta contribuindo para o melhor acesso à eletricidade nas áreas rurais e servindo como recurso de matéria limpa.,260,0.7517618536949158,PRESIDENTE,"Cabe salientar, mais uma vez, que as hidrelétricas são, sim, parceiras do desenvolvimento verdadeiro e sustentável, já que os reservatórios permitem o armazenamento de energia, o abastecimento de água, a(ininteligível),a irrigação, além de incentivar atividades relacionadas à aquicultura, à piscicultura, ao turismo, ao esporte e ao lazer.",330,0.7484771013259888,CHARLES LENZI,"A hidroeletricidade tem um valor imenso não só para a geração de energia, mas também para os serviços ancilares.","Reservatórios e barragens proveem outros benefícios para a sociedade, como regularização de vazões, irrigação, navegação e recreação também.",CRISTIANA NEPOMUCENO DE SOUSA SOARES,As hidrelétricas como padrão de sustentabilidade.,CRISTIANA NEPOMUCENO DE SOUSA SOARES,"Reservatórios e barragens proveem outros benefícios para a sociedade, como regularização de vazões, irrigação, navegação e recreação também.",CRISTIANA NEPOMUCENO DE SOUSA SOARES,As hidrelétricas como padrão de sustentabilidade.,CRISTIANA NEPOMUCENO DE SOUSA SOARES,,,
38,data_183,9,data_183#9,Marina Silva: veto do Ibama à licença para Petrobras perfurar na Foz do Amazonas é técnico,A falta de licenciamento do Linhão Boa Vista-Manaus está causando mais danos ambientais devido ao uso de termelétricas a diesel.,Ricardo Salles,Deputado,RICARDO SALLES,58,1634,28,0.7938193082809448,0.6324285268783569,-0.1613907814025879,0.7938193082809448,179,0.7938193082809448,Mas o fato é que o não avanço do linhão Boa Vista-Manaus tem causado uma consequência ambiental muito mais perniciosa do que a que o avanço do licenciamento traria.,184,0.6240724325180054,"É público e notório que o modal rodoviário, sob todos os aspectos, é muito mais lesivo ao meio ambiente, devido a emissões de gás carbônico, riscos, inclusive pessoais, etc., do que o modal ferroviário.",182,0.6188730001449585,"É claro que há interesses comerciais dos que vendem odiesel, nós sabemos bem disso, mas a não consecução desse licenciamento traz, sob o ponto de vista ambiental, consequências fartamente mais nocivas ao meio ambiente do que as que teríamos se tivéssemos avançado quanto a esse tema do licenciamento.",185,0.5494465827941895,"No entanto, muitas das ponderações acerca das dificuldades para o avanço do Ferrogrão acabam militando em desfavor da questão ambiental, e não o contrário.",205,0.5445894002914429,"Porque problemas de licenciamento, problemas de orçamento e problemas de execução de obra impedem que o Rio Bauru, ao final, tenha o tratamento, e a cidade de Bauru acaba sendo uma contribuinte de esgoto não tratado para toda aquela bacia naquela região.",179,0.7938193082809448,RICARDO SALLES,Mas o fato é que o não avanço do linhão Boa Vista-Manaus tem causado uma consequência ambiental muito mais perniciosa do que a que o avanço do licenciamento traria.,1288,0.6324285268783569,CORONEL CHRISÓSTOMO,"Quanto à Hidrelétrica de Tabajara, o problema lá é ambiental.",184,0.6240724325180054,RICARDO SALLES,"É público e notório que o modal rodoviário, sob todos os aspectos, é muito mais lesivo ao meio ambiente, devido a emissões de gás carbônico, riscos, inclusive pessoais, etc., do que o modal ferroviário.",182,0.6188730001449585,RICARDO SALLES,"É claro que há interesses comerciais dos que vendem odiesel, nós sabemos bem disso, mas a não consecução desse licenciamento traz, sob o ponto de vista ambiental, consequências fartamente mais nocivas ao meio ambiente do que as que teríamos se tivéssemos avançado quanto a esse tema do licenciamento.",1290,0.5922279357910156,CORONEL CHRISÓSTOMO,O problema lá é ambiental.,"Isso tem a ver, obviamente, com a questão indígena, com a tradução das manifestações para diversos dialetos, enfim.",RICARDO SALLES,"Devido à ausência de fornecimento de energia elétrica para Roraima — porque a Venezuela não tem feito manutenção no seu sistema, cai toda hora o fornecimento que vem da Venezuela; e Roraima, como a senhora sabe, está fora do sistema nacional de energia —, o que temos que fazer?",RICARDO SALLES,"Isso tem a ver, obviamente, com a questão indígena, com a tradução das manifestações para diversos dialetos, enfim.",RICARDO SALLES,"Devido à ausência de fornecimento de energia elétrica para Roraima — porque a Venezuela não tem feito manutenção no seu sistema, cai toda hora o fornecimento que vem da Venezuela; e Roraima, como a senhora sabe, está fora do sistema nacional de energia —, o que temos que fazer?",RICARDO SALLES,,,
39,data_183,10,data_183#10,Marina Silva: veto do Ibama à licença para Petrobras perfurar na Foz do Amazonas é técnico,Preocupações com a exploração de petróleo na foz do Rio Amazonas precisam ser balanceadas com a realidade de que países vizinhos estão explorando na mesma região.,Ricardo Salles,Deputado,RICARDO SALLES,58,1634,28,0.5648070573806763,0.7710174322128296,0.20621037483215332,0.7710174322128296,168,0.5648070573806763,"Com relação à foz do Amazonas, pelo que eu li na imprensa, e não tenho nenhuma informação mais técnica sobre isso, parece-me que a posição adotada pelo Ministério é adequada.",177,0.5486818552017212,"No caso, por exemplo, do linhão Boa Vista-Manaus, que a senhora conhece bem, na Região Amazônica — salvo engano da minha parte quanto à data —, nós estamos há cerca de 10 anos aguardando o avanço da liberalização, digamos assim, das medidas.",217,0.5297707319259644,"Portanto, a minha ponderação diz muito mais respeito ao cuidado em estabelecer quais são as áreas, do ponto de vista de conhecimento técnico, em que há efetivamente defasagem de pessoal em ambos os órgãos e fazer o concurso voltado para suprir essas vagas.Aquela dicotomia entre analista ambiental e técnico ambiental é muito importante de ser olhar, porque às vezes um não pode suprir o trabalho do outro; um não pode ir a campo no lugar do outro.",185,0.5295794606208801,"No entanto, muitas das ponderações acerca das dificuldades para o avanço do Ferrogrão acabam militando em desfavor da questão ambiental, e não o contrário.",216,0.5095363259315491,"Isso sobrecarrega muito aqueles que têm o efetivo conhecimento e que passam a ser, talvez, os únicos que têm capacidade técnica de analisar essas questões a fundo, a exemplo de questões relacionadas a temas hídricos, a emissões de gases de efeito estufa, enfim, todos os temas complexos que são levados ao escrutínio de qualquer um dos dois órgãos ambientais.",1277,0.7710174322128296,CORONEL CHRISÓSTOMO,"Ministra, a senhora também sabe como é importante a prospecção de petróleo lá na foz do Amazonas.",960,0.7641689777374268,ODAIR CUNHA,"É claro que a exploração do petróleo na margem equatorial que nós estamos discutindo agora é importante, e nós precisamos dar este tratamento.",1054,0.7516840696334839,MINISTRA MARINA SILVA,"Eu acho que a maioria das questões aqui levantadas tem a ver, de modo geral, com a exploração de petróleo na Foz do Amazonas e tem a ver com o processo de licenciamento.",1381,0.7512019872665405,ZÉ HAROLDO CATHEDRAL,"Nós, que já estivemos juntos na bancada de Roraima, conversando sobre as demarcações que estão em pauta no nosso Estado, hoje estamos aqui reunidos para tratar desse embate em torno do petrolífero na foz do Amazonas, dos possíveis prejuízos ambientais e dos benefícios que essa possibilidade traz consigo para toda a região.",244,0.7425397634506226,LAFAYETTE DE ANDRADA,"Além disso, temos que considerar que ali do lado a Guiana já está explorando petróleo.","Eu queria dar alguns exemplos aqui de casos em que o licenciamento teve, ou terá — porque ainda não estão concluídos —, impacto imediato.",RICARDO SALLES,"Trata-se de uma discussão técnica, não comporta arbitramento jurídico de argumentos.",RICARDO SALLES,"Ajude este Deputado da Amazônia, filho da floresta!",CORONEL CHRISÓSTOMO,"Daqui a pouco, Ministra, o petróleo vai valer tanto quanto o dinheiro da Venezuela: nada!",CORONEL CHRISÓSTOMO,,,
40,data_185,14,data_185#14,"Cobertura do teste do pezinho é muito desigual no estados brasileiros, aponta levantamento",A redução do tempo de liberação dos resultados é essencial para a eficácia do programa.,Bruna Dornelas,Gestora de Regionalização da Secretaria de Saúde de Pernambuco,BRUNA RAFAELA DORNELAS MONTEIRO,35,1009,10,0.4721955358982086,0.6358358860015869,0.1636403501033783,0.6358358860015869,288,0.4721955358982086,"E há mais: redução do tempo de liberação dos resultados, que é um dos nossos grandes trunfos, e nos deixa muitos honrosos a redução desse tempo, que antes era de 10 dias e agora passa para, em média, 3 dias, 4 dias a liberação do resultado pelo LACEN; descentralização dos pontos de coleta para todas as unidades básicas de saúde, oportunizando o alcance dos recém-nascidos no período ideal — essa é a nossa meta e estamos caminhando para isso; qualificação dos profissionais envolvidos na triagem neonatal por meio de cursos em parceria com a Escola de Governo em Saúde Pública de Pernambuco; institucionalização de rotina de monitoramento contínuo entre serviço de referência, rede complementar, Coordenação Estadual da Triagem Neonatal, regionais de saúde e Municípios; disseminação da temática nas consultas de pré-natal, uma das nossas grandes metas, assim como nos veículos de comunicação do Estado — nós precisamos conscientizar e empoderar cada vez mais essas gestantes e essas mulheres; implantação de um sistema próprio de monitoramento dos indicadores; pactuação nos espaços de governança do SUS de estratégias de captação precoce do recém-nascido no período ideal; perspectiva, é claro, de expansão do diagnóstico de toxoplasmose congênita, conforme a Lei nº 14.154, de 2021.",286,0.3795926868915558,"E Pernambuco, mais uma vez, assume um destaque e um protagonismo dentro do cenário nacional, dessa vez no processo de reestruturação dos fluxos assistenciais da Triagem Neonatal Biológica, que desencadeou uma série de ações estratégicas voltadas para esse fortalecimento, dentre elas: constituição de Grupo de Trabalho de Triagem Neonatal Biológica, publicado e instituído através da Portaria nº 315, de 2023, de forma a institucionalizar a política e torná-la cada vez mais sustentável; elaboração do plano de ação estadual com medidas estratégicas para o fortalecimento da política; publicação de edital para disseminação da temática nas instituições de ensino superior e programas de residência, porque nós acreditamos que essa temática precisa, sim, participar do processo formativo dos nossos futuros profissionais de saúde; lançamento da campanha Passos que Importam, ocorrido no dia 6 de junho, Dia Nacional do Teste do Pezinho; realização do diagnóstico situacional regional e municipal; realização de visitas técnicas aos Municípios com os indicadores fragilizados, não no intuito de apontar, mas no intuito de dizer que nós somos apoio, que nós estamos juntos para modificar essa realidade; construção conjunta do plano de ação entre as Gerências Regionais de Saúde, a Secretaria Estadual de Saúde e as Secretarias Municipais de Saúde, com um cronograma de acompanhamento, porque só há ação efetiva quando nós fazemos isso de forma tripartite.",287,0.36421123147010803,"Estamos em processo de viabilização dos agendamentos das consultas de maneira descentralizada e regionalizada, via CMCE, com acompanhamento e monitoramento realizado pelos apoiadores regionais dentro dos territórios.",289,0.3081907629966736,"Inclusive, neste exato momento, a nossa equipe técnica se encontra lá na Secretaria Estadual de Saúde discutindo esse processo de expansão.",282,0.28650009632110596,"No nosso Estado de Pernambuco, atualmente, nós ofertamos a triagem, a confirmação diagnóstica e a linha de cuidado para seis doenças contempladas no Programa Nacional de Triagem Neonatal, instituído através da Portaria nº 822, de 6 de junho de 2001.",673,0.6358358860015869,DANIELA MACHADO MENDES,Isso mostra a efetividade do processo de triagem e a possibilidade de realização dessa experiência.,652,0.607459545135498,DANIELA MACHADO MENDES,"Isso é muito importante para que, neste tempo, não haja nenhuma falha, nenhum erro na execução do teste, e que se possa prolongar esse tempo médio de execução.",137,0.6041732430458069,CARLOS GOUVÊA,"A efetividade, especialmente com a expansão das doenças triadas, vai depender dessaperformance, desse fluxo todo de ações que estão englobadas no programa.",696,0.5954945087432861,DANIELA MACHADO MENDES,"É necessário também auxiliar no custeio do envio de amostras, como já foi falado, principalmente uma parceria com os Correios, visando à diminuição do tempo da chegada da amostra, reduzindo custos.",639,0.5425835847854614,DANIELA MACHADO MENDES,"Ela promove esse tratamento adequado em tempo oportuno, isto é, antes que algum sinal ou sintoma apareça, reduzindo e evitando deficiências, sequelas e até mesmo óbitos.","Estamos em processo de viabilização dos agendamentos das consultas de maneira descentralizada e regionalizada, via CMCE, com acompanhamento e monitoramento realizado pelos apoiadores regionais dentro dos territórios.",BRUNA RAFAELA DORNELAS MONTEIRO,"Inclusive, neste exato momento, a nossa equipe técnica se encontra lá na Secretaria Estadual de Saúde discutindo esse processo de expansão.",BRUNA RAFAELA DORNELAS MONTEIRO,"Já nesse período, se pegarmos o ano inteiro de 2022, nós triamos mais de 185 mil crianças e fizemos o diagnóstico de 859 crianças com resultado laboratorial confirmado.",DANIELA MACHADO MENDES,"Também estamos realizando o piloto com relação à AME aqui no Município, por meio de um projeto de pesquisa.",DANIELA MACHADO MENDES,,,
41,data_185,15,data_185#15,"Cobertura do teste do pezinho é muito desigual no estados brasileiros, aponta levantamento",A educação continuada dos profissionais de saúde é vital para o sucesso da triagem neonatal.,Bruna Dornelas,Gestora de Regionalização da Secretaria de Saúde de Pernambuco,BRUNA RAFAELA DORNELAS MONTEIRO,35,1009,10,0.5585636496543884,0.9000682830810547,0.34150463342666626,0.9000682830810547,902,0.5585636496543884,"Quero enfatizar a importância desta audiência pública no fortalecimento da triagem neonatal como política pública de saúde, e dizer que o Estado de Pernambuco está aqui para partilhar, para trocar experiências e para construir junto com vocês, traçando uma linha de cuidado para as nossas futuras gerações.",288,0.5544921159744263,"E há mais: redução do tempo de liberação dos resultados, que é um dos nossos grandes trunfos, e nos deixa muitos honrosos a redução desse tempo, que antes era de 10 dias e agora passa para, em média, 3 dias, 4 dias a liberação do resultado pelo LACEN; descentralização dos pontos de coleta para todas as unidades básicas de saúde, oportunizando o alcance dos recém-nascidos no período ideal — essa é a nossa meta e estamos caminhando para isso; qualificação dos profissionais envolvidos na triagem neonatal por meio de cursos em parceria com a Escola de Governo em Saúde Pública de Pernambuco; institucionalização de rotina de monitoramento contínuo entre serviço de referência, rede complementar, Coordenação Estadual da Triagem Neonatal, regionais de saúde e Municípios; disseminação da temática nas consultas de pré-natal, uma das nossas grandes metas, assim como nos veículos de comunicação do Estado — nós precisamos conscientizar e empoderar cada vez mais essas gestantes e essas mulheres; implantação de um sistema próprio de monitoramento dos indicadores; pactuação nos espaços de governança do SUS de estratégias de captação precoce do recém-nascido no período ideal; perspectiva, é claro, de expansão do diagnóstico de toxoplasmose congênita, conforme a Lei nº 14.154, de 2021.",278,0.5044112801551819,Eu gostaria de partilhar com vocês a alegria de estarmos hoje presentes nesta audiência pública tão importante para o fortalecimento da triagem neonatal como política pública de saúde.,300,0.49812471866607666,"Essa é uma das nossas reuniões na Escola de Saúde Pública, com o objetivo de lançarmos e implementarmos o nosso curso de qualificação para os nossos profissionais de saúde dentro do nosso Estado.",284,0.48513755202293396,"Com relação à nossa Rede Gestora do Programa de Triagem Neonatal de Pernambuco, atualmente, nós temos na nossa composição a Coordenação Estadual do Programa de Triagem Neonatal, que faz parte da Gerência de Atenção à Saúde da Criança, que compõe a Diretoria de Políticas e Estratégias; a presença de apoiadores regionais e municipais da triagem neonatal nas 12 regiões de saúde do Estado, pois acreditamos no processo de regionalização dentro dos territórios; a Coordenação da Triagem Neonatal no nosso laboratório de referência, o nosso LACEN, e a logística regional e municipal de transporte dessas amostras.",88,0.9000682830810547,CARLOS GOUVÊA,"Há necessidade de promover um aprimoramento daqueles que trabalham com triagem neonatal, e os profissionais precisam, sim, ter uma educação continuada.",863,0.7542127966880798,CARLOS GOUVÊA,Esta é a importância da triagem neonatal.,948,0.7179983854293823,SUHELLEN OLIVEIRA DA SILVA,A triagem neonatal tem extrema importância na vida dessas pessoas.,480,0.6962764263153076,SUHELLEN OLIVEIRA DA SILVA,"Para nós, sempre é muito importante e uma honra falar sobre a triagem neonatal.",39,0.6719297170639038,CARLOS GOUVÊA,"Como faz muito bem o programa, o monitoramento é feito pela vida toda, através dos Serviços de Referência em Triagem Neonatal.","A SRA. BRUNA RAFAELA DORNELAS MONTEIRO- Eu gostaria, mais uma vez, de agradecer à Deputada Federal Iza Arruda o convite.",BRUNA RAFAELA DORNELAS MONTEIRO,"Obrigada, mais uma vez, pelo convite, e nos colocamos à disposição.",BRUNA RAFAELA DORNELAS MONTEIRO,"As doenças têm sido incorporadas, como é o caso da deficiência de biotiniodase, em 2011.",CARLOS GOUVÊA,Este é um esforço que deve ser feito pelos gestores públicos e também por parte da sociedade civil.,CARLOS GOUVÊA,,,
42,data_190,22,data_190#22,Entidades criticam falta de apoio a pesquisas clínicas sobre doenças raras no Brasil,Defendeu a flexibilização de marcos regulatórios e incentivos fiscais para facilitar a produção de novos medicamentos.,Rômulo Bezerra Marques,Diretor da Federação Brasileira das Associações de Doenças Raras,RÔMULO BEZERRA MARQUES,88,971,13,0.5842919945716858,0.6071000099182129,0.0228080153465271,0.6071000099182129,476,0.5842919945716858,"Temos também que motivar pesquisadores, estimular investidores e entes públicos e privados, desenvolver a pesquisa em território nacional, aportar recursos orçamentários, inserir estímulos fiscais e revisar os marcos regulatórios para a entrada e produção de novos medicamentos no País.",485,0.5554481744766235,Os aspectos econômicos da pauta em debate são tão oportunos e atuais que a melhor comprovação disso é a regulamentação pelo Governo dos limiares de custo-efetividade e seus efeitos indesejáveis para nós sobre as incorporações de tecnologias para as doenças raras.,807,0.5451421141624451,Incentivo às pesquisas clínicas.,488,0.5115798115730286,"Ainda nessa lavra da economia, é bom destacar o Projeto de Lei nº 3.262, de 2020, que cria o Fundo Nacional para Custeio e Fornecimento de Medicações e Terapias destinadas ao Tratamento de Doenças Raras ou Negligenciadas.",463,0.48993980884552,"Acrescento que a terapia gênica bate às portas, oferecendo tratamento mais adequado e já mencionado aqui.",80,0.6071000099182129,MARINA DOMENECH,"Os avanços nas pesquisas fazem com que ampliemos um arsenal terapêutico e a condição de fornecer novas tecnologias, inovação e, claramente, reduzir o custo e impactar essa cadeia de maneira muito positiva.",476,0.5842919945716858,RÔMULO BEZERRA MARQUES,"Temos também que motivar pesquisadores, estimular investidores e entes públicos e privados, desenvolver a pesquisa em território nacional, aportar recursos orçamentários, inserir estímulos fiscais e revisar os marcos regulatórios para a entrada e produção de novos medicamentos no País.",485,0.5554481744766235,RÔMULO BEZERRA MARQUES,Os aspectos econômicos da pauta em debate são tão oportunos e atuais que a melhor comprovação disso é a regulamentação pelo Governo dos limiares de custo-efetividade e seus efeitos indesejáveis para nós sobre as incorporações de tecnologias para as doenças raras.,807,0.5451421141624451,RÔMULO BEZERRA MARQUES,Incentivo às pesquisas clínicas.,578,0.5425608158111572,FABRICIO CARNEIRO DE OLIVEIRA,"Quando essa relação é favorável, isso já permite a autorização de registro do produto, com a continuação de alguns ensaios adicionais posteriormente.","Diante de todo o exposto, eu deduzo que o primeiro desafio a vencermos, sob o ponto de vista econômico, é trazer as pesquisas clínicas para o Brasil, o que fortemente já foi mencionado aqui.",RÔMULO BEZERRA MARQUES,"Flexibilizar o número de pacientes também é algo relevante, como no exemplo dado aqui pela Lauda:""Dez pacientes são dez vidas"".",RÔMULO BEZERRA MARQUES,"A pesquisa tem esse poder, além de propiciar redução de gastos públicos muito grande, porque tira do vetor de saúde pública o contexto do oferecimento de tratamento.",MARINA DOMENECH,Pesquisa clínica e ciência são a esperança desses pacientes.,MARINA DOMENECH,,,
43,data_191,14,data_191#14,"Ações de bem-estar animal podem trazer múltiplos benefícios para o Brasil, dizem especialistas",Mencionou a importância de uma alimentação mais sustentável e diversificada.,Cristina Mendonça,Diretora-Executiva da Mercy for Animals no Brasil,CRISTINA MENDONÇA,167,712,11,0.720262885093689,0.6724865436553955,-0.04777634143829346,0.720262885093689,246,0.720262885093689,"O relatório da ONU aponta para se atuar em uma mudança de demanda, inclusive em dieta, para utilizar um produto mais variado, nutritivo, reduzindo as perdas alimentares.",302,0.6914975643157959,Como transformamos o sistema alimentar para que todos em um planeta possam se alimentar de forma sustentável?,227,0.617746114730835,"Quanto aos sistemas alimentares, não é uma mudança incremental, é necessária uma transformação.",235,0.6158890128135681,Este é um relatório também da ONU sobre sistemas alimentares.,308,0.6144821643829346,Seria possível criar um sistema alimentar calcado nesses princípios?,246,0.720262885093689,CRISTINA MENDONÇA,"O relatório da ONU aponta para se atuar em uma mudança de demanda, inclusive em dieta, para utilizar um produto mais variado, nutritivo, reduzindo as perdas alimentares.",302,0.6914975643157959,CRISTINA MENDONÇA,Como transformamos o sistema alimentar para que todos em um planeta possam se alimentar de forma sustentável?,359,0.6724865436553955,KARINA ISHIDA,"Para produzir todos esses alimentos — nem todos são saudáveis, há muitos embutidos — e para que toda essa produção seja possível, há uma mudança no uso da terra.",330,0.6709393858909607,KARINA ISHIDA,Buscamos a implementação de práticas éticas e sustentáveis de produção de alimentos.,521,0.6393666863441467,ALYSSON SOARES,"É pensando nisto que o Programa Biomas surge, na busca de utilizar ingredientes cada vez mais sustentáveis, que melhorem os indicadores sociais, regionais e culturais das comunidades locais no seu entorno, e de transformar estas comunidades em fornecedores de ingredientes sustentáveis para fazer produtosplant-basedcada vez mais gostosos.",Isso é dado científico.,CRISTINA MENDONÇA,Isto aqui é um dado do IPCC.,CRISTINA MENDONÇA,Isso é dado científico.,CRISTINA MENDONÇA,Isto aqui é um dado do IPCC.,CRISTINA MENDONÇA,,,
44,data_192,24,data_192#24,Entidades de defesa do consumidor e representante da indústria divergem sobre redução da vida útil de celulares,"É necessário garantir a durabilidade e a funcionalidade dos produtos e software por um tempo adequado, não apenas durante o período de garantia contratual.",Igor Rodrigues Britto,Diretor de Relações Institucionais do IDEC,IGOR RODRIGUES BRITTO,121,694,6,0.8193625807762146,0.7282885313034058,-0.09107404947280884,0.8193625807762146,282,0.8193625807762146,"Se nós aplicarmos, na realidade, que a parte mais funcional e relevante de um produto deste é osoftware, por equiparação nós devemos garantir, por lei, que os produtores ou fabricantes destes produtos garantam a durabilidade e a funcionalidade dosoftwarepor um tempo, não a cada ano, não a cada critério da lógica de evolução tecnológica.",291,0.7059682607650757,Trata-se do critério da vida útil do produto.,273,0.6929100751876831,"Elas têm que funcionar e funcionar durante um tempo, ter uma durabilidade.",324,0.6078563332557678,Existe um duplo nívelstandardde durabilidade e qualidade dos produtos.,309,0.6013365983963013,"As garantias contratuais da Apple e da Samsung estabelecem, basicamente para todos os produtos, dos mais baratos aos mais caros, que eles funcionam durante 1 ano.",282,0.8193625807762146,IGOR RODRIGUES BRITTO,"Se nós aplicarmos, na realidade, que a parte mais funcional e relevante de um produto deste é osoftware, por equiparação nós devemos garantir, por lei, que os produtores ou fabricantes destes produtos garantam a durabilidade e a funcionalidade dosoftwarepor um tempo, não a cada ano, não a cada critério da lógica de evolução tecnológica.",107,0.7282885313034058,MARCELO DE SOUZA DO NASCIMENTO,Os Tribunais entenderam que a vida útil é a durabilidade esperada para aquele produto.,439,0.7219011783599854,MARCELO DE SOUZA DO NASCIMENTO,"Há a garantia contratual, que é essa que as empresas estabelecem para os seus produtos, de 6 meses, 1 ano ou pouco mais, mas também há a garantia legal, prevista pelo Código de Defesa do Consumidor, de 90 dias.",291,0.7059682607650757,IGOR RODRIGUES BRITTO,Trata-se do critério da vida útil do produto.,452,0.6958534717559814,PRESIDENTE,"Mas, antes, já que falamos de garantias contratuais, vou fazer aqui uma pergunta que eu recepcionei e que vai também para o meu amigo Humberto Barbato, da ABINEE, sobre o tempo de vida útil dos aparelhos, que pode ser de 3 anos, 4 anos, 5 anos.Mas existe, às vezes, um contrassenso, que é a questão da validade do produto.",Trata-se de uma determinação de 1990.,IGOR RODRIGUES BRITTO,"Como o Sr. Humberto bem falou, isso é algo que fica restrito ao conhecimento das fabricantes que aqui não se fazem presentes.",IGOR RODRIGUES BRITTO,Trata-se de uma determinação de 1990.,IGOR RODRIGUES BRITTO,"Como o Sr. Humberto bem falou, isso é algo que fica restrito ao conhecimento das fabricantes que aqui não se fazem presentes.",IGOR RODRIGUES BRITTO,,,
45,data_200,32,data_200#32,Especialistas apoiam proposta que institui política de saúde funcional,Enfatizou a importância de diagnósticos precoces e tratamentos contínuos.,Djane da Silva Bento,Representante da Associação Nacional de Pessoas com Lúpus,DJANE DA SILVA BENTO,97,735,10,0.4994388818740845,0.5371471643447876,0.037708282470703125,0.5371471643447876,486,0.4994388818740845,"A minha doença já vai estar muito avançada, como o doutor falou.",499,0.4937306046485901,"Aqui em Brasília foi criado um grupo de especialistas, que dão treinamento nas UBS, para que o lúpus e as doenças crônicas sejam diagnosticados com mais celeridade.",462,0.4269675612449646,"Infelizmente, o tratamento de lúpus é muito agressivo.",481,0.41865935921669006,O diagnóstico do lúpus é tardio.,708,0.4140874445438385,Reitero que as pautas que V.Exa. traz são importantíssimas.,599,0.5371471643447876,PRESIDENTE,"São muitos os elementos que vão apontar para o diagnóstico biopsicossocial como um avanço que tivemos, para a partir daí estabelecermos as condições que estão postas.",27,0.5207402110099792,ARTHUR DE ALMEIDA MEDEIROS,"Hoje a avaliação ainda é muito voltada para a questão biomédica, focada nos impedimentos, na CID — Classificação Internacional de Doenças.",109,0.5183021426200867,GENILZA VALENTE,"A partir de então, passou-se a pesquisar a CIF, entender que é necessário que ela seja utilizada em conjunto com a CID, visto que o diagnóstico precisa ser amplo, já que são classificações complementares, uma possa complementar a outra, e possamos ter um diagnóstico mais preciso, facilitando a abordagem de tratamentos mais específicos e direcionados.",723,0.5147488117218018,PRESIDENTE,"É fundamental que elas tenham também o diagnóstico biopsicossocial, como prevê a nossa própria legislação.",169,0.5132254362106323,NADJA WALÉRIA VILELA CAMARA,"Às vezes ele precisa de um olhar mais aprofundado, de uma reavaliação de todo o seu dia a dia, do desenvolvimento de um plano terapêutico singular para a especificidade que ele apresenta.",Já era.,DJANE DA SILVA BENTO,"O paciente já vai estar muito fragilizado, e vai ser impossível fazer o tratamento adequado, vai ser impossível reabilitá-lo.",DJANE DA SILVA BENTO,"Nenhum ser humano deve ter a sua maior atenção voltada a mitigar a própria dor ou a aprender a conviver com a dor, a tentar dizer, e essa dor ser ignorada pelos demais.",PRESIDENTE,"Não se restringe isso apenas a uma condição: se a pessoa tem um nível de funcionalidade ou não que vai ser impactada em outras formas, em outras relações da vida.",PRESIDENTE,,,
46,data_201,21,data_201#21,Familiares de presos em 8 de janeiro cobram individualização de condutas e negam tentativa de golpe,Relata a angústia e o sofrimento das famílias das pessoas presas.,Sargento Gonçalves,Deputado Federal (PL - RN),SARGENTO GONÇALVES,42,4551,49,0.46357035636901855,0.8485022187232971,0.38493186235427856,0.8485022187232971,556,0.46357035636901855,"É a de saber que existem homens e mulheres de bem pagando por um crime que não cometeram, passando por tão grande dificuldade.",544,0.4483126997947693,Que dias difíceis nós temos vivido!,551,0.41528791189193726,"Quando eu vejo essas acusações, é como se fosse comigo, e digo:""Não consigo imaginar; não tem como ser aqueles homens e mulheres de bem, que não eram capazes de sujar a rua, de jogar um lixo numa via pública, cometerem atos tão graves"".",555,0.40723514556884766,"E qual é a angústia, quando eu a busco no meu íntimo, no meu interior, na minha intimidade com Deus?",547,0.38664618134498596,"Eu combati, durante 18 anos, Dra. Gabriela, em uma guarnição de polícia e tantas vezes me senti desprestigiado ou desrespeitado ao ver criminosos, traficantes e homicidas saírem primeiro que eu de uma delegacia de polícia, tantas vezes estive em ocorrências que envolviam quadrilhas de dez, quinze bandidos que tinham feito a semana de arrastão nas praias do litoral norte do Rio Grande do Norte e, quando eu ia à delegacia e passava quase toda a noite lá, ao darem 5 horas da manhã, só tinha um menor lá apreendido e não era preso.",2217,0.8485022187232971,MESSIAS DONATO,Eles sofrem junto com os familiares de quem se encontra preso.,1170,0.7652969360351562,BIA KICIS,"E vimos crianças que ficaram detidas, passando fome, passando sede e passando terror, como os filhos de pessoas que estão presas até hoje, com depressão, e tantas histórias terríveis.",1406,0.76177978515625,ADRIANA VENTURA,"Eu queria dizer que é desesperador ver a cena do seu pai, de outros presos, da mãe com os filhos.",3504,0.7578656077384949,SAMUEL FERNANDES CASTRO,É impossível não se comover com o que tem acontecido com todas as pessoas que estão presas.,2069,0.7260725498199463,BRUNO JORDANO,"Essas famílias aqui sofrem, e sofrem bastante.","E qual é a angústia, quando eu a busco no meu íntimo, no meu interior, na minha intimidade com Deus?",SARGENTO GONÇALVES,"Nós tivemos a oportunidade de visitar um casal tornozelado, que estava usando tornozeleiras, o S.",SARGENTO GONÇALVES,"Quero saudar o Deputado Delegado Ramagem, que foi o autor do requerimento desta audiência pública que traz um alento, um conforto para as mães, para as esposas, para os maridos que aqui estão, para os advogados que acabamos de ouvir.",MESSIAS DONATO,"Saúdo meu amigo e irmão, o Deputado Marcel van Hattem, por quem tenho um respeito muito grande.",MESSIAS DONATO,,,
47,data_203,24,data_203#24,"Desmonte das políticas públicas levou a aumento da violência contra mulheres, afirmam debatedoras",Ressaltou a importância da rede de proteção e da independência econômica para as mulheres.,Lêda Borges,Deputada Federal (Bloco/PSDB - GO),LÊDA BORGES,78,540,8,0.671560525894165,0.7704057693481445,0.09884524345397949,0.7704057693481445,360,0.671560525894165,"Mas, na minha visão, se começamos a quebrar o ciclo da violência com a independência econômica dessa mulher, nós já estaremos contribuindo objetivamente.",368,0.6440706253051758,"Eu creio muito no MEI, na nossa legislação, que hoje não deu para passar, para as mulheres empreendedoras, para a capacitação e para uma renda que elas precisam ter.",350,0.5746949911117554,Eu creio na rede de proteção.,345,0.5375849604606628,"Eu, como ex-Secretária de Estado da Mulher do Estado de Goiás, sei como essa rede de proteção precisa voltar a atuar e ser ampliada, e vou testemunhar como alguém que é do Judiciário.",500,0.4920066297054291,"A SRA. LÊDA BORGES(Bloco/PSDB - GO) - Deputada Ana, só quero dizer que a nossa Comissão de Defesa dos Direitos da Mulher destinou no Orçamento, para a Marcha das Margaridas, 1 milhão de reais, e nós ratificamos isso.(Palmas.)",333,0.7704057693481445,WILMA DOS REIS,"É fundamental, principalmente, promovermos políticas de autonomia econômica para as mulheres, porque, quando a mulher tem o salário dela na conta ou tem como se sustentar, ela consegue romper esse ciclo e, a partir daí, ter uma vida melhor.",280,0.7440820336341858,PRESIDENTE,A diferença que isso faz para proteger as mulheres do nosso País é fundamental.,508,0.7240306735038757,DENISE MOTTA DAU,"E as políticas de geração de emprego e renda para as mulheres, nesse contexto, têm sido fundamentais.",360,0.671560525894165,LÊDA BORGES,"Mas, na minha visão, se começamos a quebrar o ciclo da violência com a independência econômica dessa mulher, nós já estaremos contribuindo objetivamente.",334,0.6697590351104736,WILMA DOS REIS,Temos que promover políticas de fortalecimento da autonomia dos corpos e das vidas das mulheres.,"Envolve sentimento, envolve dependência emocional e psicológica, que são os mais perigosos, porque são silenciosos.",LÊDA BORGES,"Então, eu sou favorável, por exemplo, ao projeto.",LÊDA BORGES,"Além disso, temos que fortalecer as legislações específicas, não só a Lei Maria da Penha, mas também a qualificação do feminicídio e várias outras leis que trazem direitos e a tentativa de coibir as várias formas de violência.",WILMA DOS REIS,Temos que promover políticas de fortalecimento da autonomia dos corpos e das vidas das mulheres.,WILMA DOS REIS,,,
48,data_204,13,data_204#13,Especialistas defendem melhorias no acesso ao diagnóstico e tratamento da distonia no SUS,É importante divulgar e informar sobre a distonia para salvar vidas.,Maria Nilde Soares,Presidente do Instituto Distonia Saúde,MARIA NILDE SOARES,90,903,8,0.7453264594078064,0.7476102709770203,0.002283811569213867,0.7476102709770203,862,0.7453264594078064,A informação salva vidas.,863,0.6384091377258301,"Precisamos divulgar, falar e repetir o que é distonia.",654,0.6050181984901428,"O mais importante é que se deve procurar se informar em fontes fidedignas, procurar médicos que tenham conhecimento da sua patologia.",641,0.602393388748169,"Além disso, nós fazemos campanhas de conscientização, mobilização e até exposição de fotos no metrô, para que todas as pessoas tenham acesso à informação, uma vez que esta é uma das melhores opções para o diagnóstico precoce.",642,0.5819122195243835,"A informação deve ser compartilhada para chegar a quem dela, de fato, precisa.",579,0.7476102709770203,ROSÂNGELA MORO,"Acho que forças-tarefas como esta para divulgar a doença, divulgar o diagnóstico, ampliar a informação; audiências públicas; ter, sim, um dia — não sei se já existe — para a sensibilização da distonia são todos fatores que convergem para que a doença seja conhecida, o diagnóstico seja facilitado e, com isso, efetivamente, a vida do paciente melhore.",862,0.7453264594078064,MARIA NILDE SOARES,A informação salva vidas.,135,0.7203817367553711,SARA CASAGRANDE,É ampliar a informação sobre essa doença no País para leigos e para profissionais da saúde.,128,0.6469050645828247,SARA CASAGRANDE,Poderíamos pensar em ações para ampliar o conhecimento — acho que se começa por aí — sobre essa doença para os profissionais da saúde.,863,0.6384091377258301,MARIA NILDE SOARES,"Precisamos divulgar, falar e repetir o que é distonia.","E eu espero que você, sendo da equipe da Deputada Meire — assim como os demais —, consiga, assim como nós, voar, alçar voos, levando informação para todo o Brasil, porque este mundo é grande, este Brasil é grande, e nós precisamos de conhecimento, informação.",MARIA NILDE SOARES,"Precisamos divulgar, falar e repetir o que é distonia.",MARIA NILDE SOARES,"Para isso, reputo muito importante a capacitação da porta de entrada do SUS.",ROSÂNGELA MORO,"Com estas palavras, eu me despeço.",ROSÂNGELA MORO,,,
49,data_204,16,data_204#16,Especialistas defendem melhorias no acesso ao diagnóstico e tratamento da distonia no SUS,A atuação das associações é fundamental para o acolhimento e troca de experiências dos pacientes.,Sara Casagrande,Neurologista,SARA CASAGRANDE,277,903,8,0.5859031677246094,0.7472801208496094,0.161376953125,0.7472801208496094,112,0.5859031677246094,"Estou diretamente envolvida, então, com pesquisas na área desses pacientes distônicos.",109,0.5660985708236694,"Para mim, é um grande prazer estar aqui, mais uma vez, representando os médicos, os neurologistas, os neurocirurgiões, os fisiatras, os neuropediatras e tantos profissionais envolvidos nessa causa, que é a causa dos pacientes com distonia.",135,0.5450407266616821,É ampliar a informação sobre essa doença no País para leigos e para profissionais da saúde.,231,0.5281670093536377,E ainda temos a reabilitação desses pacientes.,869,0.5239549279212952,"Agradeço, também, à Deputada Meire pelo espaço e por dar voz — não a nós — principalmente aos pacientes, que são realmente os protagonistas da história.",555,0.7472801208496094,ROSÂNGELA MORO,"Eu atribuo isso, doutora, à atuação das associações, que são muito importantes.",639,0.7134591341018677,MARIA NILDE SOARES,Nós realizamos encontros anuais com pacientes para que se conheçam e possam ter amenizadas suas dores ao trocarem experiências.,556,0.6681129932403564,ROSÂNGELA MORO,"Nas associações, o acolhimento, a troca de experiências, o intercâmbio de informações importantes, sem atribuir todos os créditos à medicina e à ciência, eu acho que há uma combinação muito feliz.",831,0.6314694881439209,AMIRA AWADA,Elas devem ser acompanhadas e tratadas para que esses pacientes tenham a qualidade de vida preservada e possam ser incluídos na sociedade de maneira integral.,848,0.6066977977752686,PATRICIA DUMKE DA SILVA MÖLLER,"E os nossos pacientes são a nossa força, quem traz o nosso conhecimento, quem traz ofeedback, quem nos dá energia.",Faço parte da equipe do Grupo de Transtornos de Movimento há 10 anos.,SARA CASAGRANDE,Vou reiterar o que o Dr. Heitor também falou.,SARA CASAGRANDE,"Quero dizer que a Dra. Sara foi muito feliz quando disse que, às vezes, as pessoas ficam buscando o Google para saber o diagnóstico.",ROSÂNGELA MORO,"Nas associações, o acolhimento, a troca de experiências, o intercâmbio de informações importantes, sem atribuir todos os créditos à medicina e à ciência, eu acho que há uma combinação muito feliz.",ROSÂNGELA MORO,,,
50,data_206,20,data_206#20,"Revisão deve servir para melhorar a Lei de Cotas, diz especialista",É importante institucionalizar as políticas de ações afirmativas nas universidades para garantir a inclusão e a diversidade.,Márcia Lima,"Secretária de Políticas de Ações Afirmativas, Combate e Superação do Racismo do Ministério da Igualdade Racial",MÁRCIA REGINA DE LIMA SILVA,44,962,17,0.7432956695556641,0.7949380874633789,0.051642417907714844,0.7949380874633789,411,0.7432956695556641,"Eu acho importante separar a questão da permanência da necessária mudança institucional para que tenhamos políticas de ações afirmativas, como pró-reitorias e secretarias nas universidades.",412,0.7089956998825073,"A universidade precisa institucionalizar a política, já que algumas universidades adotam essa prática e outras não.",405,0.6966338157653809,"A Lei de Cotas diversificou a universidade não apenas racialmente, mas também socialmente, o que eu acho que é importante.",399,0.6667213439941406,"E estamos muito preocupados, também, em discutir no âmbito desse GTI não somente o tema das questões afirmativas, mas também a questão das comissões de heteroidentificação, além de pensar boas práticas, ouvir histórias e conhecer como tem se dado no Brasil a questão das ações afirmativas nas universidades.",417,0.641980767250061,"Eu acho que, nesta gestão, temos um acúmulo muito importante de pesquisadores, militantes, pessoas que dedicaram a sua vida a entender as ações afirmativas e a desigualdade racial.",527,0.7949380874633789,PRESIDENTE,"Temos que pensar em mecanismos de fomento e fortalecimento das corregedorias, das ouvidorias em cada universidade que trabalham institucionalmente a diversidade das pessoas e conseguem, em âmbito local, atuar em parceria com o Ministério Público, para investigação de casos de violência, de racismo, de capacitismo, de falta de acessibilidade, de LGBTfobia ocorridos em espaços universitários, que originalmente são espaços elitizados e perpetuam desigualdades e preconceitos.",810,0.7896438837051392,MARIA PÁSCOA SARMENTO,"O que se tem, dentro das políticas de ações afirmativas, para o nosso ingresso e permanência nas instituições de ensino superior?",720,0.7607263326644897,LICINIA MARIA CORREA,As políticas afirmativas para nós assumem uma centralidade na discussão sobre a democratização do acesso às instituições de ensino superior e a consequente redução das desigualdades raciais no Brasil.,735,0.7559742331504822,LICINIA MARIA CORREA,"Além disso, propomos a construção da década das ações afirmativas e das políticas de reparação, produzindo estudos sobre o impacto da lei de cotas no acesso, permanência e pós-permanência, notadamente a formação de quadros de pesquisadores, pesquisadoras, docentes nas universidades, negros e negras, indígenas e pessoas com deficiência nas universidades, que nós sabemos que estão sub-representados nas universidades.",411,0.7432956695556641,MÁRCIA REGINA DE LIMA SILVA,"Eu acho importante separar a questão da permanência da necessária mudança institucional para que tenhamos políticas de ações afirmativas, como pró-reitorias e secretarias nas universidades.","Também identificamos gargalos que eu acho que são importantes, como a questão da permanência, que já foi tratada aqui.",MÁRCIA REGINA DE LIMA SILVA,"A universidade precisa institucionalizar a política, já que algumas universidades adotam essa prática e outras não.",MÁRCIA REGINA DE LIMA SILVA,Temos o direito de acessar esses espaços.,PRESIDENTE,"O ambiente universitário precisa de pessoas jovens, diversas, com histórias e vivências que componham as discussões e a produção de conhecimentos e teorias.",PRESIDENTE,,,
