ref,hall,cos_s,best_other,delta2,share_attr,n_spk_sup,attr_in_sup,rank_spk,juiz_p1_gpt4omini,juiz_p1_gpt4o,juiz_p1_deepseek,juiz_p1_sabia,juiz_p2_gpt4omini,juiz_p2_gpt4o,juiz_p2_deepseek,juiz_p2_sabia,juiz_p3_gpt4omini,juiz_p3_gpt4o,juiz_p3_deepseek,juiz_p3_sabia
data_001,0,0.7610880136489868,0.8395844101905823,0.07849639654159546,0.19887171685695648,9,1,0.125,0,0,0,0,0,0,0,0,1,0,0,0
data_001,0,0.8204897046089172,0.7612695097923279,-0.059220194816589355,0.4083014726638794,7,1,0.0,0,0,0,0,0,0,0,0,0,0,0,0
data_001,0,0.5035853981971741,0.7942872643470764,0.29070186614990234,0.0,3,0,0.6875,0,1,0,0,0,1,0,0,1,1,0,0
data_001,0,0.6826716661453247,0.6930193305015564,0.01034766435623169,0.40133771300315857,3,1,0.0625,0,0,0,0,0,0,0,0,0,0,0,0
data_001,0,0.7796952128410339,0.7804178595542908,0.0007226467132568359,0.5096191167831421,6,1,0.0625,0,0,0,0,0,0,0,0,0,0,0,0
data_001,0,0.7061552405357361,0.5963817834854126,-0.10977345705032349,0.5212525725364685,1,1,0.0,0,0,0,0,0,0,0,0,0,0,0,0
data_001,0,0.6965932250022888,0.6597749590873718,-0.03681826591491699,0.8057442307472229,2,1,0.0,0,0,0,0,0,0,0,0,0,0,0,0
data_001,0,0.7875823974609375,0.5966643691062927,-0.19091802835464478,0.4531402289867401,1,1,0.0,0,0,0,0,0,0,0,0,0,0,0,0
data_001,0,0.7321042418479919,0.8548066020011902,0.12270236015319824,0.09576144069433212,7,1,0.1875,0,0,0,0,0,0,0,0,1,0,0,0
data_001,1,0.6843343377113342,0.7008928656578064,0.016558527946472168,0.10458216816186905,3,1,0.0625,1,1,0,0,1,1,1,0,1,1,1,1
data_001,0,0.6296589970588684,0.716324508190155,0.08666551113128662,0.10035833716392517,2,0,0.125,0,0,0,0,0,0,0,0,0,0,1,0
data_001,1,0.835574209690094,0.7506405711174011,-0.08493363857269287,0.22470176219940186,5,1,0.0,1,1,0,0,1,1,0,1,1,1,1,0
data_001,0,0.5236577391624451,0.6147888898849487,0.09113115072250366,0.0,0,0,0.4375,0,0,0,0,0,0,0,0,1,0,0,0
data_001,1,0.3855229318141937,0.7830217480659485,0.39749881625175476,0.0,1,0,0.75,1,1,1,1,1,1,1,1,1,1,1,1
data_001,0,0.7450671195983887,0.7102890610694885,-0.034778058528900146,0.3190917670726776,5,1,0.0,0,0,0,0,0,0,0,0,0,0,0,0
data_001,0,0.6597837805747986,0.6363769173622131,-0.02340686321258545,0.20417144894599915,1,1,0.0,0,0,0,0,0,0,0,0,0,0,0,0
data_002,0,0.7399028539657593,0.7708740234375,0.030971169471740723,0.10666587948799133,6,1,0.041666666666666664,0,1,0,0,1,1,1,0,1,1,1,0
data_002,0,0.7413702011108398,0.6785503029823303,-0.06281989812850952,0.5072030425071716,3,1,0.0,0,0,0,0,1,0,0,0,1,1,0,0
data_002,0,0.631230354309082,0.6317631602287292,0.0005328059196472168,0.40541937947273254,0,0,0.041666666666666664,0,0,0,0,0,0,0,0,1,0,1,0
data_002,0,0.7034879922866821,0.6371203660964966,-0.06636762619018555,0.8987286686897278,1,1,0.0,0,0,0,0,0,0,0,0,1,0,0,0
data_002,0,0.7911816835403442,0.7273023724555969,-0.06387931108474731,0.4071020781993866,2,1,0.0,0,0,0,0,0,0,0,0,0,0,0,0
data_002,0,0.582065761089325,0.5283313393592834,-0.053734421730041504,0.5119232535362244,0,0,0.0,0,0,0,0,0,0,0,0,1,0,0,0
data_002,0,0.7491658329963684,0.6047690510749817,-0.14439678192138672,0.6139880418777466,1,1,0.0,0,0,0,0,0,0,0,0,0,0,0,0
data_002,1,0.572113037109375,0.5375558733940125,-0.03455716371536255,0.33670574426651,0,0,0.0,1,1,1,1,1,1,1,1,1,1,1,1
data_002,0,0.6719453930854797,0.6292115449905396,-0.042733848094940186,0.30258870124816895,1,1,0.0,0,0,0,0,0,0,0,0,0,0,0,0
data_002,0,0.7785355448722839,0.7435653805732727,-0.03497016429901123,0.10740086436271667,12,1,0.0,0,0,0,0,0,0,0,0,1,0,0,0
data_002,0,0.7652130722999573,0.535408079624176,-0.22980499267578125,0.14419713616371155,1,1,0.0,0,0,0,0,0,0,0,0,0,0,0,0
data_002,0,0.6178238391876221,0.7013567090034485,0.08353286981582642,0.0,4,0,0.4583333333333333,0,0,0,0,0,1,0,0,1,1,1,0
data_003,0,0.6926400065422058,0.6599935293197632,-0.03264647722244263,0.5067763328552246,2,1,0.0,0,0,0,0,0,0,0,0,0,0,0,0
data_003,0,0.8371631503105164,0.5632191896438599,-0.2739439606666565,0.5151031017303467,1,1,0.0,0,0,0,0,0,0,0,0,0,0,0,0
data_003,0,0.7646823525428772,0.6648980379104614,-0.09978431463241577,0.4218502938747406,2,1,0.0,0,0,0,0,0,0,0,0,0,1,0,0
data_003,0,0.855159342288971,0.7936968803405762,-0.061462461948394775,0.3276527523994446,4,1,0.0,0,0,0,0,0,0,0,0,0,0,0,0
data_003,0,0.7448737621307373,0.7322469353675842,-0.012626826763153076,0.4031623601913452,4,1,0.0,0,0,0,0,0,0,0,0,1,0,0,0
data_003,0,0.8120502233505249,0.7481162548065186,-0.06393396854400635,0.7006676197052002,3,1,0.0,0,1,0,0,1,1,0,0,0,1,0,0
data_003,0,0.793945848941803,0.6871684193611145,-0.10677742958068848,0.7134508490562439,3,1,0.0,0,0,0,0,0,0,0,0,0,0,0,0
data_003,0,0.8151394128799438,0.8162014484405518,0.0010620355606079102,0.6976621150970459,8,1,0.0625,0,0,0,0,0,0,0,0,0,0,0,0
data_003,0,0.6617746353149414,0.737459659576416,0.07568502426147461,0.3929806649684906,3,1,0.125,0,0,0,0,0,0,0,0,1,0,0,0
data_003,0,0.6841633319854736,0.6691218614578247,-0.015041470527648926,0.7033198475837708,2,1,0.0,0,0,0,0,0,0,0,0,1,1,0,0
data_003,0,0.7523568272590637,0.5079376697540283,-0.2444191575050354,0.558361291885376,1,1,0.0,0,0,0,0,0,0,0,0,1,1,0,0
data_003,0,0.516886293888092,0.6450150609016418,0.1281287670135498,0.09169390052556992,0,0,0.5625,0,1,0,0,0,1,1,0,1,1,1,0
data_003,0,0.6750396490097046,0.7775980830192566,0.102558434009552,0.1973177045583725,4,1,0.0625,0,0,0,0,0,0,0,0,0,0,0,0
data_003,0,0.6740135550498962,0.6763205528259277,0.002306997776031494,0.40178072452545166,2,1,0.0625,0,0,0,0,0,0,0,0,0,0,0,0
data_003,0,0.7536092400550842,0.6250643730163574,-0.1285448670387268,0.12338002771139145,1,1,0.0,0,0,0,0,0,0,0,0,1,0,0,0
data_003,0,0.5997801423072815,0.7615528702735901,0.1617727279663086,0.0,4,0,0.4375,0,0,0,0,0,1,0,0,1,1,0,0
data_003,0,0.6284362077713013,0.7150580883026123,0.08662188053131104,0.2943919003009796,1,0,0.0625,0,0,0,0,0,0,0,0,1,0,1,0
data_003,0,0.7344141006469727,0.7134115099906921,-0.021002590656280518,0.11496695131063461,4,1,0.0,0,0,0,0,1,0,0,0,0,0,0,0
data_003,0,0.7353566884994507,0.705043375492096,-0.030313313007354736,0.11393889784812927,3,1,0.0,0,0,0,0,0,0,0,0,0,0,0,0
data_003,0,0.6177479028701782,0.6568807363510132,0.03913283348083496,0.19478797912597656,2,0,0.125,0,0,0,0,1,0,0,0,1,0,1,0
data_003,0,0.7203153371810913,0.6599751710891724,-0.060340166091918945,0.41396990418434143,2,1,0.0,0,0,0,0,0,0,0,0,0,0,0,0
data_003,0,0.7962355017662048,0.7096986174583435,-0.08653688430786133,0.420010507106781,3,1,0.0,0,0,0,0,0,0,0,0,0,0,0,0
data_003,0,0.6581413745880127,0.7525395750999451,0.09439820051193237,0.10088435560464859,4,1,0.1875,0,0,0,0,0,0,0,0,0,0,0,0
data_003,0,0.6289113759994507,0.7339807152748108,0.10506933927536011,0.09837464988231659,2,0,0.125,0,0,0,0,1,1,0,0,1,1,0,0
data_003,0,0.7036476731300354,0.7043460011482239,0.0006983280181884766,0.20350666344165802,3,1,0.0625,0,0,0,0,0,0,0,0,0,0,0,0
data_003,0,0.9119897484779358,0.8597370386123657,-0.05225270986557007,0.12306524068117142,4,1,0.0,0,0,0,0,0,0,0,0,0,0,0,0
data_003,1,0.5409726500511169,0.6281870007514954,0.08721435070037842,0.1952650249004364,0,0,0.125,1,0,1,0,1,1,1,1,1,1,1,1
data_003,1,0.3927830755710602,0.8386160731315613,0.4458329975605011,0.0,2,0,0.875,1,1,1,0,1,1,1,1,1,1,1,1
data_003,0,0.6151409149169922,0.664946973323822,0.049806058406829834,0.1005854606628418,1,0,0.1875,0,0,0,0,0,0,0,0,1,0,0,0
data_003,0,0.701389729976654,0.6853342056274414,-0.016055524349212646,0.29924699664115906,3,1,0.0,0,0,0,0,0,0,0,0,0,0,0,0
data_003,0,0.6374911069869995,0.6170674562454224,-0.02042365074157715,0.30489543080329895,0,0,0.0,0,0,0,0,0,0,0,0,0,0,0,0
data_004,0,0.853517472743988,0.6220283508300781,-0.2314891219139099,0.9058384299278259,1,1,0.0,0,0,0,0,0,0,0,0,0,0,0,0
data_004,0,0.7991389036178589,0.5374323725700378,-0.26170653104782104,1.0,1,1,0.0,0,0,0,0,0,0,0,0,0,0,0,0
data_004,0,0.763055145740509,0.5385262370109558,-0.22452890872955322,1.0,1,1,0.0,0,0,0,0,0,0,0,0,1,0,0,0
data_004,0,0.640371561050415,0.6290779709815979,-0.011293590068817139,0.698591947555542,0,0,0.0,0,0,0,0,0,0,0,0,0,0,0,0
data_004,0,0.9351488947868347,0.666363537311554,-0.26878535747528076,0.78270024061203,2,1,0.0,0,0,0,0,0,0,0,0,0,0,0,0
data_004,0,0.7319117188453674,0.9482393264770508,0.21632760763168335,0.752772331237793,2,1,0.5,0,0,0,0,0,0,0,0,0,0,0,0
data_004,0,0.7026951313018799,0.5740472078323364,-0.12864792346954346,0.8172080516815186,1,1,0.0,0,0,0,0,0,0,0,0,0,0,0,0
data_004,0,0.6619449853897095,0.6706646680831909,0.008719682693481445,0.6734342575073242,2,1,0.5,0,0,0,0,0,0,0,0,0,0,0,0
data_004,0,0.8415652513504028,0.6558884978294373,-0.18567675352096558,0.7092192769050598,2,1,0.0,0,0,0,0,0,0,0,0,0,0,0,0
data_004,0,0.6011055111885071,0.6425397396087646,0.04143422842025757,0.5867450833320618,0,0,0.5,0,1,0,0,1,1,0,0,1,1,1,1
data_004,0,0.7559165358543396,0.7011196613311768,-0.05479687452316284,0.7063920497894287,2,1,0.0,0,0,0,0,0,0,0,0,1,0,0,0
data_004,0,0.7846667766571045,0.7246330380439758,-0.06003373861312866,0.7016037702560425,2,1,0.0,0,0,0,0,0,0,0,0,1,0,0,0
data_004,0,0.9169405102729797,0.5907018184661865,-0.3262386918067932,0.7231438755989075,1,1,0.0,0,0,0,0,0,0,0,0,0,0,0,0
data_004,0,0.6810211539268494,0.6813879013061523,0.0003667473793029785,0.20695525407791138,2,1,0.5,0,0,0,0,0,0,0,0,1,0,0,0
data_004,1,0.3325808346271515,0.6897991299629211,0.35721829533576965,0.0,1,0,1.0,1,1,1,1,1,1,1,1,1,1,1,1
data_005,0,0.822194516658783,0.7194984555244446,-0.10269606113433838,0.22797627747058868,5,1,0.0,0,0,0,0,0,0,0,0,0,0,0,0
data_005,0,0.7993112802505493,0.7317132353782654,-0.06759804487228394,0.1145237386226654,8,1,0.0,0,0,0,0,0,0,0,0,0,0,0,0
data_005,0,0.7079378366470337,0.7395071387290955,0.03156930208206177,0.10920452326536179,3,1,0.0625,0,0,0,0,0,0,0,0,0,0,0,0
data_005,0,0.6405830383300781,0.8445168733596802,0.20393383502960205,0.0,14,0,0.9375,0,0,0,0,0,1,1,0,1,1,1,0
data_005,0,0.654834508895874,0.713499903678894,0.05866539478302002,0.09870845824480057,5,1,0.25,0,0,0,0,0,0,0,0,0,0,0,0
data_005,1,0.6450560092926025,0.77359938621521,0.12854337692260742,0.0,7,0,0.5,1,1,1,1,1,1,1,1,1,1,1,1
data_005,1,0.45745736360549927,0.7923252582550049,0.3348678946495056,0.0,1,0,0.875,1,1,1,1,1,1,1,1,1,1,1,1
data_005,0,0.7783312201499939,0.7103292346000671,-0.06800198554992676,0.611183762550354,5,1,0.0,0,0,0,0,0,0,0,0,0,0,0,0
data_005,0,0.8540688157081604,0.6280204057693481,-0.22604840993881226,0.9106507301330566,1,1,0.0,0,0,0,0,0,0,0,0,0,0,0,0
data_005,0,0.7526839375495911,0.7183404564857483,-0.03434348106384277,0.6146416068077087,2,1,0.0,0,0,0,0,0,0,0,0,0,0,0,0
data_005,0,0.8419439792633057,0.7721131443977356,-0.06983083486557007,0.8073418140411377,16,1,0.0,0,0,0,0,0,0,0,0,1,0,0,0
data_005,0,0.7107191681861877,0.8222684860229492,0.11154931783676147,0.1036093607544899,5,1,0.0625,0,0,0,0,0,0,0,0,0,0,0,0
data_005,0,0.8580598831176758,0.772279679775238,-0.08578020334243774,0.8024125099182129,9,1,0.0,0,0,0,0,0,0,0,0,0,0,0,0
data_005,0,0.6883033514022827,0.7279670238494873,0.03966367244720459,0.202122300863266,5,1,0.1875,0,0,0,0,0,0,0,0,0,0,0,0
data_005,0,0.7509916424751282,0.7068195343017578,-0.04417210817337036,0.30551519989967346,2,1,0.0,0,0,0,0,0,0,0,0,0,0,0,0
data_005,0,0.7170839905738831,0.7193609476089478,0.0022769570350646973,0.40076935291290283,5,1,0.0625,0,0,0,0,0,0,0,0,0,0,0,0
data_006,0,0.3032757639884949,0.6816770434379578,0.3784012794494629,0.0,2,0,0.9583333333333334,0,0,0,0,0,0,0,0,0,0,0,0
data_006,0,0.44821417331695557,0.6546627879142761,0.20644861459732056,0.0,1,0,0.75,0,0,0,0,0,0,0,0,0,0,0,0
data_006,0,0.18699945509433746,0.7632398009300232,0.5762403458356857,0.0,8,0,0.9583333333333334,0,0,0,0,1,0,1,0,1,0,1,0
data_006,0,0.2066510170698166,0.6649743318557739,0.45832331478595734,0.0,1,0,0.9583333333333334,0,0,0,0,0,0,0,0,0,0,0,0
data_006,1,0.5925236344337463,0.6281192898750305,0.03559565544128418,0.3001323342323303,0,0,0.041666666666666664,1,0,0,0,1,1,0,0,1,1,1,0
data_006,0,0.5659067034721375,0.7190709710121155,0.15316426753997803,0.18767866492271423,2,0,0.16666666666666666,0,0,0,0,0,1,0,0,1,1,1,0
data_006,0,0.8554306626319885,0.6701039671897888,-0.1853266954421997,0.23085840046405792,2,1,0.0,0,0,0,0,0,0,0,0,0,1,0,0
data_006,0,0.7221831679344177,0.7795686721801758,0.05738550424575806,0.6926655173301697,3,1,0.041666666666666664,0,0,0,0,0,0,0,0,0,0,0,0
data_006,0,0.7174165844917297,0.603675901889801,-0.11374068260192871,0.12368927896022797,1,1,0.0,0,0,0,0,0,0,0,0,0,0,0,0
data_006,0,0.6724917888641357,0.7014881372451782,0.02899634838104248,0.3103092908859253,2,1,0.041666666666666664,0,0,0,0,0,0,0,0,0,0,0,0
data_006,0,0.7398453950881958,0.7152382135391235,-0.024607181549072266,0.801012396812439,6,1,0.0,0,0,0,0,0,1,0,0,0,1,0,0
data_006,0,0.653122067451477,0.659002423286438,0.0058803558349609375,0.10048289597034454,4,1,0.125,0,1,0,0,0,1,0,0,1,1,1,0
data_006,1,0.4969739019870758,0.5904713273048401,0.09349742531776428,0.0,0,0,0.20833333333333334,1,1,1,1,1,1,1,1,1,1,1,1
data_006,0,0.6988835334777832,0.7147272229194641,0.015843689441680908,0.4060952663421631,6,1,0.041666666666666664,0,0,0,0,0,1,0,0,1,1,0,0
data_006,0,0.5726251006126404,0.6421020030975342,0.0694769024848938,0.0,0,0,0.25,0,0,0,0,0,1,0,0,0,1,1,0
data_006,0,0.7176874876022339,0.680025041103363,-0.03766244649887085,0.2109902948141098,6,1,0.0,0,0,0,0,0,0,0,0,0,0,0,0
data_006,0,0.8242919445037842,0.642241895198822,-0.18205004930496216,0.3200508654117584,1,1,0.0,0,0,0,0,0,0,0,0,0,0,0,0
data_006,0,0.6181904673576355,0.6793065667152405,0.06111609935760498,0.09858492016792297,2,0,0.08333333333333333,0,0,0,0,0,0,0,0,0,0,0,0
data_006,1,0.44176721572875977,0.6433451771736145,0.20157796144485474,0.0,0,0,0.7083333333333334,1,1,1,1,1,1,1,1,1,1,1,1
data_007,0,0.8793872594833374,0.8208606243133545,-0.05852663516998291,0.21023517847061157,10,1,0.0,0,0,0,0,0,0,0,0,0,0,0,0
data_007,0,0.6570639610290527,0.5106996893882751,-0.1463642716407776,0.9076050519943237,1,1,0.0,0,0,0,0,0,0,0,0,1,1,0,0
data_007,0,0.7915691137313843,0.5934280753135681,-0.19814103841781616,0.7117213010787964,1,1,0.0,0,1,0,0,1,1,0,0,0,1,0,0
data_007,0,0.6181413531303406,0.5345074534416199,-0.0836338996887207,0.5096654891967773,0,0,0.0,0,0,0,0,0,0,0,0,0,0,0,0
data_007,0,0.7908428907394409,0.7098138928413391,-0.0810289978981018,0.11732166260480881,4,1,0.0,0,0,0,0,1,0,0,0,1,1,1,0
data_007,0,0.7449967861175537,0.693349301815033,-0.05164748430252075,0.2271125763654709,3,1,0.0,0,0,0,0,0,0,0,0,0,0,0,0
data_007,0,0.8340057134628296,0.770365297794342,-0.06364041566848755,0.315891832113266,7,1,0.0,0,0,0,0,0,0,0,0,0,1,0,0
data_007,0,0.837401270866394,0.7346994876861572,-0.10270178318023682,0.218941792845726,6,1,0.0,0,0,0,0,0,0,0,0,0,0,0,0
data_007,0,0.6281009912490845,0.7309027910232544,0.10280179977416992,0.0,5,0,0.5833333333333334,0,0,0,0,0,0,0,0,0,0,0,0
data_007,0,0.7337997555732727,0.7233327031135559,-0.010467052459716797,0.10659854114055634,7,1,0.0,0,0,0,0,0,0,0,0,0,0,0,0
data_007,0,0.7812798023223877,0.670769453048706,-0.11051034927368164,0.5200738906860352,2,1,0.0,0,0,0,0,0,0,0,0,0,0,0,0
data_007,0,0.7389962077140808,0.8111942410469055,0.07219803333282471,0.3830346167087555,3,1,0.08333333333333333,0,0,0,0,0,0,0,0,0,0,0,0
data_007,0,0.6727766990661621,0.560167133808136,-0.11260956525802612,0.6360109448432922,1,1,0.0,0,0,0,0,0,0,0,0,1,0,0,0
data_007,0,0.7526479363441467,0.6580344438552856,-0.09461349248886108,0.2331247180700302,2,1,0.0,0,0,0,0,0,0,0,0,0,0,0,0
data_007,0,0.766470730304718,0.6817023754119873,-0.08476835489273071,0.4272410571575165,3,1,0.0,0,0,0,0,0,1,0,0,1,1,0,0
data_007,0,0.859271764755249,0.6631693243980408,-0.19610244035720825,0.32505562901496887,4,1,0.0,0,0,0,0,0,1,0,0,1,1,0,0
data_007,0,0.6646355390548706,0.7255599498748779,0.060924410820007324,0.6002262830734253,2,1,0.08333333333333333,0,0,0,0,0,0,0,0,0,0,0,0
data_007,0,0.6698020696640015,0.7967402338981628,0.12693816423416138,0.0,8,1,0.5,0,0,0,0,1,0,0,0,1,1,1,0
data_007,0,0.7505181431770325,0.6137447357177734,-0.13677340745925903,0.8153415322303772,1,1,0.0,0,0,0,0,0,0,0,0,0,0,0,0
data_007,0,0.7192131876945496,0.7047438025474548,-0.014469385147094727,0.4998922348022461,4,1,0.0,0,0,0,0,0,0,0,0,1,0,0,0
data_007,0,0.7594318389892578,0.7102389931678772,-0.049192845821380615,0.21660266816616058,3,1,0.0,0,0,0,0,0,0,0,0,0,0,0,0
data_008,0,0.7540645003318787,0.7751672863960266,0.02110278606414795,0.20537136495113373,4,1,0.3333333333333333,0,0,0,0,0,0,0,0,0,0,0,0
data_008,0,0.7685600519180298,0.7568203210830688,-0.011739730834960938,0.20305103063583374,3,1,0.0,0,1,0,0,0,1,0,0,1,1,1,0
data_008,0,0.769748866558075,0.688960075378418,-0.08078879117965698,0.6082096695899963,4,1,0.0,0,0,0,0,0,0,0,0,0,0,0,0
data_008,0,0.94962078332901,0.6705636382102966,-0.2790571451187134,0.8221009969711304,4,1,0.0,0,0,0,0,0,0,0,0,0,0,0,1
data_008,0,0.7781248688697815,0.628296971321106,-0.14982789754867554,0.8089227080345154,1,1,0.0,0,0,0,0,0,0,0,0,0,0,0,0
data_008,0,0.9101802706718445,0.8196820616722107,-0.09049820899963379,0.11997540295124054,4,1,0.0,0,0,0,0,0,0,0,0,1,0,0,0
data_008,0,0.6509564518928528,0.7833007574081421,0.1323443055152893,0.19506046175956726,2,1,0.3333333333333333,0,0,0,0,0,1,0,0,0,1,0,0
data_008,0,0.7636154294013977,0.7079246640205383,-0.055690765380859375,0.3180125653743744,3,1,0.0,0,0,0,0,1,0,0,0,1,1,0,0
data_008,0,0.623982310295105,0.7115028500556946,0.0875205397605896,0.19504192471504211,1,0,0.6666666666666666,0,0,0,0,1,0,0,0,1,1,0,0
data_008,0,0.6900007724761963,0.7344015836715698,0.044400811195373535,0.6915748715400696,2,1,0.3333333333333333,0,0,0,0,0,1,0,0,1,1,0,0
data_008,0,0.7296730875968933,0.8037309050559998,0.07405781745910645,0.38973793387413025,4,1,0.6666666666666666,0,0,0,0,0,0,0,0,0,1,0,0
data_008,0,0.7951539754867554,0.6972743272781372,-0.09787964820861816,0.7189149260520935,3,1,0.0,0,1,0,0,0,1,0,0,1,1,0,0
data_008,0,0.7058906555175781,0.7054513096809387,-0.0004393458366394043,0.4082850515842438,2,1,0.0,0,0,0,0,0,0,0,0,1,1,1,0
data_009,0,0.8417536020278931,0.6976262927055359,-0.14412730932235718,0.7085405588150024,3,1,0.0,0,0,0,0,0,0,0,0,0,0,0,0
data_009,0,0.696153998374939,0.8281476497650146,0.13199365139007568,0.28843769431114197,4,1,0.75,0,0,0,0,0,0,0,0,1,0,0,0
data_009,0,0.7283093929290771,0.7451218366622925,0.016812443733215332,0.20343531668186188,3,1,0.25,0,0,0,0,0,0,0,0,0,0,0,0
data_009,0,0.7820844650268555,0.8332658410072327,0.0511813759803772,0.4895034432411194,4,1,0.25,0,0,0,0,1,1,1,0,1,1,1,0
data_009,0,0.7350022196769714,0.6979504227638245,-0.03705179691314697,0.4140486717224121,3,1,0.0,0,1,0,0,0,1,0,0,1,1,0,0
data_009,0,0.7427300810813904,0.684054434299469,-0.05867564678192139,0.5192211270332336,2,1,0.0,0,0,0,0,0,0,0,0,1,0,0,0
data_009,0,0.706631064414978,0.7312952876091003,0.024664223194122314,0.20502085983753204,4,1,0.25,0,0,0,0,0,0,0,0,1,1,0,0
data_009,0,0.6393915414810181,0.6698569059371948,0.030465364456176758,0.30184638500213623,1,0,0.5,0,0,0,0,1,1,1,0,1,1,1,0
data_009,0,0.8131188750267029,0.7369042634963989,-0.07621461153030396,0.21742819249629974,4,1,0.0,0,0,0,0,0,1,0,0,1,1,0,0
data_009,0,0.851832389831543,0.776344895362854,-0.07548749446868896,0.4223089814186096,5,1,0.0,0,0,0,0,0,0,0,0,1,0,1,0
data_009,0,0.7627078294754028,0.7514952421188354,-0.011212587356567383,0.21212007105350494,3,1,0.0,0,0,0,0,0,0,0,0,1,0,0,0
data_009,0,0.8978554010391235,0.6446840763092041,-0.25317132472991943,0.8201294541358948,1,1,0.0,0,0,0,0,0,0,0,0,0,0,0,0
data_010,0,0.6397110223770142,0.6791775226593018,0.0394665002822876,0.1012706533074379,3,0,0.23076923076923078,0,0,0,0,0,0,0,0,0,0,0,0
data_010,0,0.7679890394210815,0.7494655251502991,-0.01852351427078247,0.31450390815734863,5,1,0.0,0,0,0,0,0,0,0,0,0,0,0,0
data_010,0,0.8035386204719543,0.7428984045982361,-0.06064021587371826,0.4077669084072113,7,1,0.0,0,0,0,0,0,0,0,0,0,0,0,0
data_010,0,0.7602799534797668,0.7244001626968384,-0.03587979078292847,0.11711453646421432,3,1,0.0,0,0,0,0,0,0,0,0,0,0,0,0
data_010,0,0.6669421792030334,0.6631065011024475,-0.0038356781005859375,0.10558375716209412,2,1,0.0,0,0,0,0,0,1,0,0,0,1,0,0
data_010,0,0.7805667519569397,0.6842806339263916,-0.0962861180305481,0.23044244945049286,2,1,0.0,0,0,0,0,0,0,0,0,1,0,0,0
data_010,0,0.778229832649231,0.7752054929733276,-0.0030243396759033203,0.4054846465587616,4,1,0.0,0,1,0,1,1,1,0,0,1,1,1,1
data_010,0,0.525833785533905,0.6822388768196106,0.15640509128570557,0.0,2,0,0.46153846153846156,0,0,0,0,1,0,1,0,1,1,1,1
data_010,0,0.776123046875,0.6926866769790649,-0.08343636989593506,0.3303762376308441,2,1,0.0,0,0,0,0,0,0,0,0,0,0,0,0
data_010,0,0.7581800222396851,0.7142088413238525,-0.04397118091583252,0.3082640767097473,2,1,0.0,1,1,0,0,1,1,0,0,1,1,1,0
data_010,0,0.5241447687149048,0.6296946406364441,0.1055498719215393,0.393334299325943,0,0,0.15384615384615385,0,0,0,0,0,0,0,0,0,0,0,0
data_010,0,0.7756104469299316,0.7515161037445068,-0.024094343185424805,0.21627768874168396,5,1,0.0,0,0,0,0,0,0,0,0,0,0,0,0
data_010,0,0.609009861946106,0.6516034007072449,0.042593538761138916,0.2978481650352478,1,0,0.07692307692307693,0,0,0,0,0,0,0,0,0,0,0,0
data_010,0,0.8144955039024353,0.5580805540084839,-0.2564149498939514,0.6330214738845825,1,1,0.0,0,0,0,0,0,1,0,0,1,1,0,0
data_010,0,0.8187089562416077,0.7551231384277344,-0.06358581781387329,0.21873164176940918,4,1,0.0,0,0,0,0,0,0,0,0,0,0,0,0
data_010,0,0.6435685753822327,0.7618470191955566,0.11827844381332397,0.09794414788484573,3,0,0.23076923076923078,0,0,0,0,1,1,0,0,1,1,0,0
data_011,0,0.8537366986274719,0.6541516780853271,-0.19958502054214478,0.9053703546524048,2,1,0.0,0,0,0,0,0,0,0,0,0,0,0,0
data_011,0,0.8054162859916687,0.6034443974494934,-0.2019718885421753,0.6308137774467468,1,1,0.0,0,0,0,0,0,0,0,0,0,0,0,0
data_011,0,0.773606538772583,0.7177029252052307,-0.055903613567352295,0.22280454635620117,2,1,0.0,0,0,0,0,0,0,0,0,0,0,0,0
data_011,0,0.8152018785476685,0.6557748317718506,-0.15942704677581787,0.9078757762908936,2,1,0.0,0,0,0,0,0,0,0,0,1,0,0,0
data_011,0,0.7556995749473572,0.7902393341064453,0.034539759159088135,0.39966487884521484,5,1,0.125,0,0,0,0,0,0,0,0,1,0,0,0
data_011,0,0.7358182668685913,0.7006919980049133,-0.03512626886367798,0.6029939651489258,4,1,0.0,0,0,0,0,0,0,0,0,1,0,0,0
data_011,0,0.646830677986145,0.5591851472854614,-0.0876455307006836,0.9040642976760864,0,0,0.0,0,1,0,0,1,1,0,0,1,1,0,0
data_011,0,0.6957012414932251,0.6633248329162598,-0.03237640857696533,0.509720504283905,3,1,0.0,0,0,0,0,0,0,0,0,0,0,0,0
data_011,0,0.7314171195030212,0.734172523021698,0.002755403518676758,0.6990880370140076,5,1,0.125,0,0,0,0,1,1,0,0,1,1,1,0
data_011,0,0.8984208703041077,0.7632222771644592,-0.13519859313964844,0.6098008751869202,3,1,0.0,0,0,0,0,0,0,0,0,0,0,0,0
data_011,0,0.7469359040260315,0.6290435194969177,-0.11789238452911377,0.631219208240509,1,1,0.0,0,0,0,1,0,0,0,1,0,0,0,0
data_011,0,0.882015585899353,0.7638609409332275,-0.11815464496612549,0.3172939121723175,7,1,0.0,0,0,0,0,0,0,0,0,0,0,0,0
data_011,0,0.8835398554801941,0.7074781656265259,-0.1760616898536682,0.32357296347618103,3,1,0.0,0,0,0,0,0,0,0,0,1,0,0,0
data_011,0,0.7141388058662415,0.7075336575508118,-0.0066051483154296875,0.5169928669929504,2,1,0.0,0,0,0,0,0,0,0,0,1,0,1,0
data_011,0,0.6612382531166077,0.6384934782981873,-0.02274477481842041,0.20832094550132751,1,1,0.0,0,0,0,0,0,0,0,0,0,0,0,0
data_011,0,0.8052480220794678,0.6847983002662659,-0.1204497218132019,0.5079814791679382,3,1,0.0,0,0,0,0,0,0,0,0,0,0,0,0
data_011,0,0.8350905776023865,0.5464327931404114,-0.2886577844619751,0.452041894197464,1,1,0.0,0,0,0,0,0,0,0,0,0,0,0,0
data_011,0,0.7454291582107544,0.6950623393058777,-0.05036681890487671,0.3089049756526947,4,1,0.0,0,0,0,0,0,0,0,0,0,0,0,0
data_011,0,0.827641487121582,0.6764739155769348,-0.15116757154464722,0.7139129638671875,3,1,0.0,0,0,0,0,0,0,0,0,0,0,0,0
data_011,0,0.7491239309310913,0.6794803738594055,-0.06964355707168579,0.3283819854259491,3,1,0.0,0,0,0,0,0,0,0,0,0,0,0,0
data_011,0,0.7409496307373047,0.6661607027053833,-0.07478892803192139,0.515360414981842,2,1,0.0,0,0,0,0,0,0,0,0,0,0,0,0
data_011,0,0.7071468830108643,0.697689950466156,-0.009456932544708252,0.3058107793331146,2,1,0.0,0,0,0,0,0,0,0,0,0,0,0,0
data_011,0,0.6513149738311768,0.5680360198020935,-0.08327895402908325,0.41169461607933044,1,1,0.0,0,0,0,0,0,0,0,0,0,0,0,0
data_011,0,0.6626657247543335,0.6822035908699036,0.01953786611557007,0.2959710359573364,4,1,0.375,0,0,0,0,0,0,0,0,0,0,0,0
data_012,0,0.6961057186126709,0.7978615760803223,0.10175585746765137,0.0,11,1,0.5384615384615384,0,0,0,0,0,0,0,0,0,0,0,0
data_012,0,0.5883684158325195,0.6241114735603333,0.03574305772781372,0.10542141646146774,0,0,0.07692307692307693,0,0,0,0,0,0,0,0,0,0,0,0
data_012,0,0.7421889901161194,0.6718834042549133,-0.07030558586120605,0.11230865865945816,4,1,0.0,0,0,0,0,0,0,0,0,0,0,0,0
data_012,0,0.7589107751846313,0.764519989490509,0.0056092143058776855,0.11106343567371368,6,1,0.07692307692307693,0,0,0,0,0,0,0,0,0,0,0,0
data_012,1,0.8505838513374329,0.8545446991920471,0.003960847854614258,0.2067655324935913,12,1,0.07692307692307693,1,1,1,1,1,1,1,1,1,1,1,1
data_012,1,0.8144925236701965,0.830961287021637,0.01646876335144043,0.20706743001937866,10,1,0.07692307692307693,0,0,0,0,1,1,1,0,1,1,1,0
data_012,0,0.6398545503616333,0.7577056884765625,0.1178511381149292,0.0,5,0,0.38461538461538464,0,0,0,0,0,0,0,0,1,0,0,0
data_012,0,0.7671178579330444,0.8049424290657043,0.03782457113265991,0.2048880159854889,7,1,0.07692307692307693,0,0,0,0,0,0,0,0,1,0,0,0
data_012,0,0.7548577189445496,0.7351381778717041,-0.01971954107284546,0.40040069818496704,8,1,0.0,0,0,0,0,0,0,0,0,1,0,0,0
data_012,0,0.7528083324432373,0.7663084864616394,0.0135001540184021,0.39210957288742065,6,1,0.07692307692307693,0,0,0,0,0,0,0,0,0,0,0,0
data_012,0,0.7343229651451111,0.6062914729118347,-0.12803149223327637,0.3442612588405609,1,1,0.0,0,0,0,0,0,0,0,0,0,0,0,0
data_012,0,0.8049147725105286,0.7894226908683777,-0.015492081642150879,0.2031765580177307,7,1,0.0,0,0,0,0,0,0,0,0,0,0,0,0
data_012,0,0.8253325819969177,0.7377192974090576,-0.08761328458786011,0.8054103851318359,3,1,0.0,0,0,0,0,0,0,0,0,1,0,0,0
data_012,0,0.8188754320144653,0.653252124786377,-0.16562330722808838,0.7156286835670471,2,1,0.0,0,0,0,0,0,0,0,0,0,0,0,0
data_012,0,0.8723378777503967,0.6701809167861938,-0.20215696096420288,0.7261828184127808,2,1,0.0,0,0,0,0,0,0,0,0,0,0,0,0
data_012,0,0.7121445536613464,0.5488882064819336,-0.16325634717941284,0.9056118130683899,1,1,0.0,0,0,0,0,0,0,0,0,1,0,0,0
data_012,0,0.8433460593223572,0.7837544679641724,-0.059591591358184814,0.40325072407722473,11,1,0.0,0,0,0,0,0,0,0,0,0,0,0,0
data_012,0,0.5892937183380127,0.5980809926986694,0.008787274360656738,0.2066352516412735,0,0,0.07692307692307693,0,0,0,0,0,0,0,0,0,0,0,0
data_012,0,0.5963947176933289,0.6590749025344849,0.062680184841156,0.10389642417430878,1,0,0.07692307692307693,0,0,0,0,0,0,0,0,1,0,0,0
data_012,0,0.7075369954109192,0.7256982922554016,0.018161296844482422,0.3088861405849457,4,1,0.15384615384615385,0,0,0,0,0,0,0,0,0,0,0,0
data_012,0,0.6937679052352905,0.812898576259613,0.11913067102432251,0.0,9,1,0.6153846153846154,0,0,0,0,0,0,0,0,0,0,0,0
data_012,0,0.5909886360168457,0.6802229881286621,0.0892343521118164,0.0,3,0,0.38461538461538464,0,0,0,0,0,0,0,0,0,0,0,0
data_012,0,0.7482898235321045,0.8377686142921448,0.08947879076004028,0.09576430916786194,11,1,0.38461538461538464,0,0,0,0,0,0,0,0,1,0,0,0
data_012,0,0.7920786738395691,0.7452166080474854,-0.04686206579208374,0.3038596212863922,8,1,0.0,0,0,0,0,0,0,0,0,1,0,0,0
data_012,0,0.6928353905677795,0.7802562713623047,0.08742088079452515,0.2850683927536011,5,1,0.23076923076923078,0,0,0,0,0,0,0,0,1,0,0,0
data_012,0,0.8772158622741699,0.7010146975517273,-0.17620116472244263,0.13045936822891235,4,1,0.0,0,0,0,0,0,0,0,0,0,0,0,0
data_012,0,0.6434944272041321,0.741760790348053,0.0982663631439209,0.09659204632043839,3,0,0.38461538461538464,0,0,0,0,0,0,0,0,0,0,0,0
data_012,0,0.6679345369338989,0.7181945443153381,0.05026000738143921,0.19707602262496948,6,1,0.3076923076923077,0,0,0,0,0,0,0,0,0,0,0,0
data_013,0,0.6827762126922607,0.5608121156692505,-0.12196409702301025,0.813038170337677,1,1,0.0,0,0,0,0,0,0,0,0,1,1,0,0
data_013,0,0.7656036019325256,0.6552510857582092,-0.1103525161743164,0.12721464037895203,2,1,0.0,0,0,0,0,0,0,0,0,0,0,0,0
data_013,0,0.7031124234199524,0.6746994256973267,-0.028412997722625732,0.5079025626182556,2,1,0.0,0,0,0,0,0,0,0,0,1,0,0,0
data_013,0,0.7586922645568848,0.6803312301635742,-0.07836103439331055,0.312372624874115,4,1,0.0,0,0,0,0,0,0,0,0,0,0,0,0
data_013,0,0.7833147644996643,0.6982966661453247,-0.0850180983543396,0.13978655636310577,2,1,0.0,0,0,0,0,0,0,0,0,0,0,0,0
data_013,0,0.6557729840278625,0.7910217642784119,0.13524878025054932,0.304883748292923,3,1,0.11764705882352941,0,0,0,0,0,0,0,0,1,0,0,0
data_013,0,0.7659412026405334,0.6652916073799133,-0.10064959526062012,0.4162183105945587,3,1,0.0,0,0,0,0,0,0,0,0,0,0,0,0
data_013,0,0.7995478510856628,0.7372156977653503,-0.0623321533203125,0.1149328425526619,5,1,0.0,0,0,0,0,0,0,0,0,1,1,1,0
data_013,0,0.8444214463233948,0.6421433687210083,-0.20227807760238647,0.3463533818721771,1,1,0.0,0,0,0,0,0,0,0,0,0,0,0,0
data_013,0,0.755420446395874,0.6562487483024597,-0.0991716980934143,0.12254436314105988,2,1,0.0,0,0,0,0,0,0,0,0,0,0,0,0
data_013,0,0.5325767397880554,0.7062473893165588,0.17367064952850342,0.0,1,0,0.47058823529411764,0,0,0,0,0,0,0,0,0,0,0,0
data_013,0,0.6165435910224915,0.6273242235183716,0.010780632495880127,0.10034795850515366,0,0,0.17647058823529413,0,0,0,0,0,1,0,0,1,1,0,0
data_013,0,0.6694775819778442,0.7048924565315247,0.03541487455368042,0.10634079575538635,2,1,0.058823529411764705,0,0,0,0,0,0,0,0,0,0,0,0
data_013,0,0.6315403580665588,0.7691077589988708,0.137567400932312,0.09180372208356857,5,0,0.29411764705882354,0,0,0,0,0,1,0,0,1,1,1,0
data_013,0,0.6200162172317505,0.5927807688713074,-0.027235448360443115,0.21344435214996338,0,0,0.0,0,1,0,0,0,1,0,0,1,1,0,0
data_013,0,0.6779127717018127,0.6608765721321106,-0.01703619956970215,0.4170475900173187,2,1,0.0,0,0,0,0,0,0,0,0,0,0,0,0
data_013,0,0.6375613808631897,0.7340447306632996,0.09648334980010986,0.2006237804889679,1,0,0.058823529411764705,0,0,0,0,0,0,0,0,1,0,0,0
data_013,0,0.6292004585266113,0.825344443321228,0.1961439847946167,0.09092573076486588,4,0,0.29411764705882354,0,0,0,0,0,0,0,0,0,0,0,0
data_013,0,0.4783271849155426,0.6272143125534058,0.14888712763786316,0.0,0,0,0.5882352941176471,0,0,0,0,0,0,0,0,0,0,0,0
data_013,0,0.5711594820022583,0.603662371635437,0.03250288963317871,0.19892549514770508,0,0,0.17647058823529413,0,0,0,0,0,0,0,0,0,0,0,0
data_013,0,0.6835897564888,0.5847312211990356,-0.0988585352897644,0.231395423412323,1,1,0.0,0,0,0,0,0,0,0,0,1,0,0,0
data_013,0,0.4804312586784363,0.4577236473560333,-0.022707611322402954,0.41397377848625183,0,0,0.0,0,0,0,0,1,0,0,0,0,0,0,0
data_013,0,0.8010472059249878,0.6960312724113464,-0.10501593351364136,0.42053791880607605,3,1,0.0,0,0,0,0,0,0,0,0,1,0,0,0
data_014,0,0.8702051043510437,0.7612360119819641,-0.10896909236907959,0.23375195264816284,3,1,0.0,0,0,0,0,0,0,0,0,0,0,0,0
data_014,0,0.7997275590896606,0.5026300549507141,-0.29709750413894653,0.7461479902267456,1,1,0.0,0,0,0,0,0,0,0,0,0,0,0,0
data_014,0,0.6825977563858032,0.5466485023498535,-0.1359492540359497,0.6163111329078674,1,1,0.0,0,0,0,0,0,0,0,0,0,0,0,0
data_014,0,0.6891700029373169,0.4825364351272583,-0.2066335678100586,0.738129734992981,1,1,0.0,0,0,0,0,0,0,0,0,0,0,0,0
data_014,0,0.7418981194496155,0.5898312330245972,-0.1520668864250183,0.36626169085502625,1,1,0.0,0,0,0,0,0,0,0,0,0,0,0,0
data_014,0,0.8745818734169006,0.5380568504333496,-0.336525022983551,0.26216474175453186,1,1,0.0,0,0,0,0,0,0,0,0,0,0,0,0
data_014,0,0.6956140398979187,0.5506477952003479,-0.1449662446975708,0.22415082156658173,1,1,0.0,0,0,0,0,0,0,0,0,0,0,0,0
data_014,0,0.6610006093978882,0.5609511733055115,-0.10004943609237671,0.1316317468881607,1,1,0.0,0,0,0,0,0,0,0,0,1,0,0,0
data_014,0,0.7625312209129333,0.6339609622955322,-0.12857025861740112,0.1377323418855667,1,1,0.0,0,0,0,0,0,0,0,0,0,0,0,0
data_014,0,0.7590464949607849,0.5424478650093079,-0.21659862995147705,0.3356853127479553,1,1,0.0,0,0,0,0,0,0,0,0,0,0,0,0
data_014,0,0.5752182006835938,0.6177594661712646,0.0425412654876709,0.2998766303062439,0,0,0.2,0,0,0,0,1,0,0,0,1,1,0,0
data_014,1,0.4871777594089508,0.6671150326728821,0.17993727326393127,0.0,1,0,0.4,1,0,0,0,1,1,1,0,1,1,1,0
data_014,0,0.6575645208358765,0.5757831931114197,-0.08178132772445679,0.11657937616109848,1,1,0.0,0,0,0,0,0,0,0,0,0,0,0,0
data_014,0,0.8765171766281128,0.7307103872299194,-0.14580678939819336,0.3351486027240753,3,1,0.0,0,0,0,0,0,0,0,0,0,0,0,0
data_014,0,0.7898730635643005,0.7261199355125427,-0.06375312805175781,0.712190568447113,3,1,0.0,0,0,0,0,0,0,0,0,0,0,0,0
data_014,0,0.8233462572097778,0.6942242980003357,-0.12912195920944214,0.6067579388618469,3,1,0.0,0,0,0,0,0,0,0,0,0,0,0,0
data_014,0,0.876384437084198,0.7150629758834839,-0.1613214612007141,0.3580610454082489,2,1,0.0,0,0,0,0,0,0,0,0,0,0,0,0
data_014,0,0.847797691822052,0.5626069903373718,-0.2851907014846802,0.5297332406044006,1,1,0.0,0,0,0,0,0,0,0,0,0,0,0,0
data_014,0,0.4615170955657959,0.5833721160888672,0.12185502052307129,0.18070612847805023,0,0,0.4,0,0,0,0,0,0,0,0,0,0,0,0
data_014,0,0.6437390446662903,0.5336595177650452,-0.11007952690124512,0.22409462928771973,0,0,0.0,0,0,0,0,0,0,0,0,0,0,0,0
data_014,1,0.3030429780483246,0.8350359797477722,0.5319930016994476,0.0,1,0,0.8,1,1,1,1,1,1,1,1,1,1,1,1
data_014,0,0.7929007411003113,0.6023166179656982,-0.19058412313461304,0.6320939064025879,1,1,0.0,0,0,0,0,0,0,0,0,0,0,0,0
data_014,0,0.7228851914405823,0.6047090888023376,-0.11817610263824463,0.5228097438812256,1,1,0.0,0,0,0,0,0,0,0,0,0,0,0,0
data_014,0,0.6441464424133301,0.644087553024292,-5.888938903808594e-05,0.21876923739910126,0,0,0.0,0,0,0,0,0,0,0,0,0,0,0,0
data_014,0,0.7718438506126404,0.6751495003700256,-0.09669435024261475,0.21595712006092072,3,1,0.0,0,0,0,0,0,0,0,0,0,0,0,0
data_015,0,0.7152024507522583,0.8601868748664856,0.1449844241142273,0.28833502531051636,4,1,0.15384615384615385,0,0,0,0,0,0,0,0,0,1,0,0
data_015,0,0.7782859206199646,0.8181442618370056,0.039858341217041016,0.4933678209781647,8,1,0.15384615384615385,0,0,0,0,0,0,0,0,1,0,0,0
data_015,1,0.7512980103492737,0.800276517868042,0.04897850751876831,0.394450306892395,6,1,0.15384615384615385,1,1,0,1,1,1,1,1,1,1,1,1
data_015,0,0.8968037962913513,0.769321084022522,-0.12748271226882935,0.7047833204269409,8,1,0.0,0,0,0,0,0,0,0,0,1,0,0,0
data_015,0,0.897106945514679,0.6151109933853149,-0.281995952129364,0.5389047265052795,1,1,0.0,0,0,0,0,0,0,0,0,0,0,0,0
data_015,0,0.7661871314048767,0.7487574815750122,-0.017429649829864502,0.402549684047699,7,1,0.0,0,0,0,0,0,0,0,0,0,0,0,0
data_015,0,0.9582188129425049,0.7781073451042175,-0.18011146783828735,0.22264227271080017,9,1,0.0,0,0,0,0,0,0,0,0,0,0,0,0
data_015,0,0.7207045555114746,0.7945656180381775,0.07386106252670288,0.0,7,1,0.23076923076923078,0,0,0,0,0,0,0,0,1,0,0,0
data_015,1,0.6848124265670776,0.794314980506897,0.10950255393981934,0.0,7,1,0.46153846153846156,1,1,1,1,1,1,1,1,1,1,1,1
data_015,0,0.8774246573448181,0.7452223300933838,-0.13220232725143433,0.4181927740573883,6,1,0.0,0,0,0,0,0,0,0,0,0,0,0,0
data_015,0,0.8405727744102478,0.7011681795120239,-0.13940459489822388,0.6141337752342224,4,1,0.0,0,0,0,0,0,0,0,0,0,0,0,0
data_015,0,0.670647382736206,0.7250277996063232,0.05438041687011719,0.0,11,1,0.5384615384615384,0,0,1,0,0,1,1,0,1,1,1,1
data_016,0,0.885043740272522,0.47150951623916626,-0.4135342240333557,0.7296031713485718,1,1,0.0,0,0,0,0,0,0,0,0,0,0,0,0
data_016,0,0.8775744438171387,0.745799720287323,-0.13177472352981567,0.5181422233581543,3,1,0.0,0,0,0,0,0,0,0,0,0,0,0,0
data_016,0,0.8061333298683167,0.714501142501831,-0.0916321873664856,0.6087563037872314,9,1,0.0,0,0,0,0,0,0,0,0,0,0,0,0
data_016,0,0.7023470401763916,0.7333295941352844,0.030982553958892822,0.4010423421859741,5,1,0.043478260869565216,0,0,0,0,0,1,0,0,0,1,0,0
data_016,0,0.918171226978302,0.8891322612762451,-0.029038965702056885,0.5051469802856445,6,1,0.0,0,0,0,0,0,0,0,0,0,0,0,0
data_016,0,0.7444277405738831,0.7552549839019775,0.010827243328094482,0.3160124719142914,3,1,0.043478260869565216,0,0,0,0,0,0,0,0,0,0,0,0
data_016,0,0.7118231058120728,0.6592443585395813,-0.052578747272491455,0.10959868878126144,4,1,0.0,0,1,0,0,1,1,1,0,1,1,1,1
data_016,0,0.846411943435669,0.6538379788398743,-0.19257396459579468,0.7185750603675842,2,1,0.0,0,0,0,0,0,0,0,0,0,0,0,0
data_016,0,0.8878776431083679,0.58534836769104,-0.3025292754173279,0.4519144594669342,1,1,0.0,0,0,0,0,0,0,0,0,0,0,0,0
data_016,0,0.7438181638717651,0.8595520853996277,0.11573392152786255,0.09097494930028915,14,1,0.2608695652173913,0,0,0,0,1,1,0,0,1,1,0,0
data_016,0,0.765142560005188,0.8898993730545044,0.1247568130493164,0.2943094074726105,4,1,0.08695652173913043,0,0,0,0,0,0,0,0,0,0,0,0
data_016,1,0.6232790946960449,0.7075950503349304,0.0843159556388855,0.10121101140975952,1,0,0.08695652173913043,1,1,1,1,1,1,1,1,1,1,1,1
data_017,0,0.7295722365379333,0.7450528740882874,0.015480637550354004,0.20812632143497467,6,1,0.08333333333333333,0,0,0,0,0,0,0,0,0,0,0,0
data_017,0,0.7177878618240356,0.6755750179290771,-0.042212843894958496,0.21059976518154144,3,1,0.0,0,0,0,0,1,1,0,0,1,1,1,0
data_017,0,0.7437750697135925,0.7654125690460205,0.02163749933242798,0.20331086218357086,11,1,0.08333333333333333,0,0,0,0,1,0,0,0,1,0,0,0
data_017,0,0.6332964301109314,0.5435571074485779,-0.08973932266235352,0.621034562587738,0,0,0.0,0,1,0,0,1,1,1,0,1,1,1,1
data_017,0,0.7083548903465271,0.6817274689674377,-0.026627421379089355,0.4154649078845978,3,1,0.0,0,1,0,1,1,1,1,1,1,1,1,1
data_017,1,0.6427779793739319,0.700711190700531,0.05793321132659912,0.20060013234615326,1,0,0.08333333333333333,1,1,1,1,1,1,1,1,1,1,1,1
data_017,1,0.768822193145752,0.7861383557319641,0.017316162586212158,0.4036519527435303,7,1,0.08333333333333333,0,1,1,1,1,1,1,1,1,1,1,1
data_017,1,0.6257312297821045,0.7223814129829407,0.09665018320083618,0.29002103209495544,1,0,0.16666666666666666,1,1,1,1,1,1,1,1,1,1,1,1
data_017,0,0.7960365414619446,0.6355104446411133,-0.1605260968208313,0.907653272151947,1,1,0.0,0,0,0,0,1,1,1,0,1,1,1,0
data_017,0,0.7704436182975769,0.7110450863838196,-0.059398531913757324,0.802865743637085,3,1,0.0,0,1,0,0,1,1,1,1,1,1,1,1
data_017,0,0.7072868347167969,0.6672016382217407,-0.04008519649505615,0.6085101962089539,3,1,0.0,0,1,0,0,0,1,1,0,1,1,1,0
data_017,1,0.8132364153862,0.7399100065231323,-0.07332640886306763,0.7108818292617798,6,1,0.0,1,1,0,0,1,1,1,0,1,1,1,0
data_017,0,0.7961627244949341,0.7386614680290222,-0.057501256465911865,0.6123189330101013,7,1,0.0,0,0,0,0,0,0,0,0,0,0,0,0
data_017,0,0.7749635577201843,0.8298364281654358,0.054872870445251465,0.30012136697769165,10,1,0.16666666666666666,0,0,0,0,0,0,0,0,1,0,0,0
data_018,0,0.7983543276786804,0.8396835327148438,0.04132920503616333,0.2996845245361328,3,1,0.1111111111111111,0,0,0,0,1,1,0,0,1,1,0,0
data_018,0,0.8395459055900574,0.8033373951911926,-0.036208510398864746,0.21163836121559143,9,1,0.0,0,0,0,0,0,0,0,0,1,0,0,0
data_018,0,0.8276240825653076,0.7263805866241455,-0.10124349594116211,0.5081285834312439,3,1,0.0,0,0,0,0,1,0,0,0,1,1,1,0
data_018,0,0.829124391078949,0.8206735849380493,-0.008450806140899658,0.4085253179073334,7,1,0.0,0,0,0,0,0,0,0,0,0,0,0,0
data_018,0,0.7032685279846191,0.7373526692390442,0.03408414125442505,0.20313824713230133,4,1,0.1111111111111111,0,0,0,0,0,0,0,0,0,0,0,0
data_018,1,0.7502609491348267,0.7650070190429688,0.01474606990814209,0.2987573742866516,8,1,0.3333333333333333,1,1,1,1,1,1,1,1,1,1,1,1
data_018,1,0.6015397310256958,0.8520485162734985,0.25050878524780273,0.08998248726129532,2,0,0.3333333333333333,1,1,1,1,1,1,1,1,1,1,1,1
data_018,0,0.8518881797790527,0.8037545680999756,-0.04813361167907715,0.10922855138778687,6,1,0.0,0,0,0,0,0,0,0,0,0,0,0,0
data_018,0,0.622296929359436,0.7903512120246887,0.16805428266525269,0.0,5,0,0.7777777777777778,0,0,0,0,1,0,1,0,1,1,1,0
data_019,0,0.812417209148407,0.7732505798339844,-0.03916662931442261,0.6042376160621643,5,1,0.0,0,0,0,0,0,0,0,0,0,0,0,0
data_019,0,0.7718279957771301,0.7248269319534302,-0.04700106382369995,0.3099759519100189,4,1,0.0,0,0,0,0,0,1,0,0,1,1,1,0
data_019,0,0.8530908226966858,0.835892915725708,-0.017197906970977783,0.11017261445522308,10,1,0.0,0,0,0,0,0,0,0,0,1,0,0,0
data_019,0,0.6743572950363159,0.8172200322151184,0.1428627371788025,0.09530854225158691,10,1,0.5555555555555556,0,0,0,0,0,0,0,0,0,0,0,0
data_019,0,0.581592321395874,0.654450535774231,0.07285821437835693,0.0,1,0,0.8888888888888888,0,0,0,0,0,0,0,0,0,0,0,0
data_019,0,0.9526857137680054,0.8485128879547119,-0.10417282581329346,0.12586833536624908,5,1,0.0,0,0,0,0,0,0,0,0,0,1,0,0
data_019,0,0.8015664219856262,0.8237360715866089,0.022169649600982666,0.39613017439842224,4,1,0.1111111111111111,0,0,0,0,0,0,0,0,0,0,0,0
data_019,0,0.8495746850967407,0.7265833020210266,-0.12299138307571411,0.12219614535570145,6,1,0.0,0,0,0,0,0,0,0,0,0,0,0,0
data_019,0,0.7552121877670288,0.7556848526000977,0.00047266483306884766,0.3992026746273041,6,1,0.1111111111111111,0,0,0,0,0,0,0,0,1,0,0,0
data_019,0,0.8168703317642212,0.7461954951286316,-0.0706748366355896,0.3070578873157501,9,1,0.0,0,0,0,0,1,1,0,0,1,1,0,0
data_019,0,0.7495559453964233,0.6870949864387512,-0.06246095895767212,0.3119056224822998,3,1,0.0,0,0,0,0,0,0,0,0,1,1,0,0
data_019,0,0.7397140264511108,0.8188059329986572,0.07909190654754639,0.29980286955833435,3,1,0.1111111111111111,0,0,0,0,0,0,0,0,1,0,1,0
data_019,0,0.7431120276451111,0.6793742179870605,-0.06373780965805054,0.7071620225906372,6,1,0.0,0,0,0,0,0,0,0,0,0,0,0,0
data_019,0,0.7135979533195496,0.7106772661209106,-0.002920687198638916,0.5865983963012695,4,1,0.0,0,0,0,0,1,1,0,0,1,1,1,0
data_019,0,0.8272402882575989,0.8290358781814575,0.0017955899238586426,0.6926206946372986,5,1,0.1111111111111111,0,0,0,0,0,0,0,0,1,0,0,0
data_019,0,0.9227578043937683,0.8463661670684814,-0.07639163732528687,0.11920386552810669,9,1,0.0,0,0,0,0,0,0,0,0,0,0,0,0
data_019,0,0.7085846066474915,0.7331109642982483,0.024526357650756836,0.10397019982337952,6,1,0.1111111111111111,0,0,0,0,1,0,0,0,1,1,0,0
data_019,0,0.7575461864471436,0.7498505115509033,-0.007695674896240234,0.10906332731246948,6,1,0.0,0,0,0,0,0,0,1,0,0,0,1,0
data_019,0,0.7458062767982483,0.749764621257782,0.003958344459533691,0.3965965509414673,9,1,0.2222222222222222,0,0,0,0,0,0,0,0,0,0,0,0
data_019,0,0.7985876202583313,0.7792007327079773,-0.019386887550354004,0.4063178598880768,7,1,0.0,0,0,0,0,0,0,0,0,1,0,0,0
data_019,0,0.8151592016220093,0.6668164730072021,-0.14834272861480713,0.24330608546733856,2,1,0.0,0,0,0,0,1,0,0,0,1,1,0,0
data_019,0,0.6695991158485413,0.7727364897727966,0.10313737392425537,0.1965559870004654,5,1,0.3333333333333333,0,0,0,0,0,0,0,0,0,1,0,0
data_019,0,0.702101469039917,0.7040117383003235,0.0019102692604064941,0.40461480617523193,4,1,0.1111111111111111,0,0,0,0,0,0,0,0,1,1,0,0
data_019,0,0.71002197265625,0.7299542427062988,0.019932270050048828,0.10322032123804092,6,1,0.1111111111111111,0,0,0,0,0,0,0,0,1,0,1,0
data_019,0,0.7350885272026062,0.7431176900863647,0.008029162883758545,0.10320667177438736,8,1,0.2222222222222222,0,0,0,0,0,0,0,0,0,0,0,0
data_019,0,0.8101106286048889,0.7019120454788208,-0.10819858312606812,0.1255977600812912,3,1,0.0,0,0,0,0,1,0,0,0,1,0,0,0
data_019,0,0.6516499519348145,0.7075660228729248,0.05591607093811035,0.2007172703742981,2,1,0.1111111111111111,0,0,0,0,0,0,0,0,0,0,0,0
data_020,0,0.9358339309692383,0.8468616008758545,-0.08897233009338379,0.41052740812301636,8,1,0.0,0,0,0,0,0,0,0,0,0,0,0,0
data_020,0,0.8011636734008789,0.8184723258018494,0.01730865240097046,0.21229054033756256,8,1,0.1111111111111111,0,0,0,0,0,0,0,0,0,0,0,0
data_020,0,0.8879431486129761,0.8131483197212219,-0.07479482889175415,0.6042954325675964,8,1,0.0,0,0,0,0,0,0,0,0,0,0,0,0
data_020,0,0.8692986369132996,0.7182832956314087,-0.15101534128189087,0.6247496604919434,6,1,0.0,0,0,0,0,0,0,0,0,1,0,0,0
data_020,1,0.864733874797821,0.7958827018737793,-0.06885117292404175,0.4127655327320099,9,1,0.0,0,0,0,0,0,0,0,0,0,0,0,0
data_020,0,0.8821351528167725,0.8117213845252991,-0.07041376829147339,0.3074299097061157,9,1,0.0,0,0,0,0,0,0,0,0,0,0,0,0
data_020,0,0.765202522277832,0.7191824316978455,-0.04602009057998657,0.20856395363807678,2,1,0.0,0,0,0,0,0,0,0,0,0,0,0,0
data_020,0,0.7561134696006775,0.9228363037109375,0.16672283411026,0.4632563889026642,2,1,0.1111111111111111,0,0,0,0,0,0,0,0,0,0,0,0
data_020,0,0.8714750409126282,0.8429732322692871,-0.028501808643341064,0.10957695543766022,8,1,0.0,0,0,0,0,0,0,0,0,0,0,0,0
data_020,0,0.7862296104431152,0.7388323545455933,-0.04739725589752197,0.11228608340024948,5,1,0.0,0,0,0,0,0,0,0,0,1,1,0,0
data_020,0,0.8997161388397217,0.8347817063331604,-0.06493443250656128,0.11155955493450165,9,1,0.0,0,0,0,0,0,0,0,0,1,0,0,0
data_020,0,0.8002565503120422,0.802434504032135,0.0021779537200927734,0.19853945076465607,8,1,0.1111111111111111,0,0,0,0,0,0,0,0,0,0,0,0
data_020,0,0.8094218969345093,0.8039515018463135,-0.005470395088195801,0.203144833445549,8,1,0.0,0,0,0,0,0,0,0,0,0,0,0,0
data_020,0,0.6411123275756836,0.7936077117919922,0.1524953842163086,0.0,5,0,0.5555555555555556,0,0,0,0,1,0,0,0,1,0,0,0
data_020,0,0.8368507623672485,0.6306829452514648,-0.2061678171157837,0.2284679263830185,1,1,0.0,0,0,0,0,0,0,0,0,0,0,0,0
data_020,0,0.8284724950790405,0.765888512134552,-0.06258398294448853,0.11507143080234528,4,1,0.0,0,0,0,0,0,0,0,0,0,0,0,0
data_020,0,0.9083936810493469,0.6435777544975281,-0.26481592655181885,0.1391616016626358,1,1,0.0,0,0,0,0,0,0,0,0,0,0,0,0
data_020,0,0.5957732200622559,0.810489296913147,0.2147160768508911,0.0,7,0,0.8888888888888888,0,0,0,0,1,0,1,0,1,1,1,0
data_020,0,0.90590900182724,0.8286211490631104,-0.07728785276412964,0.11032463610172272,9,1,0.0,0,0,0,0,0,0,0,0,0,0,0,0
data_020,0,0.7927201390266418,0.5873001217842102,-0.20542001724243164,0.2509920299053192,1,1,0.0,0,0,0,0,0,0,0,0,0,0,0,0
data_020,0,0.7891547679901123,0.7361449599266052,-0.05300980806350708,0.22093942761421204,7,1,0.0,0,0,0,0,0,0,0,0,0,0,0,0
data_020,0,0.8392957448959351,0.7566239833831787,-0.08267176151275635,0.11316128075122833,8,1,0.0,0,0,0,0,0,0,0,0,0,0,0,0
data_020,0,0.7850848436355591,0.856239378452301,0.07115453481674194,0.09711029380559921,9,1,0.5555555555555556,0,0,0,0,1,1,1,1,1,1,1,0
data_020,0,0.6908610463142395,0.7414306998252869,0.05056965351104736,0.09825441986322403,7,1,0.5555555555555556,0,0,0,0,1,0,0,0,1,0,1,0
data_020,0,0.8272879719734192,0.7861143350601196,-0.04117363691329956,0.406185120344162,8,1,0.0,0,0,0,0,1,0,1,0,1,0,1,0
data_020,0,0.7497308254241943,0.7239076495170593,-0.02582317590713501,0.5006887316703796,6,1,0.0,0,0,0,0,0,0,0,0,1,1,0,0
data_020,0,0.8883073925971985,0.6693593859672546,-0.21894800662994385,0.6358693838119507,3,1,0.0,0,0,0,0,0,0,0,0,0,0,0,0
data_020,0,0.6929132342338562,0.626774251461029,-0.06613898277282715,0.7118855714797974,1,1,0.0,0,0,0,0,0,0,0,0,0,0,0,0
data_020,0,0.6521008014678955,0.7894304990768433,0.13732969760894775,0.3108578026294708,2,1,0.1111111111111111,0,0,0,0,0,0,0,0,0,0,0,0
data_020,0,0.844336211681366,0.8112340569496155,-0.03310215473175049,0.3079751431941986,9,1,0.0,0,0,0,0,0,0,0,0,1,1,0,0
data_020,0,0.8959222435951233,0.6601622104644775,-0.23576003313064575,0.5329762101173401,3,1,0.0,0,0,0,0,0,0,0,0,0,0,0,0
data_020,0,0.7428580522537231,0.6428737044334412,-0.09998434782028198,0.22738097608089447,1,1,0.0,0,0,0,0,1,0,0,0,1,1,0,0
data_020,0,0.6148667335510254,0.7069099545478821,0.09204322099685669,0.0,4,0,0.6666666666666666,0,0,0,0,0,0,0,0,1,0,0,0
data_020,0,0.664635419845581,0.6764338612556458,0.011798441410064697,0.21210044622421265,3,1,0.1111111111111111,0,0,0,0,0,1,0,0,1,1,1,0
data_020,0,0.8604943156242371,0.8171682357788086,-0.04332607984542847,0.11014418303966522,9,1,0.0,0,0,0,0,0,0,0,0,1,0,0,0
data_020,0,0.7864829301834106,0.862176239490509,0.07569330930709839,0.10421603918075562,7,1,0.1111111111111111,0,0,0,0,0,0,0,0,0,0,0,0
data_020,0,0.7435657978057861,0.8200024366378784,0.07643663883209229,0.0,9,1,0.7777777777777778,0,0,0,0,0,0,0,0,1,0,0,0
data_021,0,0.7848877310752869,0.7452701926231384,-0.03961753845214844,0.4144798815250397,7,1,0.0,0,0,0,0,1,0,0,0,1,0,0,0
data_021,0,0.8541336059570312,0.7535658478736877,-0.1005677580833435,0.5040258765220642,4,1,0.0,0,0,0,0,0,0,0,0,0,0,0,0
data_021,0,0.8009338974952698,0.7874513864517212,-0.013482511043548584,0.4999356269836426,7,1,0.0,0,0,0,0,0,0,0,0,0,0,0,0
data_021,0,0.8116002678871155,0.763374924659729,-0.048225343227386475,0.32118895649909973,6,1,0.0,0,0,0,0,1,1,0,0,1,1,1,1
data_021,0,0.7413986921310425,0.7101946473121643,-0.031204044818878174,0.5114378333091736,5,1,0.0,0,0,0,0,0,0,0,0,0,0,0,0
data_021,0,0.747855007648468,0.7296848893165588,-0.01817011833190918,0.3092021644115448,5,1,0.0,0,0,0,0,0,0,0,0,0,0,0,0
data_021,0,0.6883816719055176,0.7360047698020935,0.04762309789657593,0.10143542289733887,3,1,0.14285714285714285,0,0,0,0,0,0,0,0,1,1,0,0
data_021,0,0.7201604247093201,0.5857269167900085,-0.13443350791931152,0.3517402410507202,1,1,0.0,0,0,0,0,0,0,0,0,0,0,0,0
data_021,0,0.8010537028312683,0.5822975635528564,-0.21875613927841187,0.23866595327854156,1,1,0.0,0,0,0,0,0,0,0,0,0,0,0,0
data_021,0,0.7422786355018616,0.6839525699615479,-0.05832606554031372,0.5130147933959961,5,1,0.0,0,0,0,0,0,0,0,0,0,0,0,0
data_021,0,0.7026642560958862,0.811410129070282,0.10874587297439575,0.18837442994117737,4,1,0.21428571428571427,0,0,1,1,1,1,1,1,1,1,1,1
data_021,1,0.5535761713981628,0.6098818182945251,0.056305646896362305,0.19046536087989807,0,0,0.2857142857142857,1,1,1,1,1,1,1,1,1,1,1,1
data_021,0,0.6699243187904358,0.7613908052444458,0.09146648645401001,0.09730709344148636,5,1,0.2857142857142857,1,1,0,0,1,1,1,0,1,1,1,0
data_021,0,0.5152451992034912,0.6728453040122986,0.15760010480880737,0.0,2,0,0.6428571428571429,0,0,0,0,0,0,0,0,1,0,0,0
data_021,0,0.7421066164970398,0.7517004013061523,0.009593784809112549,0.19957812130451202,4,1,0.07142857142857142,0,0,0,0,0,0,0,0,0,0,0,0
data_021,0,0.6796369552612305,0.7804116010665894,0.10077464580535889,0.1888701468706131,9,1,0.35714285714285715,0,0,0,0,1,0,0,0,1,0,0,0
data_021,0,0.6092910170555115,0.6330177187919617,0.023726701736450195,0.3084506690502167,0,0,0.07142857142857142,0,0,0,0,0,0,0,0,0,0,0,0
data_021,0,0.5884822010993958,0.7162351608276367,0.12775295972824097,0.09840591996908188,1,0,0.14285714285714285,0,0,0,0,0,0,0,0,0,0,0,0
data_021,0,0.6992944478988647,0.7367237210273743,0.03742927312850952,0.10045114904642105,4,1,0.14285714285714285,0,0,0,0,1,1,0,0,1,1,1,0
data_021,0,0.7373173236846924,0.8246023058891296,0.08728498220443726,0.09789689630270004,9,1,0.21428571428571427,0,0,0,0,1,0,0,0,1,1,0,0
data_022,0,0.6832339763641357,0.8100467920303345,0.12681281566619873,0.09657642245292664,5,1,0.6,0,0,0,0,0,0,0,0,1,0,0,0
data_022,1,0.6019585132598877,0.5745890140533447,-0.02736949920654297,0.10937308520078659,0,0,0.0,1,0,0,0,1,1,0,0,1,1,1,0
data_022,1,0.5183867812156677,0.6721863746643066,0.15379959344863892,0.0,2,0,1.0,0,0,0,0,0,0,0,0,0,1,0,0
data_022,0,0.8634774088859558,0.723534345626831,-0.13994306325912476,0.4189777672290802,5,1,0.0,0,0,0,0,0,0,0,0,1,1,1,0
data_022,0,0.7460603713989258,0.5695393681526184,-0.17652100324630737,0.8207157850265503,1,1,0.0,0,1,0,0,0,1,0,0,1,1,0,0
data_022,0,0.7142786979675293,0.5478959679603577,-0.16638273000717163,0.5458246469497681,1,1,0.0,0,0,0,0,0,0,0,0,0,0,0,0
data_022,0,0.7592363953590393,0.7800652980804443,0.02082890272140503,0.2033613920211792,4,1,0.2,0,0,0,0,0,0,0,0,0,0,0,0
data_022,1,0.5998820662498474,0.5923320055007935,-0.007550060749053955,0.4007800817489624,0,0,0.0,1,0,0,0,1,0,0,0,1,1,1,0
data_022,1,0.6238051056861877,0.7076549530029297,0.08384984731674194,0.19420745968818665,2,0,0.6,1,1,0,0,1,1,0,0,1,1,1,0
data_022,1,0.7591766119003296,0.7149583697319031,-0.044218242168426514,0.11024453490972519,5,1,0.0,1,1,1,0,1,1,1,1,1,1,1,1
data_022,0,0.6136523485183716,0.6923883557319641,0.07873600721359253,0.19982732832431793,1,0,0.4,0,0,0,0,0,0,0,0,1,1,0,0
data_022,0,0.5880128145217896,0.45706602931022644,-0.1309467852115631,0.5290706753730774,0,0,0.0,0,0,0,0,0,0,0,0,0,0,0,0
data_022,0,0.7072975635528564,0.8358960151672363,0.12859845161437988,0.09819823503494263,5,1,0.6,0,0,0,0,0,0,0,0,1,1,0,0
data_022,0,0.6412041783332825,0.6241791248321533,-0.01702505350112915,0.599984884262085,0,0,0.0,0,0,0,0,1,0,0,0,1,1,1,0
data_022,0,0.6153568625450134,0.5791902542114258,-0.036166608333587646,0.41266709566116333,0,0,0.0,0,0,0,0,0,1,0,0,1,1,0,0
data_023,0,0.8032189607620239,0.873670756816864,0.07045179605484009,0.09681184589862823,10,1,0.4444444444444444,0,0,0,0,0,0,0,0,0,0,0,0
data_023,0,0.805478572845459,0.837078332901001,0.03159976005554199,0.29568955302238464,9,1,0.2222222222222222,0,0,0,0,0,0,0,0,0,0,0,0
data_023,1,0.7513988614082336,0.8525025248527527,0.10110366344451904,0.2890523672103882,10,1,0.3333333333333333,1,0,0,0,0,0,0,1,1,0,0,1
data_023,0,0.8574962019920349,0.7921304702758789,-0.065365731716156,0.4093616306781769,9,1,0.0,0,0,0,0,0,0,0,0,0,0,0,0
data_023,0,0.7145852446556091,0.8453750014305115,0.13078975677490234,0.2909899353981018,10,1,0.4444444444444444,0,0,0,0,0,0,0,0,0,0,0,0
data_023,0,0.8151515126228333,0.8109272122383118,-0.004224300384521484,0.31376734375953674,9,1,0.0,0,0,0,0,0,0,0,0,0,0,0,0
data_023,0,0.7947531938552856,0.7273798584938049,-0.06737333536148071,0.3101300001144409,6,1,0.0,0,0,0,0,0,0,0,0,1,0,0,0
data_023,0,0.8124958872795105,0.7501636743545532,-0.062332212924957275,0.11276135593652725,10,1,0.0,0,0,0,0,0,0,0,0,0,0,0,0
data_023,0,0.8003652095794678,0.8483630418777466,0.04799783229827881,0.29469913244247437,10,1,0.2222222222222222,0,0,0,0,0,1,0,0,1,1,0,0
data_023,0,0.8280990123748779,0.8155230283737183,-0.012575984001159668,0.2037719041109085,8,1,0.0,0,0,0,0,0,0,0,0,1,1,0,0
data_023,0,0.7285128831863403,0.8237771987915039,0.09526431560516357,0.09968757629394531,9,1,0.2222222222222222,0,0,0,0,0,0,0,0,1,0,0,0
data_023,1,0.6196578741073608,0.6534338593482971,0.03377598524093628,0.19896215200424194,1,0,0.1111111111111111,1,1,1,1,1,1,1,1,1,1,1,1
data_023,1,0.7695263028144836,0.7918307185173035,0.022304415702819824,0.20270642638206482,9,1,0.2222222222222222,1,1,1,0,1,1,0,1,1,1,1,1
data_023,0,0.7844296097755432,0.8175190687179565,0.03308945894241333,0.396210640668869,10,1,0.2222222222222222,0,0,0,0,0,1,0,1,1,1,1,1
data_024,0,0.8823548555374146,0.8573943972587585,-0.024960458278656006,0.11574117094278336,14,1,0.0,0,0,0,0,0,0,0,0,0,0,0,0
data_024,0,0.6580109000205994,0.7703202366828918,0.11230933666229248,0.09497574716806412,7,1,0.375,0,0,0,0,0,0,0,0,1,0,0,0
data_024,0,0.8133669495582581,0.8315768241882324,0.018209874629974365,0.10513767600059509,11,1,0.1875,0,0,0,0,1,1,0,0,1,1,0,0
data_024,1,0.5953620672225952,0.6736810803413391,0.0783190131187439,0.0,2,0,0.625,1,0,0,1,1,1,1,1,1,1,1,1
data_024,0,0.7622435092926025,0.7490149736404419,-0.013228535652160645,0.11622065305709839,4,1,0.0,0,0,0,0,0,0,0,0,0,0,0,0
data_024,0,0.6363462805747986,0.6536846160888672,0.017338335514068604,0.20170678198337555,1,0,0.0625,0,0,0,0,0,0,0,0,1,1,0,0
data_024,1,0.4689815938472748,0.6972893476486206,0.22830775380134583,0.0,2,0,0.9375,1,1,1,1,1,1,1,1,1,1,1,1
data_024,0,0.7713145017623901,0.6197817325592041,-0.15153276920318604,0.23711322247982025,1,1,0.0,0,0,0,0,0,0,0,0,0,0,0,0
data_024,0,0.6999870538711548,0.7528665065765381,0.0528794527053833,0.20635367929935455,4,1,0.125,0,0,0,0,0,0,0,0,0,0,0,0
data_024,0,0.792729914188385,0.9371373653411865,0.1444074511528015,0.09611520916223526,14,1,0.3125,0,0,0,0,0,0,0,0,0,1,0,0
data_024,0,0.7565165758132935,0.8846200108528137,0.12810343503952026,0.09697028249502182,14,1,0.3125,0,0,0,0,0,0,0,0,0,0,0,0
data_024,1,0.6626947522163391,0.7638793587684631,0.10118460655212402,0.18667517602443695,7,1,0.375,0,0,0,0,0,0,0,0,1,1,0,0
data_025,0,0.43942442536354065,0.899050772190094,0.45962634682655334,0.0,1,0,0.88,0,0,0,0,0,0,0,0,0,0,0,0
data_025,0,0.4589737355709076,0.7832363247871399,0.3242625892162323,0.0,5,0,0.96,0,0,0,0,0,0,0,0,0,0,0,0
data_025,0,0.5022000670433044,0.7723662853240967,0.27016621828079224,0.0,1,0,0.48,0,0,0,0,0,0,0,0,0,0,0,0
data_025,0,0.5791444778442383,0.6890288591384888,0.10988438129425049,0.0,2,0,0.28,0,0,0,0,0,0,0,0,0,0,0,0
data_025,1,0.4644365608692169,0.6853781342506409,0.22094157338142395,0.0,4,0,0.88,0,0,0,0,1,0,1,0,1,1,1,0
data_025,0,0.7308446764945984,0.6838027834892273,-0.047041893005371094,0.11576758325099945,4,1,0.0,0,0,0,0,0,0,0,0,0,0,0,0
data_025,0,0.7218300700187683,0.6351273655891418,-0.08670270442962646,0.22386151552200317,1,1,0.0,0,0,0,0,0,0,0,0,0,0,0,0
data_025,0,0.7403653264045715,0.6840237975120544,-0.05634152889251709,0.21292415261268616,4,1,0.0,0,0,0,0,0,0,0,0,0,0,0,0
data_025,0,0.6412205100059509,0.6967530250549316,0.05553251504898071,0.09883437305688858,2,0,0.2,0,0,0,0,0,0,0,0,0,1,0,0
data_025,0,0.522616982460022,0.6126724481582642,0.09005546569824219,0.0,0,0,0.32,1,1,1,1,1,1,1,1,1,1,1,1
data_025,0,0.6943249702453613,0.8526157140731812,0.15829074382781982,0.2930869162082672,3,1,0.08,0,0,0,0,0,0,0,0,0,0,0,0
data_025,0,0.460735559463501,0.6584351658821106,0.19769960641860962,0.0,1,0,0.24,0,1,1,1,1,1,0,1,1,1,1,1
data_025,0,0.6704009771347046,0.7141258120536804,0.04372483491897583,0.19698946177959442,6,1,0.12,0,0,0,0,1,0,0,0,0,0,0,0
data_025,1,0.5764004588127136,0.6245829463005066,0.04818248748779297,0.19296938180923462,0,0,0.24,1,1,1,1,1,1,1,1,1,1,1,1
data_025,0,0.8308092951774597,0.5023691654205322,-0.3284401297569275,0.44880151748657227,1,1,0.0,0,0,0,0,0,0,0,0,0,0,0,0
data_025,0,0.635823130607605,0.585149347782135,-0.05067378282546997,0.1164943277835846,0,0,0.0,0,0,0,0,0,0,0,0,0,0,0,0
data_026,0,0.8322526812553406,0.7942304015159607,-0.03802227973937988,0.426323264837265,6,1,0.0,0,0,0,0,0,0,0,0,0,0,0,0
data_026,0,0.747013509273529,0.8182368278503418,0.07122331857681274,0.20298603177070618,4,1,0.2857142857142857,0,0,0,0,0,0,0,0,0,0,0,0
data_026,0,0.962691605091095,0.6879330277442932,-0.27475857734680176,0.43550530076026917,2,1,0.0,0,0,0,0,0,0,0,0,0,0,0,0
data_026,0,0.7738824486732483,0.7773686051368713,0.003486156463623047,0.1068008691072464,5,1,0.14285714285714285,0,0,0,0,0,0,0,0,0,0,0,0
data_026,0,0.9632323384284973,0.6882836818695068,-0.2749486565589905,0.23283806443214417,4,1,0.0,0,0,0,0,0,0,0,0,0,0,0,0
data_026,0,0.7329054474830627,0.698974072933197,-0.03393137454986572,0.10819318145513535,5,1,0.0,0,0,0,0,0,0,0,0,1,0,0,0
data_026,0,0.8712608814239502,0.7181442975997925,-0.15311658382415771,0.3247462511062622,6,1,0.0,0,0,0,0,0,0,0,0,1,0,0,0
data_026,0,0.8943774700164795,0.7274134755134583,-0.16696399450302124,0.4363727867603302,4,1,0.0,0,0,0,0,0,0,0,0,0,0,0,0
data_026,0,0.8912116289138794,0.7757367491722107,-0.1154748797416687,0.22115379571914673,6,1,0.0,0,0,0,0,0,1,0,0,0,1,0,0
data_026,0,0.913893461227417,0.7174980044364929,-0.19639545679092407,0.2263755053281784,3,1,0.0,0,0,0,0,0,0,0,0,0,0,0,0
data_026,0,0.8627740144729614,0.6993966698646545,-0.16337734460830688,0.2301594763994217,2,1,0.0,0,0,0,0,0,0,0,0,0,0,0,0
data_026,0,0.9148156046867371,0.776469886302948,-0.13834571838378906,0.32758980989456177,3,1,0.0,0,0,0,0,0,0,0,0,0,0,0,0
data_026,1,0.6906797289848328,0.8392651081085205,0.14858537912368774,0.0,6,1,0.7142857142857143,0,0,0,0,1,1,0,1,1,1,1,1
data_026,0,0.6725141406059265,0.7489060759544373,0.07639193534851074,0.09672846645116806,5,1,0.42857142857142855,0,0,0,0,0,0,0,0,1,0,0,0
data_026,0,0.6975787281990051,0.7418017983436584,0.04422307014465332,0.20004791021347046,4,1,0.2857142857142857,0,0,0,0,0,0,0,0,1,0,1,0
data_026,0,0.7860326766967773,0.6696258187294006,-0.11640685796737671,0.12039782851934433,3,1,0.0,0,0,0,0,0,0,0,0,0,0,0,0
data_026,0,0.7172471880912781,0.7164601683616638,-0.0007870197296142578,0.3141479194164276,2,1,0.0,0,0,0,0,0,0,0,0,0,0,0,0
data_026,0,0.6704144477844238,0.6264963150024414,-0.04391813278198242,0.4176586866378784,1,1,0.0,0,0,0,0,0,0,0,0,1,0,0,0
data_026,0,0.6415314078330994,0.7914294600486755,0.14989805221557617,0.09369329363107681,3,0,0.42857142857142855,0,0,0,0,1,0,0,0,1,1,1,0
data_026,0,0.8077461123466492,0.8543083071708679,0.04656219482421875,0.11667825281620026,5,1,0.14285714285714285,0,0,0,0,0,0,1,0,1,1,1,0
data_026,0,0.8022119998931885,0.7648003101348877,-0.03741168975830078,0.5167424082756042,5,1,0.0,0,0,0,0,0,0,0,0,1,0,0,0
data_026,0,0.86501145362854,0.7645676732063293,-0.1004437804222107,0.22051557898521423,7,1,0.0,0,0,0,0,0,0,0,0,0,0,0,0
data_026,0,0.8039429187774658,0.7535451650619507,-0.05039775371551514,0.7998882532119751,6,1,0.0,0,0,0,0,0,0,0,0,0,0,0,0
data_026,0,0.7685792446136475,0.7679773569107056,-0.0006018877029418945,0.5063230991363525,7,1,0.0,0,0,0,0,0,0,0,0,1,1,0,0
data_026,1,0.7384240627288818,0.7752847075462341,0.036860644817352295,0.2008485198020935,4,1,0.2857142857142857,1,0,0,1,1,1,1,1,1,1,1,1
data_026,0,0.6654617190361023,0.6837992668151855,0.018337547779083252,0.19953781366348267,4,1,0.2857142857142857,0,0,0,0,0,0,0,0,1,0,0,0
data_026,0,0.8898937702178955,0.744687557220459,-0.14520621299743652,0.12441767752170563,5,1,0.0,0,0,0,0,0,0,0,0,0,0,0,0
data_026,0,0.7324915528297424,0.7299505472183228,-0.0025410056114196777,0.4974692463874817,4,1,0.0,0,0,0,0,0,0,0,0,0,0,0,0
data_027,0,0.8063839077949524,0.8196654319763184,0.013281524181365967,0.30233505368232727,7,1,0.1,0,0,0,0,0,0,0,0,1,1,0,0
data_027,1,0.7492661476135254,0.7875768542289734,0.038310706615448,0.19733043015003204,7,1,0.3,0,0,0,0,0,0,0,0,1,0,0,0
data_027,1,0.6874246001243591,0.7798653244972229,0.09244072437286377,0.0,8,1,0.6,0,0,0,0,1,1,1,0,1,1,1,0
data_027,0,0.8443284630775452,0.8344033360481262,-0.009925127029418945,0.512252926826477,8,1,0.0,0,0,0,0,0,0,0,0,0,0,0,0
data_027,1,0.5740283131599426,0.5137028098106384,-0.0603255033493042,0.21605011820793152,0,0,0.0,0,1,0,0,1,1,1,0,1,1,0,1
data_027,0,0.71982342004776,0.766831636428833,0.047008216381073,0.19799435138702393,6,1,0.2,0,0,0,0,0,0,0,0,1,1,1,0
data_027,0,0.75215744972229,0.7384634613990784,-0.01369398832321167,0.39760351181030273,5,1,0.0,0,0,0,0,0,0,0,0,1,0,0,0
data_027,0,0.738481342792511,0.8216492533683777,0.0831679105758667,0.09570696204900742,7,1,0.3,0,0,0,0,0,0,0,0,1,0,0,0
data_027,0,0.6488732695579529,0.7345787882804871,0.08570551872253418,0.09602519124746323,3,0,0.3,0,0,0,0,0,1,0,0,1,1,1,0
data_027,0,0.6592584252357483,0.7058950662612915,0.04663664102554321,0.4092141389846802,3,1,0.2,0,0,0,0,0,0,0,0,1,1,0,0
data_027,1,0.6604433059692383,0.746240496635437,0.08579719066619873,0.0,7,1,0.5,0,1,1,0,1,1,0,0,1,1,1,1
data_027,0,0.686928391456604,0.7450230717658997,0.058094680309295654,0.09597146511077881,7,1,0.4,0,0,0,0,1,1,0,0,1,1,1,0
data_028,0,0.7803593873977661,0.6511910557746887,-0.1291683316230774,0.33012819290161133,2,1,0.0,0,0,0,0,0,0,0,0,0,0,0,0
data_028,0,0.7851385474205017,0.6840258240699768,-0.1011127233505249,0.23507176339626312,2,1,0.0,0,0,0,0,0,0,0,0,0,0,0,0
data_028,0,0.7848096489906311,0.6059048771858215,-0.17890477180480957,0.1348818689584732,1,1,0.0,0,0,0,0,0,0,0,0,0,0,0,0
data_028,0,0.5527798533439636,0.6398941874504089,0.08711433410644531,0.09462390840053558,0,0,0.6666666666666666,0,0,0,0,0,0,0,0,1,1,0,0
data_028,0,0.9619433283805847,0.7785119414329529,-0.18343138694763184,0.6151542663574219,5,1,0.0,0,0,0,0,0,0,0,0,0,0,0,0
data_028,0,0.9792991280555725,0.67497318983078,-0.3043259382247925,0.6304771304130554,2,1,0.0,0,0,0,0,0,0,0,0,0,0,0,0
data_028,0,0.8703138828277588,0.7796432971954346,-0.09067058563232422,0.6125654578208923,3,1,0.0,0,0,0,0,0,0,0,0,0,0,0,0
data_028,0,0.8434517979621887,0.8598313331604004,0.01637953519821167,0.3177337646484375,6,1,0.16666666666666666,0,0,0,0,0,0,0,0,0,0,0,0
data_028,0,0.8436089754104614,0.5905981659889221,-0.2530108094215393,0.33596718311309814,1,1,0.0,0,0,0,0,0,0,0,0,0,0,0,0
data_028,0,0.7462922930717468,0.6239681243896484,-0.12232416868209839,0.4380561113357544,1,1,0.0,0,0,0,0,0,0,0,0,0,0,0,0
data_028,0,0.8986706733703613,0.53326815366745,-0.3654025197029114,0.44951221346855164,1,1,0.0,0,0,0,0,0,0,0,0,0,1,1,0
data_028,0,0.5017792582511902,0.7867811322212219,0.28500187397003174,0.0,2,0,0.8333333333333334,0,0,0,0,0,0,0,0,1,0,0,0
data_028,0,0.9433099627494812,0.7131804823875427,-0.23012948036193848,0.521078884601593,2,1,0.0,0,0,0,0,0,0,0,0,0,0,0,0
data_028,0,0.8525775074958801,0.8583310842514038,0.005753576755523682,0.3000451922416687,3,1,0.16666666666666666,0,0,0,0,0,0,0,0,0,1,0,0
data_028,0,0.6490383744239807,0.616208553314209,-0.03282982110977173,0.4250500500202179,0,0,0.0,0,0,0,0,0,0,0,0,0,1,0,0
data_028,0,0.5523802042007446,0.5150174498558044,-0.037362754344940186,0.236465722322464,0,0,0.0,0,0,0,0,0,0,0,0,0,0,0,0
data_028,1,0.4819585978984833,0.6215815544128418,0.13962295651435852,0.0,0,0,0.8333333333333334,1,1,1,0,1,1,1,0,1,1,1,1
data_028,0,0.7508615851402283,0.7540295124053955,0.0031679272651672363,0.5854810476303101,2,1,0.16666666666666666,0,0,0,0,0,0,0,0,1,0,0,0
data_028,0,0.8303765654563904,0.6730021238327026,-0.15737444162368774,0.8122422695159912,3,1,0.0,0,0,0,0,0,0,0,0,0,0,0,0
data_028,0,0.7091062664985657,0.7277742624282837,0.018667995929718018,0.43057483434677124,2,1,0.16666666666666666,0,0,0,0,0,0,0,0,0,0,0,0
data_028,0,0.7873530387878418,0.655995786190033,-0.13135725259780884,0.32485848665237427,2,1,0.0,0,0,0,0,0,0,0,0,1,1,0,0
data_028,0,0.9425773620605469,0.684914767742157,-0.2576625943183899,0.20111629366874695,2,1,0.0,0,0,0,0,0,0,0,0,0,0,0,0
data_028,0,0.8567550778388977,0.8672724366188049,0.010517358779907227,0.1120329350233078,4,1,0.16666666666666666,0,1,1,0,0,1,1,0,1,1,1,0
data_028,0,0.514132559299469,0.6709959506988525,0.15686339139938354,0.09246789664030075,1,0,0.8333333333333334,0,0,0,0,0,0,0,0,0,0,0,0
data_028,0,0.5121400356292725,0.6706106066703796,0.15847057104110718,0.0,1,0,0.8333333333333334,0,0,0,0,0,0,0,0,1,0,0,0
data_029,0,0.6696859002113342,0.7896948456764221,0.12000894546508789,0.0,9,1,0.46153846153846156,0,0,0,0,0,0,0,0,0,0,0,0
data_029,0,0.5986347198486328,0.8036003708839417,0.20496565103530884,0.0,6,0,0.6153846153846154,0,0,0,0,0,0,0,0,0,0,0,0
data_029,0,0.7362035512924194,0.6970940232276917,-0.03910952806472778,0.12046026438474655,2,1,0.0,0,0,0,0,0,1,0,0,1,1,0,0
data_029,0,0.6723244190216064,0.8427659869194031,0.17044156789779663,0.37542399764060974,5,1,0.3076923076923077,1,1,0,0,1,1,1,1,1,1,1,1
data_029,0,0.7112858295440674,0.8023567795753479,0.09107095003128052,0.19990916550159454,7,1,0.07692307692307693,0,1,0,0,1,1,0,0,1,1,1,1
data_029,1,0.5406152009963989,0.7222415208816528,0.1816263198852539,0.0,1,0,0.7692307692307693,1,1,1,1,1,1,1,1,1,1,1,1
data_029,0,0.7398188710212708,0.7808107137680054,0.04099184274673462,0.10003329813480377,10,1,0.3076923076923077,0,0,0,0,0,0,0,0,0,0,0,0
data_029,0,0.615978479385376,0.6950710415840149,0.07909256219863892,0.0,3,0,0.5384615384615384,0,0,0,0,0,0,0,0,0,0,0,0
data_029,0,0.6025391221046448,0.7663611769676208,0.16382205486297607,0.0,4,0,0.5384615384615384,0,0,0,0,0,0,0,0,0,0,0,0
data_029,0,0.7528361082077026,0.7507832050323486,-0.002052903175354004,0.30256956815719604,7,1,0.0,0,0,0,0,0,0,0,0,0,0,0,0
data_029,0,0.830365777015686,0.707445502281189,-0.12292027473449707,0.31352338194847107,8,1,0.0,0,0,0,0,0,0,0,0,0,0,0,0
data_029,0,0.7043687701225281,0.7541360855102539,0.04976731538772583,0.2018878161907196,7,1,0.15384615384615385,0,0,0,0,0,0,0,0,1,0,0,0
data_029,1,0.6175032258033752,0.6795850992202759,0.062081873416900635,0.0,4,0,0.46153846153846156,0,0,0,0,1,0,0,0,1,0,1,0
data_029,0,0.7461893558502197,0.7562047839164734,0.010015428066253662,0.3060462474822998,6,1,0.07692307692307693,0,0,0,0,0,0,0,0,0,0,0,0
data_029,0,0.8253850340843201,0.7293831706047058,-0.09600186347961426,0.21333853900432587,7,1,0.0,0,0,0,0,0,0,0,0,0,0,0,0
data_030,0,0.8135637044906616,0.6998302340507507,-0.11373347043991089,0.7001570463180542,3,1,0.0,0,0,0,0,0,1,0,0,0,1,0,0
data_030,0,0.7093614935874939,0.5771104693412781,-0.13225102424621582,0.8159822225570679,1,1,0.0,0,0,0,0,0,0,0,0,0,0,0,0
data_030,0,0.8857852816581726,0.6773656606674194,-0.20841962099075317,0.23565798997879028,2,1,0.0,0,0,0,0,0,0,0,0,0,1,0,0
data_030,1,0.689429759979248,0.5149344801902771,-0.17449527978897095,0.43655821681022644,1,1,0.0,0,0,0,0,1,0,0,0,0,1,0,0
data_030,0,0.7765790820121765,0.6137521862983704,-0.16282689571380615,0.4242999851703644,1,1,0.0,0,0,0,0,0,0,0,0,0,0,0,0
data_030,0,0.7706098556518555,0.7500016093254089,-0.020608246326446533,0.69432532787323,3,1,0.0,0,0,0,0,0,0,0,0,1,0,0,0
data_030,0,0.7547849416732788,0.6468204259872437,-0.10796451568603516,0.8082931041717529,1,1,0.0,0,0,0,0,0,0,0,0,0,0,0,0
data_030,0,0.7021181583404541,0.6407988667488098,-0.06131929159164429,0.42200806736946106,1,1,0.0,0,0,0,0,0,0,0,0,0,0,0,0
data_030,0,0.7511638402938843,0.7463228702545166,-0.004840970039367676,0.49972790479660034,7,1,0.0,0,0,0,0,0,0,0,0,1,0,1,0
data_030,0,0.7714839577674866,0.7288946509361267,-0.04258930683135986,0.4131493866443634,2,1,0.0,0,0,0,0,0,0,0,0,1,1,0,0
data_030,0,0.6588804125785828,0.7877066135406494,0.12882620096206665,0.3787709176540375,4,1,0.5,0,0,0,0,0,0,0,0,0,0,0,0
data_030,0,0.7213584184646606,0.7924506068229675,0.07109218835830688,0.09660764038562775,7,1,0.6666666666666666,0,0,0,0,1,0,0,0,1,0,0,0
data_030,0,0.8699837923049927,0.580385148525238,-0.28959864377975464,0.5278803110122681,1,1,0.0,0,0,0,0,0,0,0,0,0,0,0,0
data_030,0,0.7134975790977478,0.6293909549713135,-0.08410662412643433,0.9032312035560608,1,1,0.0,0,0,0,0,0,0,0,0,0,0,0,0
data_030,0,0.8830124735832214,0.8154740929603577,-0.06753838062286377,0.5937352180480957,3,1,0.0,0,0,0,0,0,0,0,0,0,0,0,0
data_030,0,0.7554001808166504,0.7556173205375671,0.00021713972091674805,0.3058701753616333,7,1,0.16666666666666666,0,0,0,0,0,0,0,0,0,0,0,0
data_031,0,0.7731189727783203,0.8214373588562012,0.04831838607788086,0.2939597964286804,11,1,0.16666666666666666,0,0,0,0,0,0,0,0,0,0,0,0
data_031,0,0.6414950489997864,0.7327092885971069,0.09121423959732056,0.28560173511505127,4,0,0.3333333333333333,0,0,0,0,1,1,0,0,1,1,0,1
data_031,0,0.7643923759460449,0.77909255027771,0.014700174331665039,0.39742130041122437,9,1,0.16666666666666666,0,0,0,0,0,0,0,0,0,0,0,0
data_031,0,0.7110985517501831,0.6158319115638733,-0.09526664018630981,0.3143860995769501,1,1,0.0,0,0,0,0,0,0,0,0,0,0,0,0
data_031,0,0.8411460518836975,0.8024728298187256,-0.038673222064971924,0.5055169463157654,9,1,0.0,0,0,0,0,0,0,0,0,1,0,0,0
data_031,0,0.8035299181938171,0.7366268038749695,-0.06690311431884766,0.21470126509666443,6,1,0.0,0,0,0,0,0,0,0,0,0,0,0,0
data_031,0,0.7300928235054016,0.7305073142051697,0.0004144906997680664,0.2075207531452179,2,1,0.08333333333333333,0,0,0,0,0,0,0,0,0,0,0,0
data_031,0,0.7711673974990845,0.7020347118377686,-0.06913268566131592,0.40860122442245483,2,1,0.0,0,0,0,0,0,0,0,0,0,0,0,0
data_031,0,0.7703051567077637,0.7503746747970581,-0.019930481910705566,0.10741867125034332,7,1,0.0,0,0,0,0,0,0,0,0,1,1,0,0
data_031,0,0.6564481258392334,0.6224246025085449,-0.03402352333068848,0.21295462548732758,1,1,0.0,0,0,0,0,0,0,0,0,0,0,0,0
data_031,0,0.7108869552612305,0.8350061774253845,0.12411922216415405,0.10158543288707733,4,1,0.08333333333333333,0,0,0,0,0,0,1,0,1,1,1,0
data_031,0,0.6685373783111572,0.7610959410667419,0.09255856275558472,0.0971093699336052,8,1,0.25,0,0,0,0,0,0,0,0,1,0,0,0
data_031,0,0.8988595604896545,0.777624249458313,-0.12123531103134155,0.12356104701757431,7,1,0.0,0,0,0,0,0,0,0,0,0,0,0,0
data_031,0,0.7789692878723145,0.6882518529891968,-0.09071743488311768,0.42115628719329834,2,1,0.0,0,0,0,0,0,0,0,0,0,0,0,0
data_031,0,0.7944250106811523,0.803184986114502,0.00875997543334961,0.31947457790374756,7,1,0.08333333333333333,0,0,0,0,0,0,0,0,0,0,0,0
data_031,0,0.6710016131401062,0.7820512652397156,0.11104965209960938,0.28460219502449036,3,1,0.16666666666666666,1,0,0,0,1,0,0,0,1,1,1,0
data_031,0,0.567736029624939,0.5474312901496887,-0.020304739475250244,0.21229571104049683,0,0,0.0,0,0,0,0,0,0,0,0,0,0,0,0
data_031,0,0.7313028573989868,0.8631879687309265,0.1318851113319397,0.09509019553661346,11,1,0.5833333333333334,0,0,0,0,1,0,0,0,1,0,0,0
data_031,1,0.5335726737976074,0.8024059534072876,0.2688332796096802,0.0,2,0,0.75,1,1,1,1,1,1,1,1,1,1,1,1
data_031,0,0.4901709258556366,0.7889087200164795,0.2987377941608429,0.0,2,0,0.6666666666666666,0,1,1,1,1,1,1,1,1,1,1,1
data_032,0,0.8475445508956909,0.7656301856040955,-0.08191436529159546,0.32278773188591003,9,1,0.0,0,0,0,0,0,0,0,0,0,0,0,0
data_032,0,0.7593322992324829,0.7079005241394043,-0.05143177509307861,0.4147653877735138,8,1,0.0,0,0,0,0,0,0,0,0,0,0,0,0
data_032,0,0.86490797996521,0.7689201235771179,-0.09598785638809204,0.4099579155445099,8,1,0.0,0,0,0,0,0,0,0,0,0,0,0,0
data_032,0,0.7589669227600098,0.7080627083778381,-0.05090421438217163,0.6223064661026001,2,1,0.0,0,0,0,0,0,0,0,0,0,0,0,0
data_032,1,0.7774670124053955,0.8321378827095032,0.054670870304107666,0.1996040642261505,8,1,0.2,1,0,0,0,1,1,0,0,1,1,0,0
data_032,0,0.816236674785614,0.7412928342819214,-0.07494384050369263,0.41158613562583923,6,1,0.0,0,0,0,0,0,0,0,0,0,0,0,0
data_032,0,0.6932650208473206,0.7291194200515747,0.03585439920425415,0.09774801880121231,9,1,0.4,0,0,0,0,1,0,0,0,1,0,1,0
data_032,0,0.8205646276473999,0.7290130257606506,-0.09155160188674927,0.3170367479324341,2,1,0.0,0,0,0,0,0,0,0,0,1,0,0,0
data_032,0,0.82787024974823,0.5709903240203857,-0.25687992572784424,0.3367755115032196,1,1,0.0,0,1,0,0,1,1,0,1,1,1,1,0
data_032,1,0.8793308734893799,0.8056536912918091,-0.0736771821975708,0.42511633038520813,6,1,0.0,1,1,1,1,1,1,1,1,1,1,1,1
data_032,0,0.7341139912605286,0.7746307253837585,0.04051673412322998,0.0,10,1,0.5,1,0,0,1,1,1,1,1,1,1,1,1
data_032,1,0.7191203832626343,0.8181322813034058,0.09901189804077148,0.3002263903617859,5,1,0.2,1,1,0,0,1,1,1,1,1,1,1,1
data_033,0,0.7525911331176758,0.8730823397636414,0.12049120664596558,0.10128840804100037,5,1,0.3333333333333333,0,0,0,0,0,0,0,0,0,0,0,0
data_033,0,0.5918450951576233,0.6175403594970703,0.02569526433944702,0.3005911409854889,0,0,0.3333333333333333,0,0,0,0,0,0,0,0,0,0,0,0
data_033,0,0.6015525460243225,0.7247112989425659,0.12315875291824341,0.2814532220363617,3,0,0.6666666666666666,0,0,0,0,1,0,0,0,1,0,0,0
data_033,0,0.840602457523346,0.5067422986030579,-0.3338601589202881,0.2677082419395447,1,1,0.0,0,0,0,0,0,0,0,0,0,0,0,0
data_033,0,0.5244894623756409,0.7211247086524963,0.19663524627685547,0.0,2,0,1.0,0,0,0,0,0,0,0,0,0,0,0,0
data_033,0,0.6834139823913574,0.7927667498588562,0.10935276746749878,0.296901136636734,3,1,0.16666666666666666,0,0,0,0,0,0,0,0,0,0,0,0
data_033,0,0.7170009613037109,0.747129499912262,0.030128538608551025,0.29081133008003235,5,1,0.16666666666666666,0,0,0,0,1,1,0,0,1,1,1,0
data_033,1,0.4457476735115051,0.6288508176803589,0.18310314416885376,0.0,0,0,0.8333333333333334,1,1,1,1,1,1,1,1,1,1,1,1
data_033,0,0.7442929744720459,0.7853007912635803,0.041007816791534424,0.30115386843681335,6,1,0.16666666666666666,0,0,0,0,0,0,0,0,0,0,0,0
data_033,0,0.6737159490585327,0.7435951828956604,0.06987923383712769,0.09598607569932938,6,1,0.6666666666666666,0,0,0,0,0,0,0,0,1,0,0,0
data_033,0,0.707882285118103,0.7152658700942993,0.007383584976196289,0.10447020828723907,4,1,0.16666666666666666,0,0,0,0,0,0,0,0,0,0,0,0
data_033,0,0.555302083492279,0.5063818097114563,-0.048920273780822754,0.3180917203426361,0,0,0.0,0,0,0,0,0,0,0,0,1,0,0,0
data_033,0,0.6144673228263855,0.6372962594032288,0.02282893657684326,0.2043406367301941,0,0,0.3333333333333333,0,0,0,0,0,0,0,0,1,0,0,0
data_033,0,0.7086047530174255,0.784548282623291,0.07594352960586548,0.30636486411094666,2,1,0.16666666666666666,0,0,0,0,0,0,0,0,0,0,0,0
data_033,0,0.6537583470344543,0.7063862085342407,0.05262786149978638,0.09669718891382217,5,1,0.6666666666666666,0,0,0,0,1,0,0,0,1,0,0,0
data_033,0,0.7639959454536438,0.7714892625808716,0.007493317127227783,0.20074184238910675,4,1,0.16666666666666666,0,0,0,0,1,0,0,0,1,1,0,0
data_033,1,0.681870698928833,0.8706470131874084,0.18877631425857544,0.1823035031557083,5,1,0.3333333333333333,0,0,0,0,1,1,1,0,1,1,1,0
data_033,0,0.5184717774391174,0.5448104739189148,0.026338696479797363,0.2942342162132263,0,0,0.5,0,0,0,0,0,0,0,0,0,1,0,0
data_034,0,0.6795267462730408,0.7146859169006348,0.035159170627593994,0.2953002154827118,5,1,0.3333333333333333,0,1,0,0,1,1,0,1,1,1,1,1
data_034,0,0.7883915901184082,0.6939507722854614,-0.09444081783294678,0.7146737575531006,3,1,0.0,0,0,0,0,0,0,0,0,0,0,0,0
data_034,0,0.7090879678726196,0.6200054883956909,-0.08908247947692871,0.4097890555858612,1,1,0.0,0,0,0,0,0,0,0,0,0,0,0,0
data_034,0,0.8112438321113586,0.7073441743850708,-0.10389965772628784,0.3126498758792877,3,1,0.0,0,0,0,0,0,0,0,0,0,0,0,0
data_034,0,0.4936850965023041,0.6877981424331665,0.19411304593086243,0.09750603884458542,1,0,0.2222222222222222,0,0,0,0,0,0,0,0,1,1,1,0
data_034,0,0.7809106111526489,0.5288845300674438,-0.2520260810852051,1.0,1,1,0.0,0,1,0,0,1,1,1,1,1,1,1,1
data_034,0,0.7212072014808655,0.8155636787414551,0.0943564772605896,0.19767025113105774,5,1,0.2222222222222222,0,0,0,0,0,0,0,0,1,0,0,0
data_034,0,0.6355310082435608,0.6932860612869263,0.05775505304336548,0.2001204490661621,1,0,0.2222222222222222,0,0,0,0,0,0,0,0,1,0,1,0
data_034,0,0.6324396729469299,0.5581628084182739,-0.074276864528656,0.6100042462348938,0,0,0.0,0,0,0,0,0,0,0,0,0,0,0,0
data_034,0,0.7653392553329468,0.6946823000907898,-0.07065695524215698,0.4328974485397339,3,1,0.0,0,0,0,0,0,0,0,0,1,1,0,0
data_034,0,0.7463412284851074,0.701694130897522,-0.04464709758758545,0.6100690364837646,5,1,0.0,0,0,0,0,0,0,0,0,1,0,0,0
data_034,0,0.7469272017478943,0.6399386525154114,-0.10698854923248291,0.711969256401062,1,1,0.0,0,0,0,0,0,1,0,0,0,1,0,0
data_034,0,0.7635539174079895,0.7176871299743652,-0.04586678743362427,0.6100128293037415,5,1,0.0,0,0,0,0,0,0,0,0,1,0,0,0
data_035,0,0.8436916470527649,0.8761662244796753,0.0324745774269104,0.11254678666591644,11,1,0.07692307692307693,0,0,0,0,0,0,0,0,0,0,0,0
data_035,0,0.9002788066864014,0.7759348154067993,-0.12434399127960205,0.41631799936294556,5,1,0.0,0,0,0,0,0,0,0,0,0,0,0,0
data_035,0,0.6542801260948181,0.4944542646408081,-0.15982586145401,0.43213918805122375,1,1,0.0,0,0,0,0,0,0,0,0,1,0,1,0
data_035,0,0.8070752024650574,0.7854947447776794,-0.02158045768737793,0.40469467639923096,9,1,0.0,0,0,0,0,0,1,0,0,0,1,0,0
data_035,0,0.6650345325469971,0.7075079083442688,0.04247337579727173,0.2938753068447113,4,1,0.15384615384615385,0,0,0,0,0,0,0,0,1,0,0,0
data_035,0,0.8843712210655212,0.6523502469062805,-0.23202097415924072,0.3469219207763672,3,1,0.0,0,0,0,0,0,0,0,0,0,0,0,0
data_035,1,0.6219205260276794,0.7571747899055481,0.13525426387786865,0.0,4,0,0.38461538461538464,1,1,0,1,1,1,1,1,1,1,1,1
data_035,1,0.5154240727424622,0.8573127388954163,0.3418886661529541,0.09180217981338501,1,0,0.23076923076923078,1,1,1,1,1,1,1,1,1,1,1,1
data_035,0,0.5971410274505615,0.7223040461540222,0.1251630187034607,0.0,3,0,0.5384615384615384,0,0,0,0,1,1,0,0,1,1,1,0
data_035,0,0.7940210700035095,0.8823532462120056,0.0883321762084961,0.20368321239948273,7,1,0.07692307692307693,0,0,0,0,0,0,0,0,0,0,0,0
data_035,0,0.678004801273346,0.7841274738311768,0.10612267255783081,0.0,6,1,0.3076923076923077,0,0,0,0,0,1,1,0,1,1,1,0
data_035,0,0.8529018759727478,0.6798660159111023,-0.1730358600616455,0.24268895387649536,2,1,0.0,0,0,0,0,0,0,0,0,0,0,0,0
data_035,1,0.645901620388031,0.8626999258995056,0.2167983055114746,0.0,13,0,1.0,1,1,1,1,1,1,1,1,1,1,1,1
data_035,0,0.7890934348106384,0.7199596762657166,-0.06913375854492188,0.3095906972885132,5,1,0.0,0,0,0,0,0,0,0,0,1,0,0,0
data_035,0,0.6700093746185303,0.7749372720718384,0.1049278974533081,0.0,9,1,0.6153846153846154,0,0,0,0,0,0,0,0,0,0,0,0
data_036,1,0.4724096357822418,0.8692476153373718,0.39683797955513,0.0,3,0,0.8235294117647058,1,1,1,1,1,1,1,1,1,1,1,1
data_036,1,0.27855023741722107,0.9245734810829163,0.6460232436656952,0.0,1,0,1.0,1,1,1,1,1,1,1,1,1,1,1,1
data_036,1,0.26485881209373474,0.9030540585517883,0.6381952464580536,0.0,6,0,1.0,1,1,1,1,1,1,1,1,1,1,1,1
data_036,1,0.34383609890937805,0.7604925036430359,0.41665640473365784,0.0,7,0,1.0,1,1,1,1,1,1,1,1,1,1,1,1
data_036,0,0.9019742012023926,0.7717027068138123,-0.13027149438858032,0.21847282350063324,13,1,0.0,0,0,0,0,0,0,0,0,0,0,0,0
data_036,0,0.6547976732254028,0.7714444398880005,0.11664676666259766,0.0,9,1,0.47058823529411764,0,0,0,0,0,0,0,0,0,0,0,0
data_036,0,0.7652730345726013,0.797968327999115,0.03269529342651367,0.20010130107402802,9,1,0.058823529411764705,0,0,0,0,0,0,0,0,0,0,0,0
data_036,0,0.8021552562713623,0.6820865869522095,-0.12006866931915283,0.3203582167625427,4,1,0.0,0,0,0,0,1,1,1,0,1,1,1,0
data_036,1,0.6141574382781982,0.9572723507881165,0.3431149125099182,0.0,6,0,0.5882352941176471,1,1,1,1,1,1,1,1,1,1,1,1
data_036,1,0.4216822385787964,0.7958219647407532,0.3741397261619568,0.0,7,0,1.0,1,1,1,1,1,1,1,1,1,1,1,1
data_036,1,0.5849195122718811,0.955876350402832,0.3709568381309509,0.0,6,0,0.5882352941176471,1,1,1,1,1,1,1,1,1,1,1,1
data_036,0,0.8348920345306396,0.761674165725708,-0.07321786880493164,0.11150898039340973,7,1,0.0,1,1,1,1,1,1,1,1,1,1,1,1
data_036,1,0.8491469025611877,0.7160317897796631,-0.13311511278152466,0.30480605363845825,4,1,0.0,1,1,1,1,1,1,1,1,1,1,1,1
data_036,0,0.7587565183639526,0.7571943998336792,-0.0015621185302734375,0.21534518897533417,4,1,0.0,0,0,0,0,0,0,0,0,0,0,0,0
data_037,0,0.8051416277885437,0.7671404480934143,-0.038001179695129395,0.7930485606193542,3,1,0.0,0,0,0,0,0,0,0,0,0,0,0,0
data_037,0,0.8515089154243469,0.7975926399230957,-0.05391627550125122,0.6115670204162598,3,1,0.0,0,0,0,0,0,0,0,0,0,0,0,0
data_037,0,0.8626749515533447,0.7499721646308899,-0.11270278692245483,0.7090446352958679,4,1,0.0,0,0,0,0,0,0,0,0,0,0,0,0
data_037,0,0.7349811792373657,0.6364982724189758,-0.09848290681838989,0.706020176410675,1,1,0.0,0,0,0,0,1,1,0,0,1,1,0,0
data_037,0,0.7693766355514526,0.7406933903694153,-0.028683245182037354,0.8002326488494873,3,1,0.0,0,0,0,0,0,0,0,0,1,1,0,0
data_037,0,0.8999392986297607,0.7899979948997498,-0.10994130373001099,0.617662250995636,4,1,0.0,0,0,0,0,0,0,0,0,0,0,0,0
data_037,0,0.9355579614639282,0.7699215412139893,-0.16563642024993896,0.23792040348052979,3,1,0.0,0,0,0,0,0,0,0,0,0,1,0,0
data_037,0,0.72156822681427,0.5532123446464539,-0.16835588216781616,0.35063767433166504,1,1,0.0,0,0,0,0,0,0,0,0,1,0,0,0
data_037,0,0.7815794348716736,0.9478446245193481,0.16626518964767456,0.3020394444465637,4,1,0.25,0,0,0,0,1,0,0,0,1,0,1,0
data_037,1,0.696941614151001,0.7018576264381409,0.004916012287139893,0.1031266525387764,3,1,0.5,1,0,0,0,1,1,0,0,1,1,1,0
data_037,0,0.7698563933372498,0.9165002107620239,0.14664381742477417,0.10758224129676819,5,1,0.25,0,0,0,0,1,1,0,0,1,1,0,0
data_037,0,0.7495656609535217,0.7676310539245605,0.01806539297103882,0.20245593786239624,4,1,0.25,0,0,0,0,0,0,0,0,1,0,0,0
data_037,0,0.6258854866027832,0.7221768498420715,0.09629136323928833,0.098634272813797,1,0,0.5,0,0,0,0,0,0,0,0,1,0,0,0
data_037,0,0.7207180261611938,0.736739993095398,0.0160219669342041,0.10757056623697281,2,1,0.25,0,0,0,0,0,0,0,0,1,0,1,0
data_038,0,0.3009122312068939,0.7296545505523682,0.42874231934547424,0.0,3,0,1.0,0,1,0,0,1,1,1,0,1,1,1,0
data_038,1,0.3161866068840027,0.7271546721458435,0.4109680652618408,0.0,1,0,1.0,1,1,1,1,1,1,1,1,1,1,1,1
data_038,0,0.8714843988418579,0.711578369140625,-0.1599060297012329,0.4347061216831207,2,1,0.0,0,0,0,0,0,0,0,0,0,0,0,0
data_038,0,0.8231219053268433,0.6364941000938416,-0.1866278052330017,0.5511801838874817,1,1,0.0,0,0,0,0,0,0,0,0,0,0,0,0
data_038,0,0.7460426092147827,0.7135937213897705,-0.03244888782501221,0.31891611218452454,3,1,0.0,0,0,0,0,0,0,0,0,0,0,0,0
data_038,0,0.822068452835083,0.7563303709030151,-0.06573808193206787,0.31526413559913635,5,1,0.0,0,0,0,0,0,0,0,0,1,0,0,0
data_038,0,0.6668652296066284,0.770265519618988,0.10340029001235962,0.09584077447652817,7,1,0.3333333333333333,0,0,0,0,0,0,0,0,1,0,0,1
data_038,0,0.784131646156311,0.7762995362281799,-0.007832109928131104,0.21462246775627136,5,1,0.0,0,0,0,0,0,0,0,0,1,1,1,0
data_038,0,0.8129282593727112,0.7785043716430664,-0.034423887729644775,0.5043333768844604,7,1,0.0,0,0,0,0,0,0,0,0,0,1,0,0
data_038,0,0.6036909818649292,0.7172924876213074,0.11360150575637817,0.09563615918159485,1,0,0.3333333333333333,0,0,0,0,1,1,0,0,1,1,1,0
data_038,0,0.6720111966133118,0.6943415403366089,0.02233034372329712,0.2012598067522049,4,1,0.2222222222222222,0,0,0,0,0,0,0,0,1,0,0,0
data_038,0,0.7622562646865845,0.8609344959259033,0.09867823123931885,0.09853066504001617,7,1,0.2222222222222222,0,0,0,0,0,0,0,0,1,1,1,0
data_038,0,0.6372265219688416,0.741754412651062,0.10452789068222046,0.09482897818088531,3,0,0.3333333333333333,0,0,0,0,0,0,0,0,0,0,1,0
data_038,0,0.5804039835929871,0.869121789932251,0.2887178063392639,0.17479117214679718,2,0,0.3333333333333333,0,0,0,1,1,1,1,0,1,1,1,1
data_039,0,0.7288453578948975,0.8005019426345825,0.07165658473968506,0.2963046431541443,4,1,0.13333333333333333,0,0,0,0,0,0,0,0,0,0,0,0
data_039,0,0.6652200222015381,0.6914854645729065,0.026265442371368408,0.5039856433868408,2,1,0.06666666666666667,0,0,0,0,0,0,0,0,0,0,0,0
data_039,0,0.8022838830947876,0.6249186396598816,-0.177365243434906,0.43235957622528076,1,1,0.0,0,0,0,0,0,1,0,0,0,0,0,0
data_039,0,0.7197996973991394,0.5747185349464417,-0.14508116245269775,0.6295026540756226,1,1,0.0,0,0,0,0,0,0,0,0,1,0,1,0
data_039,0,0.7182700037956238,0.6223100423812866,-0.09595996141433716,0.508034884929657,1,1,0.0,0,0,0,0,0,0,0,0,0,0,0,0
data_039,0,0.7266876101493835,0.6377833485603333,-0.08890426158905029,0.8061348795890808,1,1,0.0,0,0,0,0,0,0,0,0,0,0,0,0
data_039,0,0.8951771259307861,0.6989350914955139,-0.19624203443527222,0.3376513719558716,2,1,0.0,0,0,0,0,0,0,0,0,0,0,0,0
data_039,0,0.9230537414550781,0.8183524012565613,-0.10470134019851685,0.22404667735099792,5,1,0.0,0,0,0,0,0,0,0,0,0,0,0,0
data_039,0,0.5907742977142334,0.701539158821106,0.11076486110687256,0.0,2,0,0.4666666666666667,0,0,0,0,1,0,0,0,1,0,0,1
data_039,0,0.876645028591156,0.7080636620521545,-0.16858136653900146,0.4216662347316742,6,1,0.0,0,0,0,0,1,1,0,0,1,1,0,0
data_039,0,0.6574928760528564,0.6987329721450806,0.04124009609222412,0.30194446444511414,4,1,0.06666666666666667,0,0,0,0,0,0,0,0,0,0,0,0
data_039,0,0.7268820405006409,0.7330883741378784,0.006206333637237549,0.20370177924633026,12,1,0.06666666666666667,0,1,1,0,1,1,0,0,1,1,0,0
data_039,0,0.8677234053611755,0.7189804315567017,-0.14874297380447388,0.2188645750284195,4,1,0.0,0,0,0,0,0,0,0,0,0,0,0,0
data_039,0,0.7920313477516174,0.49587371945381165,-0.2961576282978058,0.6350919604301453,1,1,0.0,0,0,0,0,0,0,0,0,0,0,0,0
data_039,0,0.8209459781646729,0.7343902587890625,-0.08655571937561035,0.2194771021604538,3,1,0.0,0,0,0,0,0,0,0,0,0,0,0,0
data_039,0,0.6962035894393921,0.5763224363327026,-0.11988115310668945,0.7178187966346741,1,1,0.0,0,0,0,0,0,0,0,0,0,0,0,0
data_040,0,0.8188223838806152,0.7722622156143188,-0.04656016826629639,0.606778085231781,9,1,0.0,0,0,0,0,0,0,0,0,0,0,0,0
data_040,0,0.8351324200630188,0.8464756011962891,0.011343181133270264,0.4065355062484741,10,1,0.09090909090909091,0,0,0,0,0,0,0,0,1,0,0,0
data_040,0,0.8798151016235352,0.765224277973175,-0.11459082365036011,0.4211781620979309,8,1,0.0,0,0,0,0,0,0,0,0,0,0,0,0
data_040,0,0.8253872990608215,0.7637932300567627,-0.06159406900405884,0.4012678861618042,10,1,0.0,0,0,0,0,0,0,0,0,0,0,1,0
data_040,0,0.847393810749054,0.8450403809547424,-0.0023534297943115234,0.4062867760658264,10,1,0.0,0,0,0,0,0,0,0,0,0,0,0,0
data_040,0,0.7521155476570129,0.8610459566116333,0.10893040895462036,0.2900516092777252,8,1,0.09090909090909091,1,1,0,0,1,1,1,0,1,1,1,0
data_040,0,0.8375334739685059,0.7488840222358704,-0.0886494517326355,0.3169330358505249,9,1,0.0,0,0,0,0,0,0,0,0,0,0,0,0
data_040,0,0.7229965925216675,0.9073561429977417,0.18435955047607422,0.09287755936384201,7,1,0.36363636363636365,0,0,0,0,0,0,0,0,0,0,0,0
data_040,0,0.8894903063774109,0.8679670095443726,-0.02152329683303833,0.21652141213417053,10,1,0.0,0,0,0,0,0,0,0,0,0,0,0,0
data_040,0,0.9289932250976562,0.8201562166213989,-0.10883700847625732,0.40394219756126404,8,1,0.0,0,0,0,0,0,0,0,0,0,0,0,0
data_040,0,0.7516022324562073,0.7084084749221802,-0.0431937575340271,0.607572078704834,7,1,0.0,0,0,0,0,1,0,0,0,1,0,0,0
data_040,0,0.8372625708580017,0.8157167434692383,-0.021545827388763428,0.11148301512002945,8,1,0.0,0,0,0,0,0,0,0,0,0,0,0,0
data_040,0,0.7238016128540039,0.823650062084198,0.09984844923019409,0.0,9,1,0.45454545454545453,0,0,0,0,0,0,0,0,1,0,0,0
data_040,0,0.6932923197746277,0.8056356310844421,0.11234331130981445,0.0,10,1,0.45454545454545453,0,0,0,0,0,0,0,1,0,0,0,0
data_040,1,0.6569909453392029,0.7785753011703491,0.12158435583114624,0.09403406828641891,6,1,0.36363636363636365,1,0,1,0,1,1,0,0,1,1,0,0
data_040,0,0.8097660541534424,0.7660907506942749,-0.04367530345916748,0.41111627221107483,5,1,0.0,0,0,0,0,0,0,0,0,0,0,0,0
data_040,0,0.731009304523468,0.8532929420471191,0.12228363752365112,0.09539365023374557,9,1,0.2727272727272727,0,0,0,0,0,0,0,0,0,0,0,0
data_040,0,0.8519013524055481,0.7686742544174194,-0.08322709798812866,0.41168373823165894,9,1,0.0,0,0,0,0,0,0,0,0,0,1,0,0
data_041,0,0.8085654973983765,0.670132577419281,-0.13843291997909546,0.42129722237586975,2,1,0.0,0,0,0,0,0,0,0,0,0,0,0,0
data_041,0,0.9085415601730347,0.9170288443565369,0.008487284183502197,0.6969748735427856,6,1,0.16666666666666666,0,0,0,0,1,0,0,0,1,0,0,0
data_041,0,0.8531640768051147,0.8284120559692383,-0.024752020835876465,0.5067101120948792,7,1,0.0,0,0,0,0,0,0,0,0,0,0,0,0
data_041,0,0.9999989867210388,0.6792254447937012,-0.32077354192733765,1.0,3,1,0.0,0,0,0,0,0,0,0,0,0,0,0,0
data_041,0,0.7809504866600037,0.830919623374939,0.0499691367149353,0.7853883504867554,4,1,0.16666666666666666,0,0,0,0,0,0,0,0,0,0,0,0
data_041,0,0.9158591032028198,0.7848692536354065,-0.13098984956741333,0.516842782497406,5,1,0.0,0,0,0,0,0,0,0,0,0,0,0,0
data_041,0,0.6602810621261597,0.7144134044647217,0.05413234233856201,0.19867058098316193,4,1,0.5,0,0,0,0,0,0,0,0,0,0,0,0
data_041,0,0.8575241565704346,0.831321656703949,-0.026202499866485596,0.29972484707832336,6,1,0.0,0,0,0,0,0,0,0,0,0,0,0,0
data_041,0,0.7636116147041321,0.7813825011253357,0.017770886421203613,0.102572001516819,6,1,0.3333333333333333,0,0,0,0,0,0,0,0,0,1,0,0
data_041,0,0.8435565829277039,0.8143678903579712,-0.029188692569732666,0.4924575090408325,3,1,0.0,0,0,0,0,0,0,0,0,0,0,0,0
data_041,0,0.77538001537323,0.8205978274345398,0.045217812061309814,0.10956831276416779,3,1,0.16666666666666666,0,0,0,0,0,0,0,0,0,0,0,0
data_041,0,0.6846907734870911,0.7664470672607422,0.08175629377365112,0.09620228409767151,6,1,0.8333333333333334,0,0,0,0,1,1,0,0,1,1,1,1
data_041,0,0.6036896705627441,0.6188641786575317,0.015174508094787598,0.2969513535499573,0,0,0.3333333333333333,0,0,0,0,0,0,0,0,0,0,0,0
data_041,0,0.8266401886940002,0.7567906975746155,-0.06984949111938477,0.5205494165420532,5,1,0.0,0,0,0,0,0,0,0,0,0,0,0,0
data_041,0,0.7023844718933105,0.7523372769355774,0.049952805042266846,0.38752779364585876,5,1,0.5,1,1,0,0,1,1,1,0,1,1,1,0
data_041,0,0.8564889430999756,0.8010390996932983,-0.055449843406677246,0.3116829991340637,4,1,0.0,0,0,0,0,0,0,0,0,0,0,0,0
data_041,0,0.8029807209968567,0.7297152876853943,-0.0732654333114624,0.3215026557445526,4,1,0.0,0,0,0,0,0,0,0,0,0,0,0,0
data_041,0,0.8215000629425049,0.6331244707107544,-0.1883755922317505,0.3181372284889221,1,1,0.0,0,0,0,0,0,0,0,0,0,0,0,0
data_042,0,0.7893635034561157,0.7550427913665771,-0.034320712089538574,0.21092185378074646,5,1,0.0,0,0,0,0,0,0,0,0,0,0,0,0
data_042,0,0.8472496271133423,0.5727062225341797,-0.2745434045791626,0.4338443875312805,1,1,0.0,0,0,0,0,0,0,0,0,0,0,0,0
data_042,0,0.7162862420082092,0.7111984491348267,-0.005087792873382568,0.31060919165611267,2,1,0.0,0,0,0,0,0,0,0,0,0,0,0,0
data_042,0,0.6246774196624756,0.6599512696266174,0.035273849964141846,0.20061756670475006,1,0,0.1,0,0,0,0,0,0,0,0,0,0,0,0
data_042,0,0.629927396774292,0.7305370569229126,0.1006096601486206,0.3919305205345154,2,0,0.1,0,0,0,0,1,0,0,0,1,1,0,0
data_042,0,0.8648033142089844,0.5642849802970886,-0.30051833391189575,0.7378425598144531,1,1,0.0,0,0,0,0,0,0,0,0,0,0,0,0
data_042,0,0.7094069719314575,0.5938646197319031,-0.11554235219955444,0.4249415099620819,1,1,0.0,0,0,0,0,0,1,0,0,1,1,0,0
data_042,0,0.792644739151001,0.7550769448280334,-0.03756779432296753,0.21709568798542023,8,1,0.0,0,0,0,0,0,0,0,0,0,0,0,0
data_042,0,0.8296164870262146,0.7162778973579407,-0.11333858966827393,0.22042156755924225,4,1,0.0,0,0,0,0,0,0,0,0,1,1,0,0
data_042,0,0.7419627904891968,0.7582846283912659,0.016321837902069092,0.30650317668914795,4,1,0.05,0,0,0,0,0,0,0,0,0,0,0,0
data_042,1,0.8010367155075073,0.6318881511688232,-0.16914856433868408,0.420695960521698,1,1,0.0,1,1,0,0,1,1,1,1,1,1,1,0
data_042,0,0.6621490716934204,0.7022453546524048,0.040096282958984375,0.097786083817482,7,1,0.25,0,0,0,0,0,0,0,0,1,0,0,0
data_042,0,0.6576278209686279,0.7408159971237183,0.08318817615509033,0.0,9,1,0.4,0,0,0,0,0,0,0,0,1,0,0,0
data_042,0,0.48553895950317383,0.6298628449440002,0.14432388544082642,0.0,0,0,0.35,0,0,0,0,0,0,0,0,0,1,0,0
data_042,0,0.6236871480941772,0.6123498678207397,-0.0113372802734375,0.5010058879852295,0,0,0.0,0,0,0,0,0,0,0,0,1,0,0,0
data_042,0,0.6928133964538574,0.5456305146217346,-0.1471828818321228,0.5385498404502869,1,1,0.0,0,0,0,0,0,0,0,0,1,0,0,0
data_043,1,0.6011209487915039,0.6860952973365784,0.08497434854507446,0.0960993841290474,2,0,0.375,1,1,1,1,1,1,1,1,1,1,1,1
data_043,0,0.5166770815849304,0.72194904088974,0.20527195930480957,0.09131323546171188,1,0,0.625,1,0,1,1,1,1,1,1,1,1,1,1
data_043,0,0.4347214102745056,0.6714885234832764,0.23676711320877075,0.0,3,0,1.0,1,1,0,0,1,1,0,0,1,1,0,0
data_043,0,0.49596545100212097,0.72914719581604,0.23318174481391907,0.0,3,0,1.0,0,0,0,0,1,0,0,0,1,1,0,0
data_043,0,0.7426030039787292,0.8065709471702576,0.06396794319152832,0.5818337202072144,3,1,0.25,0,1,0,1,1,1,1,1,1,1,1,1
data_043,0,0.7448330521583557,0.6584218144416809,-0.0864112377166748,0.6129257678985596,2,1,0.0,0,0,0,0,0,0,0,0,0,0,0,0
data_043,0,0.7411113381385803,0.7537513971328735,0.012640058994293213,0.30394086241722107,4,1,0.125,0,0,0,0,1,0,0,0,1,0,0,0
data_043,0,0.6178138256072998,0.6493329405784607,0.03151911497116089,0.2964131832122803,0,0,0.25,0,1,1,0,0,1,1,0,1,1,1,0
data_043,0,0.6611776351928711,0.7226920127868652,0.06151437759399414,0.2935546934604645,5,1,0.5,0,0,0,0,0,1,0,1,0,1,1,1
data_043,1,0.6530312299728394,0.6310688853263855,-0.021962344646453857,0.7996277809143066,1,1,0.0,0,1,0,0,1,1,1,0,1,1,1,0
data_043,0,0.7764987349510193,0.6415157914161682,-0.13498294353485107,0.6185390949249268,1,1,0.0,0,1,0,0,1,1,1,0,1,1,1,1
data_043,0,0.7931413054466248,0.6737818121910095,-0.11935949325561523,0.4111887812614441,4,1,0.0,0,0,0,0,1,0,0,0,1,0,0,0
data_043,0,0.6712056398391724,0.7339710593223572,0.06276541948318481,0.685225784778595,3,1,0.125,0,0,0,0,0,0,0,0,0,0,0,0
data_043,1,0.6217073798179626,0.7034135460853577,0.08170616626739502,0.29331204295158386,2,0,0.25,0,0,0,0,0,1,1,0,1,1,1,0
data_043,0,0.841308057308197,0.7591350078582764,-0.08217304944992065,0.4238049387931824,3,1,0.0,0,0,0,0,0,0,0,0,0,0,0,0
data_043,0,0.6644403338432312,0.7341927289962769,0.06975239515304565,0.295926034450531,3,1,0.25,0,0,0,0,1,0,0,0,1,1,0,0
data_044,0,0.9430980682373047,0.7485555410385132,-0.1945425271987915,0.12905271351337433,10,1,0.0,0,0,0,0,0,0,0,0,0,0,0,0
data_044,0,0.7349391579627991,0.7710689306259155,0.036129772663116455,0.10460510104894638,5,1,0.11764705882352941,0,0,0,0,0,0,0,0,1,0,1,0
data_044,0,0.6062857508659363,0.675463855266571,0.06917810440063477,0.09697498381137848,3,0,0.35294117647058826,0,0,0,0,1,1,0,0,1,1,0,0
data_044,1,0.7006765007972717,0.765631377696991,0.06495487689971924,0.19467498362064362,7,1,0.17647058823529413,1,1,1,1,1,1,1,1,1,1,1,1
data_044,0,0.631147027015686,0.730344831943512,0.09919780492782593,0.19489885866641998,3,0,0.17647058823529413,0,0,0,0,0,0,0,0,0,0,0,0
data_044,0,0.7260745167732239,0.7675206661224365,0.041446149349212646,0.2990220785140991,6,1,0.058823529411764705,0,0,0,0,0,0,0,0,0,0,0,0
data_044,0,0.5547184348106384,0.6175973415374756,0.06287890672683716,0.0,0,0,0.35294117647058826,0,0,0,0,0,0,0,0,0,0,0,0
data_044,0,0.7495851516723633,0.714591383934021,-0.034993767738342285,0.4198358654975891,3,1,0.0,0,0,0,0,0,0,0,0,0,0,0,0
data_044,0,0.6439655423164368,0.7466456294059753,0.10268008708953857,0.09698896110057831,4,0,0.23529411764705882,0,0,0,0,0,0,0,0,1,1,0,0
data_044,0,0.6643824577331543,0.6675763726234436,0.0031939148902893066,0.1040564626455307,2,1,0.058823529411764705,0,0,0,0,0,1,0,0,1,1,1,0
data_044,1,0.6470969319343567,0.7310287356376648,0.0839318037033081,0.29039260745048523,2,0,0.11764705882352941,1,1,1,1,1,1,1,1,1,1,1,1
data_044,0,0.7572650909423828,0.7473301887512207,-0.00993490219116211,0.3085830807685852,6,1,0.0,0,0,0,0,0,0,0,0,0,0,0,0
data_044,0,0.8357168436050415,0.8130902051925659,-0.022626638412475586,0.31332141160964966,6,1,0.0,0,0,0,0,0,0,0,0,1,1,0,0
data_044,0,0.6625145673751831,0.6937532424926758,0.031238675117492676,0.10572829097509384,2,1,0.058823529411764705,0,0,0,0,1,1,0,0,1,1,1,0
data_044,0,0.7743926644325256,0.6670071482658386,-0.10738551616668701,0.5181734561920166,2,1,0.0,0,0,0,0,0,0,0,0,0,0,0,0
data_044,0,0.8146349191665649,0.7460556626319885,-0.06857925653457642,0.21794547140598297,3,1,0.0,0,0,0,0,1,1,0,0,1,1,1,0
data_044,0,0.6392361521720886,0.663405179977417,0.02416902780532837,0.39628028869628906,3,0,0.17647058823529413,0,0,0,0,0,0,0,0,0,0,0,0
data_044,0,0.7278845310211182,0.6350321173667908,-0.09285241365432739,0.41217198967933655,1,1,0.0,0,0,0,0,0,0,0,0,1,0,0,0
data_044,0,0.666424036026001,0.7273737788200378,0.060949742794036865,0.4993123412132263,2,1,0.058823529411764705,0,0,0,0,0,0,0,0,0,1,0,0
data_045,0,0.7512140870094299,0.5705977082252502,-0.1806163787841797,1.0,1,1,0.0,0,0,0,0,0,0,0,0,0,0,0,0
data_045,0,0.9843066930770874,0.766260027885437,-0.2180466651916504,0.8970630168914795,2,1,0.0,0,0,0,0,0,0,0,0,0,0,0,0
data_045,0,0.7863209843635559,0.5913236141204834,-0.1949973702430725,1.0,1,1,0.0,0,0,0,0,0,0,0,0,1,0,0,0
data_045,1,0.7729219794273376,0.7008079886436462,-0.0721139907836914,1.0,2,1,0.0,0,1,1,0,1,1,1,1,1,1,1,0
data_045,0,0.7403668165206909,0.7001568675041199,-0.040209949016571045,0.8024691939353943,2,1,0.0,0,0,0,0,0,0,0,0,0,0,0,0
data_045,0,0.850171685218811,0.7222006916999817,-0.12797099351882935,0.7145853638648987,2,1,0.0,1,1,0,0,1,1,1,1,1,1,1,0
data_045,0,0.5695581436157227,0.7034481167793274,0.13388997316360474,0.192962184548378,1,0,0.16666666666666666,0,0,0,0,0,0,0,0,0,0,0,0
data_045,0,0.6723634004592896,0.708562970161438,0.03619956970214844,0.09735922515392303,3,1,0.08333333333333333,0,0,0,0,0,0,0,0,1,1,1,0
data_045,0,0.8840368390083313,0.7429690957069397,-0.1410677433013916,0.4283856451511383,2,1,0.0,0,0,0,0,0,0,0,0,0,0,0,0
data_045,0,0.7037180662155151,0.6963815689086914,-0.0073364973068237305,0.32151666283607483,2,1,0.0,0,0,0,0,0,0,0,0,0,0,0,0
data_046,0,0.6383571624755859,0.7429627776145935,0.10460561513900757,0.0,6,0,1.0,0,1,0,0,1,1,0,0,1,1,1,0
data_046,0,0.6243228912353516,0.7395105957984924,0.11518770456314087,0.09304483234882355,3,0,0.42857142857142855,0,0,0,0,0,1,0,0,0,0,0,0
data_046,0,0.7677517533302307,0.8583564162254333,0.09060466289520264,0.29716238379478455,7,1,0.14285714285714285,0,0,0,0,0,0,0,0,1,1,1,0
data_046,1,0.6335251927375793,0.7583526372909546,0.12482744455337524,0.17943190038204193,3,0,0.42857142857142855,1,1,0,1,1,1,1,1,1,1,1,1
data_046,0,0.7528218030929565,0.7972721457481384,0.044450342655181885,0.20280097424983978,5,1,0.14285714285714285,0,0,0,0,1,1,0,0,1,1,0,0
data_046,0,0.7379475235939026,0.7160767316818237,-0.021870791912078857,0.39315518736839294,4,1,0.0,0,0,0,0,1,1,0,0,1,1,0,0
data_046,0,0.9615808129310608,0.6075976490974426,-0.35398316383361816,0.45521023869514465,1,1,0.0,0,0,0,0,0,0,0,0,0,0,0,0
data_046,0,0.6919158101081848,0.7798422574996948,0.08792644739151001,0.19485048949718475,6,1,0.5714285714285714,0,0,0,0,0,0,0,0,1,0,1,0
data_046,0,0.8129373788833618,0.8107853531837463,-0.0021520256996154785,0.304844468832016,6,1,0.0,0,0,0,0,0,0,0,0,1,0,0,0
data_046,0,0.8344345688819885,0.6426169872283936,-0.19181758165359497,0.6205654740333557,1,1,0.0,0,0,0,0,0,0,0,0,0,0,0,0
data_046,0,0.8260964751243591,0.6856052279472351,-0.14049124717712402,0.908999502658844,6,1,0.0,0,0,0,0,0,0,0,0,0,0,0,0
data_046,0,0.8416367173194885,0.7624647617340088,-0.07917195558547974,0.5013773441314697,2,1,0.0,0,0,0,0,0,0,0,0,1,1,0,0
data_046,0,0.7892502546310425,0.7591426372528076,-0.030107617378234863,0.3043481409549713,8,1,0.0,0,0,0,0,1,0,0,0,1,1,0,0
data_046,0,0.7296006679534912,0.6537408232688904,-0.07585984468460083,0.4235441982746124,2,1,0.0,0,0,0,0,0,0,0,0,1,0,0,0
data_046,0,0.7214420437812805,0.6184015274047852,-0.10304051637649536,0.22191722691059113,1,1,0.0,0,0,0,0,0,0,0,0,0,0,0,0
data_046,0,0.8469772338867188,0.5282902717590332,-0.31868696212768555,0.34609436988830566,1,1,0.0,0,0,0,0,0,0,0,0,0,0,0,0
data_046,0,0.6840302348136902,0.7618504762649536,0.07782024145126343,0.09743617475032806,6,1,0.42857142857142855,0,0,0,0,0,0,0,0,1,0,0,0
data_047,0,0.8395678400993347,0.7103757262229919,-0.12919211387634277,0.5326479077339172,3,1,0.0,0,0,0,0,0,0,0,0,0,0,0,0
data_047,0,0.8036381602287292,0.777351438999176,-0.026286721229553223,0.6690995693206787,3,1,0.0,0,0,0,0,0,0,0,0,0,0,0,0
data_047,0,0.9129908680915833,0.5894518494606018,-0.32353901863098145,0.6323321461677551,1,1,0.0,0,0,0,0,0,0,0,0,0,0,0,0
data_047,0,0.6975579857826233,0.6354436874389648,-0.06211429834365845,0.6876101493835449,1,1,0.0,0,0,0,0,0,0,0,0,1,0,0,0
data_047,0,0.8478344082832336,0.7348634600639343,-0.11297094821929932,0.7989828586578369,2,1,0.0,0,0,0,0,0,0,0,0,0,0,0,0
data_047,0,0.6875442266464233,0.5737719535827637,-0.11377227306365967,0.8002750873565674,1,1,0.0,0,0,0,0,0,0,0,0,0,0,0,0
data_047,0,0.8455507159233093,0.6125388741493225,-0.23301184177398682,0.2500550150871277,1,1,0.0,0,0,0,0,0,0,0,0,0,0,0,0
data_047,0,0.7333869338035583,0.6827643513679504,-0.05062258243560791,0.21559037268161774,2,1,0.0,0,0,0,0,0,0,0,0,0,0,1,0
data_047,0,0.7383854389190674,0.6234538555145264,-0.11493158340454102,0.2389606088399887,1,1,0.0,0,0,0,0,0,0,0,0,0,0,0,0
data_047,0,0.6657186150550842,0.8457832336425781,0.1800646185874939,0.10101449489593506,4,1,0.375,0,1,0,0,0,1,0,0,1,1,1,0
data_047,0,0.6679143905639648,0.7246049642562866,0.05669057369232178,0.09912111610174179,3,1,0.25,0,0,0,0,0,0,0,0,1,0,0,0
data_047,0,0.7914779782295227,0.6772961616516113,-0.11418181657791138,0.23195785284042358,2,1,0.0,0,0,0,0,0,0,1,0,1,1,0,0
data_047,0,0.7207854986190796,0.7404980659484863,0.01971256732940674,0.11218801885843277,3,1,0.25,0,0,0,0,0,0,0,0,1,0,0,0
data_047,0,0.7535473108291626,0.711778998374939,-0.04176831245422363,0.6048370003700256,3,1,0.0,0,0,0,0,0,0,0,0,0,0,0,0
data_047,0,0.8067137598991394,0.6641393899917603,-0.14257436990737915,0.3221554160118103,3,1,0.0,0,0,0,0,0,0,0,0,0,0,0,0
data_047,0,0.47828835248947144,0.7362657189369202,0.25797736644744873,0.0,1,0,0.75,0,0,0,0,1,0,0,0,1,0,0,0
data_047,0,0.8488075137138367,0.7353509664535522,-0.11345654726028442,0.21320146322250366,9,1,0.0,0,0,0,0,0,0,0,0,0,0,0,0
data_047,0,0.7595342993736267,0.6843109726905823,-0.07522332668304443,0.41350623965263367,2,1,0.0,0,0,0,0,0,0,0,0,1,0,0,0
data_047,0,0.5635560154914856,0.6418372988700867,0.07828128337860107,0.18825095891952515,0,0,0.125,0,0,0,0,0,0,0,0,1,0,0,0
data_047,0,0.8456555008888245,0.6647725105285645,-0.18088299036026,0.641571581363678,2,1,0.0,0,0,0,0,0,0,0,0,0,0,0,0
data_047,0,0.8437049388885498,0.701249361038208,-0.1424555778503418,0.12359238415956497,4,1,0.0,0,0,0,0,0,0,0,0,0,0,0,0
data_047,0,0.7300592064857483,0.45771291851997375,-0.27234628796577454,0.6664380431175232,1,1,0.0,0,0,0,0,0,0,0,0,0,0,0,0
data_048,0,0.6840558648109436,0.8203446269035339,0.13628876209259033,0.0,12,1,0.6111111111111112,0,0,0,0,0,0,0,0,0,0,0,0
data_048,1,0.6520916819572449,0.7101793885231018,0.058087706565856934,0.0,12,1,0.6111111111111112,1,1,1,1,1,1,1,1,1,1,1,1
data_048,0,0.7126592397689819,0.8355065584182739,0.12284731864929199,0.0,12,1,0.3333333333333333,0,0,0,0,0,0,0,0,0,0,0,0
data_048,0,0.9070764780044556,0.7749229073524475,-0.13215357065200806,0.2361047863960266,5,1,0.0,0,0,0,0,0,0,0,0,0,0,0,0
data_048,0,0.7141964435577393,0.8049207329750061,0.09072428941726685,0.0,12,1,0.4444444444444444,0,0,0,0,1,1,1,0,1,1,1,0
data_048,0,0.635971188545227,0.7744321823120117,0.13846099376678467,0.0,6,0,0.4444444444444444,0,0,0,0,0,0,0,0,0,0,0,0
data_048,0,0.6047364473342896,0.6538108587265015,0.049074411392211914,0.0,1,0,0.4444444444444444,0,0,0,0,0,0,0,0,0,0,0,0
data_048,0,0.8444890379905701,0.8230851888656616,-0.021403849124908447,0.10797133296728134,12,1,0.0,0,0,0,0,0,0,0,0,0,0,0,0
data_048,1,0.6668568849563599,0.6850309371948242,0.018174052238464355,0.1985986977815628,3,1,0.1111111111111111,1,1,1,1,1,1,1,1,1,1,1,1
data_048,0,0.7925913333892822,0.6944199800491333,-0.09817135334014893,0.21714171767234802,7,1,0.0,0,0,0,0,0,0,0,0,0,0,0,0
data_048,1,0.581967294216156,0.676007091999054,0.09403979778289795,0.09606773406267166,2,0,0.2222222222222222,1,1,1,0,1,1,1,0,1,1,1,0
data_048,0,0.8092677593231201,0.8358347415924072,0.02656698226928711,0.6933966875076294,7,1,0.1111111111111111,0,0,0,0,0,0,0,0,0,0,0,0
data_048,1,0.6242937445640564,0.7357227802276611,0.11142903566360474,0.0,4,0,0.4444444444444444,0,0,0,0,0,0,0,0,1,0,1,0
data_048,1,0.5075064897537231,0.44840389490127563,-0.05910259485244751,0.24086761474609375,0,0,0.0,1,1,1,1,1,1,1,1,1,1,1,1
data_048,1,0.5557622313499451,0.5898242592811584,0.03406202793121338,0.19429436326026917,0,0,0.1111111111111111,0,0,0,0,0,0,0,0,1,0,0,0
data_048,0,0.6937935948371887,0.834149181842804,0.14035558700561523,0.0,7,1,0.2222222222222222,0,0,0,0,0,0,0,0,0,1,0,0
data_049,0,0.8922265768051147,0.667304277420044,-0.2249222993850708,0.4387938678264618,2,1,0.0,0,0,0,0,0,0,0,0,0,0,0,0
data_049,0,0.6924047470092773,0.6043400168418884,-0.08806473016738892,0.532930314540863,1,1,0.0,0,0,0,0,0,0,0,0,0,0,0,0
data_049,0,0.8553746342658997,0.7082505226135254,-0.14712411165237427,0.716077446937561,2,1,0.0,0,0,0,0,0,0,0,0,0,0,0,0
data_049,0,0.7864311337471008,0.6585527062416077,-0.12787842750549316,0.41764751076698303,2,1,0.0,0,0,0,0,0,0,0,0,0,0,0,0
data_049,0,0.8221389055252075,0.6072021126747131,-0.21493679285049438,0.632301926612854,1,1,0.0,0,0,0,0,0,0,0,0,0,0,0,0
data_049,0,0.6619657874107361,0.6912477612495422,0.029281973838806152,0.30156075954437256,3,1,0.3333333333333333,0,0,0,0,0,0,0,0,0,0,0,0
data_049,1,0.6756188869476318,0.7153934836387634,0.03977459669113159,0.2923835515975952,3,1,0.3333333333333333,1,1,0,0,1,1,1,0,1,1,1,0
data_049,0,0.7175434827804565,0.662458598613739,-0.05508488416671753,0.6067920923233032,2,1,0.0,0,0,0,0,0,0,0,0,0,0,0,0
data_049,0,0.6884503960609436,0.6343948245048523,-0.05405557155609131,0.4282003939151764,1,1,0.0,0,0,0,0,0,1,0,0,1,1,0,0
data_049,0,0.5886280536651611,0.6223987936973572,0.033770740032196045,0.298353374004364,0,0,0.16666666666666666,0,0,0,0,0,0,0,0,0,0,1,0
data_049,0,0.6028975248336792,0.6558088660240173,0.052911341190338135,0.2996459901332855,1,0,0.16666666666666666,0,0,0,0,1,1,0,0,1,1,1,0
data_049,1,0.5433632135391235,0.5564587116241455,0.013095498085021973,0.20105761289596558,0,0,0.16666666666666666,1,1,0,0,1,1,1,0,1,1,1,0
data_049,0,0.8285619020462036,0.6793020367622375,-0.14925986528396606,0.4318678677082062,2,1,0.0,0,0,0,0,0,0,0,0,0,0,0,0
data_049,0,0.7847780585289001,0.6084020137786865,-0.17637604475021362,0.4481515884399414,1,1,0.0,0,0,0,0,0,0,0,0,1,0,0,0
data_049,0,0.6959252953529358,0.6036514639854431,-0.09227383136749268,0.2152397185564041,1,1,0.0,0,0,0,0,0,0,0,0,0,0,0,0
data_049,0,0.5711448192596436,0.5572868585586548,-0.01385796070098877,0.11435101926326752,0,0,0.0,0,0,0,0,1,0,0,0,1,0,0,0
data_049,0,0.7581350803375244,0.6556420922279358,-0.10249298810958862,0.2174081951379776,2,1,0.0,0,1,0,0,1,1,1,0,1,1,1,0
data_049,0,0.5693066120147705,0.5214608311653137,-0.04784578084945679,0.3173997402191162,0,0,0.0,0,0,0,0,0,0,0,0,0,0,0,0
data_049,0,0.5560425519943237,0.6078445911407471,0.05180203914642334,0.0983116552233696,0,0,0.5,0,0,0,0,1,1,0,0,1,1,1,0
data_050,0,0.6427925825119019,0.6194509863853455,-0.023341596126556396,0.8929184079170227,0,0,0.0,0,0,0,0,0,0,0,0,0,0,0,0
data_050,0,0.6272796988487244,0.720031201839447,0.09275150299072266,0.8770873546600342,1,0,0.14285714285714285,0,0,0,0,0,1,0,0,1,1,1,0
data_050,0,0.8144883513450623,0.7539241909980774,-0.06056416034698486,0.11458796262741089,4,1,0.0,0,0,0,0,0,0,0,0,0,0,0,0
data_050,0,0.8535317182540894,0.785261869430542,-0.06826984882354736,0.22693482041358948,4,1,0.0,0,0,0,0,0,0,0,0,0,1,0,0
data_050,0,0.5592799782752991,0.5127812623977661,-0.04649871587753296,0.339896559715271,0,0,0.0,0,0,0,0,0,0,0,0,0,0,0,0
data_050,0,0.5399824976921082,0.5506410598754883,0.010658562183380127,0.40030086040496826,0,0,0.14285714285714285,0,0,0,0,0,0,0,0,0,0,0,0
data_050,0,0.7683113217353821,0.7608742117881775,-0.00743710994720459,0.40792566537857056,5,1,0.0,0,0,0,0,0,0,0,0,0,0,0,0
data_050,0,0.7098889350891113,0.6878159642219543,-0.022072970867156982,0.7033352255821228,2,1,0.0,0,0,0,0,0,0,0,0,0,0,0,0
data_050,0,0.6615228652954102,0.5743526220321655,-0.08717024326324463,0.809132993221283,1,1,0.0,0,0,0,0,0,0,0,0,0,0,0,0
data_050,0,0.6792722344398499,0.6102882027626038,-0.0689840316772461,0.7119452953338623,1,1,0.0,0,0,0,0,0,0,0,0,0,0,0,0
data_050,0,0.7415639758110046,0.7391261458396912,-0.0024378299713134766,0.7965940833091736,3,1,0.0,0,0,0,0,0,0,0,0,0,0,0,0
data_050,0,0.6391186118125916,0.7943663597106934,0.1552477478981018,0.3762262165546417,3,0,0.42857142857142855,0,0,0,0,1,1,0,0,1,1,0,0
data_050,1,0.5177788138389587,0.6739317178726196,0.1561529040336609,0.0,1,0,0.7142857142857143,1,0,0,1,1,1,0,0,1,1,0,0
data_050,0,0.6893828511238098,0.7318434119224548,0.04246056079864502,0.19590753316879272,4,1,0.2857142857142857,0,0,0,0,0,0,0,0,0,0,0,0
data_050,0,0.8056769967079163,0.7535863518714905,-0.05209064483642578,0.32636886835098267,3,1,0.0,0,0,0,0,0,0,0,0,0,0,0,0
data_050,0,0.5440225005149841,0.5149495601654053,-0.029072940349578857,0.11128637194633484,0,0,0.0,0,0,0,0,0,0,0,0,0,0,0,0
data_050,0,0.7419552206993103,0.6996809840202332,-0.04227423667907715,0.32383817434310913,3,1,0.0,0,1,0,0,0,1,0,0,1,1,0,0
data_051,0,0.9194047451019287,0.8005043864250183,-0.1189003586769104,0.12472129613161087,8,1,0.0,0,0,0,0,0,0,0,0,1,0,1,0
data_051,0,0.6422439813613892,0.734707772731781,0.09246379137039185,0.0,13,0,0.5416666666666666,0,0,0,0,1,1,0,0,1,1,0,1
data_051,0,0.7552982568740845,0.7577851414680481,0.002486884593963623,0.20741403102874756,10,1,0.041666666666666664,0,0,0,0,0,0,0,0,0,1,0,0
data_051,0,0.6702238917350769,0.7416119575500488,0.07138806581497192,0.4844196140766144,4,1,0.125,0,0,0,0,0,0,0,0,0,0,0,0
data_051,0,0.7501797676086426,0.8192525506019592,0.06907278299331665,0.2931891679763794,14,1,0.16666666666666666,0,0,0,0,0,0,0,0,0,0,0,0
data_051,0,0.649339497089386,0.6084761619567871,-0.04086333513259888,0.3077499568462372,0,0,0.0,0,0,0,0,0,0,0,0,1,0,0,0
data_051,0,0.7345079183578491,0.55767422914505,-0.17683368921279907,0.534513533115387,1,1,0.0,0,0,0,0,0,0,0,0,1,0,0,0
data_051,1,0.47046011686325073,0.7508090734481812,0.2803489565849304,0.0,2,0,0.3333333333333333,1,1,1,1,1,1,1,0,1,1,1,0
data_051,0,0.8476852774620056,0.8274744749069214,-0.02021080255508423,0.31469690799713135,11,1,0.0,0,0,0,0,0,0,0,0,0,0,0,0
data_051,0,0.7534739375114441,0.8071922063827515,0.05371826887130737,0.10223306715488434,10,1,0.08333333333333333,0,0,0,0,0,0,0,0,0,0,0,0
data_051,0,0.812540590763092,0.6529656052589417,-0.1595749855041504,0.4166407883167267,2,1,0.0,0,0,0,0,0,0,0,0,0,0,0,0
data_051,0,0.7071269154548645,0.8032868504524231,0.0961599349975586,0.0,16,1,0.375,0,0,0,0,0,0,0,0,0,0,0,0
data_051,0,0.8011379837989807,0.7228876948356628,-0.07825028896331787,0.11333629488945007,9,1,0.0,0,0,0,0,0,0,0,0,0,0,0,0
data_051,0,0.8581103682518005,0.671851396560669,-0.1862589716911316,0.23483796417713165,3,1,0.0,0,0,0,0,1,0,0,1,1,1,1,0
data_052,0,0.8338444232940674,0.7623805999755859,-0.07146382331848145,0.3008213937282562,4,1,0.0,0,0,0,0,0,0,0,0,0,0,0,0
data_052,0,0.7895252108573914,0.7630565762519836,-0.026468634605407715,0.3009375333786011,4,1,0.0,0,1,0,0,1,1,0,0,1,1,1,0
data_052,0,0.8460464477539062,0.7676796317100525,-0.07836681604385376,0.7921328544616699,2,1,0.0,0,0,0,0,0,0,0,0,0,0,0,0
data_052,0,0.7252564430236816,0.8221935629844666,0.09693711996078491,0.21136198937892914,2,1,0.125,1,1,1,0,1,1,1,1,1,1,1,1
data_052,0,0.811213493347168,0.7620377540588379,-0.04917573928833008,0.603124737739563,6,1,0.0,0,0,0,0,0,0,0,0,0,0,0,0
data_052,1,0.7459489107131958,0.6935837268829346,-0.05236518383026123,0.5114409923553467,2,1,0.0,1,1,0,0,1,1,0,1,1,1,1,1
data_052,0,0.812993586063385,0.7827602028846741,-0.030233383178710938,0.31196531653404236,2,1,0.0,0,0,0,0,0,0,0,0,0,0,0,0
data_052,0,0.8088542819023132,0.6450011134147644,-0.16385316848754883,0.3205852210521698,1,1,0.0,0,0,0,0,0,0,0,0,0,0,0,0
data_052,0,0.7392191290855408,0.6536184549331665,-0.08560067415237427,0.41989538073539734,3,1,0.0,0,0,0,0,0,0,0,0,0,0,0,0
data_052,0,0.6157554984092712,0.7243189811706543,0.10856348276138306,0.0,5,0,0.75,0,0,0,0,1,1,0,0,1,1,1,0
data_052,0,0.6962084770202637,0.6780126094818115,-0.01819586753845215,0.7023112773895264,2,1,0.0,1,0,0,0,1,1,0,0,1,1,1,0
data_052,0,0.7354112863540649,0.6238360404968262,-0.11157524585723877,0.5188392996788025,1,1,0.0,0,1,0,0,0,1,1,0,1,1,1,0
data_052,0,0.7100096344947815,0.6297850012779236,-0.08022463321685791,0.6180453896522522,1,1,0.0,0,0,0,0,0,0,0,0,0,0,0,0
data_052,0,0.6801987290382385,0.6136654019355774,-0.06653332710266113,0.32927730679512024,1,1,0.0,0,0,0,0,0,0,0,0,0,0,0,0
data_052,0,0.6474528908729553,0.7049580812454224,0.05750519037246704,0.09835297614336014,2,0,0.375,0,0,0,0,0,0,0,0,1,1,0,0
data_052,0,0.4723784029483795,0.5877927541732788,0.11541435122489929,0.0,0,0,0.625,0,0,0,0,0,1,1,0,1,1,1,0
data_053,0,0.7042771577835083,0.6829010844230652,-0.021376073360443115,0.3074169456958771,2,1,0.0,0,0,0,0,0,0,0,0,0,0,0,0
data_053,0,0.7252623438835144,0.6419929265975952,-0.08326941728591919,0.33434945344924927,1,1,0.0,0,0,0,0,0,0,0,0,0,0,0,0
data_053,0,0.8281177878379822,0.7594464421272278,-0.0686713457107544,0.21006843447685242,8,1,0.0,0,0,0,0,0,0,0,0,0,0,0,0
data_053,0,0.6615176796913147,0.6727754473686218,0.011257767677307129,0.20870934426784515,2,1,0.0625,0,0,0,0,0,0,0,0,0,0,0,0
data_053,0,0.7074540853500366,0.8087215423583984,0.10126745700836182,0.0,10,1,0.4375,0,0,0,0,1,0,0,0,1,0,0,0
data_053,0,0.7991121411323547,0.5908433198928833,-0.20826882123947144,0.7357652187347412,1,1,0.0,0,0,0,0,0,1,0,0,1,1,0,0
data_053,0,0.7518256902694702,0.6091488003730774,-0.14267688989639282,0.5316539406776428,1,1,0.0,0,1,0,0,0,1,0,0,0,0,0,0
data_053,0,0.7935591340065002,0.6028011441230774,-0.19075798988342285,0.723730206489563,1,1,0.0,0,0,0,0,0,0,0,0,0,0,0,0
data_053,0,0.7758302688598633,0.7093655467033386,-0.06646472215652466,0.30856478214263916,3,1,0.0,0,0,0,0,0,0,0,0,0,0,0,0
data_053,0,0.7230688333511353,0.6740602254867554,-0.04900860786437988,0.311070054769516,5,1,0.0,0,0,0,0,0,0,0,0,0,0,0,0
data_053,0,0.6736610531806946,0.5927204489707947,-0.0809406042098999,0.5056858658790588,1,1,0.0,0,0,0,0,0,0,0,0,0,0,0,0
data_053,0,0.8732380867004395,0.8519079089164734,-0.021330177783966064,0.2076449990272522,10,1,0.0,0,0,0,0,1,0,0,0,1,0,0,0
data_053,0,0.9193847179412842,0.5270637273788452,-0.39232099056243896,1.0,1,1,0.0,0,0,0,0,0,0,0,0,0,0,0,0
data_053,0,0.7021040320396423,0.7236621975898743,0.021558165550231934,0.1981937140226364,7,1,0.25,0,0,0,0,0,0,0,0,1,0,0,0
data_053,0,0.8208889365196228,0.713702380657196,-0.10718655586242676,0.9042453765869141,3,1,0.0,0,0,0,0,0,0,0,0,1,0,0,0
data_053,0,0.8668729066848755,0.6596992015838623,-0.20717370510101318,0.22601963579654694,3,1,0.0,0,0,0,0,0,0,0,0,0,0,0,0
data_053,0,0.785854160785675,0.7002155780792236,-0.08563858270645142,0.1221102699637413,3,1,0.0,0,0,0,0,0,0,0,0,0,0,0,0
data_053,0,0.7360799312591553,0.6628937721252441,-0.07318615913391113,0.6088064312934875,2,1,0.0,0,0,0,0,0,0,0,0,1,1,0,0
data_053,1,0.2561136484146118,0.8789395093917847,0.6228258609771729,0.0,5,0,0.875,1,1,1,1,1,1,1,1,1,1,1,1
data_053,1,0.37030038237571716,0.6005971431732178,0.2302967607975006,0.0,0,0,0.5,1,1,1,1,1,1,1,1,1,1,1,1
data_053,1,0.3650101125240326,0.6287209987640381,0.2637108862400055,0.0,0,0,0.875,1,1,1,1,1,1,1,1,1,1,1,1
data_053,1,0.18115544319152832,0.5986270308494568,0.41747158765792847,0.0,0,0,0.9375,1,1,1,1,1,1,1,1,1,1,1,1
data_053,1,0.27199944853782654,0.9055190086364746,0.6335195600986481,0.0,11,0,0.875,1,1,1,1,1,1,1,1,1,1,1,1
data_054,0,0.8851341009140015,0.7626743912696838,-0.12245970964431763,0.6096609830856323,3,1,0.0,0,0,0,0,0,0,0,0,0,0,0,0
data_054,0,0.8096567988395691,0.5166981816291809,-0.2929586172103882,1.0,1,1,0.0,0,0,0,0,0,0,0,0,0,0,0,0
data_054,1,0.7733227014541626,0.5923947095870972,-0.18092799186706543,0.8160887360572815,1,1,0.0,1,1,0,1,1,1,1,1,1,1,1,1
data_054,0,0.8692328929901123,0.7370221614837646,-0.13221073150634766,0.3110848665237427,3,1,0.0,0,0,0,0,0,0,0,0,0,0,0,0
data_054,0,0.7440832853317261,0.555760383605957,-0.18832290172576904,0.912432849407196,1,1,0.0,0,0,0,0,0,0,0,0,0,0,0,0
data_054,0,0.7471616864204407,0.7039855122566223,-0.04317617416381836,0.21314498782157898,2,1,0.0,0,0,0,0,0,1,1,0,1,1,1,0
data_054,0,0.8064844608306885,0.6673784852027893,-0.13910597562789917,0.8847488760948181,2,1,0.0,0,0,0,0,0,0,0,0,0,0,0,0
data_054,0,0.6608389616012573,0.7021626830101013,0.041323721408843994,0.19976158440113068,3,1,0.6666666666666666,0,0,0,0,0,0,0,0,0,0,0,0
data_054,0,0.7359274625778198,0.6880785226821899,-0.04784893989562988,0.4083673357963562,3,1,0.0,0,0,0,0,0,0,0,0,1,0,0,0
data_054,0,0.7424774765968323,0.732035756111145,-0.010441720485687256,0.4085220992565155,2,1,0.0,0,0,0,0,0,0,0,0,0,0,0,0
data_054,0,0.605096161365509,0.8259458541870117,0.22084969282150269,0.18353644013404846,2,0,0.6666666666666666,0,1,0,0,1,1,1,0,1,1,1,0
data_054,0,0.8070409297943115,0.7248413562774658,-0.0821995735168457,0.12552809715270996,2,1,0.0,0,0,0,0,0,0,0,0,0,1,0,0
data_054,0,0.6548861861228943,0.7091536521911621,0.05426746606826782,0.20277994871139526,2,1,0.3333333333333333,0,0,0,0,1,0,0,0,1,0,0,0
data_055,0,0.8338283896446228,0.8195189237594604,-0.014309465885162354,0.6073654890060425,14,1,0.0,0,0,0,0,0,0,0,0,1,0,0,0
data_055,0,0.7826715707778931,0.7627418637275696,-0.019929707050323486,0.5089492201805115,7,1,0.0,0,0,0,0,0,0,0,0,0,0,0,0
data_055,0,0.7722060084342957,0.5346988439559937,-0.237507164478302,0.5630190372467041,1,1,0.0,0,0,0,0,0,0,0,0,0,0,0,0
data_055,0,0.6862084269523621,0.7642844319343567,0.07807600498199463,0.5762327909469604,3,1,0.05263157894736842,0,0,0,0,0,1,0,0,1,1,0,0
data_055,0,0.8620228171348572,0.7547281980514526,-0.10729461908340454,0.31943902373313904,10,1,0.0,0,0,0,0,0,0,0,0,0,0,0,0
data_055,0,0.6438357830047607,0.7567853331565857,0.11294955015182495,0.0,5,0,0.2631578947368421,0,0,0,0,0,0,0,0,0,0,0,0
data_055,1,0.5901601910591125,0.8083880543708801,0.21822786331176758,0.0,6,0,0.3684210526315789,1,1,1,1,1,1,1,1,1,1,1,1
data_055,0,0.7096133232116699,0.8038101196289062,0.09419679641723633,0.19070962071418762,11,1,0.2631578947368421,0,0,0,0,0,1,0,0,0,1,0,1
data_055,0,0.8542203307151794,0.7370883822441101,-0.11713194847106934,0.41286954283714294,6,1,0.0,0,0,0,0,0,0,0,0,0,0,0,0
data_055,0,0.7229084372520447,0.7755863070487976,0.05267786979675293,0.30476516485214233,7,1,0.05263157894736842,0,0,0,0,0,0,0,0,0,0,0,0
data_055,0,0.7977048754692078,0.6992626190185547,-0.09844225645065308,0.31890255212783813,6,1,0.0,0,0,0,0,0,0,0,0,1,0,0,0
data_055,0,0.8337114453315735,0.6852685809135437,-0.14844286441802979,0.5220909714698792,2,1,0.0,0,0,0,0,0,0,0,0,1,0,0,0
data_055,0,0.6269760131835938,0.7704472541809082,0.14347124099731445,0.0,2,0,0.3157894736842105,0,0,0,0,0,0,0,0,0,0,0,0
data_055,1,0.5983735918998718,0.7609220147132874,0.16254842281341553,0.0,9,0,0.6842105263157895,1,1,1,1,1,1,1,1,1,1,1,1
data_055,0,0.7130930423736572,0.7005589008331299,-0.012534141540527344,0.415147602558136,4,1,0.0,0,0,0,0,0,0,0,0,1,0,0,0
data_055,1,0.5387076139450073,0.7570813894271851,0.21837377548217773,0.0,1,0,0.8421052631578947,1,1,1,1,1,1,1,1,1,1,1,1
data_055,0,0.7646075487136841,0.7604320645332336,-0.0041754841804504395,0.2139856070280075,5,1,0.0,0,0,0,0,0,0,0,0,0,0,0,0
data_055,1,0.6201151013374329,0.7547106146812439,0.13459551334381104,0.0,4,0,0.42105263157894735,0,0,0,0,1,1,0,0,1,1,0,0
data_055,0,0.6201211810112,0.6942456960678101,0.07412451505661011,0.09443756937980652,5,0,0.3684210526315789,0,0,0,0,0,0,0,0,1,0,1,0
data_056,0,0.7710610628128052,0.7723420262336731,0.00128096342086792,0.38865789771080017,3,1,0.16666666666666666,0,0,0,0,0,0,0,0,0,0,0,0
data_056,0,0.6891143918037415,0.6522481441497803,-0.03686624765396118,0.41091611981391907,2,1,0.0,0,1,0,0,0,1,0,0,0,0,0,0
data_056,0,0.7893862128257751,0.6615571975708008,-0.12782901525497437,0.7052741050720215,2,1,0.0,0,0,0,0,0,0,0,0,0,0,0,0
data_056,0,0.7194277048110962,0.7683284878730774,0.0489007830619812,0.3975222706794739,3,1,0.3333333333333333,0,0,0,0,0,0,0,0,0,1,0,0
data_056,0,0.5515013337135315,0.7924330234527588,0.2409316897392273,0.0,2,0,0.8333333333333334,0,0,0,0,0,0,0,0,0,0,0,0
data_056,0,0.9598475098609924,0.6223030686378479,-0.33754444122314453,0.3402448892593384,1,1,0.0,0,0,0,0,0,0,0,0,0,0,0,0
data_056,0,0.6743366122245789,0.6693841218948364,-0.004952490329742432,0.39797908067703247,2,1,0.0,0,1,0,0,0,1,1,0,1,1,1,0
data_056,0,0.6666629910469055,0.6219374537467957,-0.04472553730010986,0.5111865997314453,1,1,0.0,0,0,0,0,0,0,0,0,0,0,0,0
data_056,0,0.8833659291267395,0.73431396484375,-0.1490519642829895,0.6237289309501648,5,1,0.0,0,0,0,0,0,0,0,0,0,0,0,0
data_056,0,0.720604419708252,0.7421891093254089,0.021584689617156982,0.6982609033584595,3,1,0.16666666666666666,0,0,0,0,0,0,0,0,0,1,0,0
data_056,0,0.42454421520233154,0.5434815287590027,0.11893731355667114,0.09246093779802322,0,0,0.5,0,1,0,0,0,1,0,0,1,1,1,0
data_056,0,0.6273837685585022,0.6415385603904724,0.014154791831970215,0.3946571350097656,0,0,0.3333333333333333,0,0,0,0,0,1,0,0,1,1,1,0
data_056,0,0.6389334201812744,0.763884425163269,0.12495100498199463,0.0,5,0,0.8333333333333334,0,0,0,0,0,0,0,0,1,0,0,0
data_056,0,0.7915288209915161,0.7056965231895447,-0.08583229780197144,0.6109747290611267,3,1,0.0,0,0,0,0,0,0,0,0,0,0,0,0
data_056,0,0.7752121686935425,0.6010491847991943,-0.17416298389434814,0.8126340508460999,1,1,0.0,0,0,0,0,0,0,0,0,0,0,0,0
data_056,0,0.8669266104698181,0.6493136882781982,-0.21761292219161987,0.9066526889801025,1,1,0.0,0,0,0,0,0,0,0,0,0,0,0,0
data_057,0,0.6410112977027893,0.8151575922966003,0.17414629459381104,0.0,10,0,0.8461538461538461,0,0,0,0,0,0,0,0,0,0,0,0
data_057,0,0.38562893867492676,0.5697672367095947,0.18413829803466797,0.0,0,0,0.7692307692307693,0,0,0,0,0,0,0,0,1,0,0,0
data_057,0,0.884122371673584,0.6758485436439514,-0.20827382802963257,0.23509031534194946,2,1,0.0,0,0,0,0,0,0,0,0,0,0,0,0
data_057,0,0.9255542755126953,0.5997333526611328,-0.3258209228515625,0.42827001214027405,1,1,0.0,0,0,0,0,0,0,0,0,0,0,0,0
data_057,0,0.7881151437759399,0.8382801413536072,0.050164997577667236,0.10008561611175537,11,1,0.23076923076923078,0,0,0,0,0,0,0,0,1,0,0,0
data_057,0,0.6112937331199646,0.7906309962272644,0.1793372631072998,0.0,9,0,0.8461538461538461,0,0,0,0,0,1,0,0,0,0,0,0
data_057,0,0.5236124992370605,0.5453538298606873,0.02174133062362671,0.6948094367980957,0,0,0.07692307692307693,0,0,0,0,0,0,0,0,0,0,0,0
data_057,0,0.6214113831520081,0.6985669136047363,0.07715553045272827,0.10151975601911545,1,0,0.15384615384615385,0,0,0,0,0,0,0,0,0,0,0,0
data_057,0,0.8420191407203674,0.8631523251533508,0.0211331844329834,0.20676138997077942,8,1,0.15384615384615385,0,0,0,0,0,0,0,0,0,0,0,0
data_057,1,0.5793637037277222,0.5286611318588257,-0.050702571868896484,0.40100303292274475,0,0,0.0,1,1,1,1,1,1,1,1,1,1,1,1
data_057,0,0.8399051427841187,0.7067638635635376,-0.13314127922058105,0.31618815660476685,5,1,0.0,0,0,0,0,0,0,0,0,0,0,0,0
data_057,0,0.6222348213195801,0.8207516074180603,0.19851678609848022,0.0,11,0,0.8461538461538461,0,0,0,0,0,0,0,0,1,0,0,0
data_057,0,0.6289888024330139,0.7254416942596436,0.09645289182662964,0.1940080225467682,3,0,0.3076923076923077,0,0,0,0,0,0,0,0,0,0,0,0
data_057,0,0.634654700756073,0.7103961706161499,0.0757414698600769,0.0,7,0,0.7692307692307693,0,0,0,0,0,0,0,0,0,0,0,0
data_057,0,0.7617039680480957,0.7871959805488586,0.02549201250076294,0.10194908827543259,9,1,0.15384615384615385,0,0,0,0,0,0,0,0,0,0,0,0
data_057,0,0.847245991230011,0.7599285840988159,-0.08731740713119507,0.22040528059005737,6,1,0.0,0,0,0,0,0,0,0,0,0,0,0,0
data_057,1,0.7842201590538025,0.8400880098342896,0.05586785078048706,0.2977445423603058,12,1,0.07692307692307693,0,0,0,0,0,0,0,0,1,1,0,0
data_057,0,0.7976669669151306,0.7463122606277466,-0.05135470628738403,0.2087162733078003,9,1,0.0,0,0,0,0,0,0,0,0,0,0,0,0
data_057,1,0.6905556321144104,0.7318217158317566,0.04126608371734619,0.19611838459968567,6,1,0.23076923076923078,1,1,1,0,1,1,1,1,1,1,1,1
data_057,0,0.6725395917892456,0.6961035132408142,0.023563921451568604,0.09998391568660736,6,1,0.23076923076923078,0,0,0,0,0,0,0,0,0,1,0,0
data_057,0,0.7248681783676147,0.5069360136985779,-0.21793216466903687,0.5912667512893677,1,1,0.0,0,0,0,0,0,0,0,0,0,0,0,0
data_057,0,0.8268684148788452,0.748243510723114,-0.0786249041557312,0.11617228388786316,5,1,0.0,0,0,0,0,0,0,0,0,1,0,0,0
data_057,0,0.776663601398468,0.6164554357528687,-0.16020816564559937,0.5243200659751892,1,1,0.0,0,0,0,0,0,0,0,0,0,0,0,0
data_057,0,0.763883650302887,0.5941212773323059,-0.16976237297058105,0.34418758749961853,1,1,0.0,0,0,0,0,0,0,0,0,0,0,0,0
data_057,0,0.5942512154579163,0.7314494252204895,0.13719820976257324,0.188259094953537,3,0,0.38461538461538464,0,0,0,0,0,0,0,0,0,0,0,0
data_058,0,0.8800308704376221,0.8149796724319458,-0.06505119800567627,0.5111550092697144,9,1,0.0,0,0,0,0,0,0,0,0,1,0,0,0
data_058,0,0.7482287883758545,0.6242490410804749,-0.12397974729537964,0.534534215927124,1,1,0.0,0,1,0,0,1,1,0,0,1,1,0,0
data_058,0,0.8433679342269897,0.7305733561515808,-0.11279457807540894,0.4158833920955658,6,1,0.0,0,0,0,0,0,0,0,0,0,0,0,0
data_058,0,0.8177518844604492,0.7493637800216675,-0.06838810443878174,0.415254145860672,5,1,0.0,0,0,0,0,0,0,0,0,1,0,0,0
data_058,0,0.7488899827003479,0.7644611597061157,0.015571177005767822,0.5977838039398193,9,1,0.09090909090909091,0,1,0,0,1,1,0,1,1,1,1,0
data_058,0,0.6565289497375488,0.6214344501495361,-0.035094499588012695,0.3040926456451416,1,1,0.0,0,0,0,0,1,1,0,0,1,1,0,0
data_058,1,0.6156541705131531,0.7689581513404846,0.15330398082733154,0.0,8,0,0.7272727272727273,1,1,0,1,1,1,1,1,1,1,1,1
data_058,0,0.6791930198669434,0.8419485688209534,0.16275554895401,0.09865731000900269,5,1,0.18181818181818182,0,0,0,0,1,1,0,0,1,1,1,0
data_058,1,0.5630323886871338,0.8656969666481018,0.302664577960968,0.0,4,0,0.7272727272727273,1,1,1,1,1,1,1,1,1,1,1,1
data_058,0,0.7883511781692505,0.7649261355400085,-0.023425042629241943,0.3100358843803406,5,1,0.0,0,0,0,0,0,0,0,0,0,1,0,0
data_058,0,0.7542140483856201,0.7042961120605469,-0.04991793632507324,0.5054016709327698,4,1,0.0,0,0,0,0,0,0,0,0,0,0,0,0
data_058,0,0.7619233131408691,0.7433909177780151,-0.018532395362854004,0.40202292799949646,6,1,0.0,0,0,0,0,1,0,0,0,1,0,0,0
data_058,0,0.7013115882873535,0.6997408270835876,-0.0015707612037658691,0.3020368814468384,4,1,0.0,1,1,1,1,1,1,0,0,1,1,1,0
data_058,0,0.8188744187355042,0.6590846180915833,-0.1597898006439209,0.8035985827445984,2,1,0.0,0,0,0,0,0,0,0,0,0,0,0,0
data_058,0,0.6299140453338623,0.7966822981834412,0.16676825284957886,0.0,5,0,0.45454545454545453,0,0,0,0,0,0,0,0,0,0,0,0
data_058,0,0.7198589444160461,0.720014214515686,0.00015527009963989258,0.20281831920146942,4,1,0.09090909090909091,0,0,0,0,0,0,0,0,1,1,0,0
data_058,0,0.912467360496521,0.6891489624977112,-0.22331839799880981,0.32926467061042786,2,1,0.0,0,0,0,0,0,0,0,0,0,0,0,0
data_058,0,0.8056955337524414,0.6992131471633911,-0.10648238658905029,0.7189142107963562,4,1,0.0,1,0,0,0,1,0,0,0,1,1,0,0
data_059,0,0.729270339012146,0.6433498859405518,-0.08592045307159424,0.30622488260269165,1,1,0.0,0,0,0,0,0,0,0,0,0,0,0,0
data_059,0,0.8677379488945007,0.7828903794288635,-0.08484756946563721,0.2257624715566635,5,1,0.0,0,0,0,0,0,0,0,0,0,0,0,0
data_059,0,0.6585516929626465,0.7493178844451904,0.09076619148254395,0.0,5,1,0.6666666666666666,0,0,0,0,0,0,0,0,0,0,0,0
data_059,0,0.7959235310554504,0.6299511194229126,-0.16597241163253784,0.24975261092185974,1,1,0.0,0,0,0,0,0,0,0,0,0,0,0,0
data_059,0,0.8499649167060852,0.6363608241081238,-0.21360409259796143,0.32597142457962036,1,1,0.0,0,0,0,0,0,0,0,0,0,0,0,0
data_059,0,0.6944111585617065,0.781827986240387,0.08741682767868042,0.09659557789564133,5,1,0.5,0,0,0,0,0,0,0,0,1,1,0,0
data_059,0,0.7279760837554932,0.7840986847877502,0.05612260103225708,0.10111186653375626,7,1,0.16666666666666666,0,0,0,0,0,0,0,0,1,0,0,0
data_059,0,0.45724400877952576,0.6087474226951599,0.15150341391563416,0.0,0,0,0.6666666666666666,0,1,0,0,1,1,1,1,1,1,1,0
data_059,0,0.5862143635749817,0.757914662361145,0.17170029878616333,0.0,5,0,1.0,0,0,0,0,0,0,0,0,0,0,0,0
data_059,0,0.7220990657806396,0.6456801295280457,-0.076418936252594,0.3372083306312561,1,1,0.0,0,0,0,0,0,0,0,0,0,0,0,0
data_059,0,0.7964388728141785,0.7931545376777649,-0.0032843351364135742,0.5971007347106934,6,1,0.0,0,0,0,0,0,0,0,0,0,0,0,0
data_059,0,0.6780195236206055,0.5905902981758118,-0.0874292254447937,0.12419720739126205,1,1,0.0,0,0,0,0,0,0,0,0,0,0,0,0
data_059,0,0.5102434754371643,0.5902169346809387,0.07997345924377441,0.10070505738258362,0,0,0.6666666666666666,0,0,0,0,0,0,0,0,0,0,0,0
data_059,1,0.7854278683662415,0.790964663028717,0.005536794662475586,0.19743894040584564,7,1,0.3333333333333333,0,0,0,0,1,1,0,1,1,1,1,0
data_059,0,0.7903729677200317,0.7680615782737732,-0.022311389446258545,0.10840944945812225,6,1,0.0,0,0,0,0,0,0,0,0,0,0,0,0
data_059,0,0.5672427415847778,0.6176953315734863,0.050452589988708496,0.49123987555503845,0,0,0.3333333333333333,0,0,0,0,0,0,0,0,1,0,0,0
data_059,0,0.667985200881958,0.6401452422142029,-0.027839958667755127,0.49051302671432495,1,1,0.0,0,0,0,0,0,0,0,0,0,0,0,0
data_059,0,0.7331214547157288,0.7658193111419678,0.032697856426239014,0.2032490223646164,6,1,0.3333333333333333,0,0,0,0,0,0,0,0,0,0,0,0
data_060,0,0.77833092212677,0.7638733983039856,-0.014457523822784424,0.40754708647727966,6,1,0.0,0,0,0,0,0,0,0,0,0,0,0,0
data_060,0,0.9213871955871582,0.5961893796920776,-0.32519781589508057,0.6338555216789246,1,1,0.0,0,0,0,0,0,0,0,0,0,0,0,0
data_060,0,0.8202993273735046,0.6824615001678467,-0.13783782720565796,0.30901506543159485,3,1,0.0,0,0,0,0,0,0,0,0,0,0,0,0
data_060,0,0.8401399850845337,0.76482754945755,-0.07531243562698364,0.5927866101264954,5,1,0.0,0,0,0,0,0,0,0,0,0,0,0,0
data_060,0,0.7682270407676697,0.7505801916122437,-0.017646849155426025,0.510823667049408,3,1,0.0,0,0,0,0,1,0,1,0,1,1,1,0
data_060,0,0.7736563086509705,0.8016295433044434,0.0279732346534729,0.2994384467601776,6,1,0.5,0,0,0,0,0,0,0,0,0,0,0,0
data_060,0,0.7911399602890015,0.7869707345962524,-0.0041692256927490234,0.10950083285570145,5,1,0.0,0,0,0,0,0,0,0,0,0,0,0,0
data_060,0,0.7727134823799133,0.6344485282897949,-0.1382649540901184,0.7144010663032532,1,1,0.0,0,0,0,0,0,0,0,0,1,0,0,0
data_060,0,0.7678471803665161,0.766831636428833,-0.0010155439376831055,0.2944313883781433,6,1,0.0,0,0,0,0,0,0,0,0,1,0,0,0
data_060,0,0.7079208493232727,0.776540219783783,0.06861937046051025,0.09981074184179306,5,1,0.5,0,0,0,0,0,0,0,0,0,0,0,0
data_060,1,0.5948576927185059,0.7777937054634094,0.18293601274490356,0.08936837315559387,1,0,0.3333333333333333,1,1,0,1,1,1,1,1,1,1,1,1
data_060,1,0.8173844218254089,0.8365238904953003,0.019139468669891357,0.10898105055093765,5,1,0.16666666666666666,0,0,0,0,0,0,0,0,0,1,0,0
data_060,0,0.6002273559570312,0.7501155734062195,0.14988821744918823,0.09256883710622787,3,0,0.6666666666666666,0,0,0,0,0,0,0,0,1,0,0,0
data_060,0,0.8124427795410156,0.8203350305557251,0.007892251014709473,0.5206722021102905,4,1,0.16666666666666666,0,0,0,0,0,0,0,0,0,0,0,0
data_060,0,0.7489032745361328,0.751504123210907,0.00260084867477417,0.3124420940876007,4,1,0.16666666666666666,0,0,0,0,0,0,0,0,0,0,0,0
data_061,0,0.7997322678565979,0.749248206615448,-0.0504840612411499,0.3128722012042999,7,1,0.0,0,0,0,0,0,0,0,0,1,0,0,0
data_061,0,0.9151089191436768,0.5737457275390625,-0.34136319160461426,0.7178520560264587,1,1,0.0,0,0,0,0,0,0,0,0,0,0,0,0
data_061,0,0.8264987468719482,0.6818061470985413,-0.14469259977340698,0.5204041600227356,2,1,0.0,0,0,0,0,0,0,0,0,0,0,0,0
data_061,0,0.6509861946105957,0.6371069550514221,-0.013879239559173584,0.40862977504730225,1,1,0.0,0,0,0,0,0,0,0,0,0,0,0,0
data_061,0,0.6876358985900879,0.8855717778205872,0.19793587923049927,0.7742846012115479,2,1,0.125,0,0,0,0,0,0,0,0,0,1,0,0
data_061,0,0.8184484243392944,0.6487117409706116,-0.16973668336868286,0.7159050107002258,1,1,0.0,0,0,0,0,0,0,0,0,0,0,0,0
data_061,0,0.7237542271614075,0.660662055015564,-0.0630921721458435,0.6093149781227112,2,1,0.0,0,0,0,0,0,0,0,0,0,0,0,0
data_061,0,0.6590156555175781,0.6537653803825378,-0.005250275135040283,0.7030802965164185,2,1,0.0,0,1,1,1,1,1,1,1,1,1,0,0
data_061,0,0.7269408702850342,0.6436097621917725,-0.08333110809326172,0.5065193176269531,1,1,0.0,0,0,0,0,1,0,0,0,1,1,0,0
data_061,0,0.5845896601676941,0.6451135873794556,0.060523927211761475,0.09724955260753632,0,0,0.375,0,0,0,0,1,0,0,0,1,0,0,0
data_061,0,0.5120143294334412,0.5795130133628845,0.06749868392944336,0.2930448651313782,0,0,0.375,0,0,0,0,1,1,1,0,1,1,1,0
data_061,0,0.6574044227600098,0.6048209071159363,-0.052583515644073486,0.43275728821754456,1,1,0.0,0,0,0,0,0,0,0,0,0,0,0,0
data_061,0,0.930524468421936,0.6263856887817383,-0.30413877964019775,0.3461163341999054,1,1,0.0,0,0,0,0,0,0,0,0,0,0,0,0
data_061,0,0.6040977835655212,0.7409201860427856,0.1368224024772644,0.1862364560365677,2,0,0.25,0,0,0,0,0,0,0,0,1,0,0,0
data_061,0,0.8377795219421387,0.595063328742981,-0.24271619319915771,0.3433687686920166,1,1,0.0,0,0,0,0,0,0,0,0,0,0,1,0
data_061,0,0.8161764144897461,0.6599582433700562,-0.15621817111968994,0.32962122559547424,2,1,0.0,0,0,0,0,0,0,0,0,0,0,0,0
data_062,0,0.7379401326179504,0.4871467649936676,-0.25079336762428284,0.9057093262672424,1,1,0.0,0,0,0,0,0,0,0,0,0,0,0,0
data_062,1,0.677866518497467,0.6795106530189514,0.001644134521484375,0.21105286478996277,2,1,0.16666666666666666,1,1,0,0,1,1,1,0,1,1,1,0
data_062,1,0.6428138017654419,0.6830536127090454,0.040239810943603516,0.38808393478393555,1,0,0.16666666666666666,1,1,1,1,1,1,1,1,1,1,1,1
data_062,0,0.9333164095878601,0.6477282047271729,-0.28558820486068726,0.7147617340087891,1,1,0.0,0,0,0,0,0,0,0,0,0,0,0,0
data_062,0,0.7439457178115845,0.8278042078018188,0.08385848999023438,0.4861701428890228,4,1,0.16666666666666666,0,0,0,0,0,0,0,0,0,0,0,0
data_062,0,0.645244836807251,0.6996344923973083,0.05438965559005737,0.5048094391822815,1,0,0.16666666666666666,0,0,0,0,0,0,0,0,0,0,0,0
data_062,0,0.615731418132782,0.7803583741188049,0.16462695598602295,0.18999266624450684,3,0,0.6666666666666666,0,0,0,0,0,0,0,0,1,0,0,0
data_062,0,0.6132873892784119,0.5702007412910461,-0.04308664798736572,0.20683425664901733,0,0,0.0,0,0,0,0,0,0,0,0,0,0,0,0
data_062,0,0.9197626113891602,0.6942810416221619,-0.2254815697669983,0.4401979148387909,2,1,0.0,0,0,0,0,0,0,0,0,0,0,0,0
data_062,0,0.72939532995224,0.6708561778068542,-0.05853915214538574,0.4154982268810272,2,1,0.0,0,0,0,0,0,0,0,0,1,0,1,0
data_062,0,0.7393696904182434,0.6548135876655579,-0.08455610275268555,0.42093637585639954,2,1,0.0,0,0,0,0,1,1,0,0,1,1,0,0
data_062,0,0.6588730812072754,0.718964695930481,0.060091614723205566,0.297892302274704,4,1,0.5,0,0,0,0,0,0,0,0,1,0,0,0
data_062,0,0.581813395023346,0.663124144077301,0.08131074905395508,0.19708193838596344,1,0,0.16666666666666666,0,0,0,0,0,0,0,0,0,1,0,0
data_062,1,0.5427875518798828,0.7208433151245117,0.1780557632446289,0.09498720616102219,1,0,0.5,1,1,1,1,1,1,1,1,1,1,1,1
data_062,0,0.7107498049736023,0.681061327457428,-0.029688477516174316,0.5003439784049988,3,1,0.0,0,0,0,0,0,0,0,0,1,0,0,0
data_062,0,0.877936840057373,0.5925471782684326,-0.28538966178894043,0.8227745294570923,1,1,0.0,0,0,0,0,0,0,0,0,0,0,0,0
data_062,0,0.9035062193870544,0.7554625868797302,-0.14804363250732422,0.22131316363811493,3,1,0.0,0,0,0,0,0,0,0,0,0,0,0,0
data_062,0,0.6916157007217407,0.6431137919425964,-0.04850190877914429,0.21882210671901703,1,1,0.0,0,0,0,1,0,1,0,1,1,1,1,1
data_062,0,0.6060324907302856,0.595685601234436,-0.01034688949584961,0.1084267646074295,0,0,0.0,0,0,0,0,0,0,0,0,1,0,0,0
data_062,0,0.6071648001670837,0.7407417297363281,0.13357692956924438,0.0892183780670166,2,0,0.3333333333333333,0,0,0,0,0,0,0,0,1,0,0,0
data_063,0,0.8502190709114075,0.8011682629585266,-0.04905080795288086,0.11586806178092957,5,1,0.0,0,0,0,0,1,0,0,0,1,1,0,0
data_063,0,0.8170719146728516,0.7108184099197388,-0.10625350475311279,0.5239272713661194,2,1,0.0,0,0,0,0,0,0,0,0,0,0,0,0
data_063,0,0.7277501225471497,0.6335864663124084,-0.09416365623474121,0.5171859264373779,1,1,0.0,0,0,0,0,0,0,0,0,0,0,0,0
data_063,0,0.7759451866149902,0.7008413076400757,-0.07510387897491455,0.32746919989585876,2,1,0.0,0,0,0,0,0,0,0,0,0,0,0,0
data_063,0,0.6690908074378967,0.8240516185760498,0.15496081113815308,0.19152680039405823,7,1,0.5,0,0,0,0,0,0,0,0,1,0,0,0
data_063,0,0.7087046504020691,0.6476202607154846,-0.06108438968658447,0.30460089445114136,1,1,0.0,0,0,0,0,0,0,0,0,0,0,0,0
data_063,0,0.7135132551193237,0.7458281517028809,0.03231489658355713,0.19737614691257477,6,1,0.5,0,0,0,0,0,0,0,0,1,0,0,0
data_063,0,0.7620455622673035,0.7850199937820435,0.02297443151473999,0.10994995385408401,7,1,0.125,0,0,0,0,0,0,0,0,0,0,0,0
data_063,0,0.6807244420051575,0.5976499319076538,-0.08307451009750366,0.4129321873188019,1,1,0.0,0,0,0,0,0,0,0,0,1,0,0,0
data_063,0,0.6157407164573669,0.6059687733650208,-0.009771943092346191,0.40064647793769836,0,0,0.0,0,0,0,0,0,0,0,0,0,0,0,0
data_063,0,0.609483003616333,0.5423277020454407,-0.06715530157089233,0.8036338686943054,0,0,0.0,0,0,0,0,0,0,0,0,0,0,0,0
data_063,0,0.7637762427330017,0.6276019215583801,-0.13617432117462158,0.6203886866569519,1,1,0.0,0,0,0,0,0,0,0,0,0,0,0,0
data_063,0,0.8510016798973083,0.5858417749404907,-0.2651599049568176,0.630930483341217,1,1,0.0,0,0,0,0,0,0,0,0,0,0,0,0
data_063,0,0.6563529372215271,0.5654019713401794,-0.09095096588134766,0.12402883172035217,1,1,0.0,0,0,0,0,1,0,0,0,1,1,0,0
data_063,1,0.5666828751564026,0.7441230416297913,0.17744016647338867,0.0,3,0,0.375,0,1,0,0,1,1,1,1,1,1,1,1
data_063,1,0.5480852127075195,0.5820881724357605,0.03400295972824097,0.19818978011608124,0,0,0.125,0,1,1,1,1,1,1,1,1,1,1,1
data_064,0,0.9898855686187744,0.7773361206054688,-0.21254944801330566,0.2419128119945526,5,1,0.0,0,0,0,0,0,0,0,0,0,0,0,0
data_064,0,0.8609813451766968,0.6909405589103699,-0.1700407862663269,0.12818029522895813,2,1,0.0,0,0,0,0,0,0,0,0,0,0,0,0
data_064,0,0.7830955982208252,0.7795419692993164,-0.003553628921508789,0.4007846713066101,6,1,0.0,0,1,0,0,0,1,1,0,0,0,0,0
data_064,0,0.7226571440696716,0.6250064969062805,-0.09765064716339111,0.34459003806114197,1,1,0.0,0,0,0,0,0,0,0,0,0,0,0,0
data_064,0,0.7850646376609802,0.5109322667121887,-0.2741323709487915,0.6602902412414551,1,1,0.0,0,0,0,0,0,0,0,0,0,0,0,0
data_064,1,0.819586455821991,0.7872195243835449,-0.032366931438446045,0.2053787112236023,7,1,0.0,1,1,1,1,1,1,1,0,1,1,1,1
data_064,0,0.6227105259895325,0.4993184208869934,-0.12339210510253906,0.3619917333126068,0,0,0.0,0,0,0,0,0,0,0,0,0,0,0,0
data_064,0,0.7557294964790344,0.677610456943512,-0.07811903953552246,0.2163175791501999,2,1,0.0,0,0,0,0,0,0,0,0,1,1,0,0
data_064,0,0.8539882898330688,0.8664652109146118,0.012476921081542969,0.21196919679641724,5,1,0.125,0,0,0,0,0,0,0,0,0,0,0,0
data_064,0,0.7177978754043579,0.6988093852996826,-0.018988490104675293,0.806080162525177,2,1,0.0,0,0,0,0,1,0,0,0,1,1,0,0
data_064,0,0.9322327971458435,0.7618133425712585,-0.17041945457458496,0.12396760284900665,7,1,0.0,0,0,0,0,0,0,0,0,0,0,0,0
data_064,0,0.7792118191719055,0.7955411076545715,0.016329288482666016,0.20166906714439392,5,1,0.125,0,0,0,0,0,0,0,0,0,0,0,0
data_064,0,0.6094909906387329,0.754923939704895,0.1454329490661621,0.0,3,0,0.5,1,1,0,1,1,1,1,1,1,1,1,1
data_064,1,0.4155041575431824,0.7057002186775208,0.2901960611343384,0.0,1,0,0.75,0,0,0,0,1,0,0,0,1,1,0,0
data_064,0,0.7030963897705078,0.6574146747589111,-0.04568171501159668,0.20982147753238678,2,1,0.0,1,0,0,0,1,0,0,0,1,1,0,0
data_064,0,0.6548201441764832,0.5942620635032654,-0.06055808067321777,0.49289268255233765,1,1,0.0,0,0,0,0,0,0,0,0,1,0,0,0
data_064,0,0.606450617313385,0.7322711944580078,0.1258205771446228,0.48621436953544617,1,0,0.125,0,0,0,0,1,0,0,0,1,0,0,0
data_064,0,0.8193296790122986,0.5912600159645081,-0.22806966304779053,0.6444159746170044,1,1,0.0,0,0,0,0,1,1,1,0,1,1,0,0
data_065,0,0.5886293053627014,0.5688802003860474,-0.019749104976654053,0.30691879987716675,0,0,0.0,0,1,0,0,1,1,0,0,1,1,0,0
data_065,1,0.547722339630127,0.6230894923210144,0.07536715269088745,0.10302327573299408,0,0,0.2857142857142857,0,1,0,0,0,1,0,0,1,1,0,0
data_065,0,0.42866209149360657,0.5506434440612793,0.12198135256767273,0.0,0,0,1.0,0,0,0,0,1,0,0,0,1,0,0,0
data_065,0,0.5946349501609802,0.7218459248542786,0.12721097469329834,0.19223789870738983,1,0,0.42857142857142855,0,1,0,0,1,1,0,0,1,1,1,0
data_065,1,0.6610778570175171,0.7547228932380676,0.09364503622055054,0.10048350691795349,4,1,0.42857142857142855,1,1,1,1,1,1,1,1,1,1,1,1
data_065,0,0.6742495894432068,0.5786135792732239,-0.09563601016998291,0.3304274380207062,1,1,0.0,0,0,0,0,0,0,0,0,0,0,0,0
data_065,0,0.8114561438560486,0.7087569236755371,-0.10269922018051147,0.3109181821346283,5,1,0.0,0,0,0,0,0,0,0,0,1,0,0,0
data_065,1,0.7187404036521912,0.6948446035385132,-0.02389580011367798,0.11152559518814087,3,1,0.0,1,1,1,1,1,1,1,1,1,1,1,1
data_065,0,0.764636218547821,0.5576868653297424,-0.2069493532180786,0.5352326035499573,1,1,0.0,0,0,0,0,0,1,0,0,1,0,0,0
data_065,0,0.7879845499992371,0.7745268940925598,-0.013457655906677246,0.20159992575645447,8,1,0.0,0,0,0,0,0,0,0,0,1,0,0,0
data_065,1,0.6859808564186096,0.6879653930664062,0.001984536647796631,0.4012201428413391,2,1,0.14285714285714285,1,1,0,0,0,1,0,0,1,1,0,0
data_065,0,0.7264506220817566,0.8124942779541016,0.08604365587234497,0.09660718590021133,8,1,0.42857142857142855,0,0,0,0,0,0,0,0,1,0,0,0
data_065,1,0.6911343932151794,0.7758563756942749,0.08472198247909546,0.09825804084539413,7,1,0.2857142857142857,1,1,0,0,1,1,1,1,1,1,1,1
data_065,1,0.6447048187255859,0.6877795457839966,0.043074727058410645,0.10170630365610123,2,0,0.2857142857142857,0,0,0,1,0,1,0,0,1,1,1,1
data_066,0,0.6253795623779297,0.6409997940063477,0.015620231628417969,0.39582559466362,0,0,0.2,0,0,0,0,0,0,0,0,0,0,0,0
data_066,0,0.6848155856132507,0.6353815197944641,-0.04943406581878662,0.30603647232055664,1,1,0.0,0,0,0,0,0,0,0,0,1,0,0,0
data_066,1,0.7398569583892822,0.8313429355621338,0.09148597717285156,0.20527800917625427,4,1,0.2,1,1,1,1,1,1,1,1,1,1,1,1
data_066,1,0.6551814675331116,0.6914198398590088,0.03623837232589722,0.2037128508090973,2,1,0.2,1,1,1,1,1,1,1,1,1,1,1,1
data_066,0,0.7034670114517212,0.6714089512825012,-0.03205806016921997,0.31191617250442505,2,1,0.0,0,0,0,0,0,0,0,0,0,0,0,0
data_066,0,0.6288936734199524,0.5834370255470276,-0.045456647872924805,0.3112565279006958,0,0,0.0,0,1,1,0,1,1,1,0,1,1,1,0
data_066,1,0.7482771873474121,0.7253566384315491,-0.022920548915863037,0.3069992661476135,3,1,0.0,1,1,1,0,1,1,1,1,1,1,1,1
data_066,0,0.771949052810669,0.6865706443786621,-0.08537840843200684,0.6039881706237793,2,1,0.0,0,0,0,0,0,0,0,0,0,0,0,0
data_066,0,0.6602092981338501,0.7470537424087524,0.08684444427490234,0.09900248795747757,5,1,0.8,0,0,0,0,0,0,0,0,0,0,0,0
data_066,0,0.6033233404159546,0.7094163298606873,0.10609298944473267,0.09336403012275696,3,0,0.8,0,0,0,0,0,0,0,0,0,0,0,0
data_066,1,0.7235791683197021,0.6652088761329651,-0.05837029218673706,0.5058760046958923,2,1,0.0,0,0,1,0,0,1,0,0,1,1,1,0
data_066,1,0.5576165914535522,0.7280408143997192,0.170424222946167,0.0,1,0,0.8,1,1,0,0,1,1,1,1,1,1,1,1
data_066,0,0.8541760444641113,0.6261380314826965,-0.2280380129814148,0.6292195320129395,1,1,0.0,0,0,0,0,0,0,0,0,0,0,0,0
data_066,0,0.6901715993881226,0.7107508182525635,0.020579218864440918,0.30573976039886475,3,1,0.2,0,0,0,0,0,0,0,0,0,0,0,0
data_066,1,0.6093258261680603,0.6294195652008057,0.02009373903274536,0.7850051522254944,0,0,0.2,0,0,0,0,0,1,0,0,0,1,0,0
data_066,0,0.6342126131057739,0.5206166505813599,-0.11359596252441406,1.0,0,0,0.0,0,0,0,0,0,0,0,0,1,0,0,0
data_067,0,0.7702410221099854,0.701129138469696,-0.0691118836402893,0.5976284742355347,2,1,0.0,0,0,0,0,0,0,0,0,1,0,0,0
data_067,0,0.7442039251327515,0.7087685465812683,-0.035435378551483154,0.41552698612213135,3,1,0.0,0,0,0,0,0,0,0,0,0,0,0,0
data_067,0,0.7218343019485474,0.5843287706375122,-0.13750553131103516,0.6131672263145447,1,1,0.0,0,0,0,0,0,0,0,0,0,0,0,0
data_067,0,0.7774790525436401,0.7277688384056091,-0.049710214138031006,0.5904886722564697,3,1,0.0,0,0,0,0,0,0,0,0,0,0,0,0
data_067,0,0.8153674602508545,0.6712982058525085,-0.14406925439834595,0.5243258476257324,2,1,0.0,0,0,0,0,0,0,0,0,0,0,0,0
data_067,0,0.5768253207206726,0.6773340106010437,0.1005086898803711,0.0,2,0,0.8,0,0,0,0,1,0,0,0,1,0,1,0
data_067,0,0.557267427444458,0.5807862877845764,0.023518860340118408,0.11401582509279251,0,0,0.2,0,1,0,0,1,1,0,0,1,1,1,0
data_067,0,0.7026481032371521,0.7581904530525208,0.05554234981536865,0.10655830055475235,3,1,0.2,0,0,0,0,0,0,0,0,1,0,0,0
data_067,0,0.6489827632904053,0.7445101737976074,0.09552741050720215,0.09617269784212112,2,0,0.4,0,0,0,1,1,1,0,1,1,1,1,0
data_067,0,0.6153470277786255,0.7583861947059631,0.14303916692733765,0.20348922908306122,1,0,0.4,0,0,0,0,0,0,0,0,0,0,0,0
data_067,0,0.5296986103057861,0.7647882103919983,0.23508960008621216,0.0,4,0,0.8,0,0,0,0,0,0,0,0,0,0,0,0
data_067,0,0.5426483750343323,0.7175222039222717,0.17487382888793945,0.0,2,0,0.8,0,0,0,0,0,0,0,0,1,0,0,0
data_067,0,0.6780926585197449,0.5884609222412109,-0.08963173627853394,0.22133976221084595,1,1,0.0,0,0,0,0,0,0,1,0,1,1,1,0
data_067,1,0.45303428173065186,0.6474213600158691,0.19438707828521729,0.0,0,0,1.0,1,1,1,1,1,1,1,1,1,1,1,1
data_067,0,0.6925376653671265,0.7243639230728149,0.03182625770568848,0.2962910532951355,3,1,0.4,0,0,0,0,0,0,0,0,0,0,0,0
data_067,0,0.8161669969558716,0.7528237104415894,-0.06334328651428223,0.21669848263263702,3,1,0.0,0,0,0,0,0,0,0,0,0,0,0,0
data_067,0,0.8150277733802795,0.7272524237632751,-0.0877753496170044,0.2155296951532364,3,1,0.0,0,0,0,0,0,0,0,0,0,0,0,0
data_068,0,0.825348436832428,0.7521258592605591,-0.0732225775718689,0.4195862114429474,7,1,0.0,0,0,0,0,0,0,0,0,0,0,0,0
data_068,0,0.8409262299537659,0.7451188564300537,-0.09580737352371216,0.616475522518158,4,1,0.0,0,0,0,0,0,0,0,0,0,0,0,0
data_068,0,0.9924117922782898,0.7771238088607788,-0.215287983417511,0.6028609871864319,4,1,0.0,0,0,0,0,0,0,0,0,0,0,0,0
data_068,0,0.6436823606491089,0.5386053323745728,-0.10507702827453613,0.8210318088531494,0,0,0.0,0,0,0,0,0,0,0,0,0,0,0,0
data_068,0,0.7916818261146545,0.7654470205307007,-0.026234805583953857,0.41944390535354614,3,1,0.0,0,0,0,0,0,0,0,0,0,0,0,0
data_068,0,0.7061190605163574,0.6318447589874268,-0.07427430152893066,0.11621744185686111,1,1,0.0,0,0,0,0,0,0,0,0,1,0,0,0
data_068,0,0.7818379998207092,0.7103528380393982,-0.07148516178131104,0.1281553953886032,2,1,0.0,0,0,0,0,0,0,0,0,0,1,0,0
data_068,0,0.789306104183197,0.718489944934845,-0.07081615924835205,0.11556333303451538,4,1,0.0,0,0,0,0,0,0,1,0,1,1,1,0
data_068,0,0.6871470808982849,0.7918007373809814,0.10465365648269653,0.0,7,1,0.7142857142857143,0,0,0,0,0,0,0,0,0,0,0,0
data_068,0,0.8876085877418518,0.7499760985374451,-0.13763248920440674,0.22619934380054474,3,1,0.0,0,0,0,0,0,1,0,0,0,1,0,0
data_068,1,0.6884231567382812,0.6224707365036011,-0.06595242023468018,0.4106661379337311,1,1,0.0,0,0,0,0,0,0,0,0,1,1,0,0
data_068,0,0.7972645163536072,0.8045361638069153,0.0072716474533081055,0.4042593836784363,6,1,0.14285714285714285,0,0,0,0,0,0,0,0,0,0,0,0
data_068,0,0.8391327857971191,0.6383038759231567,-0.2008289098739624,0.22965292632579803,1,1,0.0,0,0,0,0,0,0,0,0,0,0,0,0
data_068,0,0.740967869758606,0.7211255431175232,-0.019842326641082764,0.50235915184021,4,1,0.0,0,0,0,0,0,0,0,0,0,0,0,0
data_068,1,0.6563023924827576,0.6393062472343445,-0.016996145248413086,0.5032434463500977,1,1,0.0,0,0,0,0,0,0,0,0,1,0,0,0
data_068,0,0.6965942978858948,0.6851839423179626,-0.011410355567932129,0.21277591586112976,3,1,0.0,0,0,0,0,0,0,0,0,1,0,0,0
data_068,0,0.8743410110473633,0.7776232957839966,-0.0967177152633667,0.3308034837245941,2,1,0.0,0,0,0,0,0,0,0,0,1,0,0,0
data_068,0,0.9033403396606445,0.7605819702148438,-0.14275836944580078,0.41096392273902893,4,1,0.0,0,0,0,0,0,0,0,0,0,0,0,0
data_068,0,0.6865090131759644,0.6451021432876587,-0.041406869888305664,0.5021035075187683,1,1,0.0,0,0,0,0,0,0,0,0,0,0,0,0
data_068,0,0.6595699787139893,0.760646641254425,0.10107666254043579,0.2851342558860779,3,1,0.2857142857142857,0,0,0,0,0,0,0,0,1,0,0,0
data_068,0,0.957805871963501,0.533381998538971,-0.42442387342453003,0.18187138438224792,1,1,0.0,0,0,0,0,0,0,0,0,0,0,0,0
data_068,0,0.6240326166152954,0.7243506908416748,0.1003180742263794,0.09484883397817612,2,0,0.5714285714285714,0,0,0,0,0,0,0,0,0,0,0,0
data_069,0,0.7422242760658264,0.7200555801391602,-0.02216869592666626,0.3070144057273865,5,1,0.0,0,0,0,0,1,0,0,0,1,1,0,0
data_069,1,0.7410861253738403,0.6726970672607422,-0.06838905811309814,0.7109812498092651,3,1,0.0,0,0,0,0,0,0,0,0,0,0,0,0
data_069,0,0.823152482509613,0.6539211273193359,-0.1692313551902771,0.5427820086479187,2,1,0.0,0,0,0,0,0,0,0,0,0,0,0,0
data_069,0,0.8029724955558777,0.7508589029312134,-0.05211359262466431,0.317610502243042,5,1,0.0,0,0,0,0,0,0,0,0,0,0,0,0
data_069,0,0.8979121446609497,0.8007126450538635,-0.09719949960708618,0.6281886696815491,3,1,0.0,0,0,0,0,0,0,0,0,0,0,0,0
data_069,0,0.8930538892745972,0.4701475203037262,-0.42290636897087097,0.5744128227233887,1,1,0.0,0,0,0,0,0,0,0,0,0,0,0,0
data_069,0,0.8006348013877869,0.7473754286766052,-0.05325937271118164,0.40540963411331177,5,1,0.0,0,0,0,0,0,0,0,0,0,0,0,0
data_069,0,0.8067010045051575,0.7029737234115601,-0.10372728109359741,0.5302640795707703,5,1,0.0,0,0,0,0,0,0,0,0,0,0,0,0
data_069,0,0.5342540740966797,0.6115707159042358,0.07731664180755615,0.396645724773407,0,0,0.16666666666666666,0,0,0,0,0,0,0,0,1,0,1,0
data_069,0,0.7448195815086365,0.7497851848602295,0.004965603351593018,0.315989226102829,4,1,0.16666666666666666,0,0,0,0,0,0,0,0,0,0,0,0
data_069,0,0.6684308648109436,0.6764159202575684,0.007985055446624756,0.39916473627090454,3,1,0.16666666666666666,0,0,0,0,0,0,0,0,0,0,0,0
data_069,0,0.7393743991851807,0.6778563857078552,-0.06151801347732544,0.5152620673179626,2,1,0.0,0,0,0,0,0,0,0,0,0,0,0,0
data_069,0,0.6014914512634277,0.7060033679008484,0.10451191663742065,0.18922092020511627,1,0,0.3333333333333333,0,0,0,0,1,1,0,0,1,1,1,0
data_069,0,0.8687540292739868,0.6479053497314453,-0.2208486795425415,0.4452386200428009,1,1,0.0,0,0,0,0,0,0,0,0,0,0,0,0
data_069,0,0.7405441403388977,0.8096393346786499,0.0690951943397522,0.3912828266620636,6,1,0.3333333333333333,0,0,0,0,1,1,0,0,1,1,1,0
data_069,0,0.6923845410346985,0.4824645221233368,-0.2099200189113617,0.6546909809112549,1,1,0.0,0,0,0,0,0,0,0,0,0,0,0,0
data_069,0,0.6548600792884827,0.541982114315033,-0.11287796497344971,0.7089043259620667,1,1,0.0,0,0,0,0,0,0,0,0,0,0,0,0
data_069,0,0.7736073732376099,0.7122880220413208,-0.06131935119628906,0.11354398727416992,6,1,0.0,0,0,0,0,0,0,0,0,0,0,0,0
data_069,0,0.5985226035118103,0.6235840916633606,0.025061488151550293,0.7004002928733826,0,0,0.16666666666666666,0,0,0,0,0,0,0,0,0,0,0,0
data_070,0,0.40899115800857544,0.7625308036804199,0.3535396456718445,0.0,1,0,1.0,0,0,0,0,0,0,0,0,0,0,0,0
data_070,0,0.17070452868938446,0.8788247108459473,0.7081201821565628,0.0,4,0,1.0,0,0,0,0,0,0,0,0,0,0,0,0
data_070,0,0.18529753386974335,0.6851644515991211,0.49986691772937775,0.0,1,0,1.0,0,0,0,0,0,0,0,0,1,0,0,0
data_070,0,0.6534176468849182,0.6642009019851685,0.010783255100250244,0.5055081844329834,2,1,0.16666666666666666,0,0,0,0,0,0,0,0,0,0,0,0
data_070,0,0.7071661353111267,0.6560494303703308,-0.0511167049407959,0.40292832255363464,2,1,0.0,0,0,0,0,0,0,0,0,0,0,0,0
data_070,0,0.6908596754074097,0.609455943107605,-0.08140373229980469,0.5008426308631897,1,1,0.0,0,0,0,0,0,0,0,0,1,0,0,0
data_070,0,0.699287474155426,0.6587421298027039,-0.04054534435272217,0.3122890889644623,2,1,0.0,0,0,0,0,0,0,0,0,1,1,0,0
data_070,0,0.8492134809494019,0.7475544214248657,-0.10165905952453613,0.4352177381515503,2,1,0.0,0,0,0,0,0,0,0,0,1,0,0,0
data_070,0,0.9634320139884949,0.635083019733429,-0.3283489942550659,0.7182126641273499,1,1,0.0,0,0,0,0,0,0,0,0,0,0,0,0
data_070,0,0.6637986898422241,0.6588833928108215,-0.004915297031402588,0.3074744641780853,2,1,0.0,0,0,0,0,0,0,0,0,1,1,1,0
data_070,0,0.7755230665206909,0.6828638911247253,-0.09265917539596558,0.5038807392120361,2,1,0.0,0,0,0,0,0,0,0,0,1,1,0,0
data_070,0,0.6559990644454956,0.6945329904556274,0.038533926010131836,0.1039399579167366,3,1,0.3333333333333333,0,0,0,0,0,0,0,0,0,1,0,0
data_070,0,0.6550536751747131,0.560966968536377,-0.09408670663833618,0.811825156211853,1,1,0.0,0,0,0,0,0,0,0,0,1,0,0,0
data_070,0,0.807470977306366,0.7366316318511963,-0.07083934545516968,0.42287513613700867,2,1,0.0,0,0,0,0,0,0,0,1,0,1,0,0
data_070,0,0.8596963882446289,0.7219654321670532,-0.13773095607757568,0.6981269121170044,3,1,0.0,0,0,0,0,0,0,0,0,0,1,1,0
data_070,0,0.6910252571105957,0.659282922744751,-0.03174233436584473,0.3042823374271393,2,1,0.0,0,0,0,0,0,0,0,0,1,0,0,0
data_070,0,0.7635970711708069,0.6881808042526245,-0.07541626691818237,0.5144188404083252,2,1,0.0,0,0,0,0,0,0,0,0,0,0,0,0
data_070,0,0.6419013738632202,0.48091310262680054,-0.16098827123641968,0.5205621123313904,0,0,0.0,0,0,0,0,0,0,0,0,0,0,0,0
data_071,0,0.8117075562477112,0.6281915903091431,-0.18351596593856812,0.5321251153945923,1,1,0.0,0,0,0,0,0,0,0,0,0,0,0,0
data_071,0,0.8715898990631104,0.5739412903785706,-0.2976486086845398,0.4764763414859772,1,1,0.0,0,0,0,0,0,0,0,0,0,0,0,0
data_071,0,0.692280113697052,0.6860306859016418,-0.006249427795410156,0.2022698074579239,3,1,0.0,0,0,0,0,0,0,0,0,0,0,0,0
data_071,0,0.7996050715446472,0.6292656660079956,-0.1703394055366516,0.7134289741516113,1,1,0.0,0,0,0,0,0,0,0,0,0,0,0,0
data_071,0,0.6628759503364563,0.6656020283699036,0.0027260780334472656,0.4110358655452728,2,1,0.2,0,0,0,0,0,0,0,0,1,0,0,0
data_071,1,0.6737425327301025,0.7885792851448059,0.11483675241470337,0.19262288510799408,4,1,0.2,1,1,1,1,1,1,1,1,1,1,1,1
data_071,0,0.8292095065116882,0.5696766376495361,-0.2595328688621521,0.3404615819454193,1,1,0.0,0,0,0,0,0,0,0,0,0,0,0,0
data_071,0,0.784614622592926,0.7173135876655579,-0.06730103492736816,0.42809948325157166,2,1,0.0,0,0,0,0,1,0,0,0,1,0,0,0
data_071,0,0.6405911445617676,0.622839093208313,-0.01775205135345459,0.3096802830696106,0,0,0.0,0,0,0,0,0,1,0,0,1,1,0,0
data_071,0,0.6669239401817322,0.5466412305831909,-0.12028270959854126,0.6117737889289856,1,1,0.0,0,0,0,0,0,0,0,0,0,0,0,0
data_071,0,0.7757646441459656,0.6486805081367493,-0.1270841360092163,0.32759997248649597,1,1,0.0,0,0,0,0,0,0,0,0,1,0,0,0
data_071,0,0.6352584958076477,0.7293300032615662,0.09407150745391846,0.29880329966545105,1,0,0.2,0,0,0,0,0,0,0,0,0,0,0,0
data_071,0,0.7041885256767273,0.6714434623718262,-0.03274506330490112,0.4047810733318329,3,1,0.0,0,0,0,0,0,0,0,0,1,1,1,0
data_071,0,0.8380849361419678,0.7856066823005676,-0.052478253841400146,0.6014062762260437,3,1,0.0,0,0,0,0,0,1,0,0,0,1,0,0
data_071,0,0.764775812625885,0.6704868078231812,-0.09428900480270386,0.5024173855781555,3,1,0.0,0,0,0,0,1,0,0,0,1,1,1,0
data_071,0,0.6964128613471985,0.7558148503303528,0.0594019889831543,0.5934427976608276,2,1,0.2,0,0,0,0,1,0,0,0,1,1,0,0
data_072,0,0.8159148097038269,0.692527711391449,-0.12338709831237793,0.21615776419639587,6,1,0.0,0,0,0,0,0,0,0,0,0,0,0,0
data_072,0,0.8458797931671143,0.8390502333641052,-0.006829559803009033,0.20528872311115265,9,1,0.0,0,0,0,0,1,0,0,0,0,1,0,0
data_072,0,0.8327605724334717,0.6456753611564636,-0.18708521127700806,0.23628483712673187,1,1,0.0,0,0,0,0,0,0,0,0,0,0,0,0
data_072,0,0.712855339050293,0.5408360362052917,-0.17201930284500122,0.33382344245910645,1,1,0.0,0,0,0,0,1,1,0,0,0,1,0,0
data_072,0,0.8952888250350952,0.7927759289741516,-0.1025128960609436,0.43360161781311035,2,1,0.0,0,0,0,0,0,0,0,0,0,0,0,0
data_072,0,0.7968113422393799,0.8399033546447754,0.04309201240539551,0.10838856548070908,8,1,0.08333333333333333,0,0,0,0,0,0,0,0,0,0,0,0
data_072,0,0.6581693887710571,0.5095173716545105,-0.14865201711654663,0.5357378125190735,1,1,0.0,0,0,0,0,1,1,0,0,1,1,1,1
data_072,0,0.838742196559906,0.7293554544448853,-0.10938674211502075,0.4094280004501343,5,1,0.0,0,0,0,0,0,0,0,0,0,0,0,0
data_072,0,0.7953212261199951,0.7835505604743958,-0.011770665645599365,0.3981466591358185,9,1,0.0,0,0,0,0,0,0,0,0,0,0,0,0
data_072,0,0.7980294227600098,0.6562389731407166,-0.1417904496192932,0.6241227984428406,2,1,0.0,0,0,0,0,0,0,0,0,0,0,0,0
data_072,0,0.8390748500823975,0.8306177258491516,-0.00845712423324585,0.40753716230392456,12,1,0.0,0,0,0,0,0,0,0,0,0,0,0,0
data_072,0,0.6516559720039368,0.6442932486534119,-0.007362723350524902,0.20392608642578125,1,1,0.0,0,0,0,0,0,0,0,0,0,0,0,0
data_072,0,0.7582901120185852,0.7360550165176392,-0.022235095500946045,0.21170176565647125,2,1,0.0,0,0,0,0,0,0,0,0,0,0,0,0
data_072,0,0.6711866855621338,0.5691657662391663,-0.10202091932296753,0.32623642683029175,1,1,0.0,0,0,0,0,0,1,0,0,1,1,0,0
data_072,0,0.9636520743370056,0.8475340008735657,-0.11611807346343994,0.31284958124160767,11,1,0.0,0,0,0,0,0,0,0,0,0,0,0,0
data_072,0,0.7756617069244385,0.7340392470359802,-0.04162245988845825,0.6072818636894226,6,1,0.0,0,0,0,0,0,0,0,0,0,0,0,0
data_072,0,0.7564544081687927,0.6609876751899719,-0.0954667329788208,0.6175259351730347,2,1,0.0,0,0,0,0,0,0,0,0,0,0,0,0
data_072,0,0.8018501996994019,0.5507407784461975,-0.25110942125320435,0.14638499915599823,1,1,0.0,0,0,0,0,0,0,0,0,0,0,0,0
data_072,0,0.8824061751365662,0.7053234577178955,-0.17708271741867065,0.12962846457958221,4,1,0.0,0,0,0,0,0,0,0,0,0,0,0,0
data_072,0,0.7327264547348022,0.6336525082588196,-0.09907394647598267,0.4194171130657196,1,1,0.0,0,0,0,0,0,0,0,0,0,0,0,0
data_073,1,0.7382579445838928,0.8123398423194885,0.0740818977355957,0.3191097676753998,3,1,0.125,0,0,0,0,1,0,1,0,1,1,1,0
data_073,0,0.7800639271736145,0.7659659385681152,-0.014097988605499268,0.6999149918556213,5,1,0.0,0,0,0,0,0,0,0,0,1,0,0,0
data_073,0,0.6749078631401062,0.6349310874938965,-0.03997677564620972,0.5113124251365662,1,1,0.0,0,0,0,0,0,0,0,0,1,0,0,0
data_073,0,0.5884296894073486,0.6897068023681641,0.10127711296081543,0.3156878650188446,1,0,0.125,0,0,0,0,0,1,0,0,1,1,0,0
data_073,0,0.8412519693374634,0.7073239088058472,-0.1339280605316162,0.3167990744113922,2,1,0.0,0,0,0,0,0,0,0,0,1,0,0,0
data_073,0,0.7061414122581482,0.7345114946365356,0.02837008237838745,0.10150644183158875,5,1,0.25,0,0,0,0,1,0,0,0,1,0,0,0
data_073,0,0.4207528233528137,0.6897068023681641,0.26895397901535034,0.08422115445137024,1,0,0.375,0,0,0,0,0,0,0,0,1,0,0,0
data_073,0,0.8073530793190002,0.7881087064743042,-0.019244372844696045,0.31100794672966003,7,1,0.0,0,0,0,0,0,0,0,0,0,0,0,0
data_073,0,0.8332198262214661,0.7190483808517456,-0.11417144536972046,0.6081622838973999,4,1,0.0,0,0,0,0,0,0,0,0,0,0,0,0
data_073,0,0.8239220380783081,0.7647712826728821,-0.059150755405426025,0.6046032905578613,5,1,0.0,0,0,0,0,0,0,0,0,0,0,0,0
data_073,0,0.7681044936180115,0.6558623909950256,-0.11224210262298584,0.7155381441116333,2,1,0.0,0,0,0,0,0,1,0,0,1,0,0,0
data_073,0,0.7025642395019531,0.6731482148170471,-0.029416024684906006,0.2121039628982544,2,1,0.0,0,0,0,0,0,0,0,0,0,0,0,0
data_073,0,0.8128852248191833,0.7658159136772156,-0.04706931114196777,0.11084842681884766,7,1,0.0,0,0,0,0,0,0,0,0,0,0,0,0
data_073,0,0.6864636540412903,0.7153326869010925,0.028869032859802246,0.19924665987491608,5,1,0.125,0,0,0,0,0,0,0,0,1,1,0,0
data_073,0,0.6849956512451172,0.7661935687065125,0.08119791746139526,0.0,9,1,0.75,0,0,0,0,0,0,0,0,0,0,0,0
data_073,0,0.6724367737770081,0.774200439453125,0.10176366567611694,0.3902982175350189,6,1,0.5,0,0,0,0,1,1,0,0,1,1,1,0
data_073,0,0.7098714709281921,0.7321925759315491,0.022321105003356934,0.39672428369522095,6,1,0.25,0,0,0,0,1,0,0,0,1,0,0,0
data_073,0,0.8176664113998413,0.7355116605758667,-0.08215475082397461,0.419101744890213,7,1,0.0,0,0,0,0,0,0,0,0,0,0,0,0
data_073,0,0.8299043774604797,0.7551719546318054,-0.07473242282867432,0.12001427263021469,4,1,0.0,0,0,0,0,0,0,0,0,0,0,0,0
data_073,0,0.7412360310554504,0.7285717725753784,-0.012664258480072021,0.10762010514736176,6,1,0.0,0,0,0,0,0,0,0,0,1,0,1,0
data_073,1,0.5316266417503357,0.7143135070800781,0.18268686532974243,0.27239248156547546,1,0,0.25,0,0,0,0,1,0,0,0,0,0,0,0
data_074,0,0.5892877578735352,0.6116544604301453,0.022366702556610107,0.19886422157287598,0,0,0.08333333333333333,0,0,0,0,0,0,0,0,0,0,0,0
data_074,0,0.6317733526229858,0.6682826280593872,0.03650927543640137,0.2093292623758316,1,0,0.08333333333333333,0,0,0,0,0,0,0,0,0,0,0,0
data_074,0,0.8082040548324585,0.6975440979003906,-0.11065995693206787,0.5333367586135864,2,1,0.0,0,0,0,0,0,0,0,0,0,0,0,0
data_074,0,0.6866216659545898,0.5783072113990784,-0.10831445455551147,0.4191235899925232,1,1,0.0,0,0,0,0,0,0,0,0,1,0,0,0
data_074,0,0.7100597620010376,0.7143056988716125,0.004245936870574951,0.2055501788854599,7,1,0.08333333333333333,0,0,0,0,0,0,0,0,0,0,0,0
data_074,0,0.8821684122085571,0.7840946912765503,-0.09807372093200684,0.31993743777275085,11,1,0.0,0,0,0,0,1,1,0,0,1,1,0,0
data_074,0,0.7630223035812378,0.7874420285224915,0.024419724941253662,0.29541847109794617,9,1,0.16666666666666666,0,0,0,0,0,0,0,0,0,0,0,0
data_074,0,0.8657199740409851,0.7988080978393555,-0.06691187620162964,0.13987600803375244,3,1,0.0,0,0,0,0,0,1,0,0,1,1,0,0
data_074,0,0.6362120509147644,0.6845337152481079,0.048321664333343506,0.2948770523071289,2,0,0.16666666666666666,0,0,0,0,0,0,0,0,0,0,0,0
data_074,0,0.89490807056427,0.6749842166900635,-0.21992385387420654,0.3331204652786255,4,1,0.0,0,0,0,0,0,0,0,0,0,0,0,0
data_074,0,0.8167620301246643,0.7215574383735657,-0.09520459175109863,0.4267401099205017,2,1,0.0,0,0,0,0,0,0,0,0,0,0,0,0
data_074,0,0.8248324394226074,0.6396088004112244,-0.18522363901138306,0.526936948299408,1,1,0.0,0,0,0,0,0,0,0,0,0,0,0,0
data_074,0,0.8443424701690674,0.5890610218048096,-0.2552814483642578,0.9136573076248169,1,1,0.0,0,0,0,0,0,0,0,0,0,0,0,0
data_074,0,0.8722832798957825,0.6895530223846436,-0.18273025751113892,0.5317548513412476,4,1,0.0,0,0,0,0,0,0,0,0,0,0,0,0
data_074,0,0.7438263297080994,0.597684919834137,-0.1461414098739624,0.33388885855674744,1,1,0.0,0,0,0,0,0,0,0,0,0,0,0,0
data_074,0,0.9325441718101501,0.764796257019043,-0.16774791479110718,0.4187695384025574,9,1,0.0,0,0,0,0,0,0,0,0,0,0,0,0
data_074,0,0.8354767560958862,0.7835196852684021,-0.05195707082748413,0.40720418095588684,8,1,0.0,0,0,0,0,0,0,0,0,0,0,0,0
data_074,0,0.6818409562110901,0.6851900219917297,0.0033490657806396484,0.20978766679763794,2,1,0.08333333333333333,0,0,0,0,0,0,0,0,0,0,0,0
data_074,0,0.8433244228363037,0.7069424390792847,-0.13638198375701904,0.3284496068954468,3,1,0.0,0,0,0,0,0,0,0,0,0,0,0,0
data_074,0,0.8107917904853821,0.8002182245254517,-0.01057356595993042,0.4113674461841583,5,1,0.0,0,0,0,0,0,0,0,0,1,0,0,0
data_074,0,0.7526005506515503,0.5214352011680603,-0.23116534948349,0.6490576863288879,1,1,0.0,0,0,0,0,0,0,0,0,0,0,0,0
data_074,0,0.7351521849632263,0.7529077529907227,0.017755568027496338,0.10438095778226852,7,1,0.25,0,0,0,0,0,0,0,0,1,0,0,0
data_074,0,0.759580135345459,0.6295942664146423,-0.12998586893081665,0.5319911241531372,1,1,0.0,0,0,0,0,0,0,0,0,0,0,0,0
data_074,0,0.6044922471046448,0.6213768124580383,0.016884565353393555,0.3974963426589966,0,0,0.16666666666666666,0,0,0,0,0,0,0,0,0,0,0,0
data_074,0,0.6467617154121399,0.8740502595901489,0.22728854417800903,0.19638018310070038,3,0,0.25,0,0,0,0,0,0,0,0,1,0,0,0
data_075,0,0.7830777168273926,0.7427269220352173,-0.04035079479217529,0.41299211978912354,12,1,0.0,0,0,0,0,0,0,0,0,0,0,0,0
data_075,0,0.7197641730308533,0.7271871566772461,0.007422983646392822,0.3072887063026428,5,1,0.07142857142857142,0,0,0,0,0,0,0,0,1,0,0,0
data_075,0,0.7514289021492004,0.7799588441848755,0.02852994203567505,0.4928549528121948,8,1,0.07142857142857142,0,0,0,0,0,0,0,0,0,1,0,0
data_075,0,0.7875328660011292,0.6909921765327454,-0.09654068946838379,0.31944704055786133,5,1,0.0,0,0,0,0,0,0,0,0,0,0,0,0
data_075,0,0.8995428085327148,0.762473464012146,-0.13706934452056885,0.2193462997674942,9,1,0.0,0,0,0,0,0,0,0,0,0,0,0,0
data_075,0,0.6423628926277161,0.669792890548706,0.02742999792098999,0.30466428399086,1,0,0.07142857142857142,0,0,0,0,0,1,0,0,1,1,1,0
data_075,0,0.7508549690246582,0.7626772522926331,0.011822283267974854,0.29751095175743103,11,1,0.07142857142857142,0,0,0,0,1,0,0,0,1,0,0,0
data_075,0,0.7702595591545105,0.6975477933883667,-0.0727117657661438,0.336031436920166,2,1,0.0,0,0,0,0,0,0,0,0,0,0,0,0
data_075,0,0.821056067943573,0.6922616362571716,-0.12879443168640137,0.6201942563056946,2,1,0.0,0,0,0,0,0,0,0,0,1,0,0,0
data_075,0,0.8089317083358765,0.8074280023574829,-0.0015037059783935547,0.11002671718597412,11,1,0.0,0,0,0,0,0,0,0,0,0,0,0,0
data_075,0,0.7380619049072266,0.6595216393470764,-0.07854026556015015,0.3164840042591095,4,1,0.0,0,0,0,0,0,0,0,0,0,0,0,0
data_075,0,0.6869749426841736,0.8191578388214111,0.13218289613723755,0.09686054289340973,7,1,0.14285714285714285,0,0,0,0,0,0,0,0,0,0,0,0
data_075,0,0.7648450136184692,0.6051279306411743,-0.15971708297729492,0.4376184940338135,1,1,0.0,0,0,0,0,0,0,0,0,0,0,0,0
data_075,0,0.7272759675979614,0.6786453127861023,-0.04863065481185913,0.3078593313694,5,1,0.0,0,0,0,0,0,0,0,0,1,0,0,0
data_075,0,0.6839230060577393,0.8101869821548462,0.12626397609710693,0.3884665369987488,9,1,0.42857142857142855,0,0,0,0,0,0,0,0,0,0,0,0
data_075,0,0.6827870607376099,0.7495517730712891,0.0667647123336792,0.0,8,1,0.42857142857142855,0,0,0,0,0,1,1,0,1,1,1,0
data_075,0,0.5167005658149719,0.6080578565597534,0.0913572907447815,0.0,0,0,0.35714285714285715,0,0,0,0,0,0,0,0,0,0,0,0
data_075,0,0.6386013627052307,0.6953546404838562,0.05675327777862549,0.09677455574274063,5,0,0.35714285714285715,0,0,0,0,0,0,1,0,1,0,1,0
data_075,0,0.6917779445648193,0.6797088384628296,-0.012069106101989746,0.41028693318367004,2,1,0.0,0,0,0,0,0,0,0,0,0,0,0,0
data_075,0,0.7043952345848083,0.7228099703788757,0.018414735794067383,0.29714006185531616,2,1,0.07142857142857142,0,0,0,0,0,0,0,0,0,0,0,0
data_075,0,0.7058326601982117,0.6965513229370117,-0.009281337261199951,0.4043848216533661,2,1,0.0,0,0,0,0,0,0,0,0,1,1,0,0
data_075,0,0.7169538736343384,0.7455911636352539,0.028637290000915527,0.10190048813819885,8,1,0.07142857142857142,0,0,0,0,0,0,0,0,1,0,0,0
data_075,0,0.5819649696350098,0.5909780859947205,0.009013116359710693,0.10285300761461258,0,0,0.14285714285714285,0,0,0,0,0,0,0,0,0,0,0,0
data_075,1,0.769829273223877,0.5647361874580383,-0.20509308576583862,0.5788059830665588,1,1,0.0,1,0,0,0,1,1,0,0,1,1,1,0
data_075,0,0.7300673127174377,0.7174462676048279,-0.012621045112609863,0.404755175113678,3,1,0.0,0,0,0,0,0,0,0,0,0,0,0,0
data_075,0,0.6635198593139648,0.7482784390449524,0.08475857973098755,0.3948619067668915,3,1,0.14285714285714285,0,0,0,0,0,0,0,0,0,0,0,0
data_075,0,0.7951858639717102,0.7619785666465759,-0.03320729732513428,0.21398355066776276,7,1,0.0,0,0,0,0,0,0,0,0,0,0,0,0
data_075,0,0.6940393447875977,0.6072096228599548,-0.08682972192764282,0.612971842288971,1,1,0.0,0,0,0,0,0,0,0,0,0,0,0,0
data_075,0,0.6075246334075928,0.66810142993927,0.060576796531677246,0.28920117020606995,1,0,0.35714285714285715,0,0,0,0,0,0,0,0,0,0,0,0
data_076,0,0.8149086236953735,0.7588357925415039,-0.05607283115386963,0.3156968355178833,6,1,0.0,0,0,0,0,0,0,0,0,0,0,0,0
data_076,0,0.7921255230903625,0.7308061122894287,-0.06131941080093384,0.11649312824010849,4,1,0.0,0,0,0,0,0,0,0,0,0,0,0,0
data_076,0,0.7594788670539856,0.6854745745658875,-0.07400429248809814,0.12106963992118835,2,1,0.0,0,0,0,0,0,0,0,0,0,0,0,0
data_076,0,0.7237440943717957,0.6889533996582031,-0.03479069471359253,0.5153396725654602,3,1,0.0,0,0,0,0,0,0,0,0,0,0,0,0
data_076,0,0.7417767643928528,0.6955126523971558,-0.04626411199569702,0.5041592717170715,2,1,0.0,0,0,0,0,0,0,0,0,0,0,0,0
data_076,0,0.7190059423446655,0.772241473197937,0.053235530853271484,0.2065380960702896,5,1,0.07692307692307693,0,0,0,0,0,0,0,0,1,0,0,0
data_076,0,0.67112135887146,0.6723883748054504,0.0012670159339904785,0.2087981402873993,3,1,0.07692307692307693,0,0,0,0,0,0,0,0,0,0,0,0
data_076,0,0.7519806027412415,0.7129725813865662,-0.03900802135467529,0.319877952337265,6,1,0.0,0,0,0,0,0,0,0,0,1,1,0,0
data_076,0,0.7527000308036804,0.6115027070045471,-0.1411973237991333,0.2270161509513855,1,1,0.0,0,0,0,0,0,0,0,0,0,0,0,0
data_076,0,0.6665535569190979,0.6985056400299072,0.031952083110809326,0.30459412932395935,3,1,0.15384615384615385,0,0,0,0,0,0,0,0,1,1,0,0
data_076,0,0.8104020357131958,0.6430059671401978,-0.16739606857299805,0.328265517950058,1,1,0.0,0,0,0,0,0,0,0,0,1,1,0,0
data_076,0,0.7737608551979065,0.7470836043357849,-0.026677250862121582,0.1136939600110054,4,1,0.0,0,0,0,0,0,0,0,0,0,0,0,0
data_076,0,0.8149456977844238,0.609471321105957,-0.2054743766784668,0.45160171389579773,1,1,0.0,0,0,0,0,0,0,0,0,1,1,0,0
data_076,0,0.4667825400829315,0.5947816371917725,0.12799909710884094,0.0,0,0,0.46153846153846156,0,0,0,0,0,0,0,0,0,1,0,0
data_076,0,0.5418499112129211,0.6129250526428223,0.07107514142990112,0.0,0,0,0.6153846153846154,0,0,0,0,0,0,0,0,0,1,0,0
data_076,0,0.7456015348434448,0.7474937438964844,0.0018922090530395508,0.3028169274330139,6,1,0.07692307692307693,0,0,0,0,0,0,0,0,1,0,0,0
data_076,0,0.7322924733161926,0.7401730418205261,0.007880568504333496,0.11877688020467758,2,1,0.07692307692307693,0,0,0,0,0,0,0,0,0,0,0,0
data_076,0,0.6894091367721558,0.7578155398368835,0.06840640306472778,0.3000600337982178,3,1,0.07692307692307693,0,0,0,0,1,0,0,0,1,0,0,0
data_076,0,0.8176628947257996,0.8223903775215149,0.004727482795715332,0.39965206384658813,8,1,0.07692307692307693,0,0,0,0,0,0,0,0,1,0,0,0
data_077,0,0.7543823719024658,0.8390224575996399,0.08464008569717407,0.09617976099252701,4,1,0.6666666666666666,0,0,0,0,0,0,0,0,0,0,0,0
data_077,0,0.6690484881401062,0.732549250125885,0.06350076198577881,0.194639191031456,2,1,0.3333333333333333,0,0,0,0,0,0,0,0,1,0,0,0
data_077,0,0.8753151297569275,0.7154216170310974,-0.15989351272583008,0.5130703449249268,3,1,0.0,0,0,0,0,0,0,0,0,0,0,0,0
data_077,0,0.7074025273323059,0.6444289684295654,-0.06297355890274048,0.5080420970916748,1,1,0.0,0,0,0,0,0,0,0,0,0,0,0,0
data_077,0,0.8315456509590149,0.7495919466018677,-0.08195370435714722,0.4093835651874542,4,1,0.0,0,0,0,0,0,0,0,0,0,0,0,0
data_077,1,0.6671338677406311,0.7209804654121399,0.05384659767150879,0.2925533652305603,2,1,0.3333333333333333,0,0,0,0,0,0,0,0,0,0,0,0
data_077,0,0.8104257583618164,0.6839715838432312,-0.1264541745185852,0.5167891383171082,2,1,0.0,0,0,0,0,0,0,0,0,0,0,0,0
data_077,0,0.7749316692352295,0.6784801483154297,-0.0964515209197998,0.42357558012008667,2,1,0.0,0,0,0,0,0,0,0,0,0,0,0,0
data_077,0,0.702172577381134,0.6269813179969788,-0.07519125938415527,0.7133217453956604,1,1,0.0,0,0,0,0,0,0,0,0,0,1,0,0
data_077,0,0.8229947686195374,0.589343786239624,-0.23365098237991333,0.5298710465431213,1,1,0.0,0,0,0,0,0,0,0,0,0,0,0,0
data_077,0,0.6321749687194824,0.6875550746917725,0.05538010597229004,0.09677115827798843,3,0,1.0,0,0,0,0,0,0,0,0,0,0,0,0
data_077,0,0.5946300625801086,0.6964430809020996,0.10181301832199097,0.0,2,0,1.0,0,0,0,0,0,0,0,0,0,0,0,0
data_077,0,0.8021815419197083,0.6827823519706726,-0.11939918994903564,0.12095551937818527,2,1,0.0,0,0,0,0,0,0,0,0,0,0,0,0
data_077,0,0.7035927772521973,0.8004075884819031,0.09681481122970581,0.09361497312784195,4,1,0.6666666666666666,0,0,0,0,0,0,0,0,1,0,1,0
data_077,0,0.71349036693573,0.7045742869377136,-0.008916079998016357,0.3129501938819885,2,1,0.0,0,0,0,0,1,1,1,0,1,1,0,0
data_078,0,0.1373656690120697,0.7130292654037476,0.5756635963916779,0.0,2,0,1.0,0,0,0,0,0,0,0,0,0,0,0,0
data_078,0,0.02049257420003414,0.7893664836883545,0.7688739094883204,0.0,1,0,1.0,0,0,0,0,0,0,0,0,0,0,0,0
data_078,0,0.22609780728816986,0.7230562567710876,0.4969584494829178,0.0,2,0,1.0,0,0,0,0,0,0,0,0,0,0,0,0
data_078,0,0.6423314213752747,0.6786047220230103,0.036273300647735596,0.502371072769165,1,0,0.16666666666666666,0,0,0,0,0,0,0,0,0,0,0,0
data_078,0,0.8659694194793701,0.4670152962207794,-0.3989541232585907,0.556027352809906,1,1,0.0,0,0,0,0,0,0,0,0,1,0,0,0
data_078,1,0.6790030598640442,0.6560372710227966,-0.02296578884124756,0.22217680513858795,2,1,0.0,1,1,0,1,1,1,1,1,1,1,1,1
data_078,0,0.7148674726486206,0.8050563931465149,0.09018892049789429,0.48847684264183044,3,1,0.16666666666666666,0,0,0,0,0,0,0,0,0,0,0,0
data_078,0,0.7536926865577698,0.6925826668739319,-0.06111001968383789,0.5094445943832397,3,1,0.0,0,1,0,0,1,0,0,0,1,1,1,0
data_078,0,0.673842191696167,0.6287818551063538,-0.04506033658981323,0.20808814465999603,1,1,0.0,0,1,0,1,0,1,1,1,1,1,1,1
data_078,0,0.7151084542274475,0.5863062143325806,-0.12880223989486694,0.3430751860141754,1,1,0.0,0,0,0,0,0,0,0,0,0,0,0,0
data_078,0,0.7032808065414429,0.6868640184402466,-0.01641678810119629,0.6099146604537964,2,1,0.0,0,0,0,0,0,1,0,0,1,1,0,0
data_078,0,0.7018960118293762,0.6605919003486633,-0.04130411148071289,0.8078234195709229,2,1,0.0,1,1,1,1,1,1,1,1,1,1,1,1
data_078,0,0.5884987711906433,0.5916903018951416,0.003191530704498291,0.30994880199432373,0,0,0.16666666666666666,0,0,0,0,0,0,0,0,0,0,0,0
data_078,1,0.787450909614563,0.6343477964401245,-0.15310311317443848,0.6069103479385376,1,1,0.0,0,1,0,0,0,1,1,0,1,1,1,0
data_078,0,0.5200899243354797,0.6120525598526001,0.09196263551712036,0.48811447620391846,0,0,0.16666666666666666,0,0,0,0,0,1,0,0,1,1,1,0
data_079,1,0.7760939598083496,0.7438122034072876,-0.03228175640106201,0.20752038061618805,6,1,0.0,0,0,0,0,1,1,0,0,1,1,1,0
data_079,0,0.6981752514839172,0.6958900690078735,-0.002285182476043701,0.20226605236530304,5,1,0.0,0,0,0,0,1,0,0,0,1,0,0,0
data_079,0,0.8041020631790161,0.7689082622528076,-0.035193800926208496,0.2067650556564331,12,1,0.0,0,0,0,0,0,0,0,0,0,0,0,0
data_079,0,0.8233799338340759,0.6760404706001282,-0.14733946323394775,0.2199896275997162,4,1,0.0,0,0,0,0,0,0,0,0,0,0,0,0
data_079,0,0.6972953677177429,0.7083997130393982,0.011104345321655273,0.30986300110816956,3,1,0.05,0,0,0,0,0,0,0,0,1,0,0,0
data_079,0,0.7524107694625854,0.746753454208374,-0.005657315254211426,0.2028944343328476,13,1,0.0,0,0,0,0,0,0,0,0,0,0,0,0
data_079,0,0.8726299405097961,0.768669605255127,-0.10396033525466919,0.12179678678512573,10,1,0.0,0,0,0,0,0,0,0,0,0,0,0,0
data_079,0,0.7474716305732727,0.7713834047317505,0.023911774158477783,0.10275831073522568,12,1,0.1,0,0,1,0,1,1,0,1,1,1,0,1
data_079,0,0.7206262946128845,0.706096351146698,-0.014529943466186523,0.20721884071826935,9,1,0.0,0,0,0,0,0,0,0,0,0,0,1,0
data_079,0,0.8530359268188477,0.6859028935432434,-0.16713303327560425,0.32876458764076233,2,1,0.0,0,0,0,0,0,0,0,0,0,0,0,0
data_079,0,0.6180142760276794,0.7201535105705261,0.10213923454284668,0.0,12,0,0.75,0,0,0,0,1,0,0,0,1,0,0,0
data_079,0,0.6436415314674377,0.7469469308853149,0.1033053994178772,0.0,12,0,0.6,0,0,0,0,0,0,0,0,0,1,0,0
data_079,0,0.7763823866844177,0.7433658838272095,-0.03301650285720825,0.21899862587451935,4,1,0.0,0,0,0,0,0,0,0,0,1,0,0,0
data_079,0,0.7903226017951965,0.7617748379707336,-0.02854776382446289,0.2188258022069931,5,1,0.0,0,0,0,0,0,0,0,0,0,0,0,0
data_079,0,0.7599553465843201,0.7068556547164917,-0.05309969186782837,0.34028419852256775,2,1,0.0,0,0,0,0,0,0,0,0,0,0,0,0
data_079,0,0.703201413154602,0.7398714423179626,0.036670029163360596,0.19678200781345367,10,1,0.15,0,0,0,0,1,0,0,0,1,0,0,0
data_080,0,0.7086760997772217,0.7920913100242615,0.0834152102470398,0.09812309592962265,9,1,0.4,0,0,0,0,0,0,0,0,0,1,1,0
data_080,1,0.674465537071228,0.7428406476974487,0.0683751106262207,0.19862426817417145,5,1,0.2,0,1,0,0,1,1,0,0,1,1,1,0
data_080,0,0.780804455280304,0.6727056503295898,-0.10809880495071411,0.31567054986953735,3,1,0.0,0,0,0,0,0,0,0,0,0,0,0,0
data_080,0,0.7607002258300781,0.6533470153808594,-0.10735321044921875,0.21782225370407104,3,1,0.0,0,0,0,0,0,0,0,0,0,0,0,0
data_080,1,0.7095528244972229,0.7538994550704956,0.044346630573272705,0.10115944594144821,11,1,0.13333333333333333,0,0,0,0,0,0,0,0,0,0,0,0
data_080,0,0.8168885111808777,0.717731773853302,-0.09915673732757568,0.32195574045181274,6,1,0.0,0,0,0,0,0,0,0,0,1,0,0,0
data_080,0,0.7066765427589417,0.8355679512023926,0.12889140844345093,0.09869179874658585,8,1,0.13333333333333333,0,0,0,0,0,0,0,0,0,0,0,0
data_080,0,0.5980258584022522,0.5909618735313416,-0.0070639848709106445,0.10543649643659592,0,0,0.0,0,0,0,0,0,0,0,0,1,0,0,0
data_080,0,0.7510365843772888,0.7481074929237366,-0.002929091453552246,0.20620234310626984,6,1,0.0,0,0,0,0,0,0,0,0,0,1,0,0
data_080,0,0.6506872177124023,0.59537273645401,-0.055314481258392334,0.11424729973077774,1,1,0.0,0,0,0,0,0,0,0,0,0,0,0,0
data_080,0,0.647237241268158,0.7373623251914978,0.09012508392333984,0.0,5,0,0.3333333333333333,0,0,0,0,0,0,0,0,0,0,0,0
data_080,0,0.7310424447059631,0.7100340127944946,-0.021008431911468506,0.4028497338294983,4,1,0.0,0,0,0,0,0,0,0,0,0,0,0,0
data_080,0,0.6643621921539307,0.7560374736785889,0.0916752815246582,0.09762044250965118,7,1,0.3333333333333333,0,0,0,0,1,0,0,0,1,1,0,0
data_080,0,0.6243901252746582,0.6572757959365845,0.03288567066192627,0.3003513216972351,2,0,0.2,0,0,0,0,0,0,1,0,1,0,1,0
data_080,0,0.8113772869110107,0.7071400880813599,-0.10423719882965088,0.23040135204792023,4,1,0.0,0,0,0,0,0,0,0,0,0,0,0,0
data_080,0,0.9284331202507019,0.7228296995162964,-0.20560342073440552,0.2390110343694687,5,1,0.0,0,0,0,0,0,0,0,0,0,0,0,0
data_080,0,0.748060941696167,0.6990646123886108,-0.04899632930755615,0.413164883852005,7,1,0.0,0,0,0,0,0,0,0,0,0,0,0,0
data_080,0,0.8813078999519348,0.6802970170974731,-0.20101088285446167,0.4249531924724579,4,1,0.0,0,0,0,0,0,0,0,0,0,0,0,0
data_080,0,0.7747359871864319,0.6707835793495178,-0.10395240783691406,0.5137336850166321,2,1,0.0,0,0,0,0,0,0,0,0,0,0,0,0
data_080,0,0.845895528793335,0.7645004987716675,-0.08139503002166748,0.5168588161468506,3,1,0.0,0,0,0,0,0,0,0,0,1,0,0,0
data_080,0,0.9431106448173523,0.7244387269020081,-0.21867191791534424,0.3216358423233032,10,1,0.0,0,0,0,0,0,0,0,0,0,0,0,0
data_080,0,0.6554772853851318,0.759014368057251,0.10353708267211914,0.09796655178070068,4,1,0.2,0,0,0,0,0,0,0,0,0,0,0,0
data_080,0,0.6732979416847229,0.7361389994621277,0.06284105777740479,0.0,10,1,0.5333333333333333,0,0,0,0,0,0,0,0,1,0,0,0
data_080,0,0.7951688766479492,0.7658533453941345,-0.029315531253814697,0.3189130127429962,4,1,0.0,0,0,0,0,0,0,0,0,0,0,0,0
data_080,1,0.7788549065589905,0.7138692140579224,-0.06498569250106812,0.31333357095718384,7,1,0.0,0,0,0,0,1,0,0,0,1,0,0,0
data_080,0,0.8358176946640015,0.6089616417884827,-0.2268560528755188,0.25931763648986816,1,1,0.0,0,0,0,0,0,0,1,0,0,0,0,0
data_080,0,0.8477813601493835,0.7128731608390808,-0.13490819931030273,0.3239402770996094,3,1,0.0,0,0,0,0,0,0,0,0,0,0,0,0
data_080,0,0.6805579662322998,0.6605980396270752,-0.01995992660522461,0.40431585907936096,2,1,0.0,0,0,0,0,0,0,0,0,1,0,0,0
data_081,0,0.6744146347045898,0.6313614845275879,-0.04305315017700195,0.7153881192207336,1,1,0.0,0,0,0,0,0,0,0,0,0,1,0,0
data_081,0,0.6619576811790466,0.7922000288963318,0.13024234771728516,0.282565176486969,3,1,0.3333333333333333,0,0,0,0,0,0,0,0,1,0,0,0
data_081,1,0.7009796500205994,0.8121406435966492,0.1111609935760498,0.19601036608219147,3,1,0.3333333333333333,0,0,0,0,0,0,0,0,1,0,1,0
data_081,0,0.6633833050727844,0.6216685175895691,-0.04171478748321533,0.6021187901496887,1,1,0.0,0,0,0,0,0,0,0,0,0,0,0,0
data_081,0,0.6657041907310486,0.6722344160079956,0.0065302252769470215,0.11232537776231766,2,1,0.16666666666666666,0,0,0,0,0,0,0,0,0,0,0,0
data_081,1,0.6201665997505188,0.6492254734039307,0.029058873653411865,0.30499303340911865,0,0,0.16666666666666666,0,0,0,0,1,1,1,0,1,1,1,1
data_081,0,0.7093844413757324,0.7459772229194641,0.03659278154373169,0.3025154173374176,4,1,0.16666666666666666,0,0,0,0,0,0,0,0,0,0,0,0
data_081,0,0.63168865442276,0.6830824613571167,0.05139380693435669,0.5951395034790039,1,0,0.16666666666666666,0,0,0,0,1,0,0,0,1,0,0,0
data_081,1,0.7344842553138733,0.7078595757484436,-0.026624679565429688,0.40547478199005127,3,1,0.0,0,1,0,0,1,1,1,0,1,1,0,0
data_081,0,0.6802757978439331,0.5905209183692932,-0.08975487947463989,0.4334583580493927,1,1,0.0,0,0,0,0,0,0,0,0,1,0,0,0
data_081,1,0.6451636552810669,0.6692513227462769,0.02408766746520996,0.5010307431221008,1,0,0.16666666666666666,0,1,0,1,0,1,0,0,0,1,0,0
data_081,0,0.797319769859314,0.6321903467178345,-0.1651294231414795,0.636627733707428,1,1,0.0,0,0,0,0,0,0,0,0,0,0,0,0
data_081,0,0.7460507750511169,0.6551817655563354,-0.0908690094947815,0.8101571798324585,2,1,0.0,0,0,0,0,0,1,0,0,1,1,0,0
data_081,0,0.7289645671844482,0.7630676031112671,0.03410303592681885,0.3938038647174835,4,1,0.3333333333333333,0,0,0,0,0,0,0,0,0,0,0,0
data_081,0,0.7037145495414734,0.79579097032547,0.09207642078399658,0.2032095193862915,4,1,0.16666666666666666,0,0,0,0,0,0,0,0,0,0,0,0
data_081,0,0.7199623584747314,0.7038445472717285,-0.01611781120300293,0.4143182039260864,2,1,0.0,0,0,0,0,0,0,0,0,0,0,0,0
data_082,1,0.5834988355636597,0.6827330589294434,0.09923422336578369,0.09594961255788803,1,0,0.3,1,1,0,0,1,1,1,1,1,1,1,1
data_082,1,0.7197537422180176,0.7435967922210693,0.023843050003051758,0.10770333558320999,4,1,0.1,0,0,0,0,0,0,0,0,1,1,1,0
data_082,0,0.6800507307052612,0.7089752554893494,0.028924524784088135,0.3014072775840759,3,1,0.1,0,0,0,0,0,0,0,0,1,0,0,0
data_082,0,0.8081540465354919,0.7520408034324646,-0.056113243103027344,0.5098816156387329,5,1,0.0,0,0,0,0,0,0,0,0,0,0,0,0
data_082,0,0.7202004194259644,0.7001046538352966,-0.020095765590667725,0.21084930002689362,2,1,0.0,0,0,0,0,0,0,0,0,0,0,0,0
data_082,0,0.7256829142570496,0.769429087638855,0.04374617338180542,0.19527305662631989,8,1,0.2,0,0,0,0,0,0,0,0,1,0,0,0
data_082,0,0.7931972146034241,0.7144426703453064,-0.07875454425811768,0.32276374101638794,3,1,0.0,0,0,0,0,0,0,0,0,0,1,0,0
data_082,0,0.7070029973983765,0.719721257686615,0.012718260288238525,0.2056049257516861,4,1,0.1,0,0,0,0,0,0,0,0,0,0,0,0
data_082,0,0.6382649540901184,0.6349762082099915,-0.003288745880126953,0.20523348450660706,0,0,0.0,0,0,0,0,1,0,0,0,1,1,0,0
data_082,0,0.8382238745689392,0.7516403198242188,-0.08658355474472046,0.3123560845851898,6,1,0.0,0,0,0,0,0,0,0,0,1,0,0,0
data_082,0,0.552500307559967,0.6991128921508789,0.14661258459091187,0.09439098834991455,1,0,0.3,0,0,0,0,1,0,0,0,1,1,1,0
data_082,0,0.5872814059257507,0.806455671787262,0.21917426586151123,0.0,3,0,0.5,0,0,0,0,1,0,0,0,1,1,1,0
data_082,0,0.6757382750511169,0.7485325932502747,0.07279431819915771,0.09614157676696777,6,1,0.4,0,0,0,0,0,0,0,0,1,0,0,0
data_082,0,0.7323959469795227,0.7325242161750793,0.00012826919555664062,0.4003572165966034,5,1,0.1,0,0,0,0,0,0,0,0,1,1,0,0
data_082,1,0.5646312236785889,0.7982190251350403,0.23358780145645142,0.0,5,0,0.8,0,0,0,0,1,1,0,0,1,1,0,0
data_083,0,0.8063329458236694,0.7857120037078857,-0.02062094211578369,0.2989557087421417,7,1,0.0,0,0,0,0,0,0,0,0,0,0,0,0
data_083,0,0.7442375421524048,0.7343786358833313,-0.009858906269073486,0.3054594099521637,7,1,0.0,0,0,0,0,1,0,0,0,1,1,1,0
data_083,1,0.6066545844078064,0.6538342833518982,0.0471796989440918,0.0,1,0,0.5833333333333334,1,1,1,1,1,1,1,1,1,1,1,1
data_083,1,0.5558124780654907,0.7598393559455872,0.20402687788009644,0.0,4,0,0.75,1,1,1,1,1,1,1,1,1,1,1,1
data_084,0,0.7469343543052673,0.679744303226471,-0.06719005107879639,0.4036046862602234,2,1,0.0,0,0,0,0,0,0,0,0,1,1,0,0
data_084,0,0.6975567936897278,0.6969761252403259,-0.0005806684494018555,0.20048817992210388,6,1,0.0,0,0,0,0,0,0,0,0,0,0,0,0
data_084,0,0.7673121690750122,0.7465084195137024,-0.020803749561309814,0.3109933137893677,5,1,0.0,0,0,0,0,0,1,0,0,0,1,0,0
data_084,0,0.6759657263755798,0.794758141040802,0.11879241466522217,0.09636617451906204,7,1,0.5454545454545454,0,0,0,0,0,0,0,0,0,0,0,0
data_084,0,0.8518735766410828,0.7773507833480835,-0.07452279329299927,0.32047849893569946,4,1,0.0,0,0,0,0,0,0,0,0,0,0,0,0
data_084,1,0.6707983016967773,0.7861918210983276,0.11539351940155029,0.09707393497228622,6,1,0.45454545454545453,0,1,0,1,1,1,1,1,1,1,1,1
data_084,1,0.5248793959617615,0.86980140209198,0.3449220061302185,0.0,4,0,0.8181818181818182,1,1,1,1,1,1,1,1,1,1,1,1
data_084,1,0.5270266532897949,0.6670255064964294,0.13999885320663452,0.0,2,0,0.6363636363636364,1,1,1,1,1,1,1,1,1,1,1,1
data_084,1,0.578342854976654,0.768227756023407,0.18988490104675293,0.0,3,0,0.5454545454545454,1,1,1,1,1,1,1,1,1,1,1,1
data_084,1,0.5823643207550049,0.6883248090744019,0.10596048831939697,0.0,2,0,0.7272727272727273,1,1,1,1,1,1,1,1,1,1,1,1
data_084,0,0.9470921754837036,0.6733421683311462,-0.2737500071525574,0.23995940387248993,2,1,0.0,0,0,0,0,0,0,0,0,0,0,0,0
data_084,0,0.6668329834938049,0.6917374134063721,0.02490442991256714,0.5886886715888977,3,1,0.09090909090909091,0,0,0,0,0,0,0,0,0,0,0,0
data_084,0,0.8145421743392944,0.781380832195282,-0.03316134214401245,0.30661219358444214,9,1,0.0,0,0,0,0,0,0,0,0,0,0,0,0
data_084,0,0.6052584052085876,0.6806882619857788,0.07542985677719116,0.09482147544622421,3,0,0.5454545454545454,0,1,0,0,1,1,0,0,1,1,0,0
data_084,0,0.6992928385734558,0.6435733437538147,-0.05571949481964111,0.31486454606056213,1,1,0.0,0,0,0,0,0,0,0,0,1,0,0,0
data_084,0,0.7985569834709167,0.7486422061920166,-0.049914777278900146,0.21214687824249268,5,1,0.0,0,0,0,0,0,0,0,0,0,0,0,0
data_084,0,0.6130682229995728,0.6525635123252869,0.03949528932571411,0.3979850709438324,1,0,0.09090909090909091,0,0,0,0,0,0,0,0,0,0,0,0
data_084,0,0.6813035011291504,0.7346277236938477,0.053324222564697266,0.29511553049087524,7,1,0.18181818181818182,0,0,0,0,0,0,0,0,0,0,0,0
data_084,0,0.7212747931480408,0.7815775871276855,0.060302793979644775,0.19519145786762238,9,1,0.36363636363636365,0,0,0,0,0,1,0,0,1,1,0,0
data_084,1,0.6950977444648743,0.6365041732788086,-0.058593571186065674,0.1137784942984581,1,1,0.0,1,1,0,0,1,1,0,0,1,1,0,1
data_084,0,0.7554823756217957,0.7782965302467346,0.022814154624938965,0.29761508107185364,9,1,0.09090909090909091,0,0,0,0,0,0,0,0,1,0,0,0
data_084,1,0.7213611602783203,0.7746415138244629,0.05328035354614258,0.20502865314483643,4,1,0.09090909090909091,0,1,0,0,1,1,0,0,1,1,1,1
data_084,0,0.6166136860847473,0.6710627675056458,0.05444908142089844,0.09760885685682297,2,0,0.45454545454545453,0,1,0,0,1,1,1,0,1,1,1,0
data_084,0,0.6892534494400024,0.708225667476654,0.01897221803665161,0.5034003853797913,3,1,0.09090909090909091,0,0,0,0,0,0,0,0,1,0,0,0
data_084,1,0.6348233222961426,0.7164162397384644,0.08159291744232178,0.0,6,0,0.6363636363636364,1,1,1,1,1,1,1,1,1,1,1,1
data_085,0,0.9188742637634277,0.7296531796455383,-0.1892210841178894,0.13186736404895782,6,1,0.0,0,0,0,0,0,0,0,0,0,0,0,0
data_085,0,0.7856162786483765,0.9000332951545715,0.11441701650619507,0.10129757225513458,7,1,0.3333333333333333,0,0,0,0,0,0,0,0,0,0,0,0
data_085,0,0.7496669888496399,0.7280794382095337,-0.0215875506401062,0.309600293636322,2,1,0.0,0,0,0,0,0,0,0,0,0,0,0,0
data_085,0,0.85423743724823,0.8546757102012634,0.00043827295303344727,0.30405905842781067,6,1,0.16666666666666666,0,0,0,0,0,0,0,0,0,0,0,0
data_085,0,0.7654682993888855,0.7567883729934692,-0.00867992639541626,0.21060435473918915,5,1,0.0,0,0,0,1,0,1,0,1,1,1,0,1
data_085,0,0.7318019866943359,0.6495298147201538,-0.08227217197418213,0.5079210996627808,1,1,0.0,0,0,0,0,0,0,0,0,0,0,0,0
data_085,0,0.8278290033340454,0.8784753680229187,0.05064636468887329,0.30118775367736816,7,1,0.16666666666666666,0,0,0,0,0,0,0,0,0,0,0,0
data_085,0,0.8525155186653137,0.7374960780143738,-0.11501944065093994,0.5143873691558838,6,1,0.0,0,0,0,0,1,0,0,0,0,0,0,0
data_085,0,0.8038133978843689,0.7320511341094971,-0.07176226377487183,0.3190878927707672,3,1,0.0,0,0,0,0,0,0,0,0,0,0,0,0
data_085,0,0.7895744442939758,0.6996411085128784,-0.08993333578109741,0.7020809650421143,3,1,0.0,0,0,0,0,0,0,0,0,1,0,0,0
data_085,0,0.738820493221283,0.6774536371231079,-0.06136685609817505,0.3171117901802063,4,1,0.0,0,0,0,0,0,0,0,0,0,0,0,0
data_085,0,0.6845645904541016,0.7377285361289978,0.05316394567489624,0.39422959089279175,3,1,0.3333333333333333,0,0,0,0,0,0,0,0,0,0,0,0
data_085,0,0.8627235889434814,0.8108292818069458,-0.051894307136535645,0.5119838118553162,7,1,0.0,0,0,0,0,0,0,0,0,1,0,0,0
data_085,0,0.8532158136367798,0.7830619812011719,-0.07015383243560791,0.7068543434143066,7,1,0.0,0,0,0,0,0,0,0,0,1,0,0,0
data_085,0,0.9481576681137085,0.7262152433395386,-0.22194242477416992,0.5166746377944946,6,1,0.0,0,0,0,0,0,0,0,0,0,0,0,0
data_085,0,0.7242076992988586,0.7511692047119141,0.02696150541305542,0.29303884506225586,6,1,0.5,0,0,0,0,1,1,0,0,1,1,1,0
data_085,0,0.7390755414962769,0.7207651138305664,-0.01831042766571045,0.20540325343608856,5,1,0.0,0,0,0,0,0,0,0,0,0,0,0,0
data_085,0,0.7223497629165649,0.7708953619003296,0.04854559898376465,0.20078426599502563,7,1,0.16666666666666666,0,0,0,0,0,0,0,0,1,0,0,0
data_085,0,0.743952751159668,0.7793363332748413,0.03538358211517334,0.30848369002342224,2,1,0.16666666666666666,0,0,0,0,0,0,0,0,0,0,0,0
data_085,0,0.8136072754859924,0.7973172664642334,-0.016290009021759033,0.10540138930082321,7,1,0.0,0,0,0,0,0,0,0,0,1,0,0,0
data_085,0,0.8953385353088379,0.7418509125709534,-0.15348762273788452,0.5193749666213989,5,1,0.0,0,0,0,0,0,0,0,0,0,0,0,0
data_085,0,0.803146243095398,0.7488637566566467,-0.05428248643875122,0.6097686886787415,5,1,0.0,0,0,0,0,0,0,0,0,0,0,0,0
data_085,0,0.7867096662521362,0.7216793298721313,-0.06503033638000488,0.6109830737113953,3,1,0.0,0,0,0,0,0,0,0,0,0,0,0,0
data_085,0,0.7655290961265564,0.7629445791244507,-0.002584517002105713,0.20648062229156494,5,1,0.0,0,0,0,0,0,0,0,0,0,0,0,0
data_086,1,0.6018288135528564,0.7723236083984375,0.17049479484558105,0.20338588953018188,1,0,0.1111111111111111,1,1,1,0,1,1,1,0,1,1,1,0
data_086,0,0.7504770159721375,0.8174556493759155,0.06697863340377808,0.410611093044281,3,1,0.1111111111111111,0,0,0,0,0,0,0,0,0,0,0,0
data_086,0,0.6685748100280762,0.7923460602760315,0.12377125024795532,0.3033050000667572,2,1,0.1111111111111111,0,0,0,0,0,0,0,0,0,0,0,0
data_086,0,0.6883291006088257,0.6344610452651978,-0.05386805534362793,0.11619395017623901,1,1,0.0,0,0,0,0,0,0,0,0,0,0,0,0
data_086,0,0.6488269567489624,0.6580308675765991,0.009203910827636719,0.2994326949119568,1,0,0.2222222222222222,0,0,0,0,0,0,0,0,0,0,0,0
data_086,0,0.7013239860534668,0.7484515905380249,0.047127604484558105,0.20814469456672668,4,1,0.1111111111111111,0,0,0,0,0,0,0,0,0,0,0,0
data_086,0,0.8418723940849304,0.7201413512229919,-0.12173104286193848,0.6157965064048767,4,1,0.0,0,0,0,0,0,0,0,0,0,0,0,0
data_086,0,0.7308819890022278,0.6846785545349121,-0.046203434467315674,0.4063178300857544,3,1,0.0,0,0,0,0,0,0,0,0,0,0,0,0
data_086,0,0.7714817523956299,0.6453902721405029,-0.12609148025512695,0.715726375579834,1,1,0.0,0,0,0,0,0,0,0,0,0,0,0,0
data_086,0,0.714593231678009,0.6759259700775146,-0.038667261600494385,0.8946570158004761,2,1,0.0,0,0,0,0,0,0,0,0,1,0,0,0
data_087,0,0.7356394529342651,0.8118476867675781,0.07620823383331299,0.09555979818105698,15,1,0.1875,0,0,0,0,0,0,0,0,0,0,0,0
data_087,0,0.6011393070220947,0.7669772505760193,0.16583794355392456,0.0,9,0,0.46875,0,0,0,0,1,1,1,0,1,1,1,0
data_087,0,0.5829818248748779,0.5811644196510315,-0.0018174052238464355,0.2060040682554245,0,0,0.0,0,0,0,0,0,0,0,0,0,0,0,0
data_087,0,0.7430436015129089,0.7976616621017456,0.05461806058883667,0.09861928224563599,20,1,0.125,0,0,0,0,0,0,0,0,0,0,0,0
data_087,0,0.7426002025604248,0.7306011319160461,-0.011999070644378662,0.2055383324623108,5,1,0.0,0,0,0,0,0,0,0,0,0,0,0,0
data_087,1,0.5768854022026062,0.6645519733428955,0.0876665711402893,0.09368140250444412,1,0,0.25,0,0,0,0,1,0,0,0,1,1,0,0
data_087,0,0.7462381720542908,0.5992103219032288,-0.147027850151062,0.622654139995575,1,1,0.0,0,0,0,0,1,0,0,0,1,1,1,0
data_087,1,0.6663698554039001,0.6574532389640808,-0.008916616439819336,0.40468549728393555,2,1,0.0,0,0,0,0,0,0,0,0,1,0,0,0
data_087,1,0.6792720556259155,0.6598657965660095,-0.019406259059906006,0.40751907229423523,2,1,0.0,1,1,1,1,1,1,1,1,1,1,1,1
data_087,0,0.7447864413261414,0.7530972957611084,0.008310854434967041,0.10307228565216064,11,1,0.03125,0,0,0,0,0,0,0,0,0,0,0,0
data_087,0,0.7445760369300842,0.767223060131073,0.02264702320098877,0.1025531068444252,9,1,0.125,0,0,0,0,0,0,0,0,0,0,0,0
data_087,0,0.7424221634864807,0.7806363701820374,0.03821420669555664,0.29120752215385437,7,1,0.09375,0,0,0,0,0,0,0,0,0,0,0,0
data_087,0,0.6074985861778259,0.6470709443092346,0.03957235813140869,0.09963108599185944,0,0,0.125,0,1,1,0,1,1,1,1,1,1,1,1
data_087,0,0.6464579701423645,0.7735593318939209,0.1271013617515564,0.09224850684404373,7,0,0.21875,0,0,1,0,0,1,0,1,1,1,1,1
data_088,1,0.6574181914329529,0.6882383227348328,0.030820131301879883,0.2943688631057739,2,1,0.2,0,0,0,0,1,1,0,0,1,1,0,0
data_088,0,0.5890358686447144,0.5200902223587036,-0.06894564628601074,0.21375562250614166,0,0,0.0,0,0,0,0,0,0,0,0,0,0,0,0
data_088,0,0.6351416110992432,0.7845728397369385,0.1494312286376953,0.19016870856285095,3,0,0.6,0,0,0,0,0,0,0,0,0,0,0,0
data_088,0,0.6106491088867188,0.7460512518882751,0.1354021430015564,0.09841816127300262,1,0,0.4,0,0,0,0,0,0,0,0,1,0,0,0
data_088,0,0.6667969226837158,0.6644191741943359,-0.002377748489379883,0.20550978183746338,2,1,0.0,0,0,0,0,0,0,0,0,1,0,0,0
data_088,0,0.7305087447166443,0.5606641173362732,-0.1698446273803711,0.6426748633384705,1,1,0.0,0,0,0,0,0,0,0,0,0,0,0,0
data_088,0,0.7734544277191162,0.6902338266372681,-0.08322060108184814,0.5132178068161011,3,1,0.0,0,0,0,0,0,0,0,0,0,0,0,0
data_088,0,0.838408887386322,0.7325755953788757,-0.10583329200744629,0.30949530005455017,5,1,0.0,0,0,0,0,0,0,0,0,0,0,0,0
data_088,0,0.8307749629020691,0.6440621614456177,-0.18671280145645142,0.5187062621116638,1,1,0.0,0,0,0,0,0,0,0,0,0,0,0,0
data_088,0,0.586951732635498,0.5959328413009644,0.008981108665466309,0.4018486738204956,0,0,0.4,0,0,0,0,0,0,0,0,0,1,1,0
data_088,0,0.7165095210075378,0.7558225393295288,0.03931301832199097,0.11260557919740677,3,1,0.2,0,0,0,0,0,0,0,0,0,0,0,0
data_088,0,0.6334157586097717,0.660078763961792,0.026663005352020264,0.20755748450756073,1,0,0.2,0,0,0,0,0,0,0,0,0,0,0,0
data_088,0,0.8117784857749939,0.7439942955970764,-0.06778419017791748,0.319597065448761,5,1,0.0,0,0,0,0,0,0,0,0,0,0,0,0
data_088,1,0.6711732149124146,0.5554726123809814,-0.1157006025314331,0.8169100284576416,1,1,0.0,0,0,0,0,0,0,0,0,0,0,0,0
data_088,0,0.9120171666145325,0.6707878112792969,-0.2412293553352356,0.43511489033699036,2,1,0.0,0,0,0,0,1,0,0,0,1,0,0,0
data_088,0,0.6603291034698486,0.7087945342063904,0.04846543073654175,0.5970475077629089,2,1,0.2,0,0,0,0,0,1,0,0,0,1,0,0
data_088,0,0.6839699745178223,0.6016420722007751,-0.08232790231704712,0.3120313882827759,1,1,0.0,0,0,0,0,1,0,0,0,1,0,0,0
data_089,0,0.7961426973342896,0.6579667329788208,-0.13817596435546875,0.5277954339981079,3,1,0.0,0,0,0,0,0,0,0,0,0,0,0,0
data_089,0,0.728520393371582,0.6939598321914673,-0.034560561180114746,0.7055628895759583,2,1,0.0,0,0,0,0,0,0,0,0,0,0,0,0
data_089,0,0.7134672999382019,0.6336585283279419,-0.07980877161026001,0.4140060544013977,1,1,0.0,0,0,0,0,0,0,0,0,0,0,0,0
data_089,0,0.802325427532196,0.646796464920044,-0.1555289626121521,0.22049282491207123,1,1,0.0,0,0,0,0,0,0,0,0,0,0,0,0
data_089,0,0.7573527693748474,0.8779535293579102,0.12060075998306274,0.19676072895526886,3,1,0.16666666666666666,0,0,0,0,0,0,0,0,0,0,0,0
data_089,0,0.8132109045982361,0.697453498840332,-0.11575740575790405,0.8096038103103638,3,1,0.0,0,0,0,0,0,0,0,0,0,0,0,0
data_089,0,0.9191944599151611,0.8055880069732666,-0.11360645294189453,0.808501660823822,6,1,0.0,0,0,0,0,0,0,0,0,0,0,0,0
data_089,0,0.7923221588134766,0.5899770259857178,-0.2023451328277588,0.8200637698173523,1,1,0.0,0,0,0,0,0,0,0,0,0,0,0,0
data_089,0,0.841528594493866,0.7471511960029602,-0.09437739849090576,0.41037407517433167,6,1,0.0,0,0,0,0,0,0,0,0,0,0,0,0
data_089,0,0.750141441822052,0.8164896965026855,0.06634825468063354,0.29495975375175476,5,1,0.3333333333333333,0,0,0,0,0,0,0,0,0,1,0,0
data_089,0,0.7880280613899231,0.758364737033844,-0.0296633243560791,0.41186943650245667,4,1,0.0,0,0,0,0,0,0,0,0,0,0,0,0
data_089,0,0.692425549030304,0.658542275428772,-0.03388327360153198,0.22000347077846527,2,1,0.0,0,0,0,0,0,0,0,0,0,0,0,0
data_089,0,0.8043927550315857,0.7399529814720154,-0.06443977355957031,0.30736079812049866,5,1,0.0,0,0,0,0,0,0,0,0,0,0,0,0
data_089,0,0.7152779698371887,0.6549478769302368,-0.060330092906951904,0.21140156686306,2,1,0.0,0,0,0,0,0,0,0,0,1,0,0,0
data_089,0,0.8106951713562012,0.7444274425506592,-0.06626772880554199,0.22257496416568756,4,1,0.0,0,0,0,0,0,0,0,0,0,0,0,0
data_089,0,0.8086338043212891,0.6791852116584778,-0.12944859266281128,0.5343612432479858,5,1,0.0,0,0,0,0,0,0,0,0,1,0,0,0
data_089,1,0.7031970024108887,0.6980265974998474,-0.00517040491104126,0.20109309256076813,5,1,0.0,0,1,0,0,1,1,0,0,1,1,1,0
data_089,0,0.7277277112007141,0.7206174731254578,-0.007110238075256348,0.7046818137168884,2,1,0.0,0,0,0,0,0,0,0,0,1,0,0,0
data_090,1,0.7007272243499756,0.9268393516540527,0.22611212730407715,0.2818300426006317,2,1,0.16666666666666666,1,1,1,1,1,1,1,1,1,1,1,1
data_090,0,0.6575586199760437,0.7192107439041138,0.06165212392807007,0.29153019189834595,4,1,0.5,0,1,0,0,1,1,1,0,1,1,1,0
data_090,0,0.9901638627052307,0.740234911441803,-0.24992895126342773,0.8102603554725647,4,1,0.0,0,0,0,0,0,0,0,0,0,0,0,0
data_090,0,0.8892697691917419,0.6882297396659851,-0.20104002952575684,0.609163761138916,4,1,0.0,0,0,0,0,0,0,0,0,1,1,0,0
data_090,0,0.7929487228393555,0.6229875683784485,-0.16996115446090698,0.8106209635734558,1,1,0.0,0,0,0,0,0,0,0,0,0,0,0,0
data_090,0,0.8502628207206726,0.6459358334541321,-0.20432698726654053,1.0,1,1,0.0,0,0,0,0,0,0,0,0,0,0,0,0
data_090,0,0.6937126517295837,0.9236699342727661,0.22995728254318237,0.1887834668159485,4,1,0.5,0,0,0,0,0,0,0,0,1,0,0,0
data_090,0,0.8383585214614868,0.7453088760375977,-0.09304964542388916,0.7108717560768127,4,1,0.0,0,0,0,0,0,0,0,0,0,1,0,0
data_090,0,0.8352657556533813,0.8592528104782104,0.0239870548248291,0.40525105595588684,4,1,0.16666666666666666,0,0,0,0,0,0,0,0,0,0,0,0
data_090,0,0.6721487641334534,0.814838171005249,0.14268940687179565,0.0,7,1,0.6666666666666666,0,0,0,0,0,0,0,0,0,0,0,0
data_090,0,0.7926075458526611,0.6276682019233704,-0.16493934392929077,0.9061518311500549,1,1,0.0,0,0,0,0,0,0,0,0,0,0,0,0
data_090,0,0.8674954175949097,0.606634795665741,-0.2608606219291687,0.7208350896835327,1,1,0.0,0,0,0,0,0,0,0,0,0,0,0,0
data_090,0,0.6429250240325928,0.5909406542778015,-0.05198436975479126,0.6138598918914795,0,0,0.0,0,0,0,0,0,0,0,0,0,0,0,0
data_090,0,0.8374279141426086,0.7757394313812256,-0.06168848276138306,0.8003235459327698,4,1,0.0,0,0,0,0,0,0,0,0,1,0,0,0
data_090,0,0.6396480798721313,0.7259814739227295,0.08633339405059814,0.30081671476364136,1,0,0.16666666666666666,0,0,0,0,0,0,0,0,1,0,0,0
data_091,0,0.850127637386322,0.7624000906944275,-0.08772754669189453,0.21872478723526,6,1,0.0,0,0,0,0,0,0,0,0,0,0,0,0
data_091,0,0.6991299390792847,0.6771504878997803,-0.021979451179504395,0.41281116008758545,2,1,0.0,0,0,0,0,0,0,0,0,0,0,0,0
data_091,1,0.7926020622253418,0.6895662546157837,-0.1030358076095581,0.21921475231647491,2,1,0.0,0,0,1,1,0,1,1,1,0,1,1,0
data_091,0,0.7443163394927979,0.6997759938240051,-0.044540345668792725,0.6049713492393494,2,1,0.0,0,0,0,0,0,0,0,0,0,0,0,0
data_091,0,0.7755879759788513,0.7216324210166931,-0.0539555549621582,0.6107780337333679,5,1,0.0,0,0,0,0,0,0,0,0,0,0,0,0
data_091,0,0.7223140597343445,0.680805504322052,-0.04150855541229248,0.6017115712165833,3,1,0.0,0,0,0,0,0,0,0,0,0,0,0,0
data_091,0,0.8914526700973511,0.8193793892860413,-0.07207328081130981,0.21138371527194977,5,1,0.0,0,0,0,0,0,0,0,0,0,0,0,0
data_091,0,0.7051832675933838,0.6187300682067871,-0.08645319938659668,0.3436790108680725,1,1,0.0,0,0,0,0,0,0,0,0,0,0,0,0
data_091,0,0.6535897254943848,0.7166813015937805,0.06309157609939575,0.10127543658018112,3,1,0.13333333333333333,0,0,0,0,0,0,0,0,0,0,0,0
data_091,0,0.5787155628204346,0.5488197803497314,-0.029895782470703125,0.3141510784626007,0,0,0.0,0,0,0,0,0,0,0,0,1,0,0,0
data_091,0,0.7367048859596252,0.7234715223312378,-0.013233363628387451,0.10818388313055038,5,1,0.0,0,0,0,0,0,0,0,0,0,0,0,0
data_091,0,0.5821920037269592,0.6261959075927734,0.04400390386581421,0.10234833508729935,0,0,0.13333333333333333,0,0,0,0,0,0,0,0,0,0,0,0
data_091,0,0.6653811931610107,0.6837882995605469,0.018407106399536133,0.49683207273483276,4,1,0.13333333333333333,0,0,0,0,0,0,0,0,0,0,0,0
data_091,0,0.6639713644981384,0.7506048679351807,0.08663350343704224,0.0972435399889946,5,1,0.26666666666666666,0,0,0,0,0,0,0,0,1,0,0,0
data_091,0,0.8107720017433167,0.6490411162376404,-0.16173088550567627,0.13208787143230438,1,1,0.0,0,0,0,0,0,0,0,0,0,0,0,0
data_091,0,0.75126051902771,0.6598865985870361,-0.09137392044067383,0.21857011318206787,2,1,0.0,0,0,0,0,0,0,0,0,0,0,0,0
data_091,0,0.5617274641990662,0.6714219450950623,0.1096944808959961,0.0,1,0,0.4666666666666667,0,0,0,0,1,1,0,0,1,1,1,0
data_092,0,0.9157084822654724,0.7589740753173828,-0.1567344069480896,0.31240010261535645,5,1,0.0,0,0,0,0,0,0,0,0,0,0,0,0
data_092,0,0.8490661978721619,0.6450608968734741,-0.20400530099868774,0.7256904244422913,1,1,0.0,0,0,0,0,0,0,0,0,0,0,0,0
data_092,0,0.9804825186729431,0.6974794864654541,-0.283003032207489,0.4289936423301697,3,1,0.0,0,0,0,0,0,0,0,0,0,0,0,0
data_092,0,0.8082520365715027,0.6636151671409607,-0.144636869430542,0.9054865837097168,3,1,0.0,0,0,0,0,0,0,0,0,0,0,0,0
data_092,0,0.9765724539756775,0.73238205909729,-0.24419039487838745,0.520294189453125,4,1,0.0,0,0,0,0,0,0,0,0,0,0,0,0
data_092,0,0.7428420782089233,0.7263340353965759,-0.016508042812347412,0.30118587613105774,5,1,0.0,0,0,0,0,0,0,0,0,0,0,0,0
data_092,0,0.6915683150291443,0.7513404488563538,0.05977213382720947,0.587718665599823,3,1,0.2,1,0,0,0,1,0,0,0,1,1,0,0
data_092,1,0.6081964373588562,0.7825344800949097,0.17433804273605347,0.18124283850193024,2,0,0.6,1,1,1,1,1,1,1,1,1,1,1,1
data_092,0,0.6323230862617493,0.6474364995956421,0.015113413333892822,0.1044602170586586,0,0,0.2,0,0,0,0,0,0,0,0,1,0,0,0
data_092,0,0.6353574395179749,0.6151278018951416,-0.020229637622833252,0.40841224789619446,0,0,0.0,1,1,1,0,1,1,1,0,1,1,1,0
data_092,0,0.8911945819854736,0.6074643731117249,-0.2837302088737488,1.0,1,1,0.0,0,0,0,0,0,0,0,0,0,0,0,0
data_092,0,0.9389013051986694,0.7160883545875549,-0.2228129506111145,0.8065493106842041,3,1,0.0,0,0,0,0,0,0,0,0,0,0,0,0
data_092,0,0.741664707660675,0.7280287742614746,-0.01363593339920044,0.8936960101127625,2,1,0.0,0,0,0,0,0,0,0,0,1,0,0,0
data_092,0,0.6028521060943604,0.5858197808265686,-0.017032325267791748,0.21826699376106262,0,0,0.0,0,0,0,0,0,0,0,0,0,1,0,0
data_092,0,0.7615208029747009,0.7641960382461548,0.0026752352714538574,0.5023216009140015,5,1,0.2,0,0,0,0,0,0,0,0,0,0,0,0
data_092,0,0.6060819625854492,0.5569946765899658,-0.0490872859954834,0.40825551748275757,0,0,0.0,0,0,0,1,0,0,0,0,0,0,0,0
data_093,0,0.7845450639724731,0.7576901316642761,-0.02685493230819702,0.3115810453891754,5,1,0.0,0,0,0,0,0,1,0,0,1,1,0,0
data_093,0,0.8488887548446655,0.7492116689682007,-0.09967708587646484,0.1347397118806839,2,1,0.0,0,0,0,0,0,0,0,0,0,0,0,0
data_093,0,0.7170978784561157,0.7377017140388489,0.020603835582733154,0.3079310953617096,3,1,0.25,0,0,0,0,0,0,0,0,1,1,0,0
data_093,0,0.8086739182472229,0.7545223832130432,-0.05415153503417969,0.5971160531044006,4,1,0.0,0,0,0,0,0,0,0,0,0,0,0,0
data_093,0,0.7464665174484253,0.648918092250824,-0.09754842519760132,0.805623471736908,1,1,0.0,0,0,0,0,0,0,0,0,0,0,0,0
data_093,0,0.7628490328788757,0.5750111937522888,-0.18783783912658691,0.9117016196250916,1,1,0.0,0,0,0,0,0,0,0,0,1,0,0,0
data_093,0,0.8788964748382568,0.7943094372749329,-0.08458703756332397,0.21362049877643585,5,1,0.0,0,0,0,0,0,0,0,0,1,1,1,0
data_093,0,0.7571679353713989,0.818111002445221,0.06094306707382202,0.39782795310020447,4,1,0.5,0,1,1,0,1,1,1,0,1,1,1,0
data_093,0,0.8114986419677734,0.6971493363380432,-0.11434930562973022,0.413470596075058,4,1,0.0,0,0,0,0,0,0,0,0,0,0,0,0
data_093,0,0.8090846538543701,0.7404819130897522,-0.06860274076461792,0.5108519792556763,5,1,0.0,0,0,0,0,0,0,0,0,1,0,0,0
data_093,0,0.6313597559928894,0.6068529486656189,-0.024506807327270508,0.6010826230049133,0,0,0.0,0,0,0,0,0,0,0,0,1,0,0,0
data_093,0,0.7325760722160339,0.7032192945480347,-0.029356777667999268,0.30516231060028076,5,1,0.0,0,0,0,0,0,0,0,0,1,1,1,0
data_094,1,0.7754958271980286,0.8643680214881897,0.08887219429016113,0.0,14,1,0.6666666666666666,1,1,0,0,1,1,1,0,1,1,1,0
data_094,0,0.8169800639152527,0.7156385779380798,-0.10134148597717285,0.21311025321483612,10,1,0.0,0,0,0,0,0,0,0,0,0,0,0,0
data_094,0,0.8309376835823059,0.8312932848930359,0.00035560131072998047,0.2113364189863205,11,1,0.06666666666666667,0,0,0,0,0,1,0,0,1,1,1,0
data_094,0,0.721347451210022,0.7307705283164978,0.00942307710647583,0.20931576192378998,4,1,0.06666666666666667,0,0,0,0,0,0,0,0,1,0,0,0
data_094,0,0.8312384486198425,0.8396958708763123,0.008457422256469727,0.10131189972162247,14,1,0.06666666666666667,0,0,0,0,1,0,0,0,1,1,1,0
data_094,0,0.9564899206161499,0.8359915018081665,-0.1204984188079834,0.5168405175209045,14,1,0.0,0,0,0,0,0,0,0,0,1,1,1,0
data_094,0,0.6440436840057373,0.6873322129249573,0.04328852891921997,0.20883753895759583,1,0,0.06666666666666667,0,0,0,0,0,0,0,0,1,0,0,0
data_094,0,0.688205897808075,0.6944339275360107,0.006228029727935791,0.1108756735920906,2,1,0.06666666666666667,0,0,0,0,0,0,0,0,0,0,0,0
data_094,1,0.8744160532951355,0.8797039985656738,0.00528794527053833,0.10298781841993332,14,1,0.06666666666666667,1,1,1,1,1,1,1,1,1,1,1,1
data_094,0,0.8274544477462769,0.8556300401687622,0.02817559242248535,0.19847606122493744,14,1,0.06666666666666667,0,1,1,0,1,1,1,0,1,1,1,0
data_094,0,0.551555871963501,0.6906296610832214,0.13907378911972046,0.0,2,0,0.26666666666666666,0,0,0,0,1,1,1,0,1,1,1,0
data_095,0,0.5840243697166443,0.6287274360656738,0.04470306634902954,0.2943021357059479,0,0,0.5,0,0,0,0,0,0,0,0,0,0,0,0
data_095,0,0.816228985786438,0.8002320528030396,-0.015996932983398438,0.21814607083797455,6,1,0.0,0,0,0,0,0,0,0,0,0,0,0,0
data_095,0,0.7705748081207275,0.7829492688179016,0.012374460697174072,0.3174368143081665,3,1,0.16666666666666666,0,0,0,0,0,0,0,0,1,0,0,0
data_095,0,0.7112632989883423,0.671533465385437,-0.03972983360290527,0.30929699540138245,3,1,0.0,0,0,0,0,0,0,0,0,1,0,0,0
data_095,0,0.8273295760154724,0.7243934273719788,-0.10293614864349365,0.5121850967407227,3,1,0.0,0,0,0,0,0,0,0,0,0,0,0,0
data_095,0,0.7520686984062195,0.67925626039505,-0.07281243801116943,0.8016822934150696,2,1,0.0,0,0,0,0,0,0,0,0,0,0,0,0
data_095,0,0.7947484850883484,0.49790671467781067,-0.2968417704105377,0.6388015151023865,1,1,0.0,0,0,0,0,0,0,0,0,0,0,0,0
data_095,0,0.7837422490119934,0.7617046236991882,-0.022037625312805176,0.5985501408576965,3,1,0.0,0,0,0,0,0,0,0,0,1,1,0,0
data_095,0,0.7130758166313171,0.621307373046875,-0.09176844358444214,0.5276326537132263,1,1,0.0,0,0,0,0,0,0,0,0,1,0,0,0
data_095,0,0.7880073189735413,0.7877760529518127,-0.00023126602172851562,0.20558977127075195,5,1,0.0,0,0,0,0,0,0,0,0,0,0,0,0
data_095,0,0.8475394248962402,0.6770343780517578,-0.17050504684448242,0.8099377155303955,2,1,0.0,0,0,0,0,0,0,0,0,1,0,0,0
data_095,0,0.8007397651672363,0.7691376805305481,-0.03160208463668823,0.2063712179660797,5,1,0.0,0,0,0,0,0,0,0,0,0,0,0,0
data_095,0,0.86796635389328,0.6601454615592957,-0.20782089233398438,0.8062863349914551,2,1,0.0,0,0,0,0,0,0,0,0,0,0,0,0
data_095,0,0.7800060510635376,0.7249295711517334,-0.0550764799118042,0.5217244029045105,2,1,0.0,0,0,0,0,0,0,0,0,1,1,0,0
data_095,0,0.669279932975769,0.5757331252098083,-0.0935468077659607,0.5240544080734253,1,1,0.0,0,0,0,0,0,0,0,0,0,0,0,0
data_095,0,0.7683677673339844,0.7808432579040527,0.01247549057006836,0.11297336220741272,5,1,0.16666666666666666,0,0,0,0,0,1,0,0,1,1,1,1
data_095,0,0.9229407906532288,0.7674070000648499,-0.1555337905883789,0.7056751251220703,7,1,0.0,0,0,0,0,0,0,0,0,0,0,0,0
data_095,0,0.7196519374847412,0.6146688461303711,-0.10498309135437012,0.6180267930030823,1,1,0.0,0,0,0,0,0,1,0,0,1,1,0,0
data_095,0,0.8711397647857666,0.7867674231529236,-0.08437234163284302,0.6167550086975098,5,1,0.0,0,0,0,0,0,0,0,0,0,1,0,0
data_096,0,0.7631857395172119,0.8216745853424072,0.05848884582519531,0.19635725021362305,8,1,0.42857142857142855,0,0,0,0,0,0,0,0,0,0,0,0
data_096,0,0.8173701763153076,0.7855498790740967,-0.03182029724121094,0.4114331603050232,7,1,0.0,0,0,0,0,0,1,0,1,1,1,0,0
data_096,0,0.7641669511795044,0.6587015986442566,-0.1054653525352478,0.4186221659183502,3,1,0.0,0,0,0,0,0,0,0,0,0,0,0,0
data_096,0,0.7309223413467407,0.7763805389404297,0.045458197593688965,0.29292720556259155,8,1,0.42857142857142855,0,0,0,0,0,0,0,0,1,0,0,0
data_096,0,0.7561248540878296,0.726073682308197,-0.03005117177963257,0.6042938232421875,8,1,0.0,0,0,0,0,0,0,0,0,1,1,0,0
data_096,0,0.7830696105957031,0.655639111995697,-0.1274304986000061,0.3224243223667145,2,1,0.0,0,0,0,0,0,0,0,0,0,0,0,0
data_096,0,0.8331435918807983,0.8528071045875549,0.019663512706756592,0.301580011844635,8,1,0.14285714285714285,0,0,0,0,0,0,0,0,0,0,0,0
data_096,0,0.7721970081329346,0.7902573347091675,0.01806032657623291,0.20513147115707397,7,1,0.14285714285714285,0,0,0,0,0,0,0,0,0,0,0,0
data_096,0,0.8850162029266357,0.7511982321739197,-0.13381797075271606,0.4131157100200653,7,1,0.0,0,0,0,0,0,0,0,0,0,0,0,0
data_096,0,0.6966503858566284,0.7603294253349304,0.063679039478302,0.19848129153251648,4,1,0.42857142857142855,0,0,0,0,0,0,0,0,1,0,0,0
data_096,0,0.5874488949775696,0.6613689064979553,0.07392001152038574,0.0,1,0,0.5714285714285714,0,0,0,0,0,0,0,0,1,0,0,0
data_096,1,0.5434755682945251,0.6562623381614685,0.11278676986694336,0.09438030421733856,1,0,0.42857142857142855,1,1,1,0,1,1,1,0,1,1,1,1
data_096,0,0.700556755065918,0.6679805517196655,-0.03257620334625244,0.31109386682510376,3,1,0.0,0,0,0,0,0,0,0,0,1,1,0,0
data_096,0,0.8899903297424316,0.8033176064491272,-0.08667272329330444,0.11401785910129547,8,1,0.0,0,0,0,0,0,0,0,0,0,0,0,0
data_096,0,0.6514650583267212,0.7889610528945923,0.1374959945678711,0.0,8,1,1.0,0,0,0,0,0,0,0,0,0,1,0,0
data_096,0,0.8704851865768433,0.8432812094688416,-0.02720397710800171,0.30202072858810425,8,1,0.0,0,0,0,0,0,0,0,0,0,0,0,0
data_096,0,0.8493242263793945,0.8750678300857544,0.025743603706359863,0.2987104058265686,8,1,0.14285714285714285,0,0,1,0,1,1,1,0,1,1,1,0
data_096,0,0.7761427760124207,0.7613905072212219,-0.01475226879119873,0.5011160373687744,6,1,0.0,0,0,0,0,0,0,0,0,0,0,0,0
data_097,0,0.7455347776412964,0.7463682293891907,0.0008334517478942871,0.10422305017709732,7,1,0.16666666666666666,0,0,0,0,0,0,0,0,0,0,0,0
data_097,0,0.7612367272377014,0.7520251870155334,-0.009211540222167969,0.20872727036476135,6,1,0.0,0,0,0,0,0,0,0,0,0,0,0,0
data_097,0,0.7374982833862305,0.7281319499015808,-0.009366333484649658,0.20935823023319244,4,1,0.0,0,0,0,0,0,0,0,0,1,1,1,0
data_097,1,0.6486392021179199,0.8517995476722717,0.2031603455543518,0.0912575051188469,3,0,0.5,1,1,0,1,1,1,1,1,1,1,1,1
data_097,0,0.6605620980262756,0.6937666535377502,0.03320455551147461,0.30096980929374695,2,1,0.16666666666666666,0,1,0,0,1,1,1,0,1,1,1,1
data_097,1,0.6075478792190552,0.7595529556274414,0.15200507640838623,0.0,2,0,0.5,1,1,1,1,1,1,1,1,1,1,1,1
data_097,0,0.7984493970870972,0.7295698523521423,-0.06887954473495483,0.5102008581161499,4,1,0.0,0,0,0,0,0,1,0,0,0,1,0,0
data_097,0,0.7696450352668762,0.710562527179718,-0.0590825080871582,0.7037140727043152,6,1,0.0,0,0,0,0,0,0,0,0,0,0,0,0
data_097,1,0.6288135647773743,0.7836155891418457,0.15480202436447144,0.0,3,0,0.6666666666666666,1,1,1,1,1,1,1,1,1,1,1,1
data_097,1,0.6827784180641174,0.6562258005142212,-0.02655261754989624,0.11026804894208908,2,1,0.0,1,1,1,1,1,1,1,1,1,1,1,1
data_097,1,0.6091471910476685,0.8849524855613708,0.2758052945137024,0.4711429476737976,1,0,0.16666666666666666,1,1,1,1,1,1,1,1,1,1,1,1
data_097,0,0.8313368558883667,0.7862417697906494,-0.045095086097717285,0.21018999814987183,3,1,0.0,0,0,0,0,0,0,0,0,1,0,0,0
data_097,0,0.7326474189758301,0.6684051752090454,-0.06424224376678467,0.21154828369617462,3,1,0.0,0,0,0,0,0,0,0,0,0,0,0,0
data_098,0,0.6868376135826111,0.776043176651001,0.08920556306838989,0.19699783623218536,4,1,0.18181818181818182,0,1,0,0,1,1,0,0,1,1,1,0
data_098,0,0.8151156902313232,0.7520568370819092,-0.06305885314941406,0.21955615282058716,8,1,0.0,0,0,0,0,0,0,0,0,0,0,0,0
data_098,0,0.7474398612976074,0.7609730362892151,0.013533174991607666,0.2023465782403946,10,1,0.18181818181818182,0,1,1,0,1,1,0,0,1,1,0,0
data_098,0,0.8754666447639465,0.7875890135765076,-0.08787763118743896,0.22318901121616364,8,1,0.0,0,0,0,0,0,0,0,0,0,0,0,0
data_098,0,0.7141254544258118,0.6897225975990295,-0.024402856826782227,0.2034936398267746,3,1,0.0,0,0,0,0,0,1,0,0,1,1,0,0
data_098,0,0.8058268427848816,0.619967520236969,-0.1858593225479126,0.5278587341308594,1,1,0.0,0,0,0,0,0,0,0,0,0,0,0,0
data_098,1,0.7507086396217346,0.8060857057571411,0.055377066135406494,0.6071678400039673,3,1,0.09090909090909091,0,0,0,0,1,0,0,0,1,1,0,0
data_098,0,0.7107845544815063,0.6720994710922241,-0.03868508338928223,0.30737102031707764,2,1,0.0,0,0,0,0,0,0,0,0,1,0,0,0
data_098,0,0.698311984539032,0.6857466697692871,-0.012565314769744873,0.3055379390716553,4,1,0.0,0,0,0,0,0,0,0,0,0,0,0,0
data_098,0,0.7561901211738586,0.7463404536247253,-0.0098496675491333,0.40145260095596313,7,1,0.0,0,0,0,0,1,1,1,0,1,1,1,0
data_098,0,0.6287155747413635,0.7354748249053955,0.10675925016403198,0.29343023896217346,1,0,0.09090909090909091,1,1,1,0,1,1,1,0,1,1,1,0
data_098,0,0.8083703517913818,0.7559324502944946,-0.05243790149688721,0.1213437020778656,2,1,0.0,0,0,0,0,0,0,0,0,0,0,0,0
data_098,0,0.8436324000358582,0.668416440486908,-0.1752159595489502,0.8107165694236755,2,1,0.0,0,0,0,0,0,0,0,0,0,0,0,0
data_098,0,0.8333003520965576,0.5859719514846802,-0.24732840061187744,0.8197014927864075,1,1,0.0,0,0,0,0,0,0,0,0,0,0,0,0
data_098,0,0.7708178162574768,0.705932080745697,-0.06488573551177979,0.5140286684036255,2,1,0.0,0,0,0,0,1,0,0,0,1,0,0,0
data_098,0,0.7161005139350891,0.7054413557052612,-0.01065915822982788,0.2097344696521759,4,1,0.0,0,0,0,0,0,0,0,0,0,0,0,0
data_098,0,0.7319298982620239,0.8082532286643982,0.07632333040237427,0.3034338355064392,4,1,0.18181818181818182,0,0,0,0,0,0,0,0,0,0,0,0
data_098,0,0.6990903615951538,0.7456311583518982,0.046540796756744385,0.2941204905509949,7,1,0.18181818181818182,0,0,0,0,0,0,0,0,1,0,0,0
data_098,0,0.8532664775848389,0.7489433884620667,-0.10432308912277222,0.43277642130851746,6,1,0.0,0,0,0,0,0,0,0,0,1,0,0,0
data_098,0,0.719417929649353,0.628420352935791,-0.09099757671356201,0.32686033844947815,1,1,0.0,0,1,0,0,1,1,0,0,1,1,0,0
data_098,0,0.8160961270332336,0.5717574954032898,-0.24433863162994385,0.8327725529670715,1,1,0.0,0,0,0,0,0,0,0,0,1,0,0,0
data_098,0,0.7447277307510376,0.6118923425674438,-0.13283538818359375,0.43190401792526245,1,1,0.0,0,0,0,0,0,0,0,0,1,1,0,0
data_099,0,0.6996809244155884,0.7244844436645508,0.024803519248962402,0.2031603753566742,4,1,0.09523809523809523,0,0,0,0,0,0,0,0,0,0,0,0
data_099,0,0.7235479950904846,0.7425335645675659,0.0189855694770813,0.10527817159891129,6,1,0.047619047619047616,0,0,0,0,0,0,0,0,0,0,0,0
data_099,0,0.22356286644935608,0.8044629693031311,0.580900102853775,0.0,11,0,0.8571428571428571,0,0,0,0,0,0,0,0,0,0,0,0
data_099,0,0.21514572203159332,0.7475535273551941,0.5324078053236008,0.0,3,0,1.0,0,0,0,0,0,0,0,0,0,0,0,0
data_099,0,0.7275844216346741,0.7752927541732788,0.047708332538604736,0.20767763257026672,3,1,0.047619047619047616,0,0,0,0,0,0,0,0,0,0,0,0
data_099,0,0.6660635471343994,0.8081713318824768,0.1421077847480774,0.0,7,1,0.23809523809523808,0,0,0,0,0,0,0,0,0,0,0,0
data_099,0,0.7043424844741821,0.7890551090240479,0.08471262454986572,0.19939790666103363,7,1,0.14285714285714285,0,0,0,0,0,0,0,0,1,1,1,0
data_099,0,0.6721475720405579,0.6677834987640381,-0.004364073276519775,0.20136283338069916,4,1,0.0,0,0,0,0,0,0,0,0,1,0,0,0
data_099,1,0.6781612038612366,0.7858120799064636,0.10765087604522705,0.09682708233594894,7,1,0.23809523809523808,1,1,1,1,1,1,1,1,1,1,1,1
data_099,1,0.5658120512962341,0.784259557723999,0.2184475064277649,0.0,7,0,0.5238095238095238,1,1,1,1,1,1,1,1,1,1,1,1
data_099,0,0.781174898147583,0.68570476770401,-0.095470130443573,0.5243515372276306,4,1,0.0,0,0,0,0,0,0,0,0,0,0,0,0
data_099,0,0.7798058986663818,0.6488341093063354,-0.1309717893600464,0.6154394149780273,1,1,0.0,0,0,0,0,0,0,0,0,0,0,0,0
data_099,1,0.5473618507385254,0.7640666365623474,0.21670478582382202,0.0,10,0,0.6666666666666666,0,1,1,0,1,1,1,1,1,1,1,1
data_100,0,0.7556053996086121,0.8045450448989868,0.048939645290374756,0.10596763342618942,6,1,0.16666666666666666,0,0,0,0,0,0,0,0,0,0,0,0
data_100,0,0.8076131939888,0.6050799489021301,-0.20253324508666992,0.23493559658527374,1,1,0.0,0,0,0,0,0,0,0,0,0,0,0,0
data_100,0,0.7336565852165222,0.7371674180030823,0.0035108327865600586,0.1076284646987915,5,1,0.08333333333333333,0,0,0,0,0,0,0,0,0,0,0,0
data_100,0,0.8168514966964722,0.6106044054031372,-0.20624709129333496,0.14285598695278168,1,1,0.0,0,0,0,0,0,0,0,0,0,0,0,0
data_100,0,0.6393609642982483,0.5879213809967041,-0.05143958330154419,0.40379998087882996,0,0,0.0,0,0,0,0,0,0,0,0,0,0,0,0
data_100,0,0.6472801566123962,0.723540186882019,0.0762600302696228,0.2898925244808197,3,0,0.3333333333333333,0,0,0,0,0,0,0,0,1,0,1,0
data_100,1,0.71048504114151,0.6752015948295593,-0.035283446311950684,0.3275052607059479,2,1,0.0,1,1,1,1,1,1,1,1,1,1,1,1
data_100,0,0.7725645899772644,0.6276965141296387,-0.14486807584762573,0.32104477286338806,1,1,0.0,0,0,0,0,0,0,0,0,0,0,0,0
data_100,0,0.8357787728309631,0.6922347545623779,-0.1435440182685852,0.23285086452960968,2,1,0.0,0,0,0,0,0,0,0,0,0,1,0,0
data_100,0,0.7961439490318298,0.7311103343963623,-0.06503361463546753,0.21671654284000397,3,1,0.0,0,0,0,0,0,0,0,0,0,0,0,0
data_100,0,0.8960844278335571,0.7035004496574402,-0.19258397817611694,0.6131510138511658,6,1,0.0,0,0,0,0,0,0,0,0,0,0,0,0
data_100,0,0.7448253035545349,0.5585758090019226,-0.1862494945526123,0.13736113905906677,1,1,0.0,0,0,0,0,0,0,0,0,0,0,0,0
data_100,1,0.6919037103652954,0.690060555934906,-0.0018431544303894043,0.2099938988685608,5,1,0.0,0,0,0,0,1,0,0,0,1,1,0,0
data_100,0,0.9601559638977051,0.7311393022537231,-0.22901666164398193,0.32521718740463257,2,1,0.0,0,0,0,0,0,0,0,0,0,0,0,0
data_100,0,0.7797510027885437,0.577926516532898,-0.20182448625564575,0.4301544725894928,1,1,0.0,0,0,0,0,0,0,0,0,0,0,0,0
data_100,0,0.881117045879364,0.7194740176200867,-0.16164302825927734,0.1299750655889511,5,1,0.0,0,0,0,0,0,0,0,0,0,0,0,0
data_100,0,0.8772872090339661,0.6043620109558105,-0.2729251980781555,0.23961743712425232,1,1,0.0,0,0,0,0,0,0,0,0,0,0,0,0
data_100,0,0.7897863984107971,0.6212468147277832,-0.16853958368301392,0.12780995666980743,1,1,0.0,0,0,0,0,0,0,0,0,0,0,1,0
data_101,0,0.6775626540184021,0.6433216333389282,-0.03424102067947388,0.518056333065033,1,1,0.0,0,0,0,0,0,0,0,0,1,1,0,0
data_101,0,0.8552200198173523,0.6145476698875427,-0.24067234992980957,0.25858762860298157,1,1,0.0,0,0,0,0,0,0,0,0,0,0,0,0
data_101,0,0.5771214962005615,0.6839925050735474,0.10687100887298584,0.10074954479932785,1,0,0.14285714285714285,0,0,0,0,1,0,0,0,1,0,0,0
data_101,0,0.8281248211860657,0.6677402853965759,-0.16038453578948975,0.42869311571121216,2,1,0.0,0,0,0,0,0,0,0,0,0,0,0,0
data_101,0,0.8245502710342407,0.6870535612106323,-0.1374967098236084,0.31589627265930176,3,1,0.0,0,0,0,0,0,1,0,0,1,1,0,0
data_101,0,0.9004234671592712,0.6185598969459534,-0.28186357021331787,0.15479151904582977,1,1,0.0,0,0,0,0,0,0,0,0,0,0,0,0
data_101,0,0.744381308555603,0.5627073645591736,-0.18167394399642944,0.24618855118751526,1,1,0.0,0,0,0,0,0,0,0,0,0,0,0,0
data_101,0,0.8879343271255493,0.8277016282081604,-0.060232698917388916,0.21218669414520264,7,1,0.0,0,0,0,0,0,0,0,0,0,0,0,0
data_101,0,0.872349739074707,0.7225545644760132,-0.14979517459869385,1.0,3,1,0.0,0,0,0,0,0,0,0,0,1,0,0,0
data_101,1,0.7801945805549622,0.7023212313652039,-0.0778733491897583,0.8089697957038879,2,1,0.0,0,0,0,0,0,0,0,0,1,1,1,0
data_101,0,0.685350775718689,0.8128678202629089,0.12751704454421997,0.2796901762485504,5,1,0.21428571428571427,0,0,0,0,0,0,0,0,0,0,0,0
data_101,0,0.7317463755607605,0.7236114740371704,-0.008134901523590088,0.10674894601106644,6,1,0.0,0,0,0,0,0,0,0,0,1,0,0,0
data_101,0,0.6351203918457031,0.5804637670516968,-0.05465662479400635,0.3181288242340088,0,0,0.0,0,0,0,0,0,0,0,0,0,0,0,0
data_101,0,0.665876030921936,0.6104360222816467,-0.05544000864028931,0.20862765610218048,1,1,0.0,0,0,0,0,0,0,0,0,0,0,0,0
data_101,1,0.5805267691612244,0.7051982879638672,0.12467151880264282,0.18774308264255524,2,0,0.14285714285714285,1,1,1,0,1,1,1,0,1,1,1,0
data_101,1,0.5226479768753052,0.8052825927734375,0.2826346158981323,0.0,10,0,0.8571428571428571,0,0,0,0,0,0,1,0,1,1,1,1
data_101,0,0.5250983238220215,0.6553994417190552,0.1303011178970337,0.0,1,0,0.6428571428571429,0,0,0,0,0,0,0,0,1,0,0,0
data_101,0,0.664761483669281,0.5723052620887756,-0.09245622158050537,0.2263757288455963,1,1,0.0,0,0,0,0,0,0,0,0,1,0,0,0
data_101,0,0.7249332070350647,0.7716299295425415,0.04669672250747681,0.20976948738098145,3,1,0.07142857142857142,0,0,0,0,0,0,0,0,0,0,0,0
data_101,0,0.68783038854599,0.8229214549064636,0.13509106636047363,0.09724964946508408,8,1,0.2857142857142857,0,0,0,0,0,0,0,0,0,0,0,0
data_101,1,0.6036238670349121,0.7900584936141968,0.18643462657928467,0.0,3,0,0.35714285714285715,1,1,1,1,1,1,1,1,1,1,1,1
data_101,1,0.6637444496154785,0.7430658340454102,0.07932138442993164,0.09661433845758438,7,1,0.42857142857142855,1,1,1,1,1,1,1,1,1,1,1,1
data_102,1,0.4665225148200989,0.7399574518203735,0.27343493700027466,0.0,5,0,1.0,0,1,1,0,1,0,0,0,1,1,0,0
data_102,0,0.434711754322052,0.7632110118865967,0.3284992575645447,0.0,2,0,1.0,0,0,0,0,0,0,0,0,1,1,0,0
data_102,0,0.5424976348876953,0.784774899482727,0.24227726459503174,0.0,4,0,1.0,0,0,0,0,0,0,0,0,0,0,0,0
data_102,0,0.7374732494354248,0.6020013689994812,-0.1354718804359436,0.4270259737968445,1,1,0.0,0,0,0,0,0,0,0,0,0,0,0,0
data_102,0,0.7208147644996643,0.7090983986854553,-0.011716365814208984,0.2066248059272766,4,1,0.0,0,0,0,0,1,0,0,0,1,1,0,0
data_102,0,0.63042813539505,0.5660996437072754,-0.06432849168777466,0.3155031204223633,0,0,0.0,0,0,0,0,0,0,0,0,1,0,0,0
data_102,0,0.910638689994812,0.717128574848175,-0.19351011514663696,0.9028841257095337,2,1,0.0,0,0,0,0,0,0,0,0,0,0,0,0
data_102,0,0.8498737215995789,0.6438738703727722,-0.20599985122680664,0.9099794626235962,1,1,0.0,0,0,0,0,0,0,0,0,1,0,0,0
data_102,0,0.8083690404891968,0.7057352662086487,-0.1026337742805481,0.7109444737434387,3,1,0.0,0,0,0,0,0,0,0,0,0,0,0,0
data_102,0,0.8301771879196167,0.5066643953323364,-0.3235127925872803,1.0,1,1,0.0,0,0,0,0,0,0,0,0,0,0,0,0
data_102,0,0.7778322696685791,0.7825526595115662,0.0047203898429870605,0.20256948471069336,5,1,0.14285714285714285,0,0,0,0,0,0,0,0,1,0,0,0
data_102,0,0.7318233251571655,0.6597228050231934,-0.07210052013397217,0.4104062616825104,2,1,0.0,0,0,0,0,0,0,0,0,0,0,0,0
data_102,0,0.8318192958831787,0.7166508436203003,-0.11516845226287842,0.420139342546463,4,1,0.0,0,0,0,0,0,0,0,0,1,0,0,0
data_102,0,0.8212549090385437,0.6837313771247864,-0.13752353191375732,0.319631963968277,3,1,0.0,0,0,0,0,0,0,0,0,0,0,0,0
data_102,0,0.8004087805747986,0.6720020174980164,-0.12840676307678223,0.4323619604110718,3,1,0.0,0,0,0,0,0,0,0,0,0,0,0,0
data_103,0,0.6268169283866882,0.6355661153793335,0.008749186992645264,0.8001061677932739,0,0,0.038461538461538464,0,0,0,0,0,0,0,0,1,0,0,0
data_103,0,0.7417570352554321,0.6907097101211548,-0.051047325134277344,0.5165383219718933,6,1,0.0,0,0,0,0,0,0,0,0,0,0,0,0
data_103,0,0.775677502155304,0.7601867914199829,-0.015490710735321045,0.39830896258354187,3,1,0.0,0,0,0,0,0,0,0,0,0,0,0,0
data_103,0,0.6828319430351257,0.6689196228981018,-0.013912320137023926,0.2987459599971771,2,1,0.0,0,0,0,0,0,0,0,0,0,0,0,0
data_103,0,0.6650678515434265,0.7015632390975952,0.0364953875541687,0.39725640416145325,2,1,0.038461538461538464,0,0,0,0,0,0,0,0,0,0,0,0
data_103,1,0.7042760848999023,0.6621028780937195,-0.04217320680618286,0.8961791396141052,2,1,0.0,1,1,0,0,1,1,0,0,1,1,1,0
data_103,0,0.5842181444168091,0.6795975565910339,0.09537941217422485,0.0,2,0,0.19230769230769232,0,0,0,0,0,0,0,0,1,1,0,0
data_103,0,0.7222765684127808,0.7107747793197632,-0.011501789093017578,0.4093819856643677,3,1,0.0,0,0,0,0,0,0,0,0,0,0,0,0
data_103,0,0.6980175971984863,0.6348033547401428,-0.0632142424583435,0.3109629452228546,1,1,0.0,0,0,0,0,0,0,0,0,0,0,0,0
data_103,0,0.7052015662193298,0.5800338387489319,-0.12516772747039795,0.2250908613204956,1,1,0.0,0,0,0,0,0,0,0,0,0,0,0,0
data_103,0,0.6423604488372803,0.638063907623291,-0.004296541213989258,0.21484896540641785,0,0,0.0,0,0,0,0,0,0,0,0,1,1,0,0
data_103,0,0.7528331279754639,0.6671866774559021,-0.08564645051956177,0.32420769333839417,2,1,0.0,0,0,0,1,0,0,0,1,1,1,1,1
data_103,0,0.7027270197868347,0.6341190338134766,-0.06860798597335815,0.5224494338035583,1,1,0.0,0,0,0,0,0,0,0,0,0,0,0,0
data_103,0,0.6322301030158997,0.6747063994407654,0.04247629642486572,0.29325124621391296,1,0,0.038461538461538464,0,0,0,0,0,0,0,0,0,0,0,0
data_103,0,0.6966481804847717,0.7046969532966614,0.008048772811889648,0.2025933712720871,6,1,0.038461538461538464,0,0,0,0,0,1,0,0,1,1,0,0
data_103,0,0.6943039894104004,0.6659009456634521,-0.028403043746948242,0.21449892222881317,2,1,0.0,0,0,0,0,0,0,0,0,0,0,0,0
data_103,0,0.8283430337905884,0.7263514399528503,-0.10199159383773804,0.8997370004653931,2,1,0.0,0,0,0,0,0,0,0,0,1,0,0,0
data_104,0,0.8526855111122131,0.6669796109199524,-0.18570590019226074,0.5101574659347534,3,1,0.0,0,0,0,0,0,0,0,0,0,0,0,0
data_104,0,0.8057421445846558,0.6239222288131714,-0.18181991577148438,0.7261659502983093,1,1,0.0,0,0,0,0,0,0,0,0,0,0,0,0
data_104,0,0.6221712827682495,0.6249671578407288,0.002795875072479248,0.40709105134010315,0,0,0.05263157894736842,0,0,0,0,0,0,0,0,0,0,0,0
data_104,0,0.8028610348701477,0.7382378578186035,-0.06462317705154419,0.6139500737190247,2,1,0.0,0,0,0,0,0,0,0,0,0,0,0,0
data_104,1,0.6958507299423218,0.6834259033203125,-0.012424826622009277,0.4098650813102722,3,1,0.0,1,0,0,0,1,1,0,0,1,1,1,0
data_104,1,0.7745857238769531,0.7358250617980957,-0.03876066207885742,0.41499465703964233,7,1,0.0,1,1,1,0,1,1,0,0,1,1,1,0
data_104,0,0.9239912629127502,0.7115281224250793,-0.2124631404876709,0.34428679943084717,3,1,0.0,0,0,0,0,0,0,0,0,0,1,0,0
data_104,0,0.8000208735466003,0.7576724290847778,-0.04234844446182251,0.40513554215431213,2,1,0.0,0,0,0,0,0,0,0,0,0,0,0,0
data_104,0,0.7357963919639587,0.7459604144096375,0.010164022445678711,0.22392995655536652,2,1,0.05263157894736842,0,0,0,0,0,0,0,0,0,0,0,0
data_104,0,0.7035627365112305,0.6091957688331604,-0.09436696767807007,0.2220972329378128,1,1,0.0,0,0,0,0,0,0,0,0,0,0,0,0
data_104,0,0.678779661655426,0.6895535588264465,0.010773897171020508,0.20770563185214996,3,1,0.05263157894736842,0,0,0,0,0,0,0,0,0,0,0,0
data_104,0,0.6943292617797852,0.721366286277771,0.02703702449798584,0.10501977056264877,3,1,0.05263157894736842,0,0,0,0,0,0,0,0,0,0,0,0
data_105,0,0.7593653202056885,0.7375680208206177,-0.0217972993850708,0.3601689040660858,2,1,0.0,0,0,0,0,0,0,0,0,0,0,0,0
data_105,0,0.8754618167877197,0.7441138029098511,-0.13134801387786865,0.1221407800912857,6,1,0.0,0,0,0,0,1,0,0,0,1,0,0,0
data_105,0,0.6463059782981873,0.7369168996810913,0.09061092138290405,0.2930784523487091,4,0,0.5714285714285714,0,0,0,0,0,0,0,0,0,0,0,0
data_105,0,0.859033465385437,0.6745368838310242,-0.18449658155441284,0.32935526967048645,4,1,0.0,0,0,0,0,0,0,0,0,0,0,0,0
data_105,0,0.6589656472206116,0.6758052110671997,0.016839563846588135,0.3089887797832489,2,1,0.14285714285714285,0,0,0,0,0,0,0,0,1,0,0,0
data_105,0,0.863547146320343,0.7219228148460388,-0.1416243314743042,0.6188981533050537,4,1,0.0,0,0,0,0,0,0,0,0,0,0,0,0
data_105,0,0.6387202739715576,0.6456806659698486,0.006960391998291016,0.2041856348514557,0,0,0.14285714285714285,0,0,0,0,0,0,0,0,1,0,0,0
data_105,0,0.8441718816757202,0.5291398167610168,-0.31503206491470337,0.7348929047584534,1,1,0.0,0,0,0,0,0,0,0,0,0,0,0,0
data_105,0,0.9352766871452332,0.749448299407959,-0.18582838773727417,0.13510867953300476,4,1,0.0,0,0,0,0,0,1,0,0,0,1,0,0
data_105,0,0.814582109451294,0.77132648229599,-0.043255627155303955,0.5032532215118408,4,1,0.0,0,0,0,0,0,0,0,0,0,0,0,0
data_105,0,0.8401056528091431,0.6895596981048584,-0.15054595470428467,0.4168940484523773,3,1,0.0,0,0,0,0,0,0,0,0,0,0,0,0
data_105,0,0.7607648968696594,0.8123424649238586,0.05157756805419922,0.30219799280166626,4,1,0.14285714285714285,0,0,0,0,0,1,0,0,1,1,1,0
data_105,1,0.8944178223609924,0.807121217250824,-0.08729660511016846,0.2215510457754135,5,1,0.0,0,0,0,0,0,0,0,0,0,0,0,0
data_105,0,0.7221385836601257,0.7356913089752197,0.013552725315093994,0.11151721328496933,3,1,0.14285714285714285,0,0,0,0,0,0,0,0,0,0,0,0
data_105,0,0.6195813417434692,0.7542800903320312,0.134698748588562,0.10161679238080978,2,0,0.2857142857142857,0,1,0,0,1,1,0,0,1,1,1,0
data_105,0,0.6601582765579224,0.6423875689506531,-0.017770707607269287,0.6025280952453613,1,1,0.0,0,0,0,0,0,0,0,0,1,1,0,0
data_105,0,0.8720781803131104,0.777629554271698,-0.09444862604141235,0.5181663632392883,4,1,0.0,0,0,0,0,0,0,0,0,0,0,0,0
data_105,0,0.7950170040130615,0.7229140400886536,-0.07210296392440796,0.11947499960660934,3,1,0.0,0,0,0,0,1,1,0,0,1,1,1,0
data_105,0,0.7812609672546387,0.6189340353012085,-0.16232693195343018,0.3335679769515991,1,1,0.0,0,0,0,0,0,0,0,0,0,0,0,0
data_105,0,0.6439952254295349,0.6059211492538452,-0.0380740761756897,0.21820780634880066,0,0,0.0,0,0,0,0,0,0,0,0,1,0,0,0
data_106,0,0.7338970303535461,0.7415915727615356,0.007694542407989502,0.3979681730270386,3,1,0.16666666666666666,0,0,0,0,0,0,0,0,0,0,0,0
data_106,0,0.8110408782958984,0.8359276056289673,0.024886727333068848,0.41112563014030457,3,1,0.16666666666666666,0,0,0,0,0,0,0,0,0,0,0,0
data_106,0,0.7130250930786133,0.7320844531059265,0.019059360027313232,0.2966221570968628,3,1,0.3333333333333333,0,0,0,0,0,0,0,0,1,1,0,0
data_106,0,0.7065885663032532,0.6339980363845825,-0.07259052991867065,0.3166621923446655,1,1,0.0,0,0,0,0,0,0,0,0,0,0,0,0
data_106,0,0.640169620513916,0.787795901298523,0.14762628078460693,0.18787650763988495,2,0,0.3333333333333333,0,0,0,0,0,0,0,0,1,0,0,0
data_106,0,0.6513685584068298,0.6770245432853699,0.02565598487854004,0.3056522011756897,2,1,0.16666666666666666,0,0,0,0,0,0,0,0,0,1,0,0
data_106,0,0.7029399871826172,0.6967642307281494,-0.0061757564544677734,0.31500592827796936,2,1,0.0,0,0,0,0,0,0,0,0,1,0,0,0
data_106,0,0.7924507856369019,0.6898019313812256,-0.10264885425567627,0.8068059682846069,3,1,0.0,0,0,0,0,0,0,0,0,0,0,0,0
data_106,1,0.7303968667984009,0.7379040718078613,0.007507205009460449,0.3982422649860382,4,1,0.3333333333333333,1,1,0,0,1,1,0,0,1,1,1,0
data_106,1,0.6688214540481567,0.6155012249946594,-0.053320229053497314,0.3258851170539856,1,1,0.0,1,1,1,1,1,1,1,1,1,1,1,1
data_106,1,0.5813104510307312,0.5209789872169495,-0.06033146381378174,0.7174211144447327,0,0,0.0,0,0,0,0,1,1,0,0,1,1,1,0
data_106,1,0.6637885570526123,0.7530537843704224,0.08926522731781006,0.38662096858024597,5,1,0.5,0,0,0,0,1,1,0,0,1,1,0,1
data_106,1,0.7203426957130432,0.708245038986206,-0.012097656726837158,0.7012659311294556,2,1,0.0,1,1,1,1,1,1,1,1,1,1,1,1
data_106,0,0.7698088884353638,0.6574876308441162,-0.11232125759124756,0.9052903056144714,2,1,0.0,0,0,0,0,0,0,0,0,1,1,1,0
data_107,0,0.7692347168922424,0.6702128052711487,-0.09902191162109375,0.12513847649097443,2,1,0.0,0,0,0,0,0,0,0,0,1,0,0,0
data_107,0,0.6381672620773315,0.6139082312583923,-0.02425903081893921,0.21569499373435974,0,0,0.0,0,0,0,0,0,0,0,0,0,0,0,0
data_107,0,0.696386456489563,0.6838710308074951,-0.012515425682067871,0.1133897453546524,2,1,0.0,0,0,0,0,0,1,0,0,1,1,0,0
data_107,0,0.5840249061584473,0.602944552898407,0.018919646739959717,0.1026788279414177,0,0,0.3333333333333333,0,0,0,0,0,0,0,0,0,0,0,0
data_107,0,0.6952880620956421,0.5801239609718323,-0.11516410112380981,0.4255708158016205,1,1,0.0,0,0,0,0,0,0,0,0,1,1,0,0
data_107,0,0.7475419044494629,0.6894407868385315,-0.058101117610931396,0.22724080085754395,2,1,0.0,0,0,0,0,0,0,0,0,0,0,0,0
data_107,0,0.7660892605781555,0.7024789452552795,-0.06361031532287598,0.1194518581032753,4,1,0.0,0,0,0,0,1,0,0,0,1,0,0,0
data_107,1,0.6737496852874756,0.6993463039398193,0.02559661865234375,0.1007402241230011,6,1,0.4444444444444444,0,1,0,0,0,1,0,0,1,1,0,1
data_107,0,0.5813062787055969,0.5732128024101257,-0.008093476295471191,0.3022853434085846,0,0,0.0,0,0,0,0,0,0,0,0,0,0,0,0
data_107,0,0.6963852047920227,0.7084605097770691,0.012075304985046387,0.10451565682888031,4,1,0.2222222222222222,0,0,0,0,0,0,0,0,0,0,0,0
data_107,0,0.6590834259986877,0.6043601036071777,-0.05472332239151001,0.21258346736431122,1,1,0.0,0,0,0,0,0,0,0,0,1,0,0,0
data_107,1,0.5124350190162659,0.606859564781189,0.0944245457649231,0.0,0,0,0.7777777777777778,1,1,1,1,1,1,1,1,1,1,1,1
data_107,1,0.6129158735275269,0.7691743969917297,0.15625852346420288,0.191791370511055,2,0,0.3333333333333333,1,1,1,1,1,1,1,1,1,1,1,1
data_107,1,0.47670307755470276,0.6254924535751343,0.14878937602043152,0.0,0,0,0.5555555555555556,1,1,1,1,1,1,1,1,1,1,1,1
data_108,0,0.4384371340274811,0.7727808952331543,0.3343437612056732,0.0,1,0,0.9473684210526315,0,0,0,0,0,0,0,0,0,0,0,0
data_108,0,0.40969118475914,0.7917911410331726,0.3820999562740326,0.0,3,0,0.5263157894736842,0,0,0,0,0,0,0,0,1,1,0,0
data_108,0,0.7544265985488892,0.826920211315155,0.07249361276626587,0.10310157388448715,6,1,0.10526315789473684,0,0,0,0,0,0,0,0,0,0,0,0
data_108,0,0.6558018326759338,0.5815761685371399,-0.07422566413879395,0.6130743026733398,1,1,0.0,0,0,0,0,0,0,0,0,1,0,0,0
data_108,0,0.5795515179634094,0.6999170780181885,0.12036556005477905,0.20063531398773193,2,0,0.15789473684210525,0,0,0,0,1,0,0,0,1,0,0,0
data_108,0,0.6037228107452393,0.6305566430091858,0.026833832263946533,0.2011692374944687,0,0,0.15789473684210525,1,1,0,0,1,1,0,0,1,1,1,0
data_108,0,0.5761433243751526,0.7834185361862183,0.20727521181106567,0.0,4,0,0.3157894736842105,0,0,0,0,0,0,0,0,0,0,0,0
data_108,1,0.48972147703170776,0.7419294118881226,0.2522079348564148,0.0,3,0,0.5263157894736842,1,1,1,1,1,1,1,1,1,1,1,1
data_108,0,0.1903502196073532,0.6479859948158264,0.4576357752084732,0.0,0,0,1.0,1,0,0,0,1,0,1,0,1,1,1,0
data_108,0,0.3875371217727661,0.8217432498931885,0.43420612812042236,0.0,2,0,0.8421052631578947,0,0,0,0,0,0,0,0,0,0,0,0
data_108,1,0.16794686019420624,0.8458089232444763,0.6778620630502701,0.0,2,0,1.0,1,1,1,1,1,1,1,1,1,1,1,1
data_108,0,0.553821325302124,0.6512272953987122,0.09740597009658813,0.0969286784529686,1,0,0.2631578947368421,0,0,0,0,1,0,0,0,1,0,0,0
data_108,0,0.6547700762748718,0.6671358346939087,0.012365758419036865,0.3037145137786865,3,1,0.10526315789473684,0,0,0,0,0,0,0,0,1,0,0,0
data_108,1,0.5129379034042358,0.6277352571487427,0.11479735374450684,0.0,0,0,0.21052631578947367,1,0,0,0,1,1,1,0,1,1,1,0
data_108,0,0.7392703890800476,0.7261741161346436,-0.013096272945404053,0.20501330494880676,4,1,0.0,0,0,0,0,0,0,0,0,0,0,0,0
data_108,0,0.6308505535125732,0.5551119446754456,-0.07573860883712769,0.3276658356189728,0,0,0.0,0,0,0,0,0,0,0,0,0,0,0,0
data_109,0,0.8064967393875122,0.8220553398132324,0.015558600425720215,0.41422563791275024,3,1,0.05263157894736842,0,0,0,0,0,0,0,0,0,0,0,0
data_109,0,0.6895179152488708,0.7175025343894958,0.027984619140625,0.19781911373138428,3,1,0.05263157894736842,0,0,0,0,1,0,0,0,1,0,1,0
data_109,0,0.5347532629966736,0.6326442956924438,0.09789103269577026,0.1876441091299057,0,0,0.21052631578947367,0,0,0,0,0,0,0,0,0,1,1,0
data_109,0,0.8152726292610168,0.6787055134773254,-0.1365671157836914,0.5966213345527649,3,1,0.0,0,0,0,0,0,0,0,0,0,0,0,0
data_109,1,0.7293092608451843,0.813370406627655,0.0840611457824707,0.09754163026809692,7,1,0.15789473684210525,0,1,0,0,1,1,1,1,1,1,1,1
data_109,0,0.5351550579071045,0.5908588171005249,0.05570375919342041,0.19638480246067047,0,0,0.05263157894736842,0,0,0,0,0,0,0,0,0,0,0,0
data_109,0,0.7402376532554626,0.7264354825019836,-0.013802170753479004,0.40373727679252625,2,1,0.0,0,0,0,0,0,0,0,0,0,0,0,0
data_109,0,0.7650420665740967,0.6295178532600403,-0.1355242133140564,0.4216841757297516,1,1,0.0,0,0,0,0,0,0,0,0,0,0,0,0
data_109,0,0.7164844274520874,0.6496530771255493,-0.06683135032653809,0.31049981713294983,1,1,0.0,0,0,0,0,0,0,0,0,0,0,0,0
data_110,0,0.921973705291748,0.8156912922859192,-0.10628241300582886,0.21164362132549286,7,1,0.0,0,0,0,0,0,0,0,0,0,0,0,0
data_110,0,0.7812215089797974,0.5459612607955933,-0.2352602481842041,0.14344175159931183,1,1,0.0,0,0,0,0,0,0,0,0,0,0,0,0
data_110,0,0.6077085733413696,0.6650099158287048,0.057301342487335205,0.19933798909187317,1,0,0.1111111111111111,0,0,0,0,0,0,0,0,0,0,0,0
data_110,0,0.8747603297233582,0.8874005079269409,0.012640178203582764,0.40767815709114075,8,1,0.1111111111111111,0,0,0,0,0,0,0,0,0,0,0,0
data_110,0,0.8863367438316345,0.7652748227119446,-0.12106192111968994,0.4082581102848053,6,1,0.0,0,0,0,0,0,0,0,0,0,0,0,0
data_110,0,0.7720142602920532,0.6060689091682434,-0.16594535112380981,0.6158695220947266,1,1,0.0,0,0,0,0,0,0,0,0,0,0,0,0
data_110,0,0.6499846577644348,0.7169221639633179,0.06693750619888306,0.48507073521614075,2,0,0.2222222222222222,0,0,0,0,0,1,0,0,1,1,0,0
data_110,0,0.631222128868103,0.7615638971328735,0.1303417682647705,0.0,4,0,0.4444444444444444,0,0,0,0,0,0,0,0,0,0,0,0
data_110,0,0.7890363335609436,0.7427172064781189,-0.04631912708282471,0.7060160040855408,2,1,0.0,0,0,0,0,0,0,0,0,0,0,0,0
data_110,1,0.7366313338279724,0.6857527494430542,-0.05087858438491821,0.5090751051902771,3,1,0.0,0,1,0,1,1,1,1,1,1,1,1,1
data_110,0,0.8023239374160767,0.7252406477928162,-0.0770832896232605,0.1187996044754982,4,1,0.0,0,0,0,0,0,0,0,0,0,0,0,0
data_110,0,0.7043287754058838,0.667561948299408,-0.03676682710647583,0.8020976781845093,2,1,0.0,0,0,0,0,0,0,0,0,0,0,0,0
data_110,0,0.7237672209739685,0.7374117374420166,0.013644516468048096,0.10204719007015228,7,1,0.1111111111111111,0,0,0,0,0,0,0,0,0,0,0,0
data_110,0,0.7047803401947021,0.6035263538360596,-0.10125398635864258,0.8200147151947021,1,1,0.0,0,0,0,0,0,0,0,0,1,0,0,0
data_110,0,0.8312904238700867,0.6349107027053833,-0.19637972116470337,0.5398678779602051,1,1,0.0,0,0,0,0,0,0,0,0,0,0,0,0
data_110,0,0.7304922342300415,0.8467686772346497,0.11627644300460815,0.0,7,1,0.3333333333333333,0,0,0,0,1,1,0,0,1,1,1,0
data_110,1,0.7266009449958801,0.778877317905426,0.0522763729095459,0.30688467621803284,4,1,0.1111111111111111,0,1,1,0,1,1,1,1,1,1,1,0
data_110,0,0.6311853528022766,0.7960032224655151,0.16481786966323853,0.0,6,0,0.8888888888888888,0,0,0,0,0,0,0,0,1,0,0,0
data_110,1,0.19998520612716675,0.7429112195968628,0.542926013469696,0.0,3,0,1.0,1,1,1,1,1,1,1,1,1,1,1,1
data_110,1,0.10707305371761322,0.7519977688789368,0.6449247151613235,0.0,4,0,1.0,1,1,1,1,1,1,1,1,1,1,1,1
data_110,1,0.2855074405670166,0.5966184735298157,0.3111110329627991,0.0,0,0,1.0,1,1,1,1,1,1,1,1,1,1,1,1
data_110,0,0.9463682174682617,0.5746173858642578,-0.3717508316040039,0.35953620076179504,1,1,0.0,0,0,0,0,0,0,0,0,0,0,0,0
data_110,0,0.7495090961456299,0.7834693193435669,0.03396022319793701,0.10202313214540482,8,1,0.2222222222222222,0,0,0,0,0,0,0,0,1,1,0,0
data_110,0,0.7380247712135315,0.7790911793708801,0.04106640815734863,0.1012113019824028,7,1,0.2222222222222222,0,0,0,0,0,0,0,0,1,0,0,0
data_110,0,0.6713213920593262,0.7987937331199646,0.12747234106063843,0.0,8,1,0.7777777777777778,0,0,0,0,1,0,0,0,1,0,0,0
data_110,0,0.6065630912780762,0.7529375553131104,0.14637446403503418,0.0,4,0,0.4444444444444444,0,0,0,0,0,0,0,0,1,0,0,0
data_110,0,0.6142604947090149,0.6357900500297546,0.021529555320739746,0.5044478178024292,0,0,0.1111111111111111,1,1,1,1,1,1,1,1,1,1,1,1
data_111,1,0.27231791615486145,0.8281192183494568,0.5558013021945953,0.0,1,0,0.7777777777777778,1,1,1,1,1,1,1,1,1,1,1,1
data_111,1,0.1626099795103073,0.8231408596038818,0.6605308800935745,0.0,3,0,0.5555555555555556,1,1,1,1,1,1,1,1,1,1,1,1
data_111,1,0.26790186762809753,0.9836733341217041,0.7157714664936066,0.0,5,0,0.5555555555555556,1,1,1,1,1,1,1,1,1,1,1,1
data_111,1,0.19311803579330444,0.9357183575630188,0.7426003217697144,0.0,3,0,0.5555555555555556,1,1,1,1,1,1,1,1,1,1,1,1
data_111,1,0.21407528221607208,0.861367404460907,0.6472921222448349,0.0,5,0,0.6666666666666666,1,1,1,1,1,1,1,1,1,1,1,1
data_111,1,0.18474780023097992,0.8955401182174683,0.7107923179864883,0.0,5,0,0.7777777777777778,1,1,1,1,1,1,1,1,1,1,1,1
data_111,1,0.13477881252765656,0.8037248849868774,0.6689460724592209,0.0,5,0,0.7777777777777778,1,1,1,1,1,1,1,1,1,1,1,1
data_111,1,0.08429890125989914,0.8145855665206909,0.7302866652607918,0.0,3,0,1.0,1,1,1,1,1,1,1,1,1,1,1,1
data_111,1,0.20898930728435516,0.858934760093689,0.6499454528093338,0.0,5,0,0.7777777777777778,1,1,1,1,1,1,1,1,1,1,1,1
data_111,1,0.4145004153251648,0.9702326059341431,0.5557321906089783,0.0,3,0,0.6666666666666666,1,1,1,1,1,1,1,1,1,1,1,1
data_111,1,0.18450242280960083,0.7933945655822754,0.6088921427726746,0.0,4,0,0.7777777777777778,1,1,1,1,1,1,1,1,1,1,1,1
data_111,1,0.2276381403207779,0.7944039106369019,0.566765770316124,0.0,2,0,0.5555555555555556,1,1,1,1,1,1,1,1,1,1,1,1
data_111,1,0.4112088680267334,0.8348327875137329,0.4236239194869995,0.0,1,0,0.5555555555555556,1,1,1,1,1,1,1,1,1,1,1,1
data_111,1,0.15892240405082703,0.9266694188117981,0.7677470147609711,0.0,5,0,1.0,1,1,1,1,1,1,1,1,1,1,1,1
data_111,1,0.12524285912513733,0.881260335445404,0.7560174763202667,0.0,5,0,0.8888888888888888,1,1,1,1,1,1,1,1,1,1,1,1
data_111,1,0.2967980206012726,0.7081496119499207,0.41135159134864807,0.0,1,0,0.5555555555555556,1,1,1,1,1,1,1,1,1,1,1,1
data_112,0,0.7383191585540771,0.6821751594543457,-0.056143999099731445,0.3184783458709717,2,1,0.0,1,1,1,1,1,1,1,1,1,1,1,1
data_112,0,0.690290629863739,0.7680580019950867,0.07776737213134766,0.20515795052051544,3,1,0.07142857142857142,0,0,0,0,0,0,0,0,0,0,0,0
data_112,0,0.682887852191925,0.7563969492912292,0.0735090970993042,0.19230663776397705,8,1,0.14285714285714285,0,0,0,0,1,0,1,0,1,1,1,0
data_112,0,0.6938772797584534,0.6331930756568909,-0.0606842041015625,0.5150715112686157,1,1,0.0,0,0,0,0,0,0,0,0,0,0,0,0
data_112,0,0.7535620927810669,0.623525083065033,-0.13003700971603394,0.2309059500694275,1,1,0.0,0,0,0,0,0,0,0,0,0,0,0,0
data_112,0,0.667491614818573,0.566643238067627,-0.10084837675094604,0.623520016670227,1,1,0.0,0,0,0,0,0,0,0,0,0,0,0,0
data_112,0,0.5151209235191345,0.6457906365394592,0.1306697130203247,0.0,0,0,0.32142857142857145,0,0,0,0,0,0,0,0,1,0,0,0
data_112,0,0.7246931195259094,0.6530579328536987,-0.0716351866722107,0.3206399381160736,2,1,0.0,0,0,0,0,0,0,0,0,0,0,0,0
data_112,0,0.666679322719574,0.7097346186637878,0.04305529594421387,0.10918658971786499,3,1,0.03571428571428571,0,0,0,0,0,0,0,0,0,0,0,0
data_112,0,0.6009078025817871,0.6467640399932861,0.04585623741149902,0.29052892327308655,0,0,0.10714285714285714,0,0,0,0,0,0,0,0,0,1,0,0
data_112,0,0.7297284603118896,0.7078498005867004,-0.02187865972518921,0.10676994919776917,9,1,0.0,0,0,0,0,1,0,0,0,1,0,0,0
data_112,0,0.7964884638786316,0.5712906718254089,-0.22519779205322266,0.5331704616546631,1,1,0.0,0,0,0,0,0,0,0,0,0,0,0,0
data_112,0,0.7011897563934326,0.48698362708091736,-0.21420612931251526,0.44266030192375183,1,1,0.0,0,0,0,0,0,0,0,0,0,0,0,0
data_112,0,0.7357025742530823,0.7497917413711548,0.01408916711807251,0.30848729610443115,4,1,0.03571428571428571,0,0,0,0,0,0,0,0,0,0,0,0
data_112,0,0.7864745855331421,0.7598419785499573,-0.026632606983184814,0.11336661875247955,6,1,0.0,0,0,0,0,0,0,0,0,0,0,0,0
data_112,0,0.6192936301231384,0.7268931269645691,0.10759949684143066,0.294054239988327,1,0,0.07142857142857142,0,0,0,0,0,0,0,0,0,0,0,0
data_112,0,0.7813026309013367,0.7077431082725525,-0.07355952262878418,0.21758204698562622,4,1,0.0,0,0,0,0,0,0,0,0,1,0,1,0
data_112,0,0.7272642254829407,0.6477786302566528,-0.07948559522628784,0.324800968170166,1,1,0.0,0,0,0,0,0,0,0,0,0,0,0,0
data_112,0,0.7839699983596802,0.6725339889526367,-0.11143600940704346,0.4259433150291443,2,1,0.0,0,0,0,0,0,0,0,0,0,0,0,0
data_113,0,0.7721482515335083,0.6147480607032776,-0.1574001908302307,1.0,1,1,0.0,0,0,0,0,0,0,0,0,0,1,0,0
data_113,0,0.6804909110069275,0.5179893970489502,-0.1625015139579773,0.5119242072105408,1,1,0.0,0,0,0,0,0,1,0,0,0,1,0,0
data_113,0,0.7767060399055481,0.6534285545349121,-0.12327748537063599,1.0,2,1,0.0,0,0,0,0,0,0,0,0,0,0,0,0
data_113,0,0.7586220502853394,0.6617537140846252,-0.09686833620071411,0.8102269172668457,2,1,0.0,0,0,0,0,0,0,0,0,0,0,0,0
data_113,0,0.7753797173500061,0.7418858408927917,-0.033493876457214355,0.4152365028858185,2,1,0.0,0,0,0,0,1,0,0,0,1,0,0,0
data_113,0,0.7932636141777039,0.7251607775688171,-0.06810283660888672,0.5030875205993652,2,1,0.0,0,0,0,0,0,0,0,0,0,0,0,0
data_113,0,0.6325438618659973,0.5783714652061462,-0.054172396659851074,0.32189685106277466,0,0,0.0,0,0,0,0,0,0,0,0,0,0,0,0
data_113,1,0.4708500802516937,0.7695486545562744,0.2986985743045807,0.0,1,0,1.0,0,0,0,0,0,0,1,0,1,0,1,0
data_113,0,0.6894046068191528,0.6820688247680664,-0.007335782051086426,0.20595639944076538,4,1,0.0,0,0,0,0,0,0,0,0,0,0,0,0
data_114,0,0.6749134063720703,0.8485757112503052,0.17366230487823486,0.18552446365356445,7,1,0.45454545454545453,0,0,0,0,0,0,0,0,1,0,0,0
data_114,0,0.7186537981033325,0.5138705968856812,-0.20478320121765137,0.2647087872028351,1,1,0.0,0,0,0,0,0,0,0,0,0,0,0,0
data_114,0,0.762626588344574,0.770415723323822,0.007789134979248047,0.29854512214660645,5,1,0.09090909090909091,0,0,0,0,0,0,0,0,0,0,0,0
data_114,0,0.8236857056617737,0.606095016002655,-0.21759068965911865,1.0,1,1,0.0,0,0,0,0,0,0,0,0,1,1,0,0
data_114,0,0.8636876940727234,0.840071976184845,-0.023615717887878418,0.8925758004188538,4,1,0.0,0,0,0,0,0,0,0,0,0,0,0,0
data_114,0,0.8744390606880188,0.7466765642166138,-0.12776249647140503,0.9012401103973389,4,1,0.0,0,0,0,0,0,0,0,0,1,0,0,0
data_114,1,0.4679708778858185,0.7958988547325134,0.32792797684669495,0.08377274125814438,2,0,0.5454545454545454,0,1,0,0,1,1,1,0,1,1,1,0
data_114,1,0.7630545496940613,0.7875274419784546,0.02447289228439331,0.19950129091739655,8,1,0.2727272727272727,0,0,0,0,1,0,0,0,1,1,1,0
data_114,0,0.7291473746299744,0.793108344078064,0.0639609694480896,0.4881555438041687,5,1,0.09090909090909091,1,1,1,1,1,1,1,1,1,1,1,1
data_114,0,0.7159888744354248,0.8066006302833557,0.09061175584793091,0.19642966985702515,7,1,0.36363636363636365,0,0,1,0,1,0,0,0,1,1,1,0
data_114,0,0.7134125232696533,0.5811008214950562,-0.13231170177459717,0.7195374369621277,1,1,0.0,0,0,0,0,0,0,0,0,0,0,0,0
data_114,0,0.8700228333473206,0.5744602084159851,-0.29556262493133545,0.7283046245574951,1,1,0.0,0,0,0,0,0,0,0,0,0,0,0,0
data_114,1,0.6972644925117493,0.957714319229126,0.2604498267173767,0.47474953532218933,2,1,0.09090909090909091,1,1,1,1,1,1,1,1,1,1,1,1
data_115,0,0.933966338634491,0.7503284811973572,-0.1836378574371338,0.31533893942832947,5,1,0.0,0,0,0,0,0,0,0,0,0,0,0,0
data_115,0,0.8531754612922668,0.6881067752838135,-0.16506868600845337,0.8017524480819702,2,1,0.0,0,0,0,0,0,0,0,0,0,0,0,0
data_115,0,0.9077836871147156,0.6597821712493896,-0.24800151586532593,1.0,3,1,0.0,0,0,0,0,0,0,0,0,0,0,0,0
data_115,1,0.7377042770385742,0.7956053018569946,0.05790102481842041,0.20136435329914093,5,1,0.08333333333333333,1,0,1,1,1,1,1,1,1,1,1,1
data_115,1,0.5994347333908081,0.806455671787262,0.20702093839645386,0.0,4,0,0.5,1,1,1,1,1,1,1,1,1,1,1,1
data_115,0,0.6775461435317993,0.8225825428962708,0.14503639936447144,0.0,7,1,0.4166666666666667,0,0,0,0,1,0,0,0,1,1,1,0
data_115,0,0.7512390613555908,0.7047637104988098,-0.046475350856781006,0.11323785036802292,2,1,0.0,0,0,0,0,0,0,0,0,1,0,0,0
data_115,0,0.5328820943832397,0.7503123879432678,0.21743029356002808,0.0,4,0,0.6666666666666666,1,0,1,0,0,1,0,0,1,1,1,0
data_115,0,0.8121532201766968,0.815121054649353,0.00296783447265625,0.10860948264598846,6,1,0.08333333333333333,0,0,0,0,0,0,0,0,1,1,0,0
data_115,0,0.7899768948554993,0.8512489795684814,0.06127208471298218,0.1069355234503746,2,1,0.08333333333333333,0,0,0,0,0,0,0,0,0,0,0,0
data_115,0,0.7363302111625671,0.6948465704917908,-0.04148364067077637,0.2250136435031891,2,1,0.0,0,0,0,0,0,0,0,0,0,0,0,0
data_115,0,0.7198895215988159,0.690954327583313,-0.02893519401550293,0.3155513405799866,3,1,0.0,0,0,0,0,0,0,0,0,0,0,0,0
data_115,0,0.689577579498291,0.6801745295524597,-0.009403049945831299,0.30557912588119507,2,1,0.0,0,0,0,0,0,0,0,0,0,0,0,0
data_115,0,0.7636456489562988,0.6222169399261475,-0.14142870903015137,0.12350928783416748,1,1,0.0,0,0,0,0,0,0,0,0,0,0,0,0
data_116,0,0.8124710917472839,0.6831931471824646,-0.12927794456481934,0.6089358925819397,3,1,0.0,0,0,0,0,0,0,0,0,1,1,0,0
data_116,0,0.5417893528938293,0.6835215091705322,0.14173215627670288,0.0,2,0,0.4,0,0,0,0,0,0,0,0,0,0,0,0
data_116,0,0.8446511626243591,0.7059857845306396,-0.13866537809371948,0.3161315619945526,3,1,0.0,0,0,0,0,0,0,0,0,0,0,0,0
data_116,0,0.7298046946525574,0.7150713801383972,-0.014733314514160156,0.699500560760498,3,1,0.0,0,0,0,0,0,0,0,0,0,0,0,0
data_116,0,0.7856919765472412,0.7684445977210999,-0.017247378826141357,0.6981226205825806,3,1,0.0,0,0,0,0,0,0,0,0,0,0,0,0
data_116,0,0.6454839706420898,0.7601481080055237,0.11466413736343384,0.09525547176599503,4,0,0.3333333333333333,0,1,0,0,1,1,0,0,1,1,1,0
data_116,0,0.6234344840049744,0.5888746976852417,-0.034559786319732666,0.22008706629276276,0,0,0.0,0,0,0,0,0,0,0,0,0,1,0,0
data_116,0,0.691768229007721,0.7173648476600647,0.02559661865234375,0.10063303261995316,6,1,0.13333333333333333,0,0,0,0,0,1,0,0,0,1,0,0
data_116,0,0.6515086889266968,0.7877265810966492,0.1362178921699524,0.0,8,1,0.4666666666666667,0,0,0,0,0,0,0,0,0,0,0,0
data_116,0,0.6674286127090454,0.5977677702903748,-0.06966084241867065,0.3112109303474426,1,1,0.0,0,0,0,0,0,0,0,0,1,0,0,0
data_116,0,0.8859272003173828,0.7557275295257568,-0.13019967079162598,0.22110219299793243,8,1,0.0,0,0,0,0,0,0,0,0,0,0,0,0
data_116,0,0.7989086508750916,0.6796979308128357,-0.11921072006225586,0.22418449819087982,3,1,0.0,0,0,0,0,0,0,0,0,1,0,0,0
data_116,0,0.7354260683059692,0.6887118816375732,-0.046714186668395996,0.2046465426683426,5,1,0.0,0,0,0,0,0,0,0,0,1,1,1,0
data_116,0,0.7528514266014099,0.7820170521736145,0.02916562557220459,0.20855844020843506,3,1,0.06666666666666667,0,0,0,0,0,0,0,0,0,0,0,0
data_116,0,0.5307400226593018,0.672519862651825,0.1417798399925232,0.0,4,0,0.5333333333333333,0,0,0,0,1,1,0,0,1,1,1,0
data_116,0,0.6854649782180786,0.6655223369598389,-0.019942641258239746,0.1049794852733612,5,1,0.0,0,0,0,0,0,0,0,0,0,0,0,0
data_116,0,0.800517737865448,0.6932525634765625,-0.1072651743888855,0.410633385181427,3,1,0.0,0,0,0,0,0,0,0,0,1,0,0,0
data_116,0,0.679103434085846,0.5948832631111145,-0.08422017097473145,0.3111756145954132,1,1,0.0,0,0,0,0,0,0,0,0,0,0,0,0
data_116,0,0.6049408316612244,0.7044889330863953,0.0995481014251709,0.09368957579135895,4,0,0.4,0,0,0,0,0,0,0,0,0,0,0,0
data_116,0,0.722930908203125,0.6939857602119446,-0.02894514799118042,0.40217462182044983,2,1,0.0,0,0,0,0,0,0,0,0,0,0,0,0
data_116,0,0.8760926723480225,0.7238873839378357,-0.15220528841018677,0.12779469788074493,4,1,0.0,0,0,0,0,0,0,0,0,0,0,0,0
data_116,0,0.7165887951850891,0.7292400598526001,0.012651264667510986,0.11079477518796921,3,1,0.06666666666666667,0,0,0,0,0,0,0,0,0,0,0,0
data_116,0,0.7042734622955322,0.7413762807846069,0.03710281848907471,0.3019600212574005,3,1,0.06666666666666667,0,0,0,0,0,0,0,0,1,0,1,0
data_116,0,0.6903423070907593,0.698070228099823,0.007727921009063721,0.5012316107749939,3,1,0.06666666666666667,0,0,0,0,0,0,0,0,1,0,0,0
data_117,0,0.9999997615814209,0.7238233089447021,-0.27617645263671875,0.5214666724205017,4,1,0.0,0,0,0,0,0,0,0,0,0,0,0,0
data_117,0,0.5490466356277466,0.5726590752601624,0.02361243963241577,0.5030052661895752,0,0,0.1111111111111111,0,0,0,0,0,0,0,0,0,1,0,0
data_117,0,0.7160748839378357,0.6037400364875793,-0.11233484745025635,1.0,1,1,0.0,0,0,0,0,0,0,0,0,0,0,0,0
data_117,0,0.8815171122550964,0.7189182043075562,-0.16259890794754028,0.8965074419975281,2,1,0.0,1,1,1,1,1,1,0,0,1,1,0,0
data_117,0,0.8688440322875977,0.6805155873298645,-0.18832844495773315,0.36645767092704773,2,1,0.0,0,0,0,0,0,0,0,0,0,0,0,0
data_117,0,0.9704037308692932,0.6059929728507996,-0.36441075801849365,0.4469679892063141,1,1,0.0,0,0,0,0,0,0,0,0,0,0,0,0
data_117,1,0.8858804702758789,0.6094773411750793,-0.27640312910079956,0.14644865691661835,1,1,0.0,1,1,1,1,1,1,1,1,1,1,1,1
data_117,0,0.7620912790298462,0.5786541104316711,-0.18343716859817505,0.6268519759178162,1,1,0.0,0,0,0,0,0,1,0,0,0,1,0,1
data_117,0,0.9519782066345215,0.5672925710678101,-0.3846856355667114,0.353876531124115,1,1,0.0,0,0,0,0,0,0,0,0,0,0,0,0
data_117,0,0.6141732335090637,0.6408607363700867,0.02668750286102295,0.300382137298584,0,0,0.1111111111111111,0,0,0,0,0,0,0,0,0,0,0,0
data_117,0,0.8802046775817871,0.7586712837219238,-0.12153339385986328,0.15753404796123505,2,1,0.0,0,0,0,0,0,0,0,0,0,0,0,0
data_117,0,0.8712033033370972,0.7746756076812744,-0.09652769565582275,0.41483524441719055,3,1,0.0,0,0,0,0,0,0,0,0,0,0,0,0
data_117,0,0.8165693283081055,0.6270429491996765,-0.18952637910842896,0.9094511270523071,1,1,0.0,0,0,0,0,0,0,0,0,0,0,0,0
data_117,0,0.8894898295402527,0.5226854085922241,-0.36680442094802856,0.5835257768630981,1,1,0.0,0,0,0,0,0,0,0,0,0,0,0,0
data_117,0,0.6042042970657349,0.6016736030578613,-0.002530694007873535,0.5056754946708679,0,0,0.0,0,0,0,0,0,0,0,0,0,0,0,0
data_117,0,0.8644497990608215,0.6100944876670837,-0.2543553113937378,0.2480234056711197,1,1,0.0,0,0,0,0,0,0,0,0,0,0,0,0
data_118,0,0.8441857099533081,0.8113049268722534,-0.03288078308105469,0.40324684977531433,4,1,0.0,0,0,0,0,0,0,0,0,0,0,0,0
data_118,0,0.8300644755363464,0.7041673064231873,-0.12589716911315918,0.6117775440216064,5,1,0.0,0,0,0,0,0,0,0,0,0,0,0,0
data_118,0,0.6013452410697937,0.6177018880844116,0.01635664701461792,0.3003769516944885,0,0,0.1,0,0,0,0,0,0,0,1,0,1,0,0
data_118,0,0.587051510810852,0.5371626615524292,-0.04988884925842285,0.41205254197120667,0,0,0.0,0,0,0,0,0,0,0,0,0,0,0,0
data_118,0,0.7078070044517517,0.7417978048324585,0.03399080038070679,0.48445630073547363,5,1,0.2,0,0,0,0,0,0,0,0,1,1,0,0
data_118,0,0.7591148018836975,0.6572781801223755,-0.10183662176132202,0.4003882110118866,2,1,0.0,0,0,0,0,0,0,0,0,0,0,0,0
data_118,0,0.8441540002822876,0.6216168999671936,-0.222537100315094,0.5287102460861206,1,1,0.0,0,0,0,0,0,0,0,0,0,0,0,0
data_118,0,0.4818577170372009,0.6740425825119019,0.19218486547470093,0.0,1,0,0.7,0,0,0,0,0,0,0,0,0,0,0,0
data_118,0,0.5613199472427368,0.7428051233291626,0.18148517608642578,0.09231557697057724,1,0,0.5,0,0,0,0,0,0,0,0,0,0,0,0
data_118,0,0.5949581265449524,0.687687873840332,0.09272974729537964,0.0,3,0,0.5,0,0,0,0,1,0,0,0,0,0,0,0
data_118,0,0.652036190032959,0.7211999893188477,0.06916379928588867,0.204852893948555,2,1,0.1,0,0,0,0,0,0,0,0,1,0,0,0
data_118,1,0.6348757743835449,0.5839245915412903,-0.05095118284225464,0.11410921812057495,0,0,0.0,1,1,1,0,1,1,1,0,1,1,1,1
data_118,0,0.7880811095237732,0.6850011348724365,-0.10307997465133667,0.31997358798980713,3,1,0.0,0,0,0,0,0,0,0,0,0,0,0,0
data_118,0,0.6762102842330933,0.7030301690101624,0.026819884777069092,0.20390118658542633,3,1,0.1,0,0,0,0,0,0,0,0,1,1,0,0
data_118,0,0.7068703174591064,0.763562798500061,0.05669248104095459,0.10959987342357635,4,1,0.2,0,1,0,0,0,1,1,0,1,1,1,0
data_118,0,0.6763482093811035,0.6037815809249878,-0.07256662845611572,0.33626022934913635,1,1,0.0,0,0,0,0,0,0,0,0,0,0,0,0
data_118,0,0.5320450663566589,0.6217490434646606,0.08970397710800171,0.09553415328264236,0,0,0.3,0,0,0,0,0,0,0,0,0,0,0,0
data_119,0,0.8937600255012512,0.6565326452255249,-0.23722738027572632,0.47189125418663025,2,1,0.0,0,0,0,0,0,0,0,0,0,0,0,0
data_119,0,0.6795538663864136,0.652033269405365,-0.027520596981048584,0.10694905370473862,3,1,0.0,0,1,0,0,0,1,0,0,1,1,1,0
data_119,0,0.7562295198440552,0.6087710857391357,-0.14745843410491943,0.5347808599472046,1,1,0.0,0,0,0,0,0,0,0,0,1,0,0,0
data_119,0,0.6556093096733093,0.6026390790939331,-0.05297023057937622,0.5090811848640442,1,1,0.0,0,0,0,0,0,0,0,0,1,0,0,0
data_119,0,0.9493061304092407,0.8856461048126221,-0.06366002559661865,0.11682923138141632,8,1,0.0,0,0,0,0,0,0,0,0,0,0,0,0
data_119,0,0.8218571543693542,0.7012505531311035,-0.12060660123825073,0.8104287385940552,2,1,0.0,0,0,0,0,0,0,0,0,0,0,0,0
data_119,0,0.8940054178237915,0.6286449432373047,-0.2653604745864868,0.3405744731426239,1,1,0.0,0,0,0,0,0,0,0,0,0,0,0,0
data_119,0,0.6539050936698914,0.7043028473854065,0.05039775371551514,0.1992710679769516,3,1,0.2857142857142857,1,1,1,0,1,1,0,0,1,1,1,1
data_119,0,0.7244372367858887,0.7960739731788635,0.07163673639297485,0.19947709143161774,6,1,0.2857142857142857,0,0,0,0,0,0,0,0,0,0,0,0
data_119,0,0.6658991575241089,0.6982681751251221,0.032369017601013184,0.5928672552108765,3,1,0.2857142857142857,0,0,0,0,0,0,0,0,1,0,0,0
data_119,0,0.5513185858726501,0.639985203742981,0.08866661787033081,0.0,0,0,0.7142857142857143,0,0,0,0,0,0,0,0,0,0,0,0
data_119,0,0.8203036189079285,0.8028546571731567,-0.01744896173477173,0.10683809220790863,6,1,0.0,0,0,0,0,0,1,0,0,1,1,0,0
data_119,0,0.6625469923019409,0.6897634267807007,0.027216434478759766,0.40364962816238403,2,1,0.14285714285714285,0,0,0,0,0,0,0,0,0,0,0,0
data_119,0,0.874950110912323,0.7294370532035828,-0.14551305770874023,0.3191310465335846,7,1,0.0,0,0,0,0,0,0,0,0,0,0,0,0
data_119,0,0.6467834115028381,0.6655654907226562,0.018782079219818115,0.10615508258342743,2,0,0.2857142857142857,0,0,0,0,0,0,0,0,1,0,0,0
data_119,0,0.7447211146354675,0.601823627948761,-0.14289748668670654,0.7251316905021667,1,1,0.0,0,0,0,0,0,1,0,0,1,1,0,0
data_119,0,0.5706004500389099,0.7433722019195557,0.17277175188064575,0.0,3,0,1.0,0,0,0,0,0,0,0,0,0,0,0,0
data_119,0,0.6781269311904907,0.7783975005149841,0.10027056932449341,0.2014315277338028,4,1,0.2857142857142857,0,0,0,0,0,0,0,0,0,0,0,1
data_119,0,0.6668760776519775,0.7610723972320557,0.09419631958007812,0.19702260196208954,2,1,0.14285714285714285,0,0,0,0,0,0,0,0,0,0,0,0
data_119,0,0.7512826323509216,0.6790459752082825,-0.07223665714263916,0.6086336374282837,3,1,0.0,0,0,0,0,0,0,0,0,0,0,0,0
data_119,0,0.5939893126487732,0.722840428352356,0.12885111570358276,0.18673326075077057,3,0,0.7142857142857143,0,0,0,0,0,0,0,0,0,1,0,0
data_119,0,0.7845853567123413,0.6263716220855713,-0.15821373462677002,0.7124146223068237,1,1,0.0,0,0,0,0,0,0,0,0,1,0,0,0
data_120,1,0.8774486184120178,0.7890145778656006,-0.08843404054641724,0.7983810305595398,2,1,0.0,0,0,0,0,0,0,0,0,0,0,0,0
data_120,0,0.9285019040107727,0.6282915472984314,-0.3002103567123413,0.5296947956085205,1,1,0.0,0,0,0,0,0,0,0,0,0,0,0,0
data_120,0,0.864619791507721,0.7940315008163452,-0.07058829069137573,0.14633159339427948,2,1,0.0,0,0,0,0,0,0,0,0,0,0,0,0
data_120,0,0.8570627570152283,0.7733698487281799,-0.08369290828704834,0.21713833510875702,7,1,0.0,0,0,0,0,0,0,0,0,0,0,0,0
data_120,1,0.7660192847251892,0.694638192653656,-0.0713810920715332,0.80159592628479,4,1,0.0,1,1,0,1,1,1,1,1,1,1,1,1
data_120,0,0.8055222034454346,0.8633809089660645,0.05785870552062988,0.21060095727443695,6,1,0.125,0,0,0,0,0,0,0,0,1,0,0,0
data_120,0,0.585743248462677,0.6599515676498413,0.0742083191871643,0.09335106611251831,1,0,0.5,0,0,0,0,0,0,0,0,1,0,0,0
data_120,0,0.7421911358833313,0.6418525576591492,-0.10033857822418213,0.11802029609680176,1,1,0.0,0,0,0,0,0,0,0,0,0,0,0,0
data_120,0,0.5622804760932922,0.6580690145492554,0.09578853845596313,0.28609392046928406,1,0,0.5,0,0,0,0,1,0,0,0,1,1,0,0
data_120,0,0.8375081419944763,0.6846452951431274,-0.15286284685134888,0.6208940744400024,2,1,0.0,0,0,0,0,0,0,0,0,0,0,0,0
data_120,0,0.7475778460502625,0.7109320759773254,-0.03664577007293701,0.7034775614738464,2,1,0.0,0,0,0,0,0,0,0,0,0,0,0,0
data_120,0,0.8381150364875793,0.7696865797042847,-0.06842845678329468,0.42781180143356323,6,1,0.0,0,0,0,0,0,0,0,0,0,0,0,0
data_120,0,0.8085117936134338,0.7342358827590942,-0.0742759108543396,0.31486883759498596,5,1,0.0,0,0,0,0,0,0,0,0,0,1,0,0
data_120,0,0.8617305755615234,0.7204151153564453,-0.14131546020507812,0.3207884430885315,6,1,0.0,0,0,0,0,0,0,0,0,0,0,0,0
data_120,0,0.6864755749702454,0.6982582807540894,0.011782705783843994,0.2023225575685501,3,1,0.125,0,0,0,0,0,0,0,0,0,0,0,0
data_120,0,0.5758700370788574,0.667138934135437,0.09126889705657959,0.19589592516422272,1,0,0.375,0,0,0,0,0,0,0,0,1,0,0,0
data_120,0,0.9065826535224915,0.7231376767158508,-0.18344497680664062,0.4241630434989929,3,1,0.0,0,0,0,0,0,0,0,0,0,0,0,0
data_120,0,0.678652286529541,0.6818085312843323,0.0031562447547912598,0.2985580563545227,3,1,0.125,0,0,0,0,1,1,1,1,1,1,1,1
data_120,0,0.820508599281311,0.7281684279441833,-0.09234017133712769,0.5337198972702026,2,1,0.0,0,0,0,0,0,0,0,0,0,0,0,0
data_120,0,0.7666728496551514,0.6808958649635315,-0.08577698469161987,0.7103930115699768,3,1,0.0,0,0,0,0,0,0,0,0,1,0,0,0
data_120,0,0.7723671197891235,0.6701697111129761,-0.10219740867614746,0.22472470998764038,2,1,0.0,0,1,0,0,0,1,0,0,1,1,0,0
data_120,0,0.7857553362846375,0.611257016658783,-0.1744983196258545,0.5375897288322449,1,1,0.0,0,0,0,0,0,0,0,0,0,0,0,0
data_121,0,0.824752688407898,0.6913051009178162,-0.1334475874900818,0.327358216047287,3,1,0.0,0,0,0,0,0,0,0,0,0,0,0,0
data_121,0,0.6556254625320435,0.7493447065353394,0.0937192440032959,0.288209468126297,4,1,0.4,0,0,0,0,1,0,0,0,1,1,0,0
data_121,0,0.8140460252761841,0.769263505935669,-0.04478251934051514,0.4057425260543823,5,1,0.0,0,0,0,0,0,0,0,0,0,0,0,0
data_121,0,0.7544184327125549,0.7797567844390869,0.025338351726531982,0.49384674429893494,4,1,0.4,0,0,0,0,0,1,0,0,1,1,0,0
data_121,0,0.909820020198822,0.6444588899612427,-0.26536113023757935,0.32946449518203735,1,1,0.0,0,0,0,0,0,0,0,0,0,0,0,0
data_121,0,0.7127763032913208,0.5297430753707886,-0.18303322792053223,0.43245765566825867,1,1,0.0,0,0,0,0,0,0,0,0,0,0,0,0
data_121,0,0.6656192541122437,0.6538930535316467,-0.011726200580596924,0.1119835153222084,2,1,0.0,0,0,0,0,0,0,0,0,0,0,0,0
data_121,0,0.7299261689186096,0.7510088086128235,0.021082639694213867,0.10022527724504471,6,1,0.8,0,0,0,0,0,0,0,0,1,1,0,0
data_121,0,0.725730836391449,0.6378793716430664,-0.08785146474838257,0.7191294431686401,1,1,0.0,0,0,0,0,0,0,0,0,0,0,0,0
data_121,0,0.8632672429084778,0.8025501370429993,-0.060717105865478516,0.20949088037014008,6,1,0.0,0,0,0,0,0,0,0,0,0,0,0,0
data_121,0,0.7296990156173706,0.8629375100135803,0.13323849439620972,0.38794583082199097,4,1,0.4,0,0,0,0,0,0,0,0,0,0,0,0
data_121,0,0.8252182006835938,0.7752771377563477,-0.049941062927246094,0.30605053901672363,5,1,0.0,0,0,0,0,0,0,0,0,0,0,0,0
data_121,0,0.8110349774360657,0.5315331816673279,-0.2795017957687378,0.2573026716709137,1,1,0.0,0,0,0,0,0,0,0,0,0,0,0,0
data_121,0,0.9474457502365112,0.7970050573348999,-0.15044069290161133,0.529442310333252,3,1,0.0,0,0,0,0,0,0,0,0,0,0,0,0
data_121,0,0.8520309925079346,0.7566046118736267,-0.09542638063430786,0.21741487085819244,6,1,0.0,0,0,0,0,0,0,0,0,0,0,0,0
data_121,1,0.6933918595314026,0.7054855823516846,0.012093722820281982,0.2030320018529892,4,1,0.2,0,0,0,0,1,0,0,0,0,1,0,0
data_121,0,0.757079541683197,0.7687169909477234,0.011637449264526367,0.48407673835754395,3,1,0.2,0,0,0,0,0,0,0,0,0,0,0,0
data_121,0,0.6726836562156677,0.674077033996582,0.0013933777809143066,0.6027481555938721,2,1,0.2,0,0,0,0,1,0,0,0,1,0,0,0
data_121,1,0.7261515855789185,0.7075223922729492,-0.01862919330596924,0.20724087953567505,5,1,0.0,0,0,0,0,0,0,0,0,1,0,0,0
data_121,0,0.7605494856834412,0.7049741148948669,-0.05557537078857422,0.5092119574546814,3,1,0.0,0,0,0,0,1,1,1,0,1,1,1,0
data_122,0,0.8167873620986938,0.7337307333946228,-0.08305662870407104,0.507937490940094,2,1,0.0,0,0,0,0,0,0,0,0,1,0,0,0
data_122,1,0.6064985394477844,0.5042288303375244,-0.10226970911026001,0.908052384853363,0,0,0.0,0,1,0,0,1,1,0,0,0,1,1,0
data_122,0,0.8096096515655518,0.6457402110099792,-0.1638694405555725,0.718080997467041,1,1,0.0,0,0,0,0,0,0,0,0,0,0,0,0
data_122,1,0.70345139503479,0.7749435901641846,0.07149219512939453,0.38915207982063293,3,1,0.15384615384615385,1,0,0,0,1,1,0,0,1,1,1,0
data_122,0,0.7316725850105286,0.8796082735061646,0.147935688495636,0.19366644322872162,6,1,0.15384615384615385,0,0,0,0,0,0,0,0,1,0,0,0
data_122,0,0.7050527930259705,0.7212146520614624,0.016161859035491943,0.2074233740568161,4,1,0.07692307692307693,0,0,0,0,1,1,0,0,1,1,1,0
data_122,0,0.7254610657691956,0.5985759496688843,-0.12688511610031128,0.23063308000564575,1,1,0.0,0,0,0,0,0,0,0,0,1,1,0,0
data_122,0,0.640828013420105,0.5930926203727722,-0.047735393047332764,0.20871089398860931,0,0,0.0,0,0,0,0,0,0,0,0,0,0,0,0
data_122,0,0.639971911907196,0.6205291748046875,-0.019442737102508545,0.306680828332901,0,0,0.0,0,0,0,0,0,0,0,0,1,0,0,0
data_122,0,0.5582020878791809,0.5619046688079834,0.0037025809288024902,0.10858260840177536,0,0,0.07692307692307693,1,0,0,0,1,0,0,0,1,1,0,0
data_122,0,0.6473448276519775,0.6917489171028137,0.04440408945083618,0.221188485622406,1,0,0.07692307692307693,0,0,0,0,0,0,0,0,0,0,0,0
data_123,0,0.794807493686676,0.7835160493850708,-0.011291444301605225,0.10513473302125931,11,1,0.0,0,0,0,0,1,0,0,0,1,1,0,0
data_123,0,0.5510233640670776,0.7995114922523499,0.24848812818527222,0.0,8,0,0.9166666666666666,0,0,0,0,0,1,0,0,1,1,0,0
data_123,0,0.6020578145980835,0.7753835916519165,0.173325777053833,0.0,6,0,0.75,0,0,0,0,0,0,0,0,0,0,0,0
data_123,1,0.7564196586608887,0.7794591784477234,0.023039519786834717,0.40909886360168457,6,1,0.08333333333333333,1,1,1,1,1,1,1,1,1,1,1,1
data_123,0,0.8206493854522705,0.7575184106826782,-0.06313097476959229,0.6073287129402161,2,1,0.0,0,0,0,0,0,0,0,0,0,0,0,0
data_123,0,0.7983157634735107,0.8414323925971985,0.043116629123687744,0.2028689682483673,12,1,0.08333333333333333,0,0,0,0,1,0,0,0,1,1,0,0
data_123,0,0.7007970809936523,0.8612366318702698,0.16043955087661743,0.0,11,1,0.6666666666666666,0,0,0,0,0,0,0,0,0,0,0,0
data_123,1,0.4916350245475769,0.6850996017456055,0.19346457719802856,0.0,2,0,0.5833333333333334,1,1,1,1,1,1,1,1,1,1,1,1
data_123,0,0.7099794149398804,0.7482213377952576,0.0382419228553772,0.2956174910068512,11,1,0.25,1,0,0,1,1,1,0,1,1,1,1,1
data_123,0,0.7587581276893616,0.7091723680496216,-0.04958575963973999,0.31538885831832886,5,1,0.0,0,0,0,0,0,0,0,0,0,0,0,0
data_123,0,0.7560929656028748,0.7921169400215149,0.03602397441864014,0.29552900791168213,7,1,0.08333333333333333,0,0,0,0,0,0,0,0,0,1,1,0
data_124,0,0.8846611976623535,0.9037423133850098,0.01908111572265625,0.4001641869544983,3,1,0.2,0,0,0,0,0,0,0,0,0,0,0,0
data_124,0,0.7530003190040588,0.6529583930969238,-0.10004192590713501,0.4177234470844269,2,1,0.0,0,0,0,0,0,0,0,0,1,0,0,0
data_124,0,0.8971661329269409,0.7017404437065125,-0.19542568922042847,0.24100762605667114,2,1,0.0,0,0,0,0,0,0,0,0,0,0,0,0
data_124,0,0.7845630049705505,0.7121860980987549,-0.07237690687179565,0.5054454803466797,2,1,0.0,0,0,0,1,0,0,0,0,1,0,0,0
data_124,0,0.8336184024810791,0.6381654739379883,-0.19545292854309082,0.22882121801376343,1,1,0.0,0,0,0,0,0,0,0,0,0,0,0,0
data_124,0,0.8054287433624268,0.658162534236908,-0.1472662091255188,0.2218131721019745,3,1,0.0,0,0,0,0,0,0,0,0,0,0,0,0
data_124,0,0.8866710662841797,0.6129741072654724,-0.2736969590187073,0.8129727840423584,1,1,0.0,0,0,0,0,0,0,0,0,0,0,0,0
data_124,1,0.6953626871109009,0.8857106566429138,0.19034796953201294,0.6648379564285278,2,1,0.2,1,1,1,1,1,1,1,1,1,1,1,1
data_124,0,0.5845773816108704,0.6396586894989014,0.055081307888031006,0.19106902182102203,0,0,0.8,0,1,0,0,1,1,0,0,1,1,0,0
data_124,0,0.6205021142959595,0.8033549189567566,0.18285280466079712,0.4844217598438263,1,0,0.2,0,0,0,0,0,0,0,0,0,0,0,0
data_124,0,0.5095427632331848,0.6279594302177429,0.1184166669845581,0.0,0,0,0.8,0,0,0,0,0,0,0,0,0,0,0,0
data_124,1,0.6082218885421753,0.6355466842651367,0.027324795722961426,0.20207230746746063,0,0,0.4,0,0,0,0,1,1,1,0,1,1,1,0
data_124,0,0.7636386752128601,0.6883209347724915,-0.07531774044036865,0.3332471549510956,2,1,0.0,0,0,0,0,1,1,0,0,1,1,0,0
data_124,0,0.9199270009994507,0.6484129428863525,-0.27151405811309814,0.24972058832645416,1,1,0.0,0,0,0,0,0,0,0,0,0,0,0,0
data_125,0,0.8214109539985657,0.6977738738059998,-0.12363708019256592,0.5232251286506653,5,1,0.0,0,0,0,0,0,0,0,0,0,0,0,0
data_125,0,0.7965327501296997,0.7825218439102173,-0.014010906219482422,0.8031589388847351,6,1,0.0,0,0,0,0,1,1,0,0,1,1,0,0
data_125,0,0.9276172518730164,0.7375158667564392,-0.19010138511657715,0.5249756574630737,5,1,0.0,0,0,0,0,0,0,0,0,0,0,0,0
data_125,0,0.6019282937049866,0.7490605711936951,0.1471322774887085,0.0,2,0,1.0,1,1,1,1,1,1,1,0,1,1,1,1
data_125,0,0.888336718082428,0.8484941124916077,-0.03984260559082031,0.605402410030365,5,1,0.0,0,0,0,0,0,1,0,0,1,1,0,0
data_125,0,0.7625336050987244,0.7813073396682739,0.01877373456954956,0.300586074590683,5,1,0.4,0,0,0,0,0,0,0,0,0,0,0,0
data_125,0,0.7841928005218506,0.7085375189781189,-0.07565528154373169,0.21165084838867188,2,1,0.0,0,0,0,0,0,0,0,0,0,0,0,0
data_125,0,0.8535103797912598,0.6940898299217224,-0.15942054986953735,0.44520145654678345,2,1,0.0,0,0,0,0,0,1,1,0,1,1,1,0
data_125,0,0.7879549264907837,0.7393614649772644,-0.04859346151351929,0.6003457307815552,2,1,0.0,0,0,0,0,0,0,0,0,0,0,0,0
data_125,0,0.822008490562439,0.7842218279838562,-0.037786662578582764,0.310557097196579,5,1,0.0,0,0,0,0,0,0,0,0,0,0,0,0
data_125,0,0.7739364504814148,0.7788147330284119,0.00487828254699707,0.4033219516277313,5,1,0.2,0,0,0,0,0,1,0,0,1,0,1,0
data_125,0,0.8368788957595825,0.7850413918495178,-0.0518375039100647,0.5020079016685486,5,1,0.0,0,0,0,0,0,0,0,0,0,0,0,0
data_125,0,0.808794379234314,0.8207270503044128,0.011932671070098877,0.2991820275783539,4,1,0.2,0,0,0,0,0,0,0,0,0,0,0,0
data_125,0,0.8420320153236389,0.726183295249939,-0.11584872007369995,0.6201930046081543,5,1,0.0,0,0,0,0,0,0,0,0,1,0,1,0
data_125,1,0.7221038937568665,0.8142955899238586,0.09219169616699219,0.09529127180576324,6,1,0.6,0,0,0,0,0,0,0,0,1,1,0,0
data_125,0,0.7780506014823914,0.7558305263519287,-0.022220075130462646,0.29528504610061646,4,1,0.0,0,0,0,0,1,1,0,0,1,1,1,0
data_125,0,0.7962354421615601,0.7545099854469299,-0.04172545671463013,0.10791706293821335,5,1,0.0,0,0,0,0,0,0,0,0,1,0,1,0
data_126,0,0.7828870415687561,0.5890287756919861,-0.19385826587677002,0.13646891713142395,1,1,0.0,0,0,0,0,0,0,0,0,0,0,0,0
data_126,0,0.5706652998924255,0.6867658495903015,0.11610054969787598,0.0,2,0,0.375,0,0,0,0,0,0,0,0,0,0,0,0
data_126,0,0.44583845138549805,0.6630144119262695,0.21717596054077148,0.0,2,0,0.8125,0,0,0,0,0,1,0,0,1,1,0,0
data_126,0,0.8581483364105225,0.7391449809074402,-0.11900335550308228,0.31686440110206604,5,1,0.0,0,0,0,0,0,0,0,0,0,0,0,0
data_126,0,0.6477012634277344,0.5581861734390259,-0.0895150899887085,0.8082791566848755,0,0,0.0,0,0,0,0,0,0,0,0,0,0,0,0
data_126,0,0.6334448456764221,0.6351261138916016,0.0016812682151794434,0.3238026201725006,0,0,0.0625,0,0,0,0,0,0,0,0,1,0,0,0
data_126,0,0.6804807782173157,0.6911716461181641,0.010690867900848389,0.3988279104232788,5,1,0.0625,0,0,0,0,0,0,0,0,1,0,1,0
data_126,0,0.4895947575569153,0.6651431322097778,0.17554837465286255,0.0,1,0,0.6875,0,0,0,0,1,0,0,0,1,0,0,0
data_126,0,0.6353994607925415,0.7172919511795044,0.08189249038696289,0.09936439990997314,1,0,0.1875,0,0,0,0,0,0,0,0,0,0,0,0
data_126,0,0.5682214498519897,0.569534957408905,0.0013135075569152832,0.2204899787902832,0,0,0.0625,0,0,0,0,0,0,0,0,1,0,0,0
data_126,0,0.6872882843017578,0.7530600428581238,0.06577175855636597,0.10032462328672409,8,1,0.25,0,0,0,0,0,0,0,0,0,0,0,0
data_126,0,0.727013349533081,0.6175678372383118,-0.10944551229476929,0.12644816935062408,1,1,0.0,0,0,0,0,0,0,0,0,0,0,0,0
data_126,0,0.6855251789093018,0.7014389038085938,0.015913724899291992,0.3143571615219116,3,1,0.0625,0,0,0,0,1,0,0,0,1,1,1,0
data_126,0,0.6199125051498413,0.619757890701294,-0.00015461444854736328,0.32042017579078674,0,0,0.0,0,0,0,0,0,0,0,0,1,0,0,0
data_126,0,0.6636699438095093,0.6664699912071228,0.0028000473976135254,0.10505640506744385,3,1,0.0625,0,0,0,0,0,0,0,0,0,0,0,0
data_126,0,0.6965968608856201,0.7110080718994141,0.014411211013793945,0.20140178501605988,6,1,0.0625,0,0,0,0,0,0,0,0,0,0,0,0
data_126,0,0.6103556752204895,0.7825332880020142,0.17217761278152466,0.0,6,0,0.625,0,0,0,0,0,0,0,0,1,0,0,0
data_126,0,0.4587929844856262,0.5117243528366089,0.052931368350982666,0.0,0,0,0.4375,0,0,0,0,0,0,0,0,1,1,1,0
data_126,1,0.6234305500984192,0.653185248374939,0.029754698276519775,0.10081546753644943,1,0,0.25,0,0,0,0,1,1,0,1,1,1,1,1
data_126,1,0.572437584400177,0.8034796118736267,0.2310420274734497,0.0,4,0,0.6875,1,0,0,0,1,1,1,0,1,1,1,0
data_126,0,0.7068154811859131,0.5727651119232178,-0.1340503692626953,0.4269920289516449,1,1,0.0,0,0,0,0,0,0,0,0,0,1,1,0
data_126,0,0.6125473976135254,0.6569769382476807,0.04442954063415527,0.30195164680480957,1,0,0.0625,0,0,0,0,0,0,0,0,0,0,0,0
data_126,1,0.6775317192077637,0.7684188485145569,0.09088712930679321,0.10004673898220062,4,1,0.1875,1,0,0,0,1,0,1,0,1,1,1,0
data_126,0,0.6936209201812744,0.6786887645721436,-0.01493215560913086,0.31304487586021423,2,1,0.0,0,0,0,0,0,1,0,0,0,1,1,0
data_126,0,0.6581685543060303,0.6477773189544678,-0.0103912353515625,0.3055419623851776,1,1,0.0,0,0,0,0,0,0,0,0,1,0,0,0
data_126,0,0.6178935170173645,0.6565738320350647,0.038680315017700195,0.4008166193962097,1,0,0.0625,0,0,0,0,0,0,0,0,1,1,0,0
data_126,0,0.6699512600898743,0.7289943695068359,0.05904310941696167,0.29973170161247253,3,1,0.125,0,0,0,0,0,0,0,0,0,0,0,0
data_127,0,0.6166715025901794,0.8286952972412109,0.2120237946510315,0.0,7,0,0.6153846153846154,0,0,0,0,0,0,0,0,1,0,0,0
data_127,0,0.7681978344917297,0.8012556433677673,0.0330578088760376,0.10089460015296936,11,1,0.23076923076923078,0,0,0,0,0,1,0,0,1,1,0,0
data_127,0,0.7804392576217651,0.8525699377059937,0.07213068008422852,0.19764868915081024,13,1,0.23076923076923078,0,0,0,0,0,0,0,0,0,0,0,0
data_127,0,0.8705030679702759,0.6918205618858337,-0.17868250608444214,0.25280898809432983,2,1,0.0,0,0,0,0,0,0,0,0,0,0,0,0
data_127,0,0.8121216297149658,0.6152606010437012,-0.19686102867126465,0.24726234376430511,1,1,0.0,0,0,0,0,0,0,0,0,1,0,0,0
data_127,0,0.4922802448272705,0.6130220890045166,0.1207418441772461,0.0,0,0,0.38461538461538464,0,0,0,0,0,0,0,0,0,0,0,0
data_127,0,0.9747387766838074,0.7764816284179688,-0.19825714826583862,0.6189037561416626,6,1,0.0,0,0,0,0,0,0,0,0,0,0,0,0
data_127,0,0.8860343098640442,0.8255115151405334,-0.06052279472351074,0.611082911491394,9,1,0.0,0,0,0,0,0,0,0,0,0,0,0,0
data_127,0,0.819489061832428,0.7349846959114075,-0.08450436592102051,0.1173454076051712,5,1,0.0,0,0,0,0,0,1,0,0,0,1,0,0
data_127,0,0.77205890417099,0.7553377151489258,-0.01672118902206421,0.3030793070793152,10,1,0.0,0,0,1,1,1,1,1,1,1,1,1,0
data_127,0,0.7973679304122925,0.7227422595024109,-0.07462567090988159,0.3076094686985016,3,1,0.0,0,0,0,0,0,0,0,0,0,0,0,0
data_127,1,0.5779841542243958,0.9129520058631897,0.33496785163879395,0.0,10,0,0.9230769230769231,1,1,0,0,1,1,1,1,1,1,1,1
data_127,1,0.7210841178894043,0.8154628872871399,0.0943787693977356,0.0,12,1,0.6153846153846154,0,0,0,0,1,1,0,0,1,1,1,0
data_127,1,0.6051109433174133,0.8713850378990173,0.266274094581604,0.0,4,0,0.46153846153846156,1,1,1,1,1,1,1,1,1,1,1,1
data_127,1,0.7816967368125916,0.7859267592430115,0.004230022430419922,0.1024317741394043,11,1,0.15384615384615385,1,1,1,1,1,1,1,0,1,1,1,1
data_128,0,0.8337112665176392,0.5879064798355103,-0.2458047866821289,0.431271493434906,1,1,0.0,0,0,0,0,1,1,1,1,1,1,1,1
data_128,0,0.9731482863426208,0.6260744333267212,-0.34707385301589966,0.5544142723083496,1,1,0.0,0,0,0,0,0,0,0,0,0,0,0,0
data_128,0,0.794605553150177,0.6563839316368103,-0.1382216215133667,0.42108163237571716,2,1,0.0,0,0,0,1,1,0,0,1,1,0,0,1
data_128,0,0.7735481262207031,0.754369854927063,-0.019178271293640137,0.21445675194263458,2,1,0.0,0,0,0,0,0,0,0,0,0,0,0,0
data_128,0,0.9209941625595093,0.6393066644668579,-0.28168749809265137,0.7105693221092224,1,1,0.0,0,0,0,0,0,0,0,0,0,0,0,0
data_128,0,0.7172648906707764,0.6756002902984619,-0.04166460037231445,0.5125079154968262,4,1,0.0,0,0,0,0,0,0,0,0,0,0,0,0
data_128,0,0.7512251734733582,0.6059817671775818,-0.14524340629577637,0.3309747874736786,1,1,0.0,0,0,0,0,0,0,0,0,0,0,0,0
data_128,0,0.8350750207901001,0.7673003077507019,-0.0677747130393982,0.508243978023529,6,1,0.0,0,0,0,0,1,0,0,0,1,1,0,0
data_128,0,0.927057683467865,0.7420797944068909,-0.18497788906097412,0.3118881285190582,4,1,0.0,0,0,0,0,0,0,0,0,0,0,0,0
data_128,0,0.9732469320297241,0.7216930389404297,-0.25155389308929443,0.6144360899925232,4,1,0.0,0,0,0,0,0,0,0,0,0,0,0,0
data_128,0,0.8301335573196411,0.7866365313529968,-0.04349702596664429,0.6070439219474792,8,1,0.0,0,0,0,0,0,0,0,0,1,0,0,0
data_128,0,0.789282500743866,0.8105322122573853,0.021249711513519287,0.29603204131126404,7,1,0.42857142857142855,0,1,0,0,1,1,0,1,1,1,1,1
data_128,0,0.835378885269165,0.7582635283470154,-0.07711535692214966,0.6106427907943726,5,1,0.0,0,0,0,0,0,0,0,0,0,0,0,0
data_128,0,0.808398962020874,0.7629663348197937,-0.04543262720108032,0.7001112699508667,4,1,0.0,0,0,0,0,0,0,0,0,0,0,0,0
data_128,0,0.7712022066116333,0.8589823246002197,0.08778011798858643,0.39587458968162537,5,1,0.14285714285714285,0,0,0,0,0,1,0,0,1,1,1,0
data_128,0,0.8736234903335571,0.7351532578468323,-0.13847023248672485,0.8101041316986084,2,1,0.0,0,0,0,0,0,0,0,0,0,1,0,0
data_128,0,0.9147278070449829,0.793781578540802,-0.12094622850418091,0.5231696367263794,2,1,0.0,0,0,0,0,0,0,0,0,0,0,0,0
data_128,0,0.8050230145454407,0.7165824174880981,-0.08844059705734253,0.4293292760848999,4,1,0.0,0,0,0,0,0,0,0,0,0,0,0,0
data_129,0,0.8301817178726196,0.8325019478797913,0.002320230007171631,0.10380227118730545,11,1,0.045454545454545456,0,0,0,0,0,0,0,0,0,0,0,0
data_129,0,0.5046941637992859,0.7712500691413879,0.26655590534210205,0.0,3,0,0.5,0,0,0,0,0,0,0,0,0,0,0,0
data_129,0,0.6626384854316711,0.6036892533302307,-0.05894923210144043,0.30529817938804626,1,1,0.0,0,0,0,0,0,0,0,0,0,0,0,0
data_129,0,0.7124892473220825,0.7680615186691284,0.0555722713470459,0.10027369111776352,7,1,0.18181818181818182,1,0,0,0,1,1,0,0,1,1,0,0
data_129,0,0.891913115978241,0.8245441317558289,-0.06736898422241211,0.42891693115234375,10,1,0.0,0,0,0,0,0,0,0,0,0,0,0,0
data_129,0,0.6773125529289246,0.6982734203338623,0.020960867404937744,0.3929615616798401,6,1,0.09090909090909091,0,0,0,0,0,0,0,0,0,0,0,0
data_129,0,0.8275560736656189,0.7285872101783752,-0.09896886348724365,0.810971736907959,3,1,0.0,0,0,0,0,0,0,0,0,0,0,0,0
data_129,0,0.9380514025688171,0.8357272148132324,-0.10232418775558472,0.8999470472335815,10,1,0.0,0,0,0,0,0,0,0,0,0,0,0,0
data_129,0,0.7685309052467346,0.7694290280342102,0.0008981227874755859,0.313661128282547,10,1,0.045454545454545456,0,1,0,0,0,0,0,0,1,0,0,0
data_129,0,0.8085238933563232,0.7895071506500244,-0.019016742706298828,0.21952594816684723,7,1,0.0,0,0,0,0,0,0,0,0,0,0,0,0
data_129,0,0.733522355556488,0.820691704750061,0.087169349193573,0.09501639753580093,10,1,0.09090909090909091,0,0,0,0,0,1,0,0,0,1,1,0
data_129,0,0.6848932504653931,0.8307472467422485,0.14585399627685547,0.0,12,1,0.5,0,0,0,0,0,0,0,0,1,0,0,0
data_129,0,0.9166355133056641,0.857331395149231,-0.059304118156433105,0.2343255579471588,5,1,0.0,0,0,0,0,0,0,0,0,0,0,0,0
data_129,0,0.7076805233955383,0.7367070317268372,0.029026508331298828,0.10225504636764526,9,1,0.09090909090909091,0,0,0,0,0,0,0,0,0,0,0,0
data_129,0,0.6760337948799133,0.8681169152259827,0.19208312034606934,0.0,11,1,0.3181818181818182,0,0,0,0,0,0,0,0,0,0,0,0
data_130,1,0.8712739944458008,0.7294572591781616,-0.14181673526763916,0.12684430181980133,4,1,0.0,1,1,1,1,1,1,1,1,1,1,1,1
data_130,1,0.5636956691741943,0.7607865929603577,0.19709092378616333,0.0,6,0,0.6111111111111112,1,1,1,1,1,1,1,1,1,1,1,1
data_130,1,0.9399733543395996,0.627450168132782,-0.3125231862068176,0.3442387282848358,1,1,0.0,1,1,1,1,1,1,1,1,1,1,1,1
data_130,1,0.6111614108085632,0.7039374709129333,0.09277606010437012,0.09424200654029846,5,0,0.3333333333333333,1,0,1,0,1,1,1,0,1,1,1,0
data_130,1,0.6211395263671875,0.77561354637146,0.15447402000427246,0.0,6,0,0.4444444444444444,1,1,1,1,1,1,1,1,1,1,1,1
data_130,0,0.5367646217346191,0.960038959980011,0.42327433824539185,0.0,1,0,0.6111111111111112,0,1,0,0,1,1,0,1,1,1,1,1
data_130,1,0.5960288047790527,0.6957883238792419,0.09975951910018921,0.0,3,0,0.3333333333333333,1,1,1,1,1,1,1,1,1,1,1,1
data_130,1,0.5993449687957764,0.7655720114707947,0.1662270426750183,0.0,3,0,0.3333333333333333,1,1,1,1,1,1,1,1,1,1,1,1
data_130,1,0.6066185832023621,0.7781529426574707,0.17153435945510864,0.0,5,0,0.3333333333333333,0,0,0,0,1,1,1,0,1,1,1,0
data_130,1,0.6388759613037109,0.6868904829025269,0.04801452159881592,0.09788644313812256,4,0,0.2777777777777778,0,0,0,0,1,0,0,0,1,1,1,0
data_131,1,0.7095682621002197,0.6545667052268982,-0.05500155687332153,0.6090342402458191,2,1,0.0,1,1,1,0,1,1,1,1,1,1,1,1
data_131,0,0.6935164332389832,0.6353552937507629,-0.058161139488220215,0.5315167903900146,1,1,0.0,0,0,0,0,0,0,0,0,0,0,0,0
data_131,0,0.892671525478363,0.6518054604530334,-0.2408660650253296,0.8074272871017456,2,1,0.0,0,0,0,0,0,0,0,0,0,0,0,0
data_131,0,0.9515599608421326,0.5688127279281616,-0.38274723291397095,0.9145137667655945,1,1,0.0,0,0,0,0,0,0,0,0,0,0,0,0
data_131,0,0.6897701025009155,0.8022366166114807,0.11246651411056519,0.48756057024002075,4,1,0.125,0,0,0,0,0,0,0,0,1,0,0,0
data_131,0,0.7925233244895935,0.7808403968811035,-0.01168292760848999,0.5958519577980042,6,1,0.0,0,0,0,0,0,0,0,0,0,0,0,0
data_131,0,0.741145133972168,0.7003012299537659,-0.0408439040184021,0.6008484959602356,3,1,0.0,0,0,0,0,0,0,0,0,1,0,0,0
data_131,0,0.7500871419906616,0.6586407423019409,-0.0914463996887207,0.2173420786857605,2,1,0.0,0,0,0,0,1,0,0,0,0,0,0,0
data_131,0,0.8428053259849548,0.6472321152687073,-0.19557321071624756,0.7145193219184875,1,1,0.0,0,0,0,0,0,0,0,0,0,0,0,0
data_131,0,0.7949222326278687,0.7209337949752808,-0.07398843765258789,0.3245379626750946,3,1,0.0,0,0,0,0,0,0,0,0,0,0,0,0
data_131,0,0.7687552571296692,0.7383689880371094,-0.030386269092559814,0.10806065797805786,5,1,0.0,0,0,0,0,0,0,0,0,1,1,1,1
data_131,0,0.8457865715026855,0.5919150710105896,-0.25387150049209595,0.4518449902534485,1,1,0.0,0,0,0,0,0,0,0,0,0,0,0,0
data_132,0,0.8292921781539917,0.7076075077056885,-0.12168467044830322,0.12874367833137512,3,1,0.0,0,0,0,0,0,0,0,0,0,0,0,0
data_132,0,0.7142796516418457,0.7451211810112,0.030841529369354248,0.19888699054718018,6,1,0.5,0,0,0,0,0,0,0,0,0,0,0,0
data_132,0,0.8305968046188354,0.6626501679420471,-0.16794663667678833,0.23191621899604797,2,1,0.0,0,0,0,0,0,0,0,0,0,0,0,0
data_132,0,0.6896016597747803,0.8611321449279785,0.17153048515319824,0.0946744978427887,6,1,0.5,0,1,0,0,0,1,0,0,1,1,0,0
data_132,0,0.72623610496521,0.8287445902824402,0.10250848531723022,0.19138559699058533,7,1,0.5,0,0,0,0,0,0,0,0,1,1,0,0
data_132,1,0.6206466555595398,0.8044765591621399,0.1838299036026001,0.0,6,0,1.0,1,1,1,0,1,1,1,0,1,1,1,0
data_132,1,0.6109477877616882,0.5599609613418579,-0.05098682641983032,0.6076931357383728,0,0,0.0,0,1,0,0,0,1,0,0,0,1,0,0
data_132,0,0.744351327419281,0.7329961657524109,-0.011355161666870117,0.20871026813983917,6,1,0.0,0,0,0,0,0,0,0,0,1,0,0,0
data_132,1,0.8419229984283447,0.8048694729804993,-0.03705352544784546,0.3028774857521057,7,1,0.0,0,1,0,0,1,1,1,0,1,1,1,0
data_132,0,0.8977379202842712,0.8235788941383362,-0.07415902614593506,0.31331539154052734,6,1,0.0,0,0,0,0,0,0,0,0,0,0,0,0
data_132,0,0.7939993143081665,0.8244318962097168,0.030432581901550293,0.4088665246963501,5,1,0.3333333333333333,0,0,0,0,0,0,0,0,0,0,0,0
data_132,0,0.8246155381202698,0.7292655110359192,-0.09535002708435059,0.6065086126327515,2,1,0.0,0,0,0,0,0,0,0,0,1,0,0,0
data_132,0,0.8761523962020874,0.7576548457145691,-0.11849755048751831,0.606514573097229,5,1,0.0,0,0,0,0,0,0,0,0,0,0,0,0
data_132,0,0.6786732077598572,0.7027157545089722,0.02404254674911499,0.6979717016220093,2,1,0.16666666666666666,0,0,0,0,0,0,0,0,0,0,0,0
data_132,1,0.7128205299377441,0.7802098393440247,0.06738930940628052,0.09796947240829468,6,1,0.6666666666666666,1,1,1,1,1,1,1,1,1,1,1,1
data_133,0,0.5085055232048035,0.6314135193824768,0.12290799617767334,0.0,0,0,0.5833333333333334,0,0,0,0,0,0,0,0,1,0,0,0
data_133,0,0.442253053188324,0.7634552121162415,0.3212021589279175,0.0,1,0,0.6666666666666666,0,0,0,0,0,0,0,0,0,0,0,0
data_133,0,0.7015727758407593,0.7944760322570801,0.0929032564163208,0.2913198471069336,8,1,0.3333333333333333,0,0,0,0,1,0,0,0,1,0,0,0
data_133,0,0.7414531707763672,0.8489486575126648,0.10749548673629761,0.6007471084594727,2,1,0.08333333333333333,0,0,0,0,0,0,0,0,0,0,0,0
data_133,0,0.7250665426254272,0.758809506893158,0.03374296426773071,0.2961115837097168,6,1,0.16666666666666666,0,0,0,0,0,0,0,0,1,0,0,0
data_133,1,0.503736674785614,0.6604478359222412,0.1567111611366272,0.0,1,0,0.5833333333333334,0,1,1,1,1,1,1,1,1,1,1,1
data_133,0,0.6157083511352539,0.8235403299331665,0.2078319787979126,0.0,8,0,0.75,1,0,0,0,1,1,0,1,1,1,1,1
data_133,0,0.39438945055007935,0.7065967321395874,0.31220728158950806,0.0,1,0,0.9166666666666666,0,0,0,0,0,0,0,0,1,0,0,0
data_133,0,0.672517716884613,0.7014359831809998,0.02891826629638672,0.11605311930179596,2,1,0.08333333333333333,0,0,0,0,0,0,0,0,0,0,0,0
data_133,0,0.3944278359413147,0.49426010251045227,0.09983226656913757,0.0,0,0,0.75,0,0,0,0,0,1,0,0,1,1,0,0
data_133,0,0.6099216341972351,0.6668617725372314,0.05694013833999634,0.19493205845355988,1,0,0.25,0,0,0,0,0,0,0,0,0,0,0,0
data_133,0,0.7721063494682312,0.7891297936439514,0.017023444175720215,0.20614415407180786,6,1,0.08333333333333333,0,0,0,0,0,0,0,0,0,0,0,0
data_133,0,0.6672805547714233,0.711936354637146,0.044655799865722656,0.1019158884882927,5,1,0.16666666666666666,0,0,0,0,0,0,0,0,0,0,0,0
data_133,0,0.521851122379303,0.6586427092552185,0.13679158687591553,0.0911957174539566,1,0,0.4166666666666667,0,0,0,0,1,1,0,0,1,1,0,0
data_133,0,0.4537227749824524,0.6838697791099548,0.23014700412750244,0.0,1,0,0.5833333333333334,0,0,0,0,0,0,0,0,1,0,0,0
data_133,0,0.6423248052597046,0.559697151184082,-0.08262765407562256,0.7250136137008667,0,0,0.0,0,0,0,0,0,0,0,0,0,0,0,0
data_133,0,0.5921049118041992,0.745681881904602,0.15357697010040283,0.0,4,0,0.5833333333333334,0,0,0,0,0,0,0,0,0,0,0,0
data_133,0,0.5429509878158569,0.6445966958999634,0.10164570808410645,0.19051505625247955,0,0,0.4166666666666667,0,0,0,0,0,0,0,0,0,0,0,0
data_133,0,0.6095927953720093,0.6202937960624695,0.010701000690460205,0.10554610192775726,0,0,0.08333333333333333,0,0,0,0,0,0,0,0,1,0,0,0
data_133,1,0.6415682435035706,0.6007429957389832,-0.0408252477645874,0.3060307800769806,0,0,0.0,1,1,1,1,1,1,1,1,1,1,1,1
data_133,0,0.8287027478218079,0.7605180740356445,-0.06818467378616333,0.11729241907596588,5,1,0.0,0,0,0,0,0,0,0,0,0,0,0,0
data_133,0,0.5074268579483032,0.6843607425689697,0.1769338846206665,0.0,1,0,0.5833333333333334,0,0,0,0,0,0,0,0,0,0,0,0
data_133,0,0.6402291655540466,0.7324009537696838,0.09217178821563721,0.10519575327634811,1,0,0.16666666666666666,0,0,0,0,0,0,0,0,0,0,0,0
data_133,0,0.6059673428535461,0.6653202772140503,0.05935293436050415,0.20067763328552246,1,0,0.16666666666666666,0,0,0,0,0,0,0,0,0,0,1,0
data_133,0,0.7932710647583008,0.7035548090934753,-0.08971625566482544,0.6178441643714905,2,1,0.0,0,0,0,0,0,0,0,0,0,0,0,0
data_133,1,0.6146823763847351,0.636612057685852,0.021929681301116943,0.3089401423931122,0,0,0.08333333333333333,0,0,0,0,1,0,1,0,1,1,1,0
data_133,0,0.5958394408226013,0.6536210775375366,0.0577816367149353,0.2076035737991333,1,0,0.25,0,0,0,0,0,0,0,0,0,0,0,0
data_133,0,0.5042374134063721,0.5644873976707458,0.06024998426437378,0.10125625133514404,0,0,0.25,0,0,0,0,0,0,0,0,1,0,0,0
data_133,1,0.6013938784599304,0.6949887871742249,0.09359490871429443,0.11005385220050812,1,0,0.08333333333333333,0,0,0,0,0,0,1,0,1,1,1,0
data_133,0,0.6847620010375977,0.5855797529220581,-0.09918224811553955,0.3276853859424591,1,1,0.0,0,0,0,0,0,0,0,0,0,0,0,0
data_133,0,0.5091310739517212,0.5340141654014587,0.02488309144973755,0.29814180731773376,0,0,0.16666666666666666,0,0,0,0,0,0,0,0,0,0,0,0
data_133,0,0.5416584014892578,0.6709132790565491,0.12925487756729126,0.19106966257095337,1,0,0.25,0,0,0,0,0,0,0,0,0,0,1,0
data_133,0,0.543734073638916,0.7288765907287598,0.18514251708984375,0.3789733350276947,1,0,0.16666666666666666,0,0,0,0,0,0,0,0,0,0,0,0
data_133,0,0.8167991638183594,0.6114751100540161,-0.20532405376434326,0.5348559617996216,1,1,0.0,0,0,0,0,0,0,0,0,1,1,0,0
data_133,0,0.888161838054657,0.6178196668624878,-0.2703421711921692,0.9104896783828735,1,1,0.0,0,0,0,0,0,0,0,0,0,0,0,0
data_133,0,0.6229351758956909,0.5455389022827148,-0.07739627361297607,0.41305044293403625,0,0,0.0,0,0,0,0,0,0,0,0,0,0,0,0
data_133,0,0.6413161158561707,0.6041858196258545,-0.03713029623031616,0.417393296957016,0,0,0.0,0,0,0,0,1,0,0,0,1,1,0,0
data_134,0,0.7278481125831604,0.7181257009506226,-0.009722411632537842,0.5016501545906067,3,1,0.0,0,0,0,0,0,0,0,0,0,0,0,0
data_134,0,0.6606168746948242,0.7220381498336792,0.06142127513885498,0.6836560964584351,2,1,0.2,0,0,0,0,0,0,0,0,0,0,0,0
data_134,0,0.9196321368217468,0.6625702381134033,-0.2570618987083435,0.8151769638061523,2,1,0.0,0,0,0,0,0,0,0,0,0,0,0,0
data_134,1,0.8461291193962097,0.7951169013977051,-0.05101221799850464,0.7121337652206421,5,1,0.0,1,1,0,1,1,1,1,1,1,1,1,1
data_134,0,0.6845991611480713,0.8158487677574158,0.13124960660934448,0.09320752322673798,4,1,0.6,0,0,0,0,0,0,0,0,0,0,0,0
data_134,0,0.7589287757873535,0.7020602822303772,-0.05686849355697632,0.3129618465900421,4,1,0.0,0,0,0,0,0,0,0,0,0,0,0,0
data_134,0,0.8110865950584412,0.6241311430931091,-0.18695545196533203,0.6328995823860168,1,1,0.0,0,0,0,0,0,0,0,0,0,0,0,0
data_134,0,0.9338151216506958,0.7087674140930176,-0.22504770755767822,0.22931794822216034,5,1,0.0,0,0,0,0,0,0,0,0,0,0,0,0
data_134,0,0.9282445311546326,0.775379478931427,-0.15286505222320557,0.42617297172546387,3,1,0.0,0,0,0,0,0,0,0,0,0,0,0,0
data_134,0,0.7799538373947144,0.761633038520813,-0.018320798873901367,0.4206197261810303,2,1,0.0,0,0,0,0,0,0,0,0,0,0,0,0
data_134,0,0.7365352511405945,0.6811733841896057,-0.05536186695098877,0.31618884205818176,2,1,0.0,0,0,0,0,0,0,0,0,0,0,0,0
data_134,0,0.6323816180229187,0.7556508779525757,0.12326925992965698,0.3851938247680664,2,0,0.6,0,0,0,0,0,1,0,0,1,1,0,0
data_134,0,0.8605713248252869,0.6677182912826538,-0.19285303354263306,0.5321930050849915,3,1,0.0,0,0,0,0,0,0,0,0,0,0,0,0
data_134,0,0.9475948214530945,0.7891298532485962,-0.1584649682044983,0.32017266750335693,3,1,0.0,0,0,0,0,0,0,0,0,0,0,0,0
data_134,0,0.9172219038009644,0.7569653391838074,-0.16025656461715698,0.2274228036403656,5,1,0.0,0,0,0,0,0,0,0,0,0,0,0,0
data_134,0,0.49944165349006653,0.6762775182723999,0.17683586478233337,0.1764596700668335,1,0,0.8,0,0,0,0,0,0,0,0,0,1,0,0
data_134,0,0.6860692501068115,0.6021684408187866,-0.0839008092880249,0.230587437748909,1,1,0.0,0,0,0,0,1,0,0,0,1,1,0,0
data_134,0,0.9234704375267029,0.7064850330352783,-0.21698540449142456,0.13034707307815552,4,1,0.0,0,0,0,0,0,0,0,0,0,0,0,0
data_135,0,0.6886769533157349,0.5825780630111694,-0.10609889030456543,0.514747679233551,1,1,0.0,0,0,0,0,0,0,0,0,0,0,0,0
data_135,0,0.7408860325813293,0.6970195174217224,-0.043866515159606934,0.322008341550827,4,1,0.0,0,0,0,0,0,0,0,0,0,0,0,0
data_135,0,0.8181287050247192,0.6976327300071716,-0.12049597501754761,0.8893589377403259,2,1,0.0,0,0,0,0,0,0,0,0,0,0,0,0
data_135,0,0.886831521987915,0.605532169342041,-0.281299352645874,0.4458276033401489,1,1,0.0,0,0,0,0,0,0,0,0,0,0,0,0
data_135,1,0.6819837689399719,0.6359023451805115,-0.04608142375946045,0.40492692589759827,1,1,0.0,0,0,0,0,0,0,0,0,1,0,0,0
data_135,0,0.7887301445007324,0.7429887056350708,-0.04574143886566162,0.32126250863075256,6,1,0.0,0,0,0,0,0,0,0,0,0,0,0,0
data_135,0,0.6591086983680725,0.7120086550712585,0.052899956703186035,0.10471861064434052,3,1,0.1111111111111111,0,0,0,0,0,0,0,0,0,0,0,0
data_135,0,0.9155805110931396,0.730832576751709,-0.18474793434143066,0.1349632889032364,3,1,0.0,0,0,0,0,0,0,0,0,0,0,0,0
data_135,0,0.6837192177772522,0.7852861285209656,0.10156691074371338,0.19316107034683228,4,1,0.3333333333333333,0,0,0,0,0,0,0,0,1,1,0,0
data_135,0,0.6524430513381958,0.7846810817718506,0.13223803043365479,0.39962926506996155,2,1,0.1111111111111111,0,0,0,0,0,0,0,0,1,0,0,0
data_135,0,0.6384445428848267,0.6708975434303284,0.03245300054550171,0.3961200714111328,2,0,0.3333333333333333,0,0,0,0,0,0,0,0,0,0,0,0
data_135,0,0.8241783380508423,0.6661847233772278,-0.1579936146736145,0.621905505657196,3,1,0.0,0,0,0,0,0,0,0,0,0,0,0,0
data_135,0,0.7151100039482117,0.8388115167617798,0.12370151281356812,0.10470037907361984,4,1,0.1111111111111111,0,0,0,0,0,0,0,0,1,1,1,0
data_135,0,0.8506065011024475,0.6600282788276672,-0.19057822227478027,0.42457789182662964,2,1,0.0,0,0,0,0,0,0,0,0,0,0,0,0
data_135,0,0.8268161416053772,0.7171076536178589,-0.10970848798751831,0.41865092515945435,5,1,0.0,0,0,0,0,0,0,0,0,1,0,0,0
data_135,0,0.7839571833610535,0.771394670009613,-0.01256251335144043,0.30848005414009094,6,1,0.0,0,0,0,0,1,1,0,0,1,1,0,0
data_135,0,0.77456134557724,0.6572890281677246,-0.11727231740951538,0.4314194917678833,2,1,0.0,0,0,0,0,0,0,0,0,0,0,0,0
data_135,0,0.7197487950325012,0.6186936497688293,-0.10105514526367188,0.43203967809677124,1,1,0.0,0,0,0,0,0,0,0,0,1,0,0,0
data_135,0,0.9036182761192322,0.6785762906074524,-0.22504198551177979,0.4357231855392456,5,1,0.0,0,0,0,0,0,0,0,0,1,0,0,0
data_135,0,0.6361254453659058,0.7267616391181946,0.09063619375228882,0.19116011261940002,2,0,0.2222222222222222,0,0,0,0,0,0,0,0,0,0,0,0
data_135,0,0.5275541543960571,0.5519870519638062,0.024432897567749023,0.20044589042663574,0,0,0.1111111111111111,0,0,0,0,0,0,0,0,0,0,0,0
data_135,0,0.5787085890769958,0.644387423992157,0.06567883491516113,0.4811685383319855,0,0,0.2222222222222222,0,0,0,0,0,0,0,0,0,0,0,0
data_135,0,0.7082592248916626,0.7319557070732117,0.023696482181549072,0.40063923597335815,4,1,0.2222222222222222,0,0,0,0,0,0,0,0,1,0,0,0
data_135,0,0.865963876247406,0.7171317338943481,-0.14883214235305786,0.4276904761791229,5,1,0.0,0,0,0,0,0,0,0,0,0,0,0,0
data_135,1,0.7960195541381836,0.7405247092247009,-0.055494844913482666,0.42713242769241333,2,1,0.0,0,0,0,0,0,0,0,0,0,1,0,0
data_136,0,0.8129616975784302,0.8530299067497253,0.040068209171295166,0.10207024961709976,9,1,0.2222222222222222,0,0,0,0,0,0,0,0,1,0,0,0
data_136,0,0.821098268032074,0.8756510615348816,0.05455279350280762,0.39979884028434753,6,1,0.1111111111111111,0,0,0,0,0,0,0,0,0,0,0,0
data_136,0,0.8157033920288086,0.7988393306732178,-0.01686406135559082,0.5933778882026672,2,1,0.0,0,0,0,0,1,0,0,0,1,1,0,0
data_136,1,0.7323595285415649,0.867081880569458,0.13472235202789307,0.1887139230966568,6,1,0.3333333333333333,0,0,0,0,0,1,0,0,1,1,0,0
data_136,0,0.8628197312355042,0.7940359115600586,-0.06878381967544556,0.5182905197143555,4,1,0.0,0,0,0,0,0,0,0,0,0,0,0,0
data_136,0,0.8172628283500671,0.6878314018249512,-0.12943142652511597,0.5373634696006775,2,1,0.0,0,0,0,0,0,0,0,0,1,0,0,0
data_136,0,0.803505539894104,0.7532757520675659,-0.050229787826538086,0.4155547618865967,6,1,0.0,0,0,0,0,0,0,0,0,1,1,0,0
data_136,0,0.9127392172813416,0.5876821279525757,-0.32505708932876587,0.3430767059326172,1,1,0.0,0,0,0,0,0,1,0,0,0,1,0,0
data_136,0,0.7105697989463806,0.7155889272689819,0.005019128322601318,0.19839781522750854,6,1,0.1111111111111111,0,0,0,0,0,0,0,0,0,0,0,0
data_136,0,0.7207362651824951,0.7032017707824707,-0.017534494400024414,0.20971672236919403,5,1,0.0,0,0,0,0,0,0,0,0,1,0,0,0
data_136,1,0.6834458112716675,0.8613487482070923,0.1779029369354248,0.09565301239490509,8,1,0.3333333333333333,1,1,1,1,1,1,1,1,1,1,1,1
data_136,0,0.6248793601989746,0.6606200933456421,0.03574073314666748,0.1974189132452011,1,0,0.3333333333333333,0,0,0,0,1,0,0,0,1,1,0,0
data_136,0,0.9272393584251404,0.6759169101715088,-0.2513224482536316,0.6256042718887329,4,1,0.0,0,0,0,0,0,0,0,0,0,0,0,0
data_136,0,0.8754624128341675,0.7080453038215637,-0.16741710901260376,0.7055756449699402,4,1,0.0,0,0,0,0,0,0,0,0,0,0,0,0
data_136,0,0.8688461184501648,0.7889481782913208,-0.079897940158844,0.508405864238739,6,1,0.0,0,0,0,0,0,0,0,0,1,0,0,0
data_136,0,0.8036617040634155,0.8027912974357605,-0.0008704066276550293,0.20428459346294403,8,1,0.0,0,0,0,0,0,0,0,0,1,0,0,0
data_136,0,0.7379235029220581,0.7782962918281555,0.04037278890609741,0.3144978880882263,2,1,0.1111111111111111,0,0,0,0,0,0,0,0,1,0,0,0
data_136,0,0.6398393511772156,0.8323675990104675,0.19252824783325195,0.0,6,0,1.0,1,0,0,0,1,1,0,0,1,1,0,0
data_136,0,0.8586480021476746,0.7599793672561646,-0.09866863489151001,0.1184237077832222,7,1,0.0,0,0,0,0,0,0,0,0,1,0,0,0
data_136,0,0.5663042664527893,0.5386044979095459,-0.027699768543243408,0.5046327710151672,0,0,0.0,0,0,0,0,0,0,0,0,0,0,0,0
data_136,0,0.5842136740684509,0.6752479672431946,0.09103429317474365,0.094895139336586,1,0,0.3333333333333333,0,0,0,0,0,0,0,0,0,0,0,0
data_137,0,0.7588171362876892,0.6518011689186096,-0.10701596736907959,0.8070078492164612,2,1,0.0,0,0,0,0,0,0,0,0,0,0,0,0
data_137,0,0.8273717761039734,0.6696014404296875,-0.1577703356742859,0.8079473972320557,2,1,0.0,0,0,0,0,0,0,0,0,0,0,0,0
data_137,0,0.7854697108268738,0.7026894688606262,-0.08278024196624756,0.5118049383163452,4,1,0.0,0,0,0,0,0,0,0,0,0,0,0,0
data_137,0,0.7616449594497681,0.6347058415412903,-0.12693911790847778,0.31909701228141785,1,1,0.0,0,0,0,0,0,0,0,0,0,0,0,0
data_137,0,0.5510029792785645,0.7586162090301514,0.20761322975158691,0.0,1,0,0.8571428571428571,0,1,0,0,1,1,1,0,1,1,1,0
data_137,0,0.7571834325790405,0.774141788482666,0.01695835590362549,0.7941744327545166,3,1,0.14285714285714285,0,0,0,0,0,0,0,0,0,0,0,0
data_137,0,0.7506681680679321,0.6763027906417847,-0.07436537742614746,0.31102821230888367,5,1,0.0,0,0,0,0,1,0,0,0,1,1,1,0
data_137,0,0.632567822933197,0.5899031162261963,-0.04266470670700073,0.7055619359016418,0,0,0.0,0,0,0,0,0,0,0,0,0,0,0,0
data_137,1,0.750093936920166,0.5822586417198181,-0.1678352952003479,0.3246656060218811,1,1,0.0,0,0,0,0,0,0,0,0,0,0,0,0
data_137,0,0.8228669762611389,0.6887522339820862,-0.13411474227905273,0.23257765173912048,2,1,0.0,0,0,0,0,0,0,0,0,0,0,0,0
data_137,0,0.5863397717475891,0.7939313650131226,0.20759159326553345,0.0,4,0,0.7142857142857143,0,1,0,1,1,1,0,1,1,1,0,1
data_137,0,0.6641587615013123,0.6880913376808167,0.023932576179504395,0.11231112480163574,2,1,0.14285714285714285,0,0,0,0,1,0,0,0,1,1,0,0
data_137,0,0.8036420345306396,0.6172356009483337,-0.1864064335823059,0.2298750877380371,1,1,0.0,0,0,0,0,0,0,0,0,1,0,0,0
data_137,0,0.5740696787834167,0.599005401134491,0.02493572235107422,0.10026508569717407,0,0,0.2857142857142857,0,0,0,0,0,0,0,0,1,0,0,0
data_137,0,0.8101506233215332,0.7249343395233154,-0.08521628379821777,0.4132762849330902,4,1,0.0,0,0,0,0,0,0,0,0,0,0,0,0
data_137,0,0.6912087798118591,0.7194151878356934,0.02820640802383423,0.5005077123641968,4,1,0.2857142857142857,0,0,0,0,0,0,0,0,1,0,0,0
data_138,0,0.8492027521133423,0.8502156734466553,0.0010129213333129883,0.6817200779914856,3,1,0.5,0,0,0,0,0,0,0,0,0,0,0,0
data_138,0,0.6715933084487915,0.6130265593528748,-0.05856674909591675,0.5248740911483765,1,1,0.0,0,0,0,0,0,0,0,0,0,0,0,0
data_138,0,0.6696212887763977,0.7010431289672852,0.03142184019088745,0.4018038511276245,2,1,0.5,0,0,0,0,0,0,0,0,1,0,0,0
data_138,0,0.8180994391441345,0.5202904939651489,-0.2978089451789856,0.9122229218482971,1,1,0.0,0,0,0,0,0,0,0,0,1,0,0,0
data_138,1,0.746646523475647,0.6675873398780823,-0.0790591835975647,0.7091034054756165,2,1,0.0,0,0,0,0,1,1,0,0,1,1,1,0
data_138,0,0.7482250928878784,0.6644605398178101,-0.08376455307006836,0.32559433579444885,2,1,0.0,0,0,0,0,0,0,0,0,1,0,0,0
data_138,0,0.720543384552002,0.6876111030578613,-0.032932281494140625,0.314345121383667,2,1,0.0,0,0,0,0,0,0,0,0,1,1,0,0
data_138,0,0.4775540828704834,0.6724879145622253,0.19493383169174194,0.0,1,0,1.0,0,0,0,0,0,0,0,0,1,0,0,0
data_138,0,0.8168802261352539,0.8247278332710266,0.007847607135772705,0.11444113403558731,3,1,0.5,0,0,0,0,0,0,0,0,0,1,0,0
data_139,0,0.7720320820808411,0.8297946453094482,0.05776256322860718,0.19495010375976562,9,1,0.5,0,0,0,0,0,0,0,0,0,0,0,0
data_139,0,0.7277707457542419,0.6956636309623718,-0.03210711479187012,0.5047813653945923,4,1,0.0,0,0,0,0,0,0,0,0,0,0,0,0
data_139,0,0.6941635012626648,0.8068742156028748,0.11271071434020996,0.1930774748325348,6,1,0.125,0,0,0,0,0,0,0,0,1,0,0,0
data_139,0,0.5359007716178894,0.709882378578186,0.17398160696029663,0.0,3,0,1.0,0,0,0,0,0,0,0,0,1,0,0,0
data_139,0,0.6908227801322937,0.6603394746780396,-0.03048330545425415,0.3050972521305084,3,1,0.0,0,0,0,0,0,1,0,0,0,0,0,0
data_139,1,0.5565457940101624,0.7070905566215515,0.15054476261138916,0.0,4,0,1.0,0,0,0,0,1,0,1,0,1,1,1,0
data_139,0,0.7405652403831482,0.744340717792511,0.003775477409362793,0.40053361654281616,6,1,0.125,0,0,0,0,0,0,0,0,1,0,0,0
data_139,0,0.7186535596847534,0.7357721328735352,0.01711857318878174,0.2059454768896103,7,1,0.25,0,0,0,0,1,0,0,0,1,0,0,0
data_139,0,0.6551690101623535,0.7183462381362915,0.06317722797393799,0.09782299399375916,5,1,0.5,0,0,0,0,1,0,0,0,0,0,0,0
data_139,0,0.761406660079956,0.6269580721855164,-0.1344485878944397,0.5356202721595764,1,1,0.0,0,0,0,0,0,0,0,0,0,0,0,0
data_139,0,0.652908444404602,0.7206880450248718,0.06777960062026978,0.29351410269737244,4,1,0.375,0,0,0,0,0,1,0,0,1,1,1,0
data_139,1,0.6883946061134338,0.6396026015281677,-0.04879200458526611,0.4105854332447052,1,1,0.0,1,1,1,1,1,1,1,0,1,1,1,1
data_139,0,0.726415753364563,0.7059141993522644,-0.020501554012298584,0.30427202582359314,5,1,0.0,0,0,0,0,0,0,0,0,1,0,0,0
data_139,0,0.6935253143310547,0.6538586020469666,-0.039666712284088135,0.3039880096912384,2,1,0.0,0,0,0,0,1,0,0,0,1,0,0,0
data_139,0,0.7660600543022156,0.7331132888793945,-0.032946765422821045,0.2079545110464096,6,1,0.0,0,0,0,0,0,0,0,0,0,0,0,0
data_139,0,0.6926015019416809,0.6904107928276062,-0.002190709114074707,0.29621097445487976,3,1,0.0,0,0,0,0,0,0,0,0,0,0,0,0
data_139,0,0.7072116136550903,0.6986010074615479,-0.00861060619354248,0.21254529058933258,3,1,0.0,0,0,0,0,0,0,0,0,1,0,0,0
data_139,0,0.7426109910011292,0.5962249040603638,-0.14638608694076538,0.9065077304840088,1,1,0.0,0,0,0,0,0,0,0,0,1,0,0,0
data_140,0,0.6726416945457458,0.6197345852851868,-0.05290710926055908,0.603047251701355,1,1,0.0,0,0,0,0,0,0,0,0,0,0,0,0
data_140,0,0.6026641726493835,0.6208904981613159,0.018226325511932373,0.8938598036766052,0,0,0.5,0,0,0,0,0,0,0,0,0,0,0,0
data_140,0,0.8071585893630981,0.854915201663971,0.0477566123008728,0.7851943373680115,3,1,0.5,0,0,0,0,0,0,0,0,0,0,0,0
data_140,0,0.7751941084861755,0.6572280526161194,-0.11796605587005615,0.9061298966407776,2,1,0.0,0,0,0,0,0,0,0,0,1,0,0,0
data_140,0,0.8301016688346863,0.6509068608283997,-0.17919480800628662,0.8153058886528015,2,1,0.0,0,0,0,1,1,1,0,1,1,1,0,1
data_140,0,0.882642388343811,0.758791983127594,-0.12385040521621704,0.9017417430877686,3,1,0.0,0,0,0,0,0,0,0,0,0,0,0,0
data_140,0,0.6480767130851746,0.604557991027832,-0.04351872205734253,0.4086163640022278,0,0,0.0,0,0,0,0,0,0,0,0,0,0,0,0
data_140,0,0.5797356367111206,0.7025516033172607,0.12281596660614014,0.0,1,0,1.0,0,0,0,0,0,0,0,0,1,1,0,0
data_140,0,0.7546253204345703,0.6280233860015869,-0.1266019344329834,0.5280743837356567,1,1,0.0,0,0,0,0,0,0,0,0,0,0,0,0
data_140,0,0.7557429075241089,0.7638344764709473,0.008091568946838379,0.20565931499004364,2,1,0.5,0,0,0,0,0,0,0,0,1,0,0,0
data_141,0,0.5177078247070312,0.841257631778717,0.3235498070716858,0.0,7,0,1.0,0,0,0,0,0,1,0,0,1,1,0,0
data_141,1,0.5762460231781006,0.7211793065071106,0.14493328332901,0.0,5,0,0.7,1,1,1,1,1,1,1,1,1,1,1,1
data_141,0,0.7358266711235046,0.677416980266571,-0.058409690856933594,0.2131023406982422,3,1,0.0,0,0,0,0,0,0,0,0,0,0,0,0
data_141,0,0.8764821290969849,0.7709850668907166,-0.10549706220626831,0.4049453139305115,9,1,0.0,0,0,0,0,1,0,0,0,1,0,0,0
data_141,0,0.7700133919715881,0.6999024748802185,-0.07011091709136963,0.4103271961212158,2,1,0.0,0,0,0,0,0,0,0,0,0,0,0,0
data_141,0,0.7839726209640503,0.654621422290802,-0.1293511986732483,0.6196227669715881,2,1,0.0,0,0,0,0,0,0,0,0,0,0,0,0
data_141,0,0.7258855700492859,0.7631237506866455,0.03723818063735962,0.10118803381919861,9,1,0.2,0,0,0,0,1,0,0,0,1,0,0,0
data_141,0,0.7064518332481384,0.7806131839752197,0.0741613507270813,0.0,9,1,0.5,0,0,0,0,0,0,0,0,0,0,0,0
data_141,0,0.8011324405670166,0.8459200859069824,0.04478764533996582,0.20027033984661102,10,1,0.2,0,0,0,0,0,0,0,0,0,0,0,0
data_141,0,0.9611544609069824,0.7262319326400757,-0.23492252826690674,0.23207171261310577,6,1,0.0,0,0,0,0,0,0,0,0,0,0,0,0
data_141,0,0.7044315338134766,0.7246713638305664,0.020239830017089844,0.3928828835487366,4,1,0.1,0,0,0,0,1,1,0,0,1,1,1,0
data_141,0,0.5587971210479736,0.5802700519561768,0.021472930908203125,0.1015484407544136,0,0,0.1,0,0,0,0,0,0,0,0,0,0,0,0
data_141,1,0.6877175569534302,0.8539848923683167,0.16626733541488647,0.0,10,1,0.7,1,1,1,1,1,1,1,1,1,1,1,1
data_141,1,0.5795791149139404,0.699335515499115,0.11975640058517456,0.09576145559549332,2,0,0.4,1,1,1,1,1,1,1,1,1,1,1,1
data_142,0,0.8502430319786072,0.6327402591705322,-0.21750277280807495,0.23795410990715027,1,1,0.0,0,0,0,0,0,0,0,0,0,0,0,0
data_142,0,0.6422666907310486,0.7535847425460815,0.11131805181503296,0.09647133201360703,3,0,0.3333333333333333,0,1,0,0,1,1,1,1,1,1,1,1
data_142,0,0.772322416305542,0.7157633900642395,-0.05655902624130249,0.22159889340400696,5,1,0.0,0,0,0,0,0,0,0,0,0,0,0,0
data_142,0,0.6433032751083374,0.6352837085723877,-0.008019566535949707,0.20157083868980408,0,0,0.0,0,0,0,0,0,0,0,0,1,0,0,0
data_142,0,0.7801437377929688,0.7209089994430542,-0.05923473834991455,0.7997918725013733,4,1,0.0,0,1,0,0,1,1,1,0,1,1,1,0
data_142,1,0.6795862317085266,0.7584632635116577,0.0788770318031311,0.19707542657852173,4,1,0.1111111111111111,1,1,1,0,1,1,1,1,1,1,1,1
data_142,0,0.7601689100265503,0.8497793078422546,0.08961039781570435,0.30257096886634827,4,1,0.1111111111111111,0,0,0,0,0,0,0,0,0,0,0,0
data_142,0,0.8666037321090698,0.7930156588554382,-0.07358807325363159,0.5336926579475403,3,1,0.0,0,0,0,0,0,0,0,0,0,0,0,0
data_142,0,0.7641400098800659,0.6289045214653015,-0.1352354884147644,1.0,1,1,0.0,0,0,0,0,0,0,0,0,0,0,0,0
data_142,0,0.4995103180408478,0.6038353443145752,0.10432502627372742,0.19473358988761902,0,0,0.2222222222222222,0,0,0,0,0,0,0,0,1,1,0,0
data_142,0,0.6637935638427734,0.7609074115753174,0.09711384773254395,0.09725979715585709,9,1,0.6666666666666666,0,0,0,0,0,1,0,0,1,0,0,0
data_143,0,0.9104757308959961,0.5283780694007874,-0.38209766149520874,0.9183835983276367,1,1,0.0,0,0,0,0,0,0,0,0,0,0,0,0
data_143,0,0.7521671056747437,0.538910984992981,-0.2132561206817627,1.0,1,1,0.0,0,0,0,0,0,0,0,0,0,0,0,0
data_143,0,0.6924921274185181,0.5797248482704163,-0.1127672791481018,0.4363994896411896,1,1,0.0,0,0,0,0,0,0,0,0,0,0,0,0
data_143,0,0.8785423040390015,0.7260855436325073,-0.15245676040649414,0.6133262515068054,4,1,0.0,0,0,0,0,0,0,0,0,0,0,0,0
data_143,0,0.7008998394012451,0.7455244064331055,0.04462456703186035,0.3004588782787323,2,1,0.08333333333333333,0,0,0,0,0,0,0,0,0,0,0,0
data_143,0,0.6474027633666992,0.6626850962638855,0.01528233289718628,0.5950658917427063,1,0,0.08333333333333333,0,0,0,0,0,0,0,0,0,0,0,0
data_143,1,0.6671406626701355,0.7898436784744263,0.12270301580429077,0.4897679388523102,2,1,0.08333333333333333,0,0,0,0,1,0,0,0,1,1,0,0
data_143,0,0.8261150121688843,0.615985631942749,-0.21012938022613525,0.35081127285957336,1,1,0.0,0,0,0,0,0,0,0,0,0,0,0,0
data_143,0,0.631382405757904,0.6280149221420288,-0.003367483615875244,0.5115441083908081,0,0,0.0,0,0,0,0,0,0,0,0,0,0,0,0
data_143,0,0.790961503982544,0.4785308837890625,-0.31243062019348145,0.7390689849853516,1,1,0.0,1,1,1,1,1,1,1,1,1,1,1,1
data_143,0,0.9124045968055725,0.6821682453155518,-0.23023635149002075,0.6181748509407043,2,1,0.0,0,0,0,0,0,0,0,0,0,0,0,0
data_143,0,0.7562291622161865,0.6418576240539551,-0.11437153816223145,0.1230400875210762,1,1,0.0,0,0,0,0,0,0,0,0,0,0,0,0
data_143,1,0.8253918886184692,0.7412016987800598,-0.08419018983840942,0.3161965012550354,4,1,0.0,0,0,0,0,1,1,0,0,1,1,1,0
data_143,0,0.6523041129112244,0.7534424662590027,0.10113835334777832,0.31233829259872437,2,1,0.08333333333333333,0,0,0,0,0,0,0,0,0,0,0,0
data_143,0,0.8606932163238525,0.6190301179885864,-0.2416630983352661,0.428236186504364,1,1,0.0,0,0,0,0,0,0,0,0,0,0,0,0
data_143,0,0.9666852355003357,0.569868803024292,-0.3968164324760437,0.5473201870918274,1,1,0.0,0,0,0,0,0,0,0,0,0,0,0,0
data_143,1,0.6204924583435059,0.6216906905174255,0.0011982321739196777,0.19922660291194916,0,0,0.08333333333333333,1,1,0,1,1,1,1,0,1,1,1,1
data_143,0,0.8497843146324158,0.603417694568634,-0.24636662006378174,0.3461299538612366,1,1,0.0,0,0,0,0,0,0,0,0,1,0,0,0
data_143,0,0.6191374063491821,0.7191665768623352,0.10002917051315308,0.09516504406929016,4,0,0.4166666666666667,0,0,0,0,0,0,0,0,0,0,0,0
data_143,0,0.7377889156341553,0.5734999179840088,-0.16428899765014648,0.5555302500724792,1,1,0.0,0,0,0,0,0,0,0,0,0,0,0,0
data_143,0,0.7374218106269836,0.6645224094390869,-0.07289940118789673,0.5996913909912109,2,1,0.0,0,0,0,0,0,0,0,0,0,0,0,0
data_143,0,0.8420699238777161,0.7304799556732178,-0.11158996820449829,0.7153894305229187,4,1,0.0,0,0,0,0,1,0,0,0,1,0,0,0
data_144,0,0.7004009485244751,0.7210066914558411,0.020605742931365967,0.20262330770492554,4,1,0.08,0,0,0,0,0,1,0,0,0,1,0,0
data_144,0,0.6548393964767456,0.6912678480148315,0.03642845153808594,0.20096154510974884,2,1,0.04,0,0,0,0,0,0,0,0,0,0,0,0
data_144,0,0.5742496252059937,0.6220404505729675,0.04779082536697388,0.10202786326408386,0,0,0.04,0,0,0,0,0,0,0,0,0,0,0,0
data_144,0,0.4320697784423828,0.7838708758354187,0.3518010973930359,0.0,1,0,0.28,0,0,0,0,0,0,0,0,0,0,0,0
data_144,0,0.5609349012374878,0.7508094906806946,0.1898745894432068,0.0,6,0,0.48,0,0,0,0,0,0,0,0,0,0,0,0
data_144,0,0.7772076725959778,0.6255947947502136,-0.15161287784576416,0.12620149552822113,1,1,0.0,0,1,0,0,0,0,0,0,0,1,0,0
data_144,0,0.7311227917671204,0.5234885215759277,-0.20763427019119263,0.24908462166786194,1,1,0.0,0,0,0,0,0,0,0,0,0,0,0,0
data_144,0,0.7569517493247986,0.7078943252563477,-0.04905742406845093,0.11063966155052185,9,1,0.0,0,0,0,0,0,0,0,0,0,0,0,0
data_144,0,0.5669328570365906,0.6466451287269592,0.07971227169036865,0.09652616828680038,0,0,0.12,0,0,0,0,0,0,0,0,0,0,0,0
data_144,0,0.7836645841598511,0.5871313810348511,-0.196533203125,0.34843775629997253,1,1,0.0,0,0,0,0,0,0,0,0,0,0,0,0
data_144,0,0.6799134612083435,0.6594197154045105,-0.020493745803833008,0.2993738055229187,2,1,0.0,0,0,0,0,1,0,0,0,1,0,0,0
data_144,0,0.8483319282531738,0.7551015019416809,-0.09323042631149292,0.41351160407066345,4,1,0.0,0,0,0,0,0,0,0,0,0,0,0,0
data_144,0,0.8156203627586365,0.6168233752250671,-0.19879698753356934,0.7265098690986633,1,1,0.0,0,0,0,0,0,0,0,0,0,0,0,0
data_144,0,0.6760467290878296,0.6988203525543213,0.0227736234664917,0.2057800143957138,3,1,0.04,0,0,0,0,0,0,0,0,0,0,0,0
data_144,0,0.8119314908981323,0.725391149520874,-0.0865403413772583,0.32520541548728943,2,1,0.0,0,0,0,0,0,0,0,0,0,0,0,0
data_144,0,0.768608570098877,0.7621267437934875,-0.006481826305389404,0.10562896728515625,7,1,0.0,0,0,0,0,0,0,0,0,0,0,0,0
data_144,0,0.7329994440078735,0.6947345733642578,-0.03826487064361572,0.12019535899162292,2,1,0.0,0,0,0,0,0,0,0,0,0,0,0,0
data_144,0,0.5786774158477783,0.642291247844696,0.06361383199691772,0.09888742864131927,0,0,0.16,0,0,0,0,0,0,0,0,0,0,0,0
data_145,0,0.6512795090675354,0.7512632608413696,0.09998375177383423,0.09694729745388031,4,1,0.13636363636363635,0,0,0,0,0,0,0,0,1,0,0,0
data_145,0,0.6544256210327148,0.5503646731376648,-0.10406094789505005,0.3278380334377289,1,1,0.0,0,0,0,0,0,0,0,0,0,0,0,0
data_145,0,0.5595371723175049,0.6325303912162781,0.0729932188987732,0.09842030704021454,0,0,0.22727272727272727,0,0,0,0,0,0,0,0,1,0,0,0
data_145,0,0.6834904551506042,0.6282888650894165,-0.055201590061187744,0.3084944486618042,1,1,0.0,0,0,0,0,0,0,0,0,0,0,0,0
data_145,0,0.8223627209663391,0.6713417172431946,-0.15102100372314453,0.22149857878684998,5,1,0.0,0,0,0,0,0,0,0,0,1,0,0,0
data_145,0,0.7432771325111389,0.7300858497619629,-0.013191282749176025,0.11281203478574753,3,1,0.0,0,0,0,0,0,1,0,0,0,0,0,0
data_145,0,0.6949036121368408,0.7036283016204834,0.008724689483642578,0.2066367268562317,2,1,0.045454545454545456,0,0,1,0,0,0,0,0,0,0,0,0
data_145,1,0.777250349521637,0.7176865339279175,-0.05956381559371948,0.805528998374939,2,1,0.0,0,0,0,0,0,0,0,0,0,0,0,0
data_145,0,0.6968088746070862,0.6212463974952698,-0.0755624771118164,0.32185840606689453,1,1,0.0,0,0,0,0,0,0,0,0,0,0,0,0
data_146,0,0.8056741952896118,0.7418078780174255,-0.06386631727218628,0.11555387824773788,8,1,0.0,0,0,0,0,0,0,0,0,0,0,0,0
data_146,0,0.7106403708457947,0.6980900168418884,-0.01255035400390625,0.28952622413635254,4,1,0.0,0,0,0,0,1,0,0,0,1,0,0,0
data_146,0,0.6450088620185852,0.7174673080444336,0.07245844602584839,0.1015947088599205,1,0,0.07142857142857142,0,0,0,0,0,1,1,0,1,1,1,0
data_146,0,0.7246198654174805,0.7152277231216431,-0.009392142295837402,0.10980259627103806,3,1,0.0,0,0,0,0,0,0,0,0,1,1,1,0
data_146,1,0.7858985662460327,0.7271375060081482,-0.05876106023788452,0.6100903749465942,6,1,0.0,0,1,0,0,1,1,1,0,1,1,1,0
data_146,0,0.8590748310089111,0.7503200173377991,-0.10875481367111206,0.5176791548728943,6,1,0.0,0,0,0,0,0,0,0,0,0,1,0,0
data_146,0,0.6523125767707825,0.7076496481895447,0.05533707141876221,0.48304030299186707,2,1,0.07142857142857142,1,1,1,0,1,1,1,1,1,1,1,0
data_146,0,0.7641183733940125,0.7140663862228394,-0.050051987171173096,0.7099121809005737,2,1,0.0,0,0,0,0,1,0,0,0,1,0,0,0
data_146,0,0.8525491952896118,0.6605408787727356,-0.19200831651687622,0.6050171852111816,2,1,0.0,0,0,0,0,0,0,0,0,0,0,0,0
data_146,0,0.677756667137146,0.527481198310852,-0.15027546882629395,0.7147823572158813,1,1,0.0,0,0,0,0,0,0,0,0,0,0,0,0
data_146,0,0.8474696278572083,0.7600996494293213,-0.08736997842788696,0.5148704051971436,9,1,0.0,0,0,0,0,0,1,0,0,1,1,1,0
data_146,0,0.7706986665725708,0.7699010968208313,-0.000797569751739502,0.2093731313943863,8,1,0.0,0,0,0,0,0,0,0,0,0,0,0,0
data_146,0,0.7588896751403809,0.7281501889228821,-0.03073948621749878,0.31179434061050415,5,1,0.0,0,0,0,0,0,0,0,0,0,0,0,0
data_146,0,0.7524860501289368,0.7610150575637817,0.00852900743484497,0.49581068754196167,5,1,0.07142857142857142,0,1,0,0,1,0,0,0,0,0,0,0
data_146,0,0.6975641846656799,0.8284562826156616,0.1308920979499817,0.09348202496767044,6,1,0.21428571428571427,0,0,0,0,0,0,0,0,1,1,0,0
data_146,0,0.7361394166946411,0.7941831946372986,0.05804377794265747,0.19946427643299103,11,1,0.14285714285714285,0,0,0,0,0,0,0,0,0,0,0,0
data_146,0,0.7156276702880859,0.7528531551361084,0.03722548484802246,0.19786331057548523,10,1,0.14285714285714285,0,0,0,0,0,0,0,0,1,1,0,0
data_146,0,0.6926488280296326,0.7759419083595276,0.08329308032989502,0.0961923897266388,9,1,0.2857142857142857,0,0,0,0,0,0,0,0,1,0,0,0
data_146,0,0.8323874473571777,0.6509619951248169,-0.18142545223236084,0.4380294680595398,2,1,0.0,0,0,0,0,0,0,0,0,0,0,0,0
data_146,0,0.7618571519851685,0.7357591986656189,-0.02609795331954956,0.3102811276912689,3,1,0.0,0,0,0,0,0,0,0,0,0,0,0,0
data_146,0,0.6956700682640076,0.6067295074462891,-0.0889405608177185,0.41076818108558655,1,1,0.0,0,0,0,0,0,0,0,0,1,1,1,0
data_146,0,0.6771418452262878,0.7746487855911255,0.09750694036483765,0.0,8,1,0.35714285714285715,0,0,0,0,1,0,0,0,1,1,0,0
data_146,0,0.686525821685791,0.7977017164230347,0.11117589473724365,0.09602026641368866,8,1,0.35714285714285715,0,0,0,0,0,0,0,0,1,0,0,0
data_146,0,0.5887430906295776,0.6421344876289368,0.05339139699935913,0.2029714584350586,0,0,0.21428571428571427,0,0,0,0,1,0,0,0,1,0,0,0
data_147,0,0.9722128510475159,0.7175474762916565,-0.2546653747558594,0.1424822360277176,3,1,0.0,0,0,0,0,0,0,0,0,0,0,0,0
data_147,0,0.9510288834571838,0.7302289009094238,-0.22079998254776,0.4176288843154907,3,1,0.0,0,0,0,0,0,0,0,0,0,0,0,0
data_147,0,0.8408600091934204,0.8486306071281433,0.0077705979347229,0.11274731159210205,9,1,0.06666666666666667,0,0,0,0,1,0,0,0,1,1,0,0
data_147,1,0.4987023174762726,0.7285578846931458,0.22985556721687317,0.0,1,0,0.5333333333333333,1,1,1,1,1,1,1,1,1,1,1,1
data_147,1,0.6299492120742798,0.7514426112174988,0.121493399143219,0.0,4,0,0.4,1,1,0,0,1,1,1,0,1,1,1,0
data_147,0,0.7350014448165894,0.8459024429321289,0.11090099811553955,0.09746155142784119,10,1,0.26666666666666666,0,0,0,0,1,1,0,0,1,1,1,0
data_147,1,0.7564610838890076,0.7948243618011475,0.03836327791213989,0.5037540197372437,7,1,0.06666666666666667,0,1,0,1,1,1,0,0,1,1,0,0
data_147,1,0.6022699475288391,0.775770902633667,0.17350095510482788,0.09474903345108032,2,0,0.26666666666666666,1,1,0,1,1,1,0,1,1,1,1,1
data_147,1,0.6260303258895874,0.9618516564369202,0.33582133054733276,0.0,6,0,0.5333333333333333,1,1,1,1,1,1,1,1,1,1,1,1
data_147,1,0.4715871512889862,0.6912651658058167,0.21967801451683044,0.09093569964170456,1,0,0.13333333333333333,1,1,0,1,1,1,1,1,1,1,1,1
data_147,0,0.7756112813949585,0.6871569752693176,-0.08845430612564087,0.3145846724510193,5,1,0.0,0,0,0,0,0,0,0,0,0,0,0,0
data_147,0,0.7388542294502258,0.6239638924598694,-0.11489033699035645,0.33777615427970886,1,1,0.0,0,1,0,0,0,1,0,0,1,1,0,0
data_147,0,0.8127762675285339,0.613374650478363,-0.1994016170501709,0.5356594920158386,1,1,0.0,0,0,0,0,0,0,0,0,0,0,0,0
data_147,0,0.5694881677627563,0.8287435173988342,0.2592553496360779,0.0,5,0,0.6666666666666666,0,0,0,0,0,0,0,0,1,1,1,0
data_147,0,0.688368558883667,0.6264759302139282,-0.06189262866973877,0.326945036649704,1,1,0.0,0,0,0,0,0,0,0,0,0,0,0,0
data_148,0,0.7325072288513184,0.6702754497528076,-0.06223177909851074,0.9004985094070435,2,1,0.0,0,0,0,0,0,1,0,1,0,1,0,0
data_148,0,0.7302902936935425,0.6385915279388428,-0.09169876575469971,0.7125989198684692,1,1,0.0,0,0,0,0,0,0,0,0,1,0,0,0
data_148,0,0.7691604495048523,0.756181001663208,-0.012979447841644287,0.599166989326477,3,1,0.0,0,0,0,0,0,1,0,0,1,1,0,0
data_148,0,0.6488471627235413,0.7085455060005188,0.05969834327697754,0.19598416984081268,3,0,0.3333333333333333,1,1,1,0,1,1,1,0,1,1,1,1
data_148,1,0.7578116059303284,0.7328663468360901,-0.02494525909423828,0.49459636211395264,4,1,0.0,1,1,0,0,1,1,1,1,1,1,1,1
data_148,0,0.5843003988265991,0.5640882849693298,-0.020212113857269287,0.10693080723285675,0,0,0.0,0,0,0,0,0,0,0,0,1,1,1,0
data_148,0,0.6494559049606323,0.6847444176673889,0.03528851270675659,0.09980222582817078,2,0,0.2222222222222222,0,0,0,0,0,0,0,0,1,0,0,0
data_148,0,0.8108487129211426,0.7315313816070557,-0.07931733131408691,0.3115287721157074,3,1,0.0,0,1,0,0,0,1,0,0,1,1,1,0
data_148,0,0.7843599915504456,0.7623359560966492,-0.022024035453796387,0.4139341711997986,3,1,0.0,0,0,0,0,0,1,0,0,1,1,1,0
data_148,0,0.7139280438423157,0.740738570690155,0.026810526847839355,0.3037159740924835,2,1,0.1111111111111111,0,0,0,0,0,1,0,0,1,1,0,0
data_148,0,0.6124482154846191,0.7161719799041748,0.10372376441955566,0.1915414035320282,1,0,0.3333333333333333,0,0,0,0,0,0,0,0,1,0,0,0
data_148,0,0.8717655539512634,0.678968071937561,-0.1927974820137024,0.24154017865657806,2,1,0.0,0,0,0,0,0,0,0,0,0,0,0,0
data_148,0,0.7572630047798157,0.6134977340698242,-0.14376527070999146,0.7257048487663269,1,1,0.0,0,0,0,0,1,1,0,0,1,1,0,0
data_148,0,0.6833210587501526,0.7305189371109009,0.04719787836074829,0.20218633115291595,3,1,0.1111111111111111,0,0,0,0,0,0,0,0,0,0,0,0
data_148,0,0.6185576915740967,0.5691214203834534,-0.04943627119064331,0.41532912850379944,0,0,0.0,0,0,0,0,0,0,0,0,1,1,0,0
data_148,0,0.6566928029060364,0.7995761632919312,0.14288336038589478,0.18585160374641418,3,1,0.2222222222222222,0,0,0,0,0,1,0,0,1,1,1,0
data_149,0,0.725612998008728,0.7805188894271851,0.05490589141845703,0.29759857058525085,5,1,0.2,0,0,0,0,0,0,0,0,0,0,0,0
data_149,0,0.7569776773452759,0.759580135345459,0.0026024580001831055,0.10603910684585571,5,1,0.1,0,0,0,0,0,0,0,0,0,0,0,0
data_149,0,0.6974645256996155,0.8578556180000305,0.16039109230041504,0.09709735214710236,7,1,0.3,0,0,0,0,1,0,0,0,1,1,0,0
data_149,0,0.7400991320610046,0.7191205620765686,-0.020978569984436035,0.4033351242542267,2,1,0.0,0,0,0,0,0,0,0,0,0,0,0,0
data_149,0,0.6831344962120056,0.6329337358474731,-0.05020076036453247,0.5018705129623413,1,1,0.0,0,0,0,0,1,0,0,0,1,1,0,0
data_149,0,0.6735919713973999,0.6425769329071045,-0.03101503849029541,0.5117112994194031,1,1,0.0,0,0,0,0,0,0,0,0,0,0,0,0
data_149,0,0.25752779841423035,0.8042536377906799,0.5467258393764496,0.0,2,0,1.0,0,0,0,0,0,1,0,0,0,1,1,0
data_149,0,0.18822655081748962,0.7257850766181946,0.537558525800705,0.0,1,0,1.0,0,0,0,0,0,0,0,0,1,0,0,0
data_149,0,0.2875920832157135,0.8112215995788574,0.5236295163631439,0.0,5,0,1.0,0,0,0,0,0,0,0,0,0,0,0,0
data_149,0,0.16143295168876648,0.7209513187408447,0.5595183670520782,0.0,4,0,1.0,0,0,0,0,1,0,0,0,1,1,0,0
data_149,0,0.15784719586372375,0.7744044065475464,0.6165572106838226,0.0,2,0,1.0,0,0,0,0,0,0,0,0,0,0,0,0
data_149,0,0.7569743990898132,0.731139600276947,-0.02583479881286621,0.2117113322019577,4,1,0.0,0,0,0,0,0,0,0,0,1,1,1,0
data_149,0,0.8427460789680481,0.7781105041503906,-0.06463557481765747,0.4082908630371094,6,1,0.0,0,0,0,0,0,0,0,0,1,0,0,0
data_149,1,0.7626138925552368,0.7973169684410095,0.034703075885772705,0.3985614776611328,6,1,0.1,0,0,0,0,1,1,0,0,1,1,1,0
data_149,0,0.7041071057319641,0.755260705947876,0.051153600215911865,0.2927047610282898,4,1,0.2,0,0,0,0,0,0,0,0,1,0,0,0
data_149,0,0.8239383697509766,0.7346066236495972,-0.0893317461013794,0.8060577511787415,3,1,0.0,0,0,0,0,0,0,0,0,1,0,0,0
data_149,0,0.8788376450538635,0.7723914384841919,-0.10644620656967163,0.3221973478794098,5,1,0.0,0,0,0,0,0,0,0,0,0,0,0,0
data_149,0,0.6403825879096985,0.7493088841438293,0.10892629623413086,0.18794897198677063,4,0,0.4,0,0,0,0,0,0,0,0,1,0,0,0
data_149,0,0.7889126539230347,0.5698082447052002,-0.21910440921783447,0.4606568217277527,1,1,0.0,0,0,0,0,0,0,0,0,1,0,0,0
data_149,0,0.7122009992599487,0.7446181774139404,0.0324171781539917,0.39483174681663513,4,1,0.1,0,0,0,0,0,0,0,0,0,0,0,0
data_149,0,0.7059566974639893,0.7620838284492493,0.05612713098526001,0.09855365008115768,8,1,0.3,0,0,0,0,0,0,0,0,0,0,0,0
data_149,0,0.5868289470672607,0.7939717769622803,0.20714282989501953,0.0,5,0,0.7,0,0,0,0,0,0,0,0,1,1,1,0
data_149,0,0.6251809000968933,0.7122700810432434,0.0870891809463501,0.0,6,0,0.7,0,0,0,0,0,0,0,0,0,0,0,1
data_149,0,0.7750778198242188,0.8365707993507385,0.061492979526519775,0.785825788974762,3,1,0.1,0,0,0,0,0,0,0,0,0,0,0,0
data_149,0,0.7771173119544983,0.6563407778739929,-0.12077653408050537,1.0,3,1,0.0,0,0,0,0,0,0,0,0,1,1,0,0
data_149,0,0.8537038564682007,0.6847942471504211,-0.16890960931777954,0.7178409695625305,2,1,0.0,0,0,0,0,0,0,0,0,0,0,0,0
data_149,0,0.831437885761261,0.7921452522277832,-0.03929263353347778,0.2087305784225464,8,1,0.0,0,0,0,0,0,0,0,0,1,1,1,0
data_150,0,0.7103958129882812,0.8239599466323853,0.113564133644104,0.1962512731552124,4,1,0.4,0,0,0,0,0,0,0,0,0,0,0,0
data_150,0,0.8620918989181519,0.6355317234992981,-0.22656017541885376,0.4328506588935852,1,1,0.0,0,0,0,0,0,0,0,0,0,0,0,0
data_150,0,0.7698342204093933,0.7749423384666443,0.0051081180572509766,0.30799639225006104,5,1,0.2,0,0,0,0,0,0,0,0,0,0,0,0
data_150,0,0.7383030652999878,0.693058967590332,-0.04524409770965576,0.3092968761920929,2,1,0.0,0,0,0,0,0,0,0,0,0,1,0,0
data_150,0,0.7950038313865662,0.8060051798820496,0.011001348495483398,0.10444742441177368,6,1,0.4,0,0,0,0,0,0,0,0,1,1,0,0
data_150,0,0.8461167812347412,0.5594428181648254,-0.28667396306991577,0.8288986086845398,1,1,0.0,0,0,0,0,0,0,0,0,0,0,0,0
data_150,0,0.7883357405662537,0.5871642231941223,-0.20117151737213135,0.7380096912384033,1,1,0.0,0,0,0,0,0,1,0,0,0,1,0,0
data_150,0,0.7747548222541809,0.6067203879356384,-0.16803443431854248,0.8113992810249329,1,1,0.0,0,0,0,0,0,0,0,0,1,1,0,0
data_150,0,0.8132137060165405,0.7256479859352112,-0.08756572008132935,0.4259198307991028,5,1,0.0,0,0,0,0,0,0,0,0,1,0,1,0
data_150,0,0.7065698504447937,0.7269342541694641,0.02036440372467041,0.4926161468029022,2,1,0.2,0,0,0,0,0,1,0,0,1,1,1,0
data_150,1,0.6356232762336731,0.8122678995132446,0.17664462327957153,0.38061341643333435,1,0,0.2,0,1,0,1,1,1,1,1,1,1,1,1
data_150,1,0.9328187108039856,0.7899869084358215,-0.14283180236816406,0.24044382572174072,2,1,0.0,0,1,0,0,0,1,0,0,0,1,0,0
data_150,0,0.8027758002281189,0.7207722663879395,-0.08200353384017944,0.5083605051040649,5,1,0.0,0,0,0,0,1,0,0,0,0,0,0,0
data_150,0,0.843119740486145,0.5853918194770813,-0.2577279210090637,0.7220547199249268,1,1,0.0,0,0,0,0,0,0,0,0,0,0,0,0
data_150,0,0.8167072534561157,0.7262179851531982,-0.09048926830291748,0.51645427942276,5,1,0.0,0,0,0,0,0,0,0,0,0,0,0,0
data_150,0,0.7389344573020935,0.7197640538215637,-0.019170403480529785,0.1112944707274437,4,1,0.0,0,0,0,0,0,0,0,0,1,0,0,0
data_150,0,0.9208608865737915,0.754019558429718,-0.1668413281440735,0.34653788805007935,4,1,0.0,0,0,0,0,0,0,0,0,0,0,0,0
data_150,0,0.8311934471130371,0.5243838429450989,-0.30680960416793823,0.4384930729866028,1,1,0.0,0,0,0,0,0,0,0,0,0,0,0,0
data_150,0,0.7476966381072998,0.5684605836868286,-0.1792360544204712,0.5374412536621094,1,1,0.0,0,0,0,0,0,0,0,0,0,0,0,0
data_150,0,0.7842963337898254,0.7928844094276428,0.008588075637817383,0.30372121930122375,6,1,0.4,0,0,0,0,0,0,0,0,1,0,0,0
data_151,0,0.8202623724937439,0.7961879372596741,-0.024074435234069824,0.107597216963768,11,1,0.0,0,0,0,0,0,0,0,0,0,0,0,0
data_151,0,0.7287212610244751,0.6865311861038208,-0.0421900749206543,0.5097851157188416,4,1,0.0,0,0,0,0,0,0,0,0,1,0,0,0
data_151,0,0.8436070084571838,0.7892871499061584,-0.05431985855102539,0.12341973930597305,5,1,0.0,0,0,0,0,0,0,0,0,0,0,0,0
data_151,0,0.7791795134544373,0.743686854839325,-0.035492658615112305,0.4140544533729553,6,1,0.0,0,0,0,0,0,0,0,0,0,0,0,0
data_151,0,0.7464505434036255,0.7003424763679504,-0.04610806703567505,0.7066461443901062,4,1,0.0,0,0,0,0,0,0,0,0,0,0,0,0
data_151,0,0.8552513718605042,0.5190683603286743,-0.33618301153182983,0.5585236549377441,1,1,0.0,0,0,0,0,0,0,0,0,0,0,0,0
data_151,0,0.7953360676765442,0.7364405393600464,-0.0588955283164978,0.20484469830989838,8,1,0.0,0,0,0,0,1,0,0,0,1,0,0,0
data_151,0,0.7444891333580017,0.7939665913581848,0.049477458000183105,0.10353196412324905,8,1,0.09090909090909091,0,0,0,0,0,0,0,0,0,0,0,0
data_151,0,0.8104787468910217,0.8249072432518005,0.014428496360778809,0.4134972095489502,6,1,0.09090909090909091,0,0,0,0,0,0,0,0,0,0,0,0
data_151,0,0.843685507774353,0.7687084674835205,-0.07497704029083252,0.11472811549901962,6,1,0.0,0,1,0,0,0,1,0,0,1,1,0,0
data_151,0,0.7969527840614319,0.6934886574745178,-0.10346412658691406,0.3172883689403534,4,1,0.0,0,0,0,0,0,0,0,0,0,0,0,0
data_151,0,0.9210742712020874,0.7065675258636475,-0.21450674533843994,0.32958346605300903,6,1,0.0,0,0,0,0,0,0,0,0,0,0,0,0
data_151,0,0.9135807156562805,0.6989577412605286,-0.21462297439575195,0.24107088148593903,6,1,0.0,0,0,0,0,1,0,0,0,1,0,0,0
data_151,0,0.7385730743408203,0.6567078828811646,-0.08186519145965576,0.11693975329399109,2,1,0.0,0,0,0,0,0,0,0,0,0,0,0,0
data_151,0,0.7311593294143677,0.641857385635376,-0.0893019437789917,0.4228138029575348,1,1,0.0,0,0,0,0,0,0,0,0,0,0,0,0
data_151,0,0.8871671557426453,0.6818276047706604,-0.20533955097198486,0.3338654041290283,2,1,0.0,0,0,0,0,0,0,0,0,0,0,0,0
data_151,0,0.8462005853652954,0.6358083486557007,-0.21039223670959473,0.23562058806419373,1,1,0.0,0,0,0,0,0,0,0,0,1,1,0,0
data_151,0,0.8032940626144409,0.8293066024780273,0.026012539863586426,0.10497988760471344,9,1,0.18181818181818182,0,0,0,0,0,0,0,0,0,0,0,0
data_151,0,0.698456346988678,0.7452781796455383,0.04682183265686035,0.19912000000476837,8,1,0.36363636363636365,0,0,0,0,0,0,0,0,0,0,0,0
data_151,0,0.8863927721977234,0.7951317429542542,-0.09126102924346924,0.11264517158269882,10,1,0.0,0,0,0,0,0,0,0,0,0,0,0,0
data_151,1,0.5601731538772583,0.7389334440231323,0.17876029014587402,0.0,2,0,0.9090909090909091,0,1,0,0,1,1,1,0,1,1,1,0
data_152,0,0.8936501145362854,0.7074184417724609,-0.18623167276382446,0.6211916208267212,5,1,0.0,0,0,0,0,0,0,0,0,0,0,0,0
data_152,0,0.8774734139442444,0.8547022938728333,-0.022771120071411133,0.5194107890129089,4,1,0.0,0,0,0,0,0,0,0,0,0,0,0,0
data_152,0,0.8170477747917175,0.6389046907424927,-0.17814308404922485,0.43855932354927063,1,1,0.0,0,0,0,0,0,0,0,0,0,0,0,0
data_152,0,0.7529405355453491,0.7652555108070374,0.012314975261688232,0.3943626582622528,6,1,0.125,0,0,0,0,0,0,0,0,1,0,0,0
data_152,0,0.686347246170044,0.5797439813613892,-0.10660326480865479,0.5017011165618896,1,1,0.0,0,0,0,0,0,0,0,0,0,0,0,0
data_152,0,0.7759895324707031,0.6648427248001099,-0.11114680767059326,0.33351895213127136,2,1,0.0,0,0,0,0,0,0,0,0,0,0,0,0
data_152,1,0.6349111795425415,0.795213520526886,0.16030234098434448,0.0,4,0,0.75,0,0,0,0,0,0,0,0,0,0,0,0
data_152,0,0.5873827338218689,0.6408421993255615,0.05345946550369263,0.19638042151927948,0,0,0.25,0,0,0,0,0,0,0,0,0,0,0,0
data_152,1,0.6468771696090698,0.7666112780570984,0.11973410844802856,0.09820239245891571,3,0,0.375,0,0,0,0,0,0,0,0,1,1,1,0
data_152,0,0.6128414869308472,0.5410053133964539,-0.07183617353439331,0.7146410346031189,0,0,0.0,0,0,0,0,0,0,0,0,1,0,0,0
data_152,1,0.5660704970359802,0.6905469298362732,0.12447643280029297,0.0,2,0,0.5,1,0,0,1,1,1,0,0,1,1,1,1
data_152,0,0.6740675568580627,0.7555137872695923,0.08144623041152954,0.09931597858667374,4,1,0.25,0,0,0,0,0,0,0,0,0,0,0,0
data_152,0,0.7477491497993469,0.6387422680854797,-0.10900688171386719,0.42075681686401367,1,1,0.0,0,0,0,0,0,0,0,0,0,0,0,0
data_152,0,0.6341346502304077,0.6734419465065002,0.03930729627609253,0.598024308681488,1,0,0.125,0,0,0,0,0,0,0,0,0,0,0,0
data_152,0,0.7321248650550842,0.5181725025177002,-0.21395236253738403,0.6341606974601746,1,1,0.0,0,0,0,0,0,0,0,0,0,0,0,0
data_152,0,0.7088945508003235,0.6803160905838013,-0.028578460216522217,0.503698468208313,3,1,0.0,0,0,0,0,0,0,0,0,0,0,0,0
data_152,0,0.8086877465248108,0.6061128973960876,-0.20257484912872314,0.43733054399490356,1,1,0.0,0,0,0,0,0,0,0,0,0,0,0,0
data_152,1,0.7295031547546387,0.6798601746559143,-0.049642980098724365,0.21183614432811737,3,1,0.0,0,0,0,0,0,1,0,0,1,1,1,1
data_152,0,0.6717270612716675,0.6792258620262146,0.007498800754547119,0.2033071517944336,3,1,0.25,0,0,0,0,1,0,1,1,1,1,1,0
data_153,0,0.6401064991950989,0.6376526355743408,-0.0024538636207580566,0.21070554852485657,0,0,0.0,0,0,0,0,0,0,0,0,0,0,0,0
data_153,0,0.8244063258171082,0.6671337485313416,-0.1572725772857666,0.22707980871200562,2,1,0.0,0,0,0,0,0,0,0,0,0,0,0,0
data_153,0,0.6022099852561951,0.6925691962242126,0.09035921096801758,0.09572185575962067,2,0,0.16216216216216217,0,0,0,0,0,0,0,0,0,0,0,0
data_153,0,0.8153476715087891,0.7129932045936584,-0.10235446691513062,0.4197174608707428,11,1,0.0,0,0,0,0,0,0,0,0,0,0,0,0
data_153,0,0.7390514612197876,0.7364700436592102,-0.0025814175605773926,0.6032043695449829,2,1,0.0,0,0,0,0,0,0,0,0,0,1,0,0
data_153,0,0.6112558841705322,0.588810920715332,-0.022444963455200195,0.5923506021499634,0,0,0.0,0,0,0,0,1,1,0,0,1,1,1,0
data_153,0,0.7606474161148071,0.7391412258148193,-0.021506190299987793,0.10955669730901718,7,1,0.0,0,0,0,0,0,0,0,0,0,0,0,0
data_153,1,0.6023951172828674,0.6773791909217834,0.07498407363891602,0.19212311506271362,3,0,0.13513513513513514,1,1,1,1,1,1,1,1,1,1,1,1
data_153,0,0.5986878871917725,0.618933379650116,0.020245492458343506,0.1972568780183792,0,0,0.10810810810810811,0,0,0,0,0,0,0,0,0,0,0,0
data_153,0,0.6988564729690552,0.7206305265426636,0.0217740535736084,0.20807217061519623,5,1,0.05405405405405406,0,0,0,0,0,0,0,0,0,0,0,0
data_153,0,0.6673851013183594,0.620691180229187,-0.04669392108917236,0.3371833264827728,1,1,0.0,0,0,0,0,0,0,0,0,0,0,0,0
data_153,1,0.6364282965660095,0.7413091659545898,0.10488086938858032,0.19471850991249084,3,0,0.08108108108108109,0,0,0,0,0,0,0,0,0,1,0,0
data_153,1,0.5256466865539551,0.6277263164520264,0.10207962989807129,0.0,0,0,0.6216216216216216,0,0,0,0,1,0,0,0,1,1,1,0
data_153,1,0.5474100708961487,0.6650091409683228,0.11759907007217407,0.0,1,0,0.35135135135135137,1,1,1,1,1,1,1,1,1,1,1,1
data_153,1,0.5868028402328491,0.8128806352615356,0.22607779502868652,0.09527909755706787,1,0,0.16216216216216217,1,1,1,0,1,1,1,0,1,1,1,0
data_154,0,0.7774934768676758,0.766066312789917,-0.011427164077758789,0.20214980840682983,10,1,0.0,0,0,0,0,0,0,0,0,1,1,0,0
data_154,1,0.6949043869972229,0.6702800393104553,-0.024624347686767578,0.10533749312162399,4,1,0.0,1,1,0,0,1,1,1,0,1,1,1,1
data_154,0,0.6844145059585571,0.5940638184547424,-0.0903506875038147,0.3147087097167969,1,1,0.0,0,1,0,0,1,1,1,0,1,1,1,0
data_154,0,0.7269133925437927,0.5868384838104248,-0.14007490873336792,0.5238260626792908,1,1,0.0,0,0,0,0,0,0,0,0,0,1,0,0
data_154,0,0.7553418874740601,0.5902599692344666,-0.1650819182395935,0.4313148856163025,1,1,0.0,0,0,0,0,0,1,0,0,0,1,0,0
data_154,0,0.589306116104126,0.5879796743392944,-0.001326441764831543,0.2027178257703781,0,0,0.0,0,0,0,0,1,0,0,0,1,1,1,0
data_154,0,0.6755425930023193,0.7101147770881653,0.03457218408584595,0.3044629693031311,2,1,0.08333333333333333,0,0,0,0,0,0,0,0,1,0,0,0
data_154,0,0.6110014319419861,0.606029212474823,-0.004972219467163086,0.3003154397010803,0,0,0.0,0,0,0,0,0,0,0,0,0,0,0,0
data_154,0,0.7705981731414795,0.535121738910675,-0.23547643423080444,0.2416422963142395,1,1,0.0,0,0,0,0,0,0,0,0,0,0,0,0
data_154,0,0.8195687532424927,0.7687844634056091,-0.050784289836883545,0.4027489125728607,10,1,0.0,0,0,0,0,0,0,0,0,1,1,0,0
data_154,0,0.5441415309906006,0.5636105537414551,0.019469022750854492,0.10965737700462341,0,0,0.08333333333333333,0,0,0,0,0,0,0,0,0,0,0,0
data_154,0,0.5470601916313171,0.6890962719917297,0.1420360803604126,0.0996207743883133,1,0,0.25,0,0,0,0,0,0,0,0,0,0,0,0
data_154,0,0.5195580124855042,0.6537861824035645,0.1342281699180603,0.0,1,0,0.6666666666666666,0,0,0,0,0,0,0,0,0,0,0,0
data_154,0,0.764987587928772,0.7020919322967529,-0.06289565563201904,0.31254369020462036,5,1,0.0,0,0,0,0,0,0,0,0,0,0,0,0
data_154,0,0.6952122449874878,0.7460858225822449,0.05087357759475708,0.09683752804994583,9,1,0.5,0,0,0,0,0,0,0,0,0,0,0,0
data_154,0,0.633137583732605,0.7096267342567444,0.0764891505241394,0.19751861691474915,1,0,0.08333333333333333,0,1,0,1,1,1,1,0,1,1,1,0
data_154,0,0.5678573250770569,0.7139832973480225,0.14612597227096558,0.0,2,0,0.75,0,0,0,0,0,0,0,0,0,0,0,0
data_154,0,0.6896197199821472,0.7455522418022156,0.05593252182006836,0.09875715523958206,6,1,0.3333333333333333,0,0,0,0,1,1,1,0,1,1,1,0
data_154,0,0.7881609797477722,0.6779066920280457,-0.11025428771972656,0.6148855090141296,2,1,0.0,0,0,0,0,0,0,0,0,1,0,0,0
data_154,1,0.6967333555221558,0.8431606888771057,0.14642733335494995,0.0,10,1,0.5,0,1,0,0,1,1,0,0,1,1,0,0
data_154,0,0.6861847639083862,0.8093534111976624,0.12316864728927612,0.0,9,1,0.4166666666666667,0,0,0,0,0,0,0,0,0,0,0,0
data_155,0,0.6685106158256531,0.5154290795326233,-0.15308153629302979,0.5365890264511108,1,1,0.0,0,0,0,0,0,0,0,0,0,0,0,0
data_155,0,0.6075586676597595,0.6564576625823975,0.04889899492263794,0.09912054985761642,2,0,0.2,0,0,0,0,0,0,0,0,0,0,0,0
data_155,0,0.7640608549118042,0.6815432906150818,-0.08251756429672241,0.21833916008472443,2,1,0.0,0,0,0,0,0,0,0,0,1,1,0,0
data_155,1,0.3440300524234772,0.7337933778762817,0.38976332545280457,0.0,1,0,1.0,1,1,1,1,1,1,1,1,1,1,1,1
data_155,0,0.8111743927001953,0.7843684554100037,-0.02680593729019165,0.20788250863552094,8,1,0.0,0,0,0,0,0,0,0,0,0,0,0,0
data_155,0,0.8412358164787292,0.7012616395950317,-0.1399741768836975,0.6095269322395325,3,1,0.0,0,0,0,0,0,0,0,0,0,0,0,0
data_155,0,0.7606481313705444,0.7195041179656982,-0.04114401340484619,0.21347922086715698,4,1,0.0,0,0,0,0,0,0,0,0,0,0,0,0
data_155,0,0.5903412699699402,0.5621422529220581,-0.02819901704788208,0.6049916744232178,0,0,0.0,0,1,0,0,0,1,0,0,1,1,0,0
data_155,0,0.6394224166870117,0.5938912630081177,-0.04553115367889404,0.30911147594451904,0,0,0.0,0,0,0,0,0,0,0,0,0,0,0,0
data_155,0,0.5814245343208313,0.693138599395752,0.11171406507492065,0.09509994089603424,1,0,0.4,0,0,0,0,0,0,0,0,0,0,0,0
data_155,0,0.684212327003479,0.6386100053787231,-0.04560232162475586,0.41666269302368164,1,1,0.0,0,0,0,0,0,0,0,0,1,0,0,0
data_155,0,0.8145619630813599,0.8222312927246094,0.007669329643249512,0.20186272263526917,6,1,0.1,0,1,0,0,0,1,0,0,1,1,1,0
data_155,1,0.5192692875862122,0.6269943714141846,0.10772508382797241,0.09394808113574982,0,0,0.4,1,1,1,1,1,1,1,1,1,1,1,1
data_156,0,0.7988842129707336,0.6849955320358276,-0.113888680934906,0.3092600107192993,4,1,0.0,0,0,0,0,0,0,0,0,0,0,0,0
data_156,0,0.6777663826942444,0.6472166180610657,-0.03054976463317871,0.5067006349563599,1,1,0.0,0,0,0,0,0,0,0,0,0,0,0,0
data_156,0,0.6992285847663879,0.5814730525016785,-0.11775553226470947,0.7176977396011353,1,1,0.0,0,0,0,0,0,0,0,0,1,0,0,0
data_156,0,0.8583077192306519,0.823570728302002,-0.0347369909286499,0.4099111258983612,4,1,0.0,0,0,0,0,0,0,0,0,0,0,0,0
data_156,0,0.673946738243103,0.7963320016860962,0.12238526344299316,0.4857832193374634,3,1,0.25,0,0,0,0,0,0,0,0,0,0,0,0
data_156,1,0.6679059863090515,0.6837644577026367,0.015858471393585205,0.199347585439682,4,1,0.25,0,1,0,0,1,1,0,0,1,1,0,0
data_156,1,0.5926693081855774,0.7683653831481934,0.17569607496261597,0.0,1,0,0.875,1,1,1,1,1,1,1,1,1,1,1,1
data_156,1,0.6171356439590454,0.7466811537742615,0.12954550981521606,0.09830515831708908,3,0,0.375,1,1,1,1,1,1,1,1,1,1,1,1
data_156,1,0.7042188048362732,0.6735817790031433,-0.030637025833129883,0.3069800138473511,3,1,0.0,0,0,0,0,1,1,0,0,1,1,0,0
data_156,0,0.5439767837524414,0.8053270578384399,0.26135027408599854,0.0,3,0,0.875,0,0,0,0,1,0,0,0,1,1,1,0
data_156,0,0.521173894405365,0.6732861399650574,0.15211224555969238,0.0,2,0,0.875,0,1,0,0,1,1,1,1,1,1,1,0
data_156,0,0.5114416480064392,0.6869744658470154,0.17553281784057617,0.0,3,0,1.0,0,0,0,0,1,1,0,0,1,1,1,0
data_156,0,0.8319403529167175,0.7202699780464172,-0.11167037487030029,0.42392411828041077,4,1,0.0,0,0,0,0,0,0,0,0,1,0,0,0
data_156,0,0.7274746894836426,0.6042534112930298,-0.12322127819061279,0.32081377506256104,1,1,0.0,0,0,0,0,0,0,0,0,0,0,0,0
data_157,0,0.7608662843704224,0.8078078031539917,0.046941518783569336,0.29333457350730896,8,1,0.5,0,0,0,0,0,0,0,0,1,0,0,0
data_157,0,0.7461168766021729,0.7659393548965454,0.01982247829437256,0.20284399390220642,8,1,0.125,0,0,0,0,0,0,0,0,1,1,0,0
data_157,0,0.79936283826828,0.7599754929542542,-0.03938734531402588,0.6087925434112549,5,1,0.0,0,0,0,0,0,0,0,0,0,0,0,0
data_157,1,0.6728410720825195,0.7420961260795593,0.0692550539970398,0.2902477979660034,3,1,0.125,1,1,1,1,1,1,1,1,1,1,1,1
data_157,0,0.7606461644172668,0.7671204805374146,0.006474316120147705,0.6022172570228577,2,1,0.125,0,0,0,0,0,0,0,0,0,0,0,0
data_157,0,0.6587281227111816,0.7086198925971985,0.049891769886016846,0.0,7,1,0.75,1,1,0,1,1,1,1,1,1,1,1,1
data_157,0,0.774781346321106,0.7436051368713379,-0.031176209449768066,0.20694978535175323,8,1,0.0,0,0,0,0,0,0,0,0,1,1,0,0
data_157,1,0.7712875604629517,0.7568631172180176,-0.014424443244934082,0.1064983382821083,4,1,0.0,0,1,0,0,0,1,1,1,1,1,1,1
data_157,1,0.6792073249816895,0.7012221813201904,0.022014856338500977,0.10221852362155914,2,1,0.125,1,1,1,1,1,1,1,1,1,1,1,1
data_157,1,0.6873924732208252,0.8214840292930603,0.1340915560722351,0.0,8,1,0.625,1,1,1,1,1,1,1,1,1,1,1,1
data_157,0,0.8476580381393433,0.5886058211326599,-0.25905221700668335,0.5433036684989929,1,1,0.0,0,0,0,0,0,0,0,0,0,0,0,0
data_157,0,0.9466143250465393,0.6875104904174805,-0.25910383462905884,0.2361052930355072,4,1,0.0,0,0,0,0,0,0,0,0,0,0,0,0
data_157,0,0.7149285674095154,0.5750175714492798,-0.1399109959602356,0.5239421725273132,1,1,0.0,0,0,0,0,0,1,0,0,0,1,0,0
data_158,0,0.7350023984909058,0.6743670701980591,-0.06063532829284668,0.6121205687522888,2,1,0.0,0,0,0,0,0,0,0,0,0,0,0,0
data_158,0,0.8434407114982605,0.7450714111328125,-0.098369300365448,0.5103124380111694,6,1,0.0,0,0,0,0,0,0,0,0,1,0,0,0
data_158,0,0.6861051917076111,0.7466022968292236,0.06049710512161255,0.49195733666419983,3,1,0.125,0,0,0,0,0,0,0,0,0,0,0,0
data_158,0,0.7082957029342651,0.6112192869186401,-0.097076416015625,0.7125003933906555,1,1,0.0,0,0,0,0,0,0,0,0,0,0,0,0
data_158,0,0.6186604499816895,0.6740303635597229,0.05536991357803345,0.296188622713089,1,0,0.125,0,1,0,1,1,1,1,0,1,1,1,1
data_158,0,0.7006045579910278,0.792166531085968,0.09156197309494019,0.09668971598148346,7,1,0.25,0,0,0,0,0,0,0,0,1,0,0,0
data_158,0,0.8327116966247559,0.7743056416511536,-0.058406054973602295,0.30433398485183716,4,1,0.0,0,0,0,0,0,0,0,0,0,0,0,0
data_158,0,0.7528812289237976,0.7134494781494141,-0.039431750774383545,0.11370522528886795,2,1,0.0,0,1,0,0,0,0,0,0,1,1,0,0
data_158,0,0.7766153812408447,0.7061547040939331,-0.07046067714691162,0.40959516167640686,3,1,0.0,0,0,0,0,0,0,0,0,0,0,0,0
data_158,0,0.7672040462493896,0.7550708651542664,-0.012133181095123291,0.5873525738716125,3,1,0.0,0,0,0,0,0,0,0,0,0,0,0,0
data_158,0,0.8724927306175232,0.8133560419082642,-0.05913668870925903,0.698491632938385,5,1,0.0,0,0,0,0,0,0,0,0,0,0,0,0
data_158,0,0.7190778255462646,0.7255295515060425,0.006451725959777832,0.5983921885490417,5,1,0.125,0,0,0,0,0,0,0,0,1,1,0,0
data_158,0,0.7117264866828918,0.9174363613128662,0.20570987462997437,0.19119733572006226,6,1,0.375,0,0,0,0,0,0,0,0,1,1,0,0
data_158,1,0.6708539128303528,0.745689868927002,0.07483595609664917,0.39286452531814575,3,1,0.125,1,1,1,1,1,1,1,0,1,1,1,0
data_158,0,0.8219963312149048,0.7132108211517334,-0.10878551006317139,0.4116184413433075,5,1,0.0,0,0,0,0,0,0,0,0,0,0,0,0
data_158,0,0.7582191228866577,0.6640917658805847,-0.094127357006073,0.42939698696136475,2,1,0.0,0,0,0,0,0,0,0,0,0,0,0,0
data_158,0,0.8253030776977539,0.7582764625549316,-0.06702661514282227,0.5128156542778015,4,1,0.0,0,0,0,0,0,0,0,0,0,0,0,0
data_158,0,0.9088596701622009,0.8274982571601868,-0.08136141300201416,0.2120165377855301,5,1,0.0,0,0,0,0,0,0,0,0,1,0,0,0
data_158,1,0.6358103156089783,0.7042282819747925,0.06841796636581421,0.2944456934928894,2,0,0.25,0,0,0,0,0,0,0,0,1,0,0,0
data_158,0,0.8384764194488525,0.7617277503013611,-0.07674866914749146,0.5183070302009583,4,1,0.0,0,0,0,0,0,0,0,0,0,0,0,0
data_158,0,0.5923673510551453,0.82430499792099,0.23193764686584473,0.0,4,0,0.875,0,0,0,0,0,0,0,0,1,1,0,0
data_158,0,0.8718326687812805,0.6003586649894714,-0.2714740037918091,0.23666468262672424,1,1,0.0,0,0,0,0,0,0,0,0,0,0,0,0
data_158,0,0.6873252391815186,0.7031472325325012,0.015821993350982666,0.40869802236557007,2,1,0.125,0,0,0,0,0,0,0,0,1,0,0,0
data_158,0,0.5632731318473816,0.6611793637275696,0.09790623188018799,0.1924947202205658,1,0,0.25,0,0,0,0,1,1,1,0,1,1,1,0
data_159,0,0.7083526253700256,0.8378390073776245,0.12948638200759888,0.09951668232679367,6,1,0.23076923076923078,0,0,0,0,0,0,0,0,0,0,0,0
data_159,0,0.8101736903190613,0.8169811367988586,0.006807446479797363,0.20281806588172913,10,1,0.15384615384615385,0,0,0,0,0,0,0,0,0,0,0,0
data_159,0,0.8338654637336731,0.9107343554496765,0.07686889171600342,0.11650735884904861,6,1,0.07692307692307693,0,0,0,0,0,0,0,0,0,0,0,0
data_159,0,0.8299271464347839,0.7012933492660522,-0.1286337971687317,0.1305907666683197,3,1,0.0,0,0,0,0,0,0,0,0,0,0,0,0
data_159,0,0.8817450404167175,0.8407423496246338,-0.04100269079208374,0.21761959791183472,4,1,0.0,0,0,0,0,0,0,0,0,0,0,0,0
data_159,0,0.9463357925415039,0.780239462852478,-0.16609632968902588,0.5108707547187805,6,1,0.0,0,0,0,0,0,0,0,0,0,0,0,0
data_159,0,0.6863990426063538,0.6558962464332581,-0.030502796173095703,0.2120259702205658,3,1,0.0,0,0,0,0,0,0,0,0,0,0,0,0
data_159,0,0.9441375732421875,0.7150614261627197,-0.22907614707946777,0.5285510420799255,3,1,0.0,0,0,0,0,0,0,0,0,0,0,0,0
data_159,0,0.760732889175415,0.8293262124061584,0.06859332323074341,0.197581946849823,6,1,0.15384615384615385,0,0,0,0,0,0,0,0,0,0,0,0
data_159,0,0.7964659333229065,0.8139321804046631,0.017466247081756592,0.30331704020500183,9,1,0.07692307692307693,0,0,0,0,0,0,0,0,0,0,0,0
data_159,0,0.6734154224395752,0.7092120051383972,0.03579658269882202,0.49295735359191895,5,1,0.23076923076923078,0,0,0,0,1,0,0,0,1,0,0,0
data_159,0,0.748064398765564,0.701776385307312,-0.04628801345825195,0.7081573009490967,3,1,0.0,0,0,0,0,0,0,0,0,0,0,0,0
data_159,0,0.5556617975234985,0.617705762386322,0.062043964862823486,0.2014303058385849,0,0,0.07692307692307693,0,0,0,0,0,0,0,0,1,0,0,0
data_159,0,0.743067741394043,0.6794843077659607,-0.06358343362808228,0.3141244947910309,3,1,0.0,0,0,0,0,0,0,0,0,1,0,0,0
data_159,0,0.7098100185394287,0.6900774836540222,-0.019732534885406494,0.603625476360321,4,1,0.0,0,0,0,0,0,0,0,0,0,0,0,0
data_159,0,0.7280856370925903,0.6587665677070618,-0.06931906938552856,0.6122433543205261,2,1,0.0,0,0,0,0,0,0,0,0,0,0,0,0
data_159,0,0.6124604344367981,0.742845892906189,0.13038545846939087,0.0937909409403801,3,0,0.46153846153846156,0,0,0,0,0,1,0,0,1,1,1,0
data_159,0,0.8180490732192993,0.6758970022201538,-0.1421520709991455,0.6111404895782471,3,1,0.0,0,0,0,0,0,0,0,0,0,0,0,0
data_159,0,0.6819704174995422,0.7726722955703735,0.0907018780708313,0.40003687143325806,2,1,0.07692307692307693,0,0,0,0,0,0,0,0,0,0,0,0
data_159,0,0.9375267028808594,0.5753237009048462,-0.3622030019760132,0.5507898330688477,1,1,0.0,0,0,0,0,0,0,0,0,0,0,0,0
data_160,0,0.8930206894874573,0.8041113615036011,-0.0889093279838562,0.6117203235626221,11,1,0.0,0,0,0,0,0,0,0,0,0,0,0,0
data_160,0,0.8434112071990967,0.819778561592102,-0.02363264560699463,0.603767454624176,7,1,0.0,0,0,0,0,0,0,0,0,0,0,0,0
data_160,0,0.8282322883605957,0.8552233576774597,0.026991069316864014,0.30557048320770264,8,1,0.09090909090909091,0,0,0,0,0,0,0,0,0,0,0,0
data_160,0,0.6888654232025146,0.7141838073730469,0.025318384170532227,0.2056182622909546,4,1,0.18181818181818182,0,0,0,0,0,0,0,0,0,0,0,0
data_160,0,0.8209409713745117,0.7527029514312744,-0.0682380199432373,0.20917434990406036,9,1,0.0,0,0,0,0,0,0,0,0,0,0,0,0
data_160,0,0.794883668422699,0.8838710188865662,0.08898735046386719,0.09754541516304016,11,1,0.2727272727272727,0,0,0,0,0,0,0,0,1,0,0,0
data_160,0,0.777375340461731,0.7726511359214783,-0.0047242045402526855,0.41064149141311646,5,1,0.0,0,0,0,0,0,0,0,0,0,0,0,0
data_160,0,0.7629979252815247,0.7644985318183899,0.0015006065368652344,0.506883442401886,7,1,0.09090909090909091,0,0,0,0,0,0,0,0,0,0,0,0
data_160,0,0.8275938034057617,0.7378939986228943,-0.08969980478286743,0.5103924870491028,7,1,0.0,0,0,0,0,0,0,0,0,1,0,0,0
data_160,0,0.6413039565086365,0.6271969676017761,-0.014106988906860352,0.21120214462280273,0,0,0.0,0,0,0,0,0,0,0,0,0,0,0,0
data_160,0,0.7225484848022461,0.8001658320426941,0.077617347240448,0.09544913470745087,7,1,0.36363636363636365,0,0,0,0,0,0,0,0,1,1,0,0
data_160,0,0.7473883032798767,0.7098291516304016,-0.0375591516494751,0.4142546057701111,5,1,0.0,0,0,0,0,0,0,0,0,0,0,0,0
data_160,0,0.668846607208252,0.7881011962890625,0.11925458908081055,0.0,8,1,0.5454545454545454,0,0,0,0,0,0,0,0,0,0,0,0
data_160,0,0.687602162361145,0.5508827567100525,-0.13671940565109253,0.538703203201294,1,1,0.0,0,0,0,0,0,0,0,0,0,0,0,0
data_160,0,0.7961665391921997,0.6967325210571289,-0.0994340181350708,0.5190429091453552,4,1,0.0,0,0,0,0,0,0,0,0,0,0,1,0
data_160,0,0.6272361278533936,0.8321805000305176,0.20494437217712402,0.0,6,0,0.7272727272727273,0,0,0,0,0,0,0,0,0,0,0,0
data_160,0,0.7537503242492676,0.8225134015083313,0.06876307725906372,0.19488635659217834,10,1,0.36363636363636365,0,0,0,0,0,0,0,0,0,0,0,0
data_160,0,0.6857317090034485,0.8598331212997437,0.17410141229629517,0.0,10,1,0.7272727272727273,0,0,0,0,0,0,0,0,1,0,0,0
data_160,0,0.8734015822410583,0.6664252877235413,-0.2069762945175171,0.7257146239280701,2,1,0.0,0,0,0,0,0,1,0,0,1,1,0,0
data_160,0,0.8207579851150513,0.7852239608764648,-0.035534024238586426,0.20943261682987213,9,1,0.0,0,0,0,0,0,0,0,0,0,0,0,0
data_160,0,0.8527334928512573,0.7024846076965332,-0.15024888515472412,0.3132950961589813,4,1,0.0,0,0,0,0,0,0,0,0,0,0,0,0
data_161,0,0.5900511741638184,0.7183613777160645,0.1283102035522461,0.0,4,0,0.8461538461538461,0,0,0,0,0,0,0,0,0,0,0,0
data_161,0,0.5757742524147034,0.766492486000061,0.19071823358535767,0.09280899912118912,2,0,0.3076923076923077,0,0,0,0,0,0,0,0,0,0,0,0
data_161,0,0.49666640162467957,0.7227230072021484,0.22605660557746887,0.0,2,0,0.8461538461538461,0,0,0,0,0,0,0,0,0,0,0,0
data_161,0,0.6050692796707153,0.739782452583313,0.13471317291259766,0.0,7,0,0.6153846153846154,0,1,1,1,1,1,0,1,1,1,1,1
data_161,0,0.8330294489860535,0.6949397325515747,-0.13808971643447876,0.7184349298477173,2,1,0.0,0,0,0,0,0,0,0,0,0,0,0,0
data_161,0,0.8370595574378967,0.7468957304954529,-0.09016382694244385,0.6151903867721558,5,1,0.0,0,0,0,0,0,0,0,0,0,0,0,0
data_161,0,0.5687598586082458,0.7251344919204712,0.15637463331222534,0.0,4,0,0.7692307692307693,0,0,0,0,0,0,0,0,1,1,0,0
data_161,1,0.6395251154899597,0.7425140738487244,0.10298895835876465,0.09728619456291199,3,0,0.23076923076923078,1,1,1,1,1,1,1,1,1,1,1,1
data_161,0,0.7758238911628723,0.7576566338539124,-0.01816725730895996,0.2095610797405243,9,1,0.0,0,0,0,0,0,0,0,0,0,0,0,0
data_161,0,0.7508052587509155,0.7392013072967529,-0.011603951454162598,0.10432874411344528,6,1,0.0,0,0,0,0,1,1,0,0,1,1,1,0
data_161,1,0.7993800044059753,0.6553541421890259,-0.14402586221694946,0.5130575895309448,2,1,0.0,1,1,1,0,1,1,0,0,1,1,1,0
data_161,0,0.6899587512016296,0.6876102089881897,-0.0023485422134399414,0.7022098302841187,2,1,0.0,0,0,0,0,0,0,0,0,1,0,0,0
data_161,0,0.8650237321853638,0.622869610786438,-0.24215412139892578,0.43275269865989685,1,1,0.0,0,0,0,0,0,0,0,0,0,0,0,0
data_161,0,0.632540225982666,0.5773836970329285,-0.05515652894973755,0.2146841138601303,0,0,0.0,0,0,0,0,0,0,0,0,0,0,0,0
data_161,0,0.6876295208930969,0.6597778797149658,-0.027851641178131104,0.23048312962055206,2,1,0.0,0,0,0,0,0,0,0,0,0,0,0,0
data_161,0,0.7616312503814697,0.6738100647926331,-0.08782118558883667,0.21024273335933685,6,1,0.0,0,0,0,0,0,0,0,0,0,0,0,0
data_161,0,0.5987962484359741,0.7099155187606812,0.11111927032470703,0.0,1,0,0.5384615384615384,0,0,0,0,0,0,0,0,0,0,0,0
data_161,0,0.6425577998161316,0.678911030292511,0.036353230476379395,0.10170809924602509,1,0,0.07692307692307693,0,0,0,0,0,0,0,0,0,0,0,0
data_161,0,0.5806910395622253,0.6630814671516418,0.0823904275894165,0.0,2,0,0.6153846153846154,0,0,0,0,0,0,0,0,1,0,0,0
data_161,0,0.7257123589515686,0.7054245471954346,-0.020287811756134033,0.11147911846637726,3,1,0.0,0,0,0,0,0,0,0,0,1,0,0,0
data_161,0,0.6107620000839233,0.695723831653595,0.08496183156967163,0.1000850573182106,1,0,0.15384615384615385,0,0,0,0,0,0,0,0,0,0,0,0
data_161,0,0.7962982058525085,0.6717462539672852,-0.12455195188522339,0.3346346318721771,2,1,0.0,0,0,0,0,0,0,0,0,0,0,0,0
data_161,0,0.5296580195426941,0.6386013627052307,0.10894334316253662,0.09498380869626999,0,0,0.46153846153846156,0,0,0,0,0,0,1,0,1,0,1,0
data_161,0,0.7537716031074524,0.654531717300415,-0.09923988580703735,0.2159721553325653,2,1,0.0,0,0,0,0,0,0,0,0,0,0,0,0
data_161,0,0.7401456832885742,0.7034638524055481,-0.03668183088302612,0.11066906899213791,4,1,0.0,1,0,0,0,1,0,0,0,1,0,0,0
data_161,0,0.5681232810020447,0.6575731635093689,0.08944988250732422,0.09537062793970108,1,0,0.3076923076923077,0,1,1,0,1,1,0,0,1,1,1,0
data_161,0,0.6240617632865906,0.7356517910957336,0.11159002780914307,0.0,6,0,0.5384615384615384,0,0,0,0,0,0,0,0,0,0,0,0
data_161,0,0.7191336154937744,0.6097045540809631,-0.10942906141281128,0.12417543679475784,1,1,0.0,0,0,0,0,0,0,0,0,0,0,0,0
data_161,0,0.6219511032104492,0.6532032489776611,0.031252145767211914,0.09965666383504868,1,0,0.15384615384615385,0,0,0,0,0,0,0,0,1,0,0,0
data_161,0,0.6746099591255188,0.622284471988678,-0.05232548713684082,0.517206072807312,1,1,0.0,0,0,0,0,0,0,0,0,0,0,0,0
data_161,0,0.737271785736084,0.7408679723739624,0.003596186637878418,0.4098987281322479,2,1,0.07692307692307693,0,0,0,0,0,0,0,0,0,0,0,0
data_161,0,0.6515404582023621,0.6104363799095154,-0.04110407829284668,0.2160128504037857,1,1,0.0,0,0,0,0,1,0,0,0,0,0,0,0
data_161,0,0.7412816286087036,0.6146007180213928,-0.1266809105873108,0.42542341351509094,1,1,0.0,0,0,0,0,0,0,0,0,0,0,0,0
data_162,0,0.8045302629470825,0.8582191467285156,0.053688883781433105,0.19963765144348145,7,1,0.2857142857142857,0,0,0,0,0,0,0,0,0,1,0,0
data_162,0,0.8804945945739746,0.7864185571670532,-0.09407603740692139,0.3072793781757355,5,1,0.0,0,0,0,0,0,0,0,0,0,0,0,0
data_162,0,0.6948245763778687,0.74513840675354,0.05031383037567139,0.2966771125793457,5,1,0.14285714285714285,0,0,0,0,0,0,0,0,0,0,0,0
data_162,0,0.836852490901947,0.6488800644874573,-0.18797242641448975,0.43387624621391296,1,1,0.0,0,0,0,0,0,0,0,0,0,0,0,0
data_162,0,0.7518947720527649,0.7475922107696533,-0.004302561283111572,0.5052183270454407,5,1,0.0,0,0,0,0,0,0,0,0,0,0,0,0
data_162,0,0.9085819125175476,0.7971466779708862,-0.11143523454666138,0.30956920981407166,7,1,0.0,0,0,0,0,0,0,0,0,0,0,0,0
data_162,0,0.8978126645088196,0.8545398116111755,-0.04327285289764404,0.21087980270385742,7,1,0.0,0,0,0,0,0,0,0,0,0,0,0,0
data_162,0,0.8067902326583862,0.7504761219024658,-0.05631411075592041,0.5148107409477234,5,1,0.0,0,0,0,0,0,0,0,0,0,0,0,0
data_162,0,0.837958037853241,0.6604949235916138,-0.1774631142616272,0.8146434426307678,2,1,0.0,0,0,0,0,0,0,0,0,0,0,0,0
data_162,0,0.8441771864891052,0.7449857592582703,-0.09919142723083496,0.5169515013694763,5,1,0.0,0,0,0,0,0,0,0,0,0,0,0,0
data_162,0,0.924014687538147,0.6937261819839478,-0.23028850555419922,0.6303802728652954,3,1,0.0,0,0,0,0,0,0,0,0,0,0,0,0
data_162,0,0.7723397612571716,0.6066442728042603,-0.16569548845291138,0.7221516966819763,1,1,0.0,0,0,0,0,0,0,0,0,0,0,0,0
data_162,0,0.7314856648445129,0.8533328771591187,0.12184721231460571,0.0,7,1,0.7142857142857143,0,1,0,0,0,1,0,0,1,1,0,0
data_162,0,0.8658540844917297,0.6703827977180481,-0.19547128677368164,0.7171661257743835,2,1,0.0,0,0,0,0,0,0,0,0,0,0,0,0
data_162,0,0.7185949683189392,0.7704122066497803,0.051817238330841064,0.29149961471557617,3,1,0.14285714285714285,0,0,0,0,1,0,0,1,1,0,0,0
data_162,0,0.6481350064277649,0.6600492596626282,0.011914253234863281,0.19995732605457306,2,0,0.2857142857142857,0,0,0,0,0,1,0,0,1,1,0,0
data_162,0,0.9010597467422485,0.7245615124702454,-0.17649823427200317,0.31843650341033936,8,1,0.0,0,0,0,0,0,0,0,0,0,0,0,0
data_162,0,0.8661602735519409,0.7936850190162659,-0.07247525453567505,0.5101417899131775,6,1,0.0,0,0,0,0,0,0,0,0,0,1,0,0
data_162,0,0.8631670475006104,0.7103878259658813,-0.152779221534729,0.611383855342865,3,1,0.0,0,0,0,0,0,0,0,0,1,0,0,0
data_162,0,0.7504308223724365,0.8330802321434021,0.08264940977096558,0.0,6,1,0.5714285714285714,0,0,0,0,1,0,0,0,1,1,0,0
data_162,0,0.803824782371521,0.7022950053215027,-0.10152977705001831,0.5099503993988037,5,1,0.0,0,0,0,0,0,0,0,0,0,0,0,0
data_162,1,0.7505587935447693,0.6954939961433411,-0.05506479740142822,0.4167744517326355,3,1,0.0,0,0,0,0,0,0,0,0,0,0,0,0
data_163,0,0.8571513891220093,0.7478736042976379,-0.10927778482437134,0.22238534688949585,5,1,0.0,0,0,0,0,0,0,0,0,0,0,0,0
data_163,0,0.7928779125213623,0.7217886447906494,-0.07108926773071289,0.21318459510803223,5,1,0.0,0,0,0,0,0,0,0,0,0,0,0,0
data_163,0,0.7606085538864136,0.6692506670951843,-0.09135788679122925,0.6166959404945374,2,1,0.0,0,0,0,0,0,0,0,0,0,0,0,0
data_163,0,0.7685509324073792,0.6955578923225403,-0.07299304008483887,0.31153765320777893,6,1,0.0,0,0,0,0,0,0,0,0,1,0,0,0
data_163,0,0.8687372803688049,0.8300349116325378,-0.03870236873626709,0.2060210257768631,8,1,0.0,0,0,0,0,0,0,0,0,1,0,0,0
data_163,0,0.7501243352890015,0.785910964012146,0.03578662872314453,0.1002020463347435,8,1,0.42857142857142855,0,0,0,0,0,1,0,0,1,1,0,0
data_163,0,0.7523984909057617,0.6953961849212646,-0.05700230598449707,0.5032182931900024,4,1,0.0,0,0,0,0,0,0,0,0,0,1,0,0
data_163,0,0.8085625767707825,0.6941208243370056,-0.11444175243377686,0.12146008014678955,3,1,0.0,0,0,0,0,0,0,0,0,0,0,0,0
data_163,0,0.7841107845306396,0.6987364888191223,-0.08537429571151733,0.7057340741157532,2,1,0.0,0,0,0,0,0,0,0,0,0,0,0,0
data_163,0,0.7123347520828247,0.7333628535270691,0.021028101444244385,0.10286220908164978,6,1,0.2857142857142857,1,1,0,0,1,1,0,0,1,1,1,0
data_163,0,0.70328289270401,0.6909469366073608,-0.01233595609664917,0.3058226406574249,4,1,0.0,0,0,0,0,0,0,0,0,0,0,0,0
data_163,0,0.8108489513397217,0.7009904980659485,-0.1098584532737732,0.34134408831596375,2,1,0.0,0,0,0,0,0,0,0,0,0,0,0,0
data_163,0,0.7828996777534485,0.7594809532165527,-0.023418724536895752,0.40042731165885925,8,1,0.0,0,0,0,0,0,0,0,0,1,0,0,0
data_163,0,0.8865628242492676,0.6457932591438293,-0.24076956510543823,0.6239777207374573,1,1,0.0,0,0,0,0,0,0,0,0,0,0,0,0
data_163,0,0.9441344141960144,0.7625917196273804,-0.18154269456863403,0.12857627868652344,8,1,0.0,0,0,0,0,0,0,0,0,1,0,0,0
data_164,0,0.8983984589576721,0.6125267148017883,-0.2858717441558838,0.8216335773468018,1,1,0.0,1,1,1,1,1,1,0,1,1,1,0,1
data_164,0,0.7070320248603821,0.7129409313201904,0.00590890645980835,0.20082268118858337,5,1,0.14285714285714285,0,0,0,0,0,0,0,0,0,0,0,0
data_164,0,0.843633770942688,0.7203400135040283,-0.12329375743865967,0.31357496976852417,4,1,0.0,0,0,0,0,0,0,0,0,0,0,0,0
data_164,0,0.7820898294448853,0.7919179201126099,0.00982809066772461,0.10825663059949875,7,1,0.14285714285714285,0,0,0,0,0,0,0,0,0,0,0,0
data_164,0,0.6821895837783813,0.688992440700531,0.006802856922149658,0.20615503191947937,3,1,0.2857142857142857,0,0,0,0,0,0,0,0,1,0,0,0
data_164,0,0.8290018439292908,0.5882729291915894,-0.24072891473770142,0.4378806948661804,1,1,0.0,0,0,0,0,0,0,0,0,0,0,0,0
data_164,0,0.5150079727172852,0.6274649500846863,0.11245697736740112,0.0,0,0,0.7142857142857143,0,0,0,0,0,0,0,0,1,0,0,0
data_164,0,0.848182201385498,0.7032748460769653,-0.14490735530853271,0.519117534160614,4,1,0.0,1,1,1,0,0,1,0,0,0,1,1,0
data_164,0,0.7982109189033508,0.760486364364624,-0.03772455453872681,0.31132984161376953,6,1,0.0,0,0,0,0,0,1,0,0,1,1,0,0
data_164,0,0.6688836812973022,0.7099477052688599,0.04106402397155762,0.1979217827320099,5,1,0.2857142857142857,0,0,0,0,0,0,0,0,0,0,0,0
data_164,0,0.7881929874420166,0.7529105544090271,-0.0352824330329895,0.6099337935447693,6,1,0.0,0,0,0,0,0,0,0,0,0,0,0,0
data_165,0,0.9643670916557312,0.764352023601532,-0.20001506805419922,0.4323945641517639,7,1,0.0,0,0,0,0,0,0,0,0,0,0,0,0
data_165,0,0.7764166593551636,0.7119487524032593,-0.0644679069519043,0.4095827639102936,6,1,0.0,0,0,0,0,0,0,0,0,0,0,0,0
data_165,0,0.7905563712120056,0.7178664207458496,-0.072689950466156,0.8085804581642151,3,1,0.0,0,0,0,0,0,0,0,0,0,0,0,0
data_165,0,0.8802704811096191,0.7418859004974365,-0.13838458061218262,0.5198860764503479,8,1,0.0,0,0,0,0,0,0,0,0,1,0,0,0
data_165,0,0.7239236831665039,0.804561197757721,0.08063751459121704,0.09870295971632004,7,1,0.25,0,0,0,0,1,1,0,0,1,1,1,0
data_165,0,0.7350475788116455,0.7488114833831787,0.013763904571533203,0.20408833026885986,3,1,0.08333333333333333,0,0,0,0,0,0,0,0,0,0,0,0
data_165,0,0.8658862709999084,0.831768810749054,-0.03411746025085449,0.21435143053531647,8,1,0.0,0,0,0,0,0,0,0,0,0,0,0,0
data_165,0,0.3475992977619171,0.7800326943397522,0.4324333965778351,0.0,4,0,1.0,0,0,0,0,0,0,0,0,0,0,0,0
data_165,0,0.7965792417526245,0.8128212094306946,0.01624196767807007,0.20268256962299347,10,1,0.08333333333333333,0,0,0,0,1,0,0,0,1,0,0,0
data_165,0,0.7322100400924683,0.771869957447052,0.03965991735458374,0.2873087227344513,4,1,0.16666666666666666,0,0,0,0,0,0,0,0,0,0,0,0
data_165,0,0.47550803422927856,0.7045505046844482,0.22904247045516968,0.0,1,0,0.6666666666666666,0,0,0,0,0,0,0,0,1,0,0,0
data_165,0,0.7227168679237366,0.832675576210022,0.1099587082862854,0.2887212932109833,7,1,0.16666666666666666,0,0,0,0,0,0,0,0,0,0,0,0
data_165,0,0.6300601959228516,0.8096193075180054,0.1795591115951538,0.0,6,0,0.6666666666666666,0,0,0,0,0,0,0,0,0,0,0,0
data_165,0,0.8656209111213684,0.697388231754303,-0.16823267936706543,0.22534365952014923,4,1,0.0,0,0,0,0,0,0,0,0,0,0,0,0
data_165,0,0.6320853233337402,0.6968786120414734,0.06479328870773315,0.09777262806892395,4,0,0.4166666666666667,0,0,0,0,0,0,0,0,0,0,0,0
data_165,1,0.72618168592453,0.8163005709648132,0.0901188850402832,0.0,9,1,0.3333333333333333,0,1,0,0,1,1,1,1,1,1,1,0
data_165,0,0.7227529287338257,0.8268877267837524,0.10413479804992676,0.095698282122612,10,1,0.25,0,0,0,0,0,0,0,0,1,0,0,0
data_165,0,0.7334862947463989,0.7269439697265625,-0.006542325019836426,0.39895468950271606,5,1,0.0,0,0,0,0,0,0,0,0,0,0,0,0
data_165,0,0.8937944769859314,0.5152206420898438,-0.37857383489608765,0.9155434966087341,1,1,0.0,0,0,0,0,0,0,0,0,0,0,0,0
data_165,0,0.9293517470359802,0.7225475907325745,-0.20680415630340576,0.42079371213912964,4,1,0.0,0,0,0,0,0,0,0,0,0,0,0,0
data_165,0,0.7581323385238647,0.6998906135559082,-0.05824172496795654,0.6118844151496887,4,1,0.0,0,0,0,0,0,0,0,0,1,0,0,0
data_165,0,0.7011630535125732,0.6793473362922668,-0.021815717220306396,0.6974843740463257,4,1,0.0,0,0,0,0,0,0,0,0,0,0,0,0
data_165,0,0.7846065759658813,0.7493542432785034,-0.03525233268737793,0.5108779668807983,8,1,0.0,0,0,0,0,0,0,0,0,0,0,0,0
data_165,0,0.802213728427887,0.762053370475769,-0.04016035795211792,0.40219470858573914,5,1,0.0,0,0,0,0,0,0,0,0,0,0,0,0
data_166,0,0.768058717250824,0.7625155448913574,-0.005543172359466553,0.30361852049827576,5,1,0.0,0,0,0,0,0,0,0,0,0,0,0,0
data_166,0,0.6450015902519226,0.6726119518280029,0.027610361576080322,0.39325106143951416,3,0,0.3,0,0,0,0,0,0,0,0,0,0,0,0
data_166,0,0.7623645663261414,0.8277062177658081,0.06534165143966675,0.10464827716350555,7,1,0.1,0,0,0,0,0,0,1,0,1,0,1,0
data_166,0,0.8176553845405579,0.6418834924697876,-0.17577189207077026,0.6256065368652344,1,1,0.0,0,0,0,0,0,0,0,0,0,0,0,0
data_166,0,0.7034746408462524,0.7702996730804443,0.0668250322341919,0.1949247121810913,7,1,0.4,0,0,0,0,0,0,0,0,1,0,0,0
data_166,1,0.6895649433135986,0.8204330205917358,0.1308680772781372,0.1007489264011383,3,1,0.1,0,0,0,0,1,1,1,0,1,1,1,0
data_166,0,0.7206547856330872,0.6841610074043274,-0.036493778228759766,0.49598878622055054,4,1,0.0,0,0,0,0,1,1,0,0,1,0,0,0
data_166,0,0.7330200672149658,0.7312928438186646,-0.0017272233963012695,0.10543673485517502,5,1,0.0,1,1,1,1,1,1,1,1,1,1,1,1
data_166,0,0.8794095516204834,0.8462342619895935,-0.03317528963088989,0.30945923924446106,9,1,0.0,0,0,0,0,0,0,0,0,0,0,0,0
data_166,0,0.8083944916725159,0.6676893830299377,-0.14070510864257812,0.8111938834190369,3,1,0.0,0,0,0,0,0,0,0,0,1,0,0,0
data_166,0,0.6834431886672974,0.6877513527870178,0.004308164119720459,0.4997963309288025,4,1,0.1,0,0,0,0,0,0,0,0,0,0,0,0
data_166,0,0.8482025265693665,0.847862958908081,-0.0003395676612854004,0.5012267231941223,5,1,0.0,0,0,0,0,0,0,0,0,0,0,0,0
data_166,0,0.7646437287330627,0.8120173215866089,0.04737359285354614,0.20122645795345306,8,1,0.2,0,0,0,0,0,0,0,0,0,0,0,0
data_166,1,0.6801908612251282,0.8097511529922485,0.12956029176712036,0.39194199442863464,2,1,0.1,0,1,0,0,1,0,0,0,1,1,1,0
data_166,0,0.7106443047523499,0.7484109997749329,0.03776669502258301,0.09815011918544769,8,1,0.5,0,1,0,0,1,1,0,0,1,1,1,0
data_166,0,0.6627962589263916,0.7372868061065674,0.07449054718017578,0.1944497972726822,4,1,0.3,0,0,0,0,0,0,0,0,0,0,0,0
data_166,0,0.7065458297729492,0.7789778709411621,0.07243204116821289,0.4145491123199463,2,1,0.1,0,0,0,0,0,0,0,0,1,1,0,0
data_166,1,0.6467291712760925,0.7428247332572937,0.09609556198120117,0.19258368015289307,4,0,0.4,1,0,0,0,1,0,0,0,1,1,1,1
data_166,0,0.5918071269989014,0.7131200432777405,0.12131291627883911,0.19970755279064178,1,0,0.1,1,0,0,0,1,1,0,0,1,1,1,0
data_167,0,0.7365638613700867,0.6707277894020081,-0.06583607196807861,0.22471730411052704,4,1,0.0,0,0,0,0,0,0,0,0,0,0,0,0
data_167,0,0.7269700169563293,0.6763224601745605,-0.0506475567817688,0.11798231303691864,3,1,0.0,0,0,0,0,0,0,0,0,0,0,0,0
data_167,0,0.8868460655212402,0.7695322632789612,-0.11731380224227905,0.21485991775989532,8,1,0.0,0,0,0,0,0,0,0,0,0,0,0,0
data_167,0,0.7369220852851868,0.6929537057876587,-0.043968379497528076,0.21023955941200256,2,1,0.0,0,0,0,0,0,0,0,0,0,0,0,0
data_167,0,0.9992734789848328,0.663088858127594,-0.33618462085723877,0.26810967922210693,2,1,0.0,0,0,0,0,0,0,0,0,0,0,0,0
data_167,0,0.8205393552780151,0.6960296034812927,-0.12450975179672241,0.13165675103664398,3,1,0.0,0,0,0,0,0,0,0,0,0,0,0,0
data_167,0,0.9033872485160828,0.6670494675636292,-0.2363377809524536,0.23492813110351562,2,1,0.0,0,0,0,0,0,0,0,0,0,0,0,0
data_167,0,0.687990665435791,0.8263664245605469,0.13837575912475586,0.0,9,1,0.2777777777777778,0,0,0,0,0,0,0,0,1,0,0,0
data_167,0,0.6837761998176575,0.6799851655960083,-0.00379103422164917,0.10446670651435852,5,1,0.0,0,0,1,0,1,1,1,0,1,1,1,1
data_167,0,0.7579150795936584,0.7329593300819397,-0.02495574951171875,0.20078784227371216,7,1,0.0,0,0,0,0,1,0,0,0,1,0,0,0
data_167,0,0.786922037601471,0.7559367418289185,-0.03098529577255249,0.3192870616912842,2,1,0.0,0,0,0,0,0,0,0,0,0,0,0,0
data_167,0,0.9796441793441772,0.5711633563041687,-0.40848082304000854,0.5455467104911804,1,1,0.0,0,0,0,0,0,0,0,0,0,0,0,0
data_167,0,0.9858536720275879,0.7970254421234131,-0.1888282299041748,0.2324591428041458,10,1,0.0,0,0,0,0,0,0,0,0,0,0,0,0
data_167,0,0.8547754287719727,0.7403773069381714,-0.11439812183380127,0.2185249924659729,8,1,0.0,0,0,0,0,0,0,0,0,0,0,0,0
data_167,0,0.8717347383499146,0.751977264881134,-0.11975747346878052,0.3281485140323639,9,1,0.0,0,0,0,0,0,0,0,0,0,0,0,0
data_167,0,0.8733588457107544,0.6952284574508667,-0.1781303882598877,0.5216044187545776,3,1,0.0,0,0,0,0,0,0,0,0,0,0,0,0
data_167,0,0.7616228461265564,0.7069666981697083,-0.054656147956848145,0.20824718475341797,4,1,0.0,0,0,0,0,0,0,0,0,0,1,1,0
data_167,0,0.9499624371528625,0.8146489858627319,-0.13531345129013062,0.12317007035017014,11,1,0.0,0,0,0,0,0,0,0,0,0,0,0,0
data_167,0,0.8564935326576233,0.831823468208313,-0.024670064449310303,0.21910884976387024,10,1,0.0,0,0,0,0,0,0,0,0,0,0,0,0
data_167,0,0.7883255481719971,0.7575103640556335,-0.030815184116363525,0.10895392298698425,9,1,0.0,0,0,0,0,0,0,0,0,0,0,0,0
data_167,0,0.7423038482666016,0.7207984328269958,-0.021505415439605713,0.11015676707029343,6,1,0.0,0,0,0,0,0,0,0,0,1,1,0,0
data_167,0,0.9915010929107666,0.7453891038894653,-0.24611198902130127,0.4250200092792511,5,1,0.0,0,0,0,0,0,0,0,0,0,0,0,0
data_167,0,0.7423400282859802,0.8021882772445679,0.059848248958587646,0.30077552795410156,7,1,0.05555555555555555,0,0,0,0,0,0,0,0,0,0,0,0
data_167,0,0.7670945525169373,0.8224149942398071,0.05532044172286987,0.20188826322555542,5,1,0.1111111111111111,0,0,0,0,0,0,0,0,0,0,0,0
data_167,0,0.8107624053955078,0.6870461702346802,-0.12371623516082764,0.22198930382728577,4,1,0.0,0,0,0,0,0,0,0,0,1,1,0,0
data_167,0,0.5829654335975647,0.6495340466499329,0.06656861305236816,0.09732931852340698,0,0,0.4444444444444444,0,1,0,0,0,1,0,0,1,1,0,0
data_168,0,0.7718634605407715,0.7209392189979553,-0.05092424154281616,0.20854657888412476,4,1,0.0,0,0,0,0,0,0,0,0,1,0,0,0
data_168,0,0.7700207233428955,0.7769603729248047,0.00693964958190918,0.3996436595916748,5,1,0.2222222222222222,0,0,0,0,0,0,0,0,0,0,0,0
data_168,0,0.6745637655258179,0.640032947063446,-0.034530818462371826,0.3041107952594757,1,1,0.0,0,0,0,0,0,0,0,0,1,1,0,0
data_168,1,0.5592032074928284,0.6181395053863525,0.05893629789352417,0.3892571032047272,0,0,0.2222222222222222,1,1,1,1,1,1,1,1,1,1,1,1
data_168,1,0.6837150454521179,0.7801245450973511,0.09640949964523315,0.09613575041294098,6,1,0.5555555555555556,0,0,0,0,1,1,1,0,1,1,1,0
data_168,0,0.7436703443527222,0.7137523889541626,-0.02991795539855957,0.49910855293273926,3,1,0.0,0,0,0,0,0,0,0,0,0,0,0,0
data_168,0,0.8354681134223938,0.5970849990844727,-0.23838311433792114,0.5221929550170898,1,1,0.0,0,0,0,0,0,0,0,0,0,0,0,0
data_168,0,0.6032432913780212,0.6666116118431091,0.06336832046508789,0.589473307132721,1,0,0.2222222222222222,0,0,0,0,0,1,0,0,1,1,0,0
data_168,0,0.5862359404563904,0.6735300421714783,0.08729410171508789,0.2943894565105438,1,0,0.2222222222222222,0,0,0,0,0,0,0,0,0,0,0,0
data_168,0,0.4593251645565033,0.5483359098434448,0.08901074528694153,0.09412965178489685,0,0,0.3333333333333333,0,0,0,0,0,0,0,0,0,0,0,0
data_168,0,0.6408767700195312,0.8523083329200745,0.2114315629005432,0.19344013929367065,2,0,0.2222222222222222,0,0,0,0,1,1,1,1,1,1,1,0
data_168,0,0.727151095867157,0.7155721783638,-0.011578917503356934,0.20717214047908783,4,1,0.0,0,0,0,0,0,0,0,0,0,0,0,0
data_168,0,0.7625826001167297,0.6520153880119324,-0.11056721210479736,0.12222909927368164,2,1,0.0,0,0,0,0,0,0,0,0,0,0,0,0
data_169,0,0.7618786692619324,0.5404479503631592,-0.2214307188987732,0.36868521571159363,1,1,0.0,0,0,0,0,0,0,0,0,0,0,0,0
data_169,0,0.9254331588745117,0.7344599366188049,-0.1909732222557068,0.2461259365081787,2,1,0.0,0,0,0,0,0,0,0,0,0,0,0,0
data_169,0,0.8233111500740051,0.6485505700111389,-0.1747605800628662,0.4408785104751587,1,1,0.0,0,0,0,0,0,0,0,0,0,0,0,0
data_169,0,0.9444068670272827,0.7117467522621155,-0.23266011476516724,0.349648118019104,3,1,0.0,0,0,0,0,0,0,0,0,0,0,0,0
data_169,1,0.5865564346313477,0.6682668328285217,0.08171039819717407,0.20452384650707245,1,0,0.14285714285714285,0,0,0,0,0,0,0,0,1,0,0,0
data_169,0,0.605935275554657,0.7585176825523376,0.15258240699768066,0.0,4,0,0.42857142857142855,0,0,0,0,0,0,0,0,0,0,0,0
data_170,0,0.8483701348304749,0.8716174364089966,0.02324730157852173,0.10845030099153519,13,1,0.05,0,0,0,0,0,0,0,0,1,0,0,0
data_170,0,0.8432232737541199,0.6265024542808533,-0.2167208194732666,0.2501524090766907,1,1,0.0,0,0,0,0,0,0,0,0,0,0,0,0
data_170,0,0.8643363118171692,0.7554965615272522,-0.10883975028991699,0.4154397249221802,10,1,0.0,0,0,0,0,0,0,0,0,0,0,0,0
data_170,0,0.6732630729675293,0.7261423468589783,0.052879273891448975,0.09749475121498108,11,1,0.3,0,0,0,0,0,0,0,0,1,0,0,0
data_170,0,0.6151733994483948,0.6754060387611389,0.06023263931274414,0.10087074339389801,1,0,0.1,0,0,0,0,0,0,0,0,0,0,0,0
data_170,0,0.8045516014099121,0.7988300919532776,-0.0057215094566345215,0.208266481757164,15,1,0.0,0,0,0,0,0,0,0,0,0,0,1,0
data_170,1,0.7572092413902283,0.8313837647438049,0.07417452335357666,0.09566192328929901,14,1,0.3,1,1,1,1,1,1,1,1,1,1,1,1
data_170,0,0.659424901008606,0.7210232019424438,0.06159830093383789,0.09782014787197113,5,1,0.1,0,0,0,0,0,0,0,0,1,1,0,0
data_170,1,0.5266387462615967,0.7188721299171448,0.1922333836555481,0.0,3,0,0.85,1,1,1,1,1,1,1,1,1,1,1,1
data_170,1,0.8191638588905334,0.8613889813423157,0.04222512245178223,0.09958795458078384,15,1,0.2,0,0,0,0,1,1,0,0,1,1,0,0
data_170,0,0.6674791574478149,0.7494961619377136,0.08201700448989868,0.09978652745485306,5,1,0.1,0,0,0,0,0,0,0,0,1,1,0,0
data_170,0,0.7019572257995605,0.7279976010322571,0.026040375232696533,0.3036837577819824,6,1,0.05,0,0,0,0,1,1,1,0,1,1,1,0
data_170,0,0.8622550368309021,0.7495783567428589,-0.11267668008804321,0.42837461829185486,12,1,0.0,0,0,0,0,0,0,0,0,0,0,0,0
data_170,1,0.7595652341842651,0.8162907361984253,0.056725502014160156,0.10359195619821548,11,1,0.05,0,0,0,0,0,0,0,0,0,0,0,0
data_170,0,0.7527315020561218,0.8251343369483948,0.07240283489227295,0.0952531024813652,13,1,0.15,0,0,0,0,0,0,0,0,0,1,0,0
data_170,0,0.569611132144928,0.747811496257782,0.178200364112854,0.0,7,0,0.65,0,0,0,0,1,1,1,0,1,1,1,1
data_171,0,0.7016791105270386,0.7325634956359863,0.030884385108947754,0.7867982983589172,2,1,0.034482758620689655,0,0,0,0,0,0,0,0,1,0,0,0
data_171,0,0.8087708950042725,0.6766594052314758,-0.13211148977279663,0.3220618963241577,4,1,0.0,0,0,0,0,0,0,0,0,0,0,0,0
data_171,0,0.727173924446106,0.6421626210212708,-0.0850113034248352,0.22169020771980286,1,1,0.0,0,0,0,0,0,0,0,0,1,1,1,0
data_171,0,0.6977019906044006,0.6054974794387817,-0.0922045111656189,0.41896966099739075,1,1,0.0,0,1,0,1,1,1,0,1,1,1,1,1
data_171,0,0.8179959654808044,0.7770892977714539,-0.040906667709350586,0.4019485414028168,8,1,0.0,0,0,0,0,0,0,0,0,0,0,0,0
data_171,0,0.760341465473175,0.7792057991027832,0.018864333629608154,0.20141100883483887,10,1,0.06896551724137931,0,0,0,0,0,0,0,0,0,0,0,0
data_171,0,0.6430050134658813,0.46314191818237305,-0.1798630952835083,0.33087965846061707,0,0,0.0,0,0,0,0,0,0,0,0,0,0,0,0
data_171,0,0.5802084803581238,0.6692063808441162,0.08899790048599243,0.1008797436952591,1,0,0.034482758620689655,0,0,0,0,0,0,0,0,1,0,0,0
data_171,0,0.7214440107345581,0.6925815343856812,-0.028862476348876953,0.30649423599243164,6,1,0.0,0,0,0,0,0,0,0,0,0,0,0,0
data_171,0,0.9179374575614929,0.8028563261032104,-0.11508113145828247,0.21745999157428741,7,1,0.0,0,0,0,0,0,0,0,0,0,0,0,0
data_171,0,0.6948306560516357,0.8366239070892334,0.14179325103759766,0.0,12,1,0.20689655172413793,0,0,0,0,0,0,0,0,0,0,0,0
data_171,0,0.6610944867134094,0.7505128383636475,0.08941835165023804,0.0985398143529892,5,1,0.13793103448275862,0,0,0,0,0,0,0,0,0,0,0,0
data_171,0,0.8453721404075623,0.7182884812355042,-0.1270836591720581,0.43182647228240967,3,1,0.0,0,0,0,0,0,0,0,0,0,0,0,0
data_171,0,0.8453012108802795,0.7593396902084351,-0.08596152067184448,0.11949866265058517,3,1,0.0,0,0,0,0,0,0,0,0,0,0,0,0
data_171,0,0.7880573868751526,0.6622592210769653,-0.12579816579818726,0.3382839560508728,2,1,0.0,0,0,0,0,0,0,0,0,0,0,0,0
data_171,0,0.7304366230964661,0.7630190253257751,0.03258240222930908,0.38659948110580444,3,1,0.06896551724137931,0,0,0,0,0,0,0,0,0,0,0,0
data_171,0,0.7707298398017883,0.7328094244003296,-0.03792041540145874,0.21170181035995483,4,1,0.0,0,0,0,0,0,0,0,0,0,0,0,0
data_171,0,0.8972207903862,0.8211272358894348,-0.07609355449676514,0.2208130955696106,4,1,0.0,0,0,0,0,0,0,0,0,0,0,0,0
data_171,0,0.7522907257080078,0.8272181749343872,0.0749274492263794,0.19701936841011047,6,1,0.13793103448275862,0,0,0,0,0,0,0,0,0,0,0,0
data_171,0,0.5581273436546326,0.5969398021697998,0.038812458515167236,0.0,0,0,0.20689655172413793,0,0,0,0,0,1,0,0,1,0,0,0
data_171,0,0.5573647022247314,0.5869218111038208,0.029557108879089355,0.5029831528663635,0,0,0.034482758620689655,0,0,0,0,0,0,0,0,0,0,0,0
data_171,0,0.7233505845069885,0.7065344452857971,-0.016816139221191406,0.3034043312072754,5,1,0.0,0,0,0,0,0,0,0,0,1,0,0,0
data_172,0,0.8633082509040833,0.8065268993377686,-0.0567813515663147,0.3066735863685608,8,1,0.0,0,0,0,0,0,0,0,0,0,0,0,0
data_172,1,0.6157097220420837,0.5845947861671448,-0.031114935874938965,0.10971932113170624,0,0,0.0,0,1,0,0,1,1,0,1,1,1,1,0
data_172,0,0.6960963010787964,0.729947030544281,0.03385072946548462,0.19869782030582428,10,1,0.21428571428571427,0,0,0,0,0,0,0,0,1,0,0,0
data_172,0,0.6618064045906067,0.6793830990791321,0.01757669448852539,0.30618584156036377,2,1,0.07142857142857142,0,0,0,0,0,0,0,0,0,1,0,0
data_172,0,0.5522229671478271,0.6411941647529602,0.08897119760513306,0.0940745621919632,0,0,0.42857142857142855,0,0,0,0,0,0,0,0,1,0,0,0
data_172,0,0.5912182331085205,0.8098666071891785,0.21864837408065796,0.0,6,0,0.6428571428571429,0,1,0,0,0,0,0,0,1,1,1,0
data_172,0,0.5726490020751953,0.672062337398529,0.09941333532333374,0.0,1,0,0.2857142857142857,0,0,0,0,0,0,0,0,0,0,0,0
data_172,0,0.8297801613807678,0.8220544457435608,-0.007725715637207031,0.21107086539268494,5,1,0.0,0,0,0,0,0,0,0,0,0,0,0,0
data_172,0,0.6847083568572998,0.6369632482528687,-0.04774510860443115,0.4145487844944,1,1,0.0,0,0,0,0,0,0,0,0,0,0,0,0
data_172,0,0.697981595993042,0.786243736743927,0.08826214075088501,0.1913517713546753,5,1,0.2857142857142857,0,0,0,0,0,0,0,0,0,0,0,0
data_172,0,0.7416401505470276,0.6663159728050232,-0.0753241777420044,0.32877352833747864,2,1,0.0,0,0,0,0,0,0,0,0,0,0,0,0
data_172,0,0.8066490888595581,0.7321519255638123,-0.07449716329574585,0.41845113039016724,6,1,0.0,0,0,0,0,0,0,0,0,0,0,0,0
data_172,1,0.4836284816265106,0.8100226521492004,0.3263941705226898,0.0,5,0,0.6428571428571429,1,1,1,1,1,1,1,1,1,1,1,1
data_172,1,0.569785475730896,0.7238328456878662,0.15404736995697021,0.19263072311878204,1,0,0.07142857142857142,1,1,1,1,1,1,1,1,1,1,1,1
data_172,0,0.620307207107544,0.7277075052261353,0.10740029811859131,0.0,4,0,0.6428571428571429,0,0,0,0,1,0,0,0,1,1,1,0
data_172,0,0.8093461394309998,0.7941907644271851,-0.015155375003814697,0.10984669625759125,7,1,0.0,0,0,0,0,0,0,0,0,0,0,0,0
data_172,0,0.5833244919776917,0.5992816686630249,0.015957176685333252,0.21307720243930817,0,0,0.07142857142857142,0,0,0,0,0,0,0,0,0,0,0,0
data_172,0,0.6408465504646301,0.7234905362129211,0.08264398574829102,0.19359445571899414,4,0,0.2857142857142857,0,0,0,0,0,0,0,0,0,0,0,0
data_172,0,0.6254204511642456,0.7063808441162109,0.08096039295196533,0.095444455742836,4,0,0.42857142857142855,0,0,0,0,0,0,0,0,1,0,0,0
data_172,0,0.7413171529769897,0.5177661180496216,-0.22355103492736816,0.24241633713245392,1,1,0.0,0,0,0,0,0,0,0,0,0,0,0,0
data_172,0,0.42641645669937134,0.6180889010429382,0.1916724443435669,0.0,0,0,0.6428571428571429,0,0,0,0,0,0,0,0,0,0,0,0
data_172,0,0.7431504130363464,0.75285804271698,0.009707629680633545,0.41543304920196533,3,1,0.07142857142857142,0,0,0,0,0,0,0,0,0,0,0,0
data_172,0,0.6788877844810486,0.6658811569213867,-0.013006627559661865,0.11285805702209473,2,1,0.0,0,0,0,0,0,0,0,0,0,0,0,0
data_172,0,0.5598859786987305,0.6823154091835022,0.12242943048477173,0.0,2,0,0.5714285714285714,0,0,0,0,0,0,0,0,0,0,0,0
data_172,0,0.5768306255340576,0.6220400333404541,0.045209407806396484,0.1948217749595642,0,0,0.21428571428571427,0,0,0,0,0,0,0,0,0,0,0,0
data_172,0,0.7236102223396301,0.6431257724761963,-0.08048444986343384,0.4106844663619995,1,1,0.0,0,0,0,0,0,0,0,0,0,0,0,0
data_172,0,0.5303535461425781,0.600681722164154,0.07032817602157593,0.1948055475950241,0,0,0.14285714285714285,0,0,0,0,0,0,0,0,0,0,0,0
data_173,0,0.7507548332214355,0.8633314371109009,0.11257660388946533,0.09770281612873077,6,1,0.2857142857142857,0,0,0,0,0,0,0,0,0,0,0,0
data_173,0,0.8219879865646362,0.7250809669494629,-0.09690701961517334,0.12006816267967224,5,1,0.0,0,0,0,0,0,0,0,0,0,0,0,0
data_173,0,0.7306838631629944,0.7945085167884827,0.06382465362548828,0.3859434425830841,6,1,0.2857142857142857,0,0,0,0,1,1,0,0,1,1,1,0
data_173,0,0.6966102123260498,0.7267761826515198,0.03016597032546997,0.20532749593257904,3,1,0.2857142857142857,0,0,0,0,0,0,0,0,0,0,0,0
data_173,0,0.7407408952713013,0.8329688310623169,0.09222793579101562,0.19415691494941711,6,1,0.5714285714285714,0,0,0,0,0,0,0,0,0,0,0,0
data_173,0,0.7825258374214172,0.6900436282157898,-0.09248220920562744,0.8089756369590759,3,1,0.0,0,0,0,0,0,0,0,0,0,0,0,0
data_173,0,0.7974869012832642,0.7721289992332458,-0.02535790205001831,0.30784744024276733,6,1,0.0,0,0,0,0,0,0,0,0,0,0,0,0
data_173,1,0.8429749011993408,0.8175032138824463,-0.02547168731689453,0.3131192624568939,5,1,0.0,0,0,0,0,0,1,0,0,1,1,0,0
data_173,0,0.8348038792610168,0.7607848048210144,-0.07401907444000244,0.3127049505710602,6,1,0.0,0,0,0,0,0,0,0,0,0,0,0,0
data_173,0,0.7767444849014282,0.7024029493331909,-0.0743415355682373,0.30910542607307434,3,1,0.0,0,0,0,0,0,0,0,0,0,0,0,0
data_173,0,0.847427487373352,0.773239016532898,-0.0741884708404541,0.31048083305358887,6,1,0.0,0,0,0,0,1,0,0,0,1,0,0,0
data_173,0,0.7943457961082458,0.7453191876411438,-0.04902660846710205,0.3060224652290344,4,1,0.0,0,0,0,0,0,0,0,0,0,0,0,0
data_173,0,0.8008022904396057,0.8561975955963135,0.055395305156707764,0.1042841300368309,7,1,0.2857142857142857,0,0,0,0,0,0,0,0,0,0,0,0
data_173,0,0.7549928426742554,0.7345671057701111,-0.020425736904144287,0.3004368841648102,6,1,0.0,0,0,0,0,0,0,0,0,0,0,0,0
data_173,0,0.7357309460639954,0.7797430157661438,0.04401206970214844,0.19725032150745392,7,1,0.42857142857142855,0,0,1,0,1,1,1,1,1,1,1,1
data_173,0,0.6366550922393799,0.809169590473175,0.17251449823379517,0.0,6,0,0.8571428571428571,0,0,0,0,0,0,0,0,1,0,1,0
data_173,0,0.7996858358383179,0.7897897362709045,-0.00989609956741333,0.21132369339466095,7,1,0.0,0,0,0,0,0,0,0,0,0,0,0,0
data_173,0,0.7367722988128662,0.7279114723205566,-0.00886082649230957,0.40095990896224976,6,1,0.0,0,0,0,0,0,0,0,0,1,0,0,0
data_173,1,0.6947364211082458,0.7109310626983643,0.016194641590118408,0.2055252492427826,4,1,0.14285714285714285,0,0,0,0,0,1,0,0,1,1,1,0
data_173,0,0.6597276329994202,0.6792196035385132,0.019491970539093018,0.30000749230384827,2,1,0.14285714285714285,0,0,0,0,0,0,0,0,0,0,0,0
data_173,0,0.8532577157020569,0.7467097640037537,-0.10654795169830322,0.31713250279426575,4,1,0.0,0,0,0,0,0,0,0,0,0,0,0,0
data_173,0,0.8696388602256775,0.7354275584220886,-0.13421130180358887,0.5109017491340637,3,1,0.0,0,0,0,0,0,0,0,0,1,0,0,0
data_173,1,0.7395002245903015,0.6931236982345581,-0.04637652635574341,0.596855878829956,3,1,0.0,1,0,1,0,1,1,0,0,1,1,1,0
data_173,0,0.8319405913352966,0.7642115354537964,-0.06772905588150024,0.5139647722244263,7,1,0.0,0,0,0,0,0,0,0,0,1,0,0,0
data_174,0,0.7452744841575623,0.7079773545265198,-0.03729712963104248,0.3181200921535492,4,1,0.0,0,0,0,0,0,0,0,0,0,0,0,0
data_174,0,0.6367011666297913,0.6561366319656372,0.019435465335845947,0.39491549134254456,2,0,0.6,0,0,0,0,0,0,0,0,1,1,1,0
data_174,0,0.8935651183128357,0.7176654934883118,-0.17589962482452393,0.21997369825839996,6,1,0.0,0,0,0,0,0,0,0,0,0,0,0,0
data_174,0,0.9159646034240723,0.7370522618293762,-0.17891234159469604,0.7153720259666443,3,1,0.0,0,0,0,0,0,0,0,0,0,1,0,0
data_174,0,0.5636430382728577,0.4944259524345398,-0.06921708583831787,0.8106390833854675,0,0,0.0,0,1,0,0,1,1,0,0,1,1,0,0
data_174,0,0.5876701474189758,0.4888869822025299,-0.09878316521644592,0.9049350619316101,0,0,0.0,0,0,0,0,0,1,0,0,0,1,0,0
data_174,0,0.6346772313117981,0.6101205945014954,-0.024556636810302734,0.6073998808860779,0,0,0.0,0,0,0,0,0,0,0,0,1,0,0,0
data_174,0,0.7586991786956787,0.6698266267776489,-0.08887255191802979,0.7133852243423462,2,1,0.0,0,0,0,1,0,1,0,1,0,1,1,0
data_174,0,0.6381117105484009,0.6979451179504395,0.059833407402038574,0.20416931807994843,1,0,0.2,0,0,0,0,0,0,0,0,1,0,0,0
data_174,0,0.8239286541938782,0.7461132407188416,-0.07781541347503662,0.40925776958465576,2,1,0.0,1,1,0,0,1,1,0,0,1,1,0,0
data_174,0,0.6688302755355835,0.5857932567596436,-0.08303701877593994,0.6142390370368958,1,1,0.0,0,0,0,0,0,0,0,0,1,1,1,0
data_174,0,0.6687588691711426,0.737412691116333,0.06865382194519043,0.19949062168598175,5,1,0.4,0,0,0,0,0,0,0,0,0,0,0,0
data_174,0,0.6571305990219116,0.7192560434341431,0.062125444412231445,0.2947291433811188,3,1,0.2,1,1,0,0,1,1,0,0,1,1,1,0
data_174,0,0.6935508847236633,0.553784966468811,-0.1397659182548523,0.33113470673561096,1,1,0.0,0,0,1,0,1,1,1,0,1,1,0,0
data_175,0,0.78642338514328,0.7375702261924744,-0.048853158950805664,0.6132235527038574,3,1,0.0,0,1,1,0,0,1,1,0,1,1,1,0
data_175,0,0.7441324591636658,0.5933627486228943,-0.15076971054077148,0.46859511733055115,1,1,0.0,0,0,0,0,0,0,0,0,0,0,0,0
data_175,0,0.6660634875297546,0.6203906536102295,-0.045672833919525146,0.7044907212257385,1,1,0.0,0,0,0,0,1,1,1,0,1,1,1,0
data_175,0,0.8175370693206787,0.5332188010215759,-0.2843182682991028,1.0,1,1,0.0,0,0,0,0,0,0,0,0,0,0,0,0
data_175,1,0.5727838277816772,0.6800497174263,0.1072658896446228,0.09269838780164719,1,0,0.75,1,1,1,1,1,1,1,1,1,1,1,1
data_175,0,0.837856113910675,0.7152777314186096,-0.12257838249206543,0.5148812532424927,2,1,0.0,1,1,1,1,1,1,1,1,1,1,1,1
data_175,0,0.6159942746162415,0.6168704032897949,0.0008761286735534668,0.3994549512863159,0,0,0.25,0,0,0,0,1,1,1,0,1,1,1,0
data_175,0,0.8868932723999023,0.7488953471183777,-0.13799792528152466,0.4266684353351593,3,1,0.0,0,0,0,0,0,0,0,0,0,0,0,0
data_175,0,0.6407929062843323,0.5957635641098022,-0.04502934217453003,0.31956297159194946,0,0,0.0,0,0,0,0,0,0,0,0,1,0,0,0
data_175,0,0.7761275768280029,0.7231605648994446,-0.05296701192855835,0.597568929195404,2,1,0.0,0,0,0,0,0,0,0,0,0,1,0,0
data_175,0,0.48758190870285034,0.7221844792366028,0.23460257053375244,0.0,3,0,1.0,0,0,0,0,0,0,0,0,1,1,1,0
data_175,0,0.5283136367797852,0.7054117321968079,0.1770980954170227,0.0,1,0,1.0,0,0,1,0,1,1,1,0,1,1,1,0
data_176,0,0.6552131175994873,0.7397933006286621,0.0845801830291748,0.20679883658885956,2,1,0.125,0,0,0,0,0,0,0,0,0,0,0,0
data_176,0,0.7504313588142395,0.7825027108192444,0.03207135200500488,0.29839712381362915,8,1,0.375,0,0,0,0,0,0,0,0,1,0,0,0
data_176,0,0.6825072765350342,0.4787232577800751,-0.2037840187549591,0.2350912243127823,1,1,0.0,0,0,0,0,0,0,0,0,1,0,0,0
data_176,0,0.7544267177581787,0.796282947063446,0.041856229305267334,0.19846579432487488,9,1,0.5,0,0,0,0,0,1,0,0,1,1,0,0
data_176,0,0.7785716652870178,0.6320372223854065,-0.14653444290161133,0.43050840497016907,1,1,0.0,0,0,0,0,0,0,0,0,0,0,0,0
data_176,0,0.8023749589920044,0.5776537656784058,-0.22472119331359863,0.4322686195373535,1,1,0.0,0,0,0,0,0,0,0,0,0,0,0,0
data_176,0,0.7894808053970337,0.6323907375335693,-0.15709006786346436,0.2446441501379013,1,1,0.0,0,0,0,0,0,0,0,0,0,0,0,0
data_176,0,0.8613743185997009,0.8061435222625732,-0.055230796337127686,0.21013307571411133,9,1,0.0,0,0,0,0,0,0,0,0,0,0,0,0
data_176,0,0.8032514452934265,0.8492579460144043,0.04600650072097778,0.10284721106290817,8,1,0.375,0,0,0,0,0,0,0,0,0,0,0,0
data_176,0,0.7706630229949951,0.8076372742652893,0.03697425127029419,0.19754426181316376,9,1,0.5,0,0,0,0,0,0,0,0,0,0,0,0
data_176,0,0.7062454223632812,0.6779261231422424,-0.02831929922103882,0.40862423181533813,2,1,0.0,0,0,0,0,0,0,0,0,0,0,0,0
data_176,1,0.7589966058731079,0.7492967844009399,-0.009699821472167969,0.10325775295495987,9,1,0.0,1,1,1,1,1,1,1,1,1,1,1,1
data_176,1,0.6165159940719604,0.678409218788147,0.06189322471618652,0.19917228817939758,1,0,0.25,1,1,1,1,1,1,1,1,1,1,1,1
data_176,0,0.7305192947387695,0.7037181854248047,-0.026801109313964844,0.4016006886959076,5,1,0.0,0,0,0,0,0,0,0,0,0,0,0,0
data_176,0,0.7011032700538635,0.6419771909713745,-0.059126079082489014,0.21182192862033844,1,1,0.0,0,0,0,0,0,0,0,0,0,0,0,0
data_176,0,0.8030557036399841,0.8018487095832825,-0.0012069940567016602,0.2978484332561493,9,1,0.0,0,0,0,0,0,0,0,0,0,0,0,0
data_176,0,0.6490066051483154,0.7369494438171387,0.08794283866882324,0.19671756029129028,3,0,0.375,0,0,1,0,0,0,0,0,0,0,0,0
data_176,0,0.7147945165634155,0.7142510414123535,-0.0005434751510620117,0.3087647557258606,3,1,0.0,0,1,0,0,0,1,0,0,1,1,1,0
data_176,0,0.884962260723114,0.7373269200325012,-0.1476353406906128,0.3346811830997467,2,1,0.0,0,0,0,0,0,0,0,0,0,0,0,0
data_176,0,0.7113506197929382,0.8184565305709839,0.10710591077804565,0.09445913136005402,7,1,0.75,0,0,0,0,0,0,0,0,0,0,0,0
data_176,0,0.4724508225917816,0.6360019445419312,0.16355112195014954,0.0,0,0,0.75,0,0,0,0,1,0,0,0,0,0,0,0
data_176,0,0.6619987487792969,0.6766685843467712,0.014669835567474365,0.49941107630729675,3,1,0.125,0,0,0,0,0,0,0,0,0,0,0,0
data_176,0,0.8614153861999512,0.7519665360450745,-0.10944885015487671,0.21693682670593262,9,1,0.0,0,0,0,0,0,0,0,0,0,0,0,0
data_176,0,0.7669625282287598,0.807574450969696,0.04061192274093628,0.19716347754001617,9,1,0.375,0,0,0,0,0,0,0,0,1,0,0,0
data_177,0,0.6220532059669495,0.8586007952690125,0.236547589302063,0.09291551262140274,3,0,0.16666666666666666,0,0,0,0,0,0,0,0,0,0,0,0
data_177,0,0.5238964557647705,0.6811416745185852,0.1572452187538147,0.0,2,0,0.16666666666666666,0,0,0,0,0,0,0,0,0,0,0,0
data_177,1,0.6609700322151184,0.7702566981315613,0.10928666591644287,0.29340484738349915,2,1,0.05555555555555555,1,1,1,1,1,1,1,1,1,1,1,1
data_177,0,0.8110589385032654,0.620821475982666,-0.19023746252059937,0.3432706594467163,1,1,0.0,0,0,0,0,0,0,0,0,0,0,0,0
data_177,0,0.677664577960968,0.5993982553482056,-0.07826632261276245,0.899459958076477,1,1,0.0,0,1,0,0,1,1,0,0,1,1,1,0
data_177,0,0.6820830702781677,0.6864226460456848,0.00433957576751709,0.21084849536418915,2,1,0.05555555555555555,0,0,0,0,0,0,0,0,0,0,0,0
data_177,1,0.508516252040863,0.7030982971191406,0.1945820450782776,0.0,3,0,0.6666666666666666,1,1,1,1,1,1,1,1,1,1,1,1
data_177,1,0.4272351861000061,0.826085090637207,0.3988499045372009,0.0,2,0,0.5555555555555556,1,1,1,1,1,1,1,1,1,1,1,1
data_177,0,0.6380398869514465,0.6123753190040588,-0.025664567947387695,0.3159101903438568,0,0,0.0,0,0,0,0,1,0,0,0,0,1,0,0
data_177,0,0.6901117563247681,0.6350757479667664,-0.05503600835800171,0.31564244627952576,1,1,0.0,0,0,0,0,0,0,0,0,1,0,0,0
data_177,0,0.6900581121444702,0.6168617606163025,-0.07319635152816772,0.1408548504114151,1,1,0.0,0,0,0,0,0,0,0,0,1,0,0,0
data_178,0,0.7374917268753052,0.6684837937355042,-0.06900793313980103,0.31649017333984375,2,1,0.0,0,0,0,0,1,1,0,0,1,1,0,0
data_178,0,0.8079805970191956,0.6595249772071838,-0.14845561981201172,0.22345981001853943,2,1,0.0,0,0,0,0,0,0,0,0,0,0,0,0
data_178,0,0.9682807922363281,0.7087080478668213,-0.25957274436950684,0.33620867133140564,2,1,0.0,0,0,0,0,0,0,0,0,0,0,0,0
data_178,0,0.8575692772865295,0.668148934841156,-0.18942034244537354,0.2286144196987152,2,1,0.0,0,0,0,0,0,0,0,0,0,0,0,0
data_178,0,0.853691577911377,0.641838788986206,-0.2118527889251709,0.13777494430541992,1,1,0.0,0,0,0,0,0,0,0,0,0,0,0,0
data_178,0,0.7605522274971008,0.6711335182189941,-0.08941870927810669,0.23011983931064606,3,1,0.0,0,0,0,0,0,0,0,0,0,0,0,0
data_178,0,0.7979296445846558,0.6360055208206177,-0.16192412376403809,0.13668426871299744,1,1,0.0,0,0,0,0,0,0,0,0,0,0,0,0
data_178,1,0.36522194743156433,0.7100933790206909,0.3448714315891266,0.0,1,0,0.8333333333333334,1,1,1,1,1,1,1,1,1,1,1,1
data_178,1,0.5452456474304199,0.7053415775299072,0.1600959300994873,0.0,4,0,0.5,1,0,0,0,1,0,0,0,1,1,1,0
data_178,0,0.7401092648506165,0.7042126059532166,-0.0358966588973999,0.323064923286438,2,1,0.0,0,0,0,0,0,0,0,0,0,0,0,0
data_178,1,0.6808298230171204,0.6928257942199707,0.011995971202850342,0.310617595911026,3,1,0.05555555555555555,1,0,0,0,1,0,0,0,1,1,0,0
data_178,0,0.8775742053985596,0.642912745475769,-0.23466145992279053,0.4396023452281952,1,1,0.0,0,0,0,0,0,0,0,0,0,0,0,0
data_178,0,0.8150988817214966,0.9419615864753723,0.12686270475387573,0.28669822216033936,10,1,0.16666666666666666,0,0,0,0,0,0,0,0,0,0,0,0
data_178,0,0.7557327151298523,0.7583511471748352,0.00261843204498291,0.41540080308914185,3,1,0.05555555555555555,0,0,0,0,0,0,0,0,0,0,0,0
data_178,0,0.776854932308197,0.8082945346832275,0.03143960237503052,0.5988006591796875,4,1,0.05555555555555555,0,0,0,0,0,0,0,0,1,0,0,0
data_178,0,0.6874057650566101,0.669198215007782,-0.018207550048828125,0.7974664568901062,2,1,0.0,0,0,0,0,1,0,0,0,1,0,0,0
data_178,0,0.8466866612434387,0.6783967018127441,-0.16828995943069458,0.21565723419189453,4,1,0.0,0,0,0,0,0,0,0,0,1,0,0,0
data_178,0,0.6269590854644775,0.6617836952209473,0.03482460975646973,0.19728274643421173,1,0,0.05555555555555555,0,0,0,0,0,0,0,0,1,0,0,0
data_178,0,0.8811761736869812,0.8765042424201965,-0.004671931266784668,0.11048910021781921,8,1,0.0,0,0,0,0,0,0,0,0,0,0,0,0
data_178,0,0.4692726135253906,0.6585057377815247,0.18923312425613403,0.0,1,0,0.6111111111111112,0,0,0,0,0,0,0,0,0,0,0,0
data_179,0,0.9786933064460754,0.5723116993904114,-0.40638160705566406,0.7347303628921509,1,1,0.0,0,0,0,0,0,0,0,0,0,0,0,0
data_179,0,0.9327244162559509,0.6440526247024536,-0.2886717915534973,0.4533492624759674,1,1,0.0,0,0,0,0,0,0,0,0,0,0,0,0
data_179,0,0.6706859469413757,0.7099515795707703,0.03926563262939453,0.19752821326255798,3,1,0.16666666666666666,0,0,0,0,0,0,0,1,0,1,0,0
data_179,0,0.8754176497459412,0.7146556973457336,-0.16076195240020752,0.710913360118866,3,1,0.0,0,0,0,0,0,0,0,0,0,0,0,0
data_179,0,0.7110567688941956,0.733489453792572,0.022432684898376465,0.4936196804046631,4,1,0.16666666666666666,0,0,0,0,0,0,0,0,0,0,0,0
data_179,0,0.7316029667854309,0.6998602747917175,-0.03174269199371338,0.32128655910491943,3,1,0.0,0,0,0,0,1,0,0,0,1,1,0,0
data_179,0,0.8870463967323303,0.6862163543701172,-0.20083004236221313,0.8141317367553711,3,1,0.0,0,0,0,0,0,0,0,0,0,0,0,0
data_179,0,0.8050447106361389,0.6977466344833374,-0.10729807615280151,0.6302264928817749,2,1,0.0,0,0,0,0,0,0,0,0,0,0,0,0
data_179,0,0.7915485501289368,0.6869080662727356,-0.10464048385620117,0.5231912136077881,2,1,0.0,0,0,0,0,0,0,0,0,0,0,0,0
data_179,0,0.8751350045204163,0.6396737098693848,-0.2354612946510315,0.6356484293937683,1,1,0.0,0,0,0,0,0,0,0,0,1,1,0,0
data_179,0,0.6129917502403259,0.6166616082191467,0.0036698579788208008,0.10527428239583969,0,0,0.16666666666666666,0,0,0,0,0,0,0,0,0,0,0,0
data_179,0,0.7522723078727722,0.6118637919425964,-0.14040851593017578,0.32497286796569824,1,1,0.0,0,0,0,0,0,0,0,0,1,0,0,0
data_179,0,0.8077734112739563,0.6450806856155396,-0.16269272565841675,0.3294111490249634,1,1,0.0,0,0,0,0,0,0,0,0,0,1,0,0
data_179,0,0.8476525545120239,0.7664663791656494,-0.08118617534637451,0.615725576877594,3,1,0.0,0,0,0,0,0,0,0,0,0,0,0,0
data_179,0,0.7187761068344116,0.6704424023628235,-0.048333704471588135,0.41249656677246094,2,1,0.0,0,0,0,0,0,0,0,0,0,0,0,0
data_179,0,0.8867265582084656,0.640493631362915,-0.24623292684555054,1.0,1,1,0.0,0,0,0,0,0,0,0,0,0,0,0,0
data_179,0,0.7632525563240051,0.7970004677772522,0.03374791145324707,0.30716776847839355,4,1,0.16666666666666666,0,0,0,0,0,0,0,0,0,0,0,0
data_179,0,0.8687610030174255,0.7117890119552612,-0.1569719910621643,0.3376050293445587,3,1,0.0,0,0,0,0,0,0,0,0,0,0,0,0
data_180,0,0.9355063438415527,0.6227449774742126,-0.3127613663673401,0.33425962924957275,1,1,0.0,0,0,0,0,0,0,0,0,0,0,0,0
data_180,0,0.6621701121330261,0.6970710158348083,0.03490090370178223,0.29770979285240173,3,1,0.08333333333333333,0,0,0,0,0,0,0,0,1,0,0,0
data_180,0,0.780650794506073,0.7721401453018188,-0.00851064920425415,0.3343861699104309,2,1,0.0,0,0,0,0,0,1,0,0,0,1,0,0
data_180,0,0.6707964539527893,0.6510327458381653,-0.019763708114624023,0.10589327663183212,3,1,0.0,0,0,0,0,0,0,0,0,0,0,0,0
data_180,1,0.6754928827285767,0.6772856116294861,0.0017927289009094238,0.3020349442958832,4,1,0.08333333333333333,1,1,1,0,1,1,0,0,1,1,1,1
data_180,0,0.6491795778274536,0.7169655561447144,0.06778597831726074,0.09808734804391861,3,0,0.25,0,0,0,0,0,0,0,0,1,1,1,1
data_180,0,0.7613892555236816,0.8838729858398438,0.12248373031616211,0.29671207070350647,3,1,0.08333333333333333,0,0,0,0,0,0,0,0,1,1,0,0
data_180,0,0.724571704864502,0.7300707697868347,0.005499064922332764,0.39543014764785767,5,1,0.08333333333333333,0,0,0,0,0,1,0,0,1,1,0,0
data_180,0,0.7086483240127563,0.7960439324378967,0.08739560842514038,0.39289239048957825,3,1,0.08333333333333333,0,0,0,0,0,0,0,0,1,1,0,0
data_181,0,0.9655476212501526,0.7543995976448059,-0.21114802360534668,0.32532045245170593,6,1,0.0,0,0,0,0,0,0,0,0,0,0,0,0
data_181,0,0.7245067954063416,0.7604928016662598,0.03598600625991821,0.10397420823574066,7,1,0.16666666666666666,0,0,0,0,0,0,0,0,0,0,0,0
data_181,0,0.8721316456794739,0.7637243270874023,-0.10840731859207153,0.7178033590316772,6,1,0.0,0,0,0,0,0,0,0,0,0,0,0,0
data_181,0,0.7883906960487366,0.7499565482139587,-0.03843414783477783,0.5054532885551453,5,1,0.0,0,0,0,0,0,0,0,0,1,0,0,0
data_181,0,0.777767539024353,0.7940548658370972,0.01628732681274414,0.2987897992134094,6,1,0.3333333333333333,0,0,0,0,0,0,0,0,0,0,0,0
data_181,0,0.8816215395927429,0.8589183688163757,-0.022703170776367188,0.2216660976409912,6,1,0.0,0,0,0,0,0,0,0,0,0,0,0,0
data_181,0,0.7386208772659302,0.6463996171951294,-0.09222126007080078,0.21403160691261292,1,1,0.0,0,0,0,0,1,0,0,0,1,0,1,0
data_181,0,0.7924468517303467,0.7786740660667419,-0.013772785663604736,0.4048064947128296,5,1,0.0,0,0,0,0,0,0,0,0,0,0,0,0
data_181,0,0.692114531993866,0.838709831237793,0.146595299243927,0.0,6,1,0.6666666666666666,0,0,0,0,0,0,0,0,0,0,0,0
data_181,0,0.7497487664222717,0.7735097408294678,0.023760974407196045,0.20028331875801086,7,1,0.16666666666666666,0,0,0,0,0,0,0,0,1,0,0,0
data_181,0,0.7719017267227173,0.7177878618240356,-0.05411386489868164,0.20781375467777252,3,1,0.0,0,0,0,0,0,0,0,0,1,0,0,0
data_181,0,0.6182409524917603,0.607772946357727,-0.010468006134033203,0.4019436538219452,0,0,0.0,0,0,0,0,0,0,0,0,0,0,0,0
data_181,0,0.7385175824165344,0.8582863211631775,0.11976873874664307,0.19441474974155426,6,1,0.5,0,0,0,0,0,0,0,0,0,0,0,0
data_181,0,0.7395241856575012,0.8134306073188782,0.07390642166137695,0.10369277000427246,5,1,0.16666666666666666,0,0,0,0,0,0,0,0,0,0,0,0
data_181,0,0.7962239384651184,0.8192743062973022,0.023050367832183838,0.4985046982765198,6,1,0.16666666666666666,0,0,0,0,0,0,0,0,0,0,0,0
data_181,0,0.7661011815071106,0.726234495639801,-0.03986668586730957,0.7012946009635925,4,1,0.0,0,0,0,0,1,0,0,0,1,0,0,0
data_181,0,0.7929835319519043,0.6869491338729858,-0.10603439807891846,0.6101832389831543,2,1,0.0,0,0,0,0,0,0,0,0,0,0,0,0
data_181,0,0.8051424622535706,0.7526360154151917,-0.052506446838378906,0.6097731590270996,6,1,0.0,0,0,0,0,0,0,0,0,0,0,0,0
data_181,0,0.8161811232566833,0.772604763507843,-0.04357635974884033,0.31082338094711304,6,1,0.0,0,0,0,0,0,0,0,0,0,0,0,0
data_181,0,0.6836920976638794,0.8439096212387085,0.1602175235748291,0.0,7,1,0.8333333333333334,0,0,0,0,1,0,0,0,1,0,0,0
data_181,0,0.6446749567985535,0.7882409691810608,0.14356601238250732,0.0,4,0,0.6666666666666666,0,0,0,0,1,1,1,0,1,1,1,0
data_181,0,0.6996967792510986,0.8650622367858887,0.16536545753479004,0.0,7,1,0.8333333333333334,0,0,0,0,0,1,0,0,1,1,0,0
data_181,0,0.7921773791313171,0.7837995886802673,-0.008377790451049805,0.41480985283851624,4,1,0.0,0,0,0,0,0,0,0,0,0,0,0,0
data_181,0,0.6430976986885071,0.7398848533630371,0.09678715467453003,0.39898681640625,1,0,0.16666666666666666,0,0,0,0,0,0,0,0,0,0,0,0
data_181,0,0.7039031386375427,0.5820521116256714,-0.12185102701187134,0.8162655830383301,1,1,0.0,0,0,0,0,0,0,0,0,1,0,0,0
data_181,0,0.7454249858856201,0.8545415997505188,0.10911661386489868,0.0,7,1,0.6666666666666666,0,0,0,0,0,0,0,0,0,1,0,0
data_182,0,0.7358295917510986,0.7891398668289185,0.053310275077819824,0.09845814853906631,11,1,0.25,0,0,0,0,0,0,0,0,0,0,0,0
data_182,0,0.8414222002029419,0.5978325605392456,-0.2435896396636963,0.4377734661102295,1,1,0.0,0,0,0,0,0,0,0,0,0,0,0,0
data_182,0,0.7430666089057922,0.7885335683822632,0.04546695947647095,0.21909795701503754,3,1,0.0625,0,0,0,0,0,0,0,0,0,0,0,0
data_182,0,0.695097804069519,0.615544319152832,-0.07955348491668701,0.6141243577003479,1,1,0.0,0,0,0,0,0,0,0,0,0,0,0,0
data_182,1,0.6088561415672302,0.6703914999961853,0.06153535842895508,0.10019029676914215,1,0,0.125,1,0,0,1,0,0,0,0,1,1,1,1
data_182,0,0.8403763771057129,0.7706047892570496,-0.06977158784866333,0.41573068499565125,9,1,0.0,0,0,0,0,0,0,0,0,0,0,0,0
data_182,0,0.6604249477386475,0.6748058199882507,0.014380872249603271,0.30004915595054626,4,1,0.125,0,0,0,0,0,0,0,0,0,0,0,0
data_182,0,0.7669994235038757,0.5968806743621826,-0.17011874914169312,0.26038241386413574,1,1,0.0,1,1,0,1,1,1,1,0,1,1,1,1
data_182,0,0.6564694046974182,0.7048206329345703,0.0483512282371521,0.1006997600197792,3,1,0.125,0,0,0,0,0,0,0,0,0,0,0,0
data_182,0,0.5907829403877258,0.8148043751716614,0.22402143478393555,0.0,8,0,0.75,0,0,0,0,0,0,0,0,1,0,0,0
data_182,0,0.8801254630088806,0.7385864853858948,-0.14153897762298584,0.32773494720458984,3,1,0.0,0,0,0,0,0,0,0,0,0,0,0,0
data_182,0,0.8429702520370483,0.7320618629455566,-0.1109083890914917,0.3147420585155487,6,1,0.0,0,0,0,0,0,0,0,0,0,0,0,0
data_182,0,0.6366568803787231,0.6598701477050781,0.02321326732635498,0.1994587779045105,1,0,0.0625,0,0,0,0,0,0,0,0,0,0,0,0
data_182,0,0.7243428826332092,0.7025099992752075,-0.02183288335800171,0.2097303718328476,6,1,0.0,0,0,0,0,0,0,0,0,0,0,0,0
data_182,0,0.8003086447715759,0.6238433122634888,-0.17646533250808716,0.330028772354126,1,1,0.0,0,0,0,0,0,0,0,0,1,0,0,0
data_182,0,0.8344911336898804,0.7163090705871582,-0.11818206310272217,0.2192210704088211,8,1,0.0,0,0,0,0,0,0,0,0,1,1,1,0
data_182,0,0.845238447189331,0.6479822397232056,-0.1972562074661255,0.5253537893295288,1,1,0.0,0,0,0,0,0,0,0,0,0,0,0,0
data_182,0,0.5405747890472412,0.8408766984939575,0.3003019094467163,0.0941128209233284,1,0,0.1875,0,0,0,0,0,0,0,0,1,0,0,0
data_183,0,0.7341351509094238,0.8541657328605652,0.12003058195114136,0.09389907866716385,7,1,0.14814814814814814,0,0,0,0,1,1,0,0,1,1,0,0
data_183,0,0.6674116849899292,0.7425609827041626,0.0751492977142334,0.0,6,1,0.18518518518518517,0,0,0,0,0,0,0,0,0,0,0,0
data_183,0,0.7566529512405396,0.7545727491378784,-0.002080202102661133,0.10928668081760406,8,1,0.0,0,0,0,0,1,0,0,0,1,1,0,0
data_183,1,0.585776686668396,0.6162716150283813,0.03049492835998535,0.10108514875173569,0,0,0.07407407407407407,1,1,0,0,1,1,0,0,1,1,0,0
data_183,0,0.7010608911514282,0.6691316962242126,-0.031929194927215576,0.7094879150390625,2,1,0.0,0,0,0,0,0,0,0,0,0,0,0,0
data_183,0,0.732666015625,0.6545448303222656,-0.07812118530273438,0.5136045813560486,2,1,0.0,0,0,0,0,0,1,0,0,0,1,0,0
data_183,1,0.6620854139328003,0.6076815724372864,-0.054403841495513916,0.5117893218994141,1,1,0.0,1,1,0,0,1,1,1,0,1,1,1,0
data_183,0,0.8079615831375122,0.6955939531326294,-0.11236763000488281,0.3179660439491272,3,1,0.0,0,0,0,0,0,0,0,0,0,0,0,0
data_183,0,0.8075200915336609,0.7409507036209106,-0.06656938791275024,0.3093586266040802,5,1,0.0,0,0,0,0,0,0,0,0,1,0,0,0
data_183,1,0.7938194870948792,0.632428765296936,-0.16139072179794312,0.5215536952018738,1,1,0.0,0,0,0,0,0,0,0,0,0,0,0,0
data_183,1,0.5648072361946106,0.7710174322128296,0.206210196018219,0.0,15,0,0.7037037037037037,1,1,1,1,1,1,1,1,1,1,1,1
data_183,0,0.763427734375,0.7762579321861267,0.012830197811126709,0.3061184883117676,7,1,0.037037037037037035,0,0,0,0,1,0,0,0,1,0,0,0
data_183,0,0.6590781807899475,0.7002167105674744,0.041138529777526855,0.6855230927467346,3,1,0.037037037037037035,0,0,0,0,0,0,0,0,0,0,0,0
data_184,0,0.7894282341003418,0.7654929161071777,-0.023935317993164062,0.10871100425720215,8,1,0.0,0,0,0,0,1,1,0,0,1,1,1,0
data_184,0,0.7954283356666565,0.7425379157066345,-0.05289041996002197,0.5096679329872131,9,1,0.0,0,0,0,0,0,0,0,0,0,0,0,0
data_184,0,0.70210862159729,0.736862063407898,0.03475344181060791,0.1992451399564743,5,1,0.16666666666666666,0,0,1,0,1,0,0,0,1,0,0,0
data_184,0,0.7062975764274597,0.765671968460083,0.05937439203262329,0.09807109087705612,10,1,0.4166666666666667,0,0,0,0,1,1,0,0,1,1,1,0
data_184,0,0.6681442260742188,0.7796533703804016,0.11150914430618286,0.18866120278835297,5,1,0.25,0,0,0,0,0,0,0,0,0,0,0,0
data_184,1,0.7865577936172485,0.7599327564239502,-0.02662503719329834,0.2187289446592331,7,1,0.0,1,0,0,0,1,1,0,0,1,1,1,0
data_184,0,0.620232105255127,0.609746515750885,-0.010485589504241943,0.5038266777992249,0,0,0.0,0,0,0,0,0,0,0,0,1,0,0,0
data_184,0,0.8343632817268372,0.8268150091171265,-0.007548272609710693,0.20666518807411194,12,1,0.0,0,0,0,0,0,0,0,0,1,0,1,0
data_184,0,0.9943752884864807,0.6911129951477051,-0.30326229333877563,0.43413373827934265,6,1,0.0,0,0,0,0,0,0,0,0,0,0,0,0
data_184,0,0.8897417187690735,0.7020792961120605,-0.18766242265701294,0.33016350865364075,9,1,0.0,0,0,0,0,0,0,0,0,0,0,0,0
data_184,1,0.8111070394515991,0.7698709964752197,-0.041236042976379395,0.10793831944465637,10,1,0.0,0,0,0,0,0,0,0,0,1,1,1,0
data_184,0,0.7815051674842834,0.7299078106880188,-0.05159735679626465,0.21701417863368988,6,1,0.0,0,0,0,0,0,0,0,0,0,0,0,0
data_184,1,0.7286340594291687,0.7816024422645569,0.052968382835388184,0.09965415298938751,11,1,0.25,1,0,0,0,1,1,0,0,1,1,1,0
data_184,0,0.7227839231491089,0.7714658975601196,0.04868197441101074,0.39842700958251953,7,1,0.16666666666666666,0,0,0,0,0,0,0,0,1,0,0,0
data_184,0,0.8792452216148376,0.7118842005729675,-0.16736102104187012,0.22064107656478882,8,1,0.0,0,0,0,0,0,0,0,0,1,0,0,0
data_184,0,0.8652942180633545,0.6882473826408386,-0.17704683542251587,0.7180363535881042,6,1,0.0,0,0,0,0,0,0,0,0,0,0,0,0
data_184,0,0.6903833746910095,0.7176818251609802,0.027298450469970703,0.1980322301387787,9,1,0.16666666666666666,0,0,0,0,1,0,0,0,1,0,0,0
data_184,0,0.8123531937599182,0.783662736415863,-0.028690457344055176,0.3031266927719116,12,1,0.0,0,0,0,0,0,0,0,0,1,0,1,0
data_185,0,0.7633930444717407,0.7102319598197937,-0.05316108465194702,0.4083995521068573,3,1,0.0,0,0,0,0,0,0,0,0,1,0,0,0
data_185,0,0.7274726033210754,0.6559299230575562,-0.07154268026351929,0.5134323835372925,2,1,0.0,0,0,0,0,0,0,0,0,0,1,0,0
data_185,1,0.678583562374115,0.791382372379303,0.11279881000518799,0.10240328311920166,4,1,0.1111111111111111,1,1,0,1,1,1,1,1,1,1,1,1
data_185,1,0.6730580925941467,0.7128583788871765,0.039800286293029785,0.1969139575958252,4,1,0.2222222222222222,1,1,1,1,1,1,1,1,1,1,1,1
data_185,0,0.6806572675704956,0.722833514213562,0.042176246643066406,0.10034529864788055,3,1,0.2222222222222222,0,0,0,0,1,0,0,0,1,0,1,0
data_185,0,0.5777058601379395,0.8102479577064514,0.23254209756851196,0.09759863466024399,1,0,0.1111111111111111,0,0,0,0,0,0,0,0,1,0,0,0
data_185,0,0.6249527335166931,0.7578203678131104,0.13286763429641724,0.0,6,0,0.7777777777777778,0,0,0,0,1,0,0,0,1,1,1,0
data_185,0,0.6773433089256287,0.745358943939209,0.06801563501358032,0.19394296407699585,5,1,0.3333333333333333,0,0,0,0,0,0,0,0,0,0,0,0
data_185,0,0.5126035809516907,0.7396771907806396,0.22707360982894897,0.0,2,0,0.6666666666666666,0,0,0,0,0,0,0,0,1,0,0,0
data_185,0,0.8375371098518372,0.6366695761680603,-0.20086753368377686,0.5281159281730652,1,1,0.0,0,0,0,0,0,0,0,0,0,0,0,0
data_185,0,0.6982027292251587,0.7256678938865662,0.02746516466140747,0.10459249466657639,5,1,0.1111111111111111,0,0,0,0,0,0,0,0,1,0,0,0
data_185,1,0.47219517827033997,0.6358358263969421,0.16364064812660217,0.0,0,0,0.7777777777777778,1,1,0,0,1,1,1,0,1,1,1,0
data_185,1,0.5585633516311646,0.9000679850578308,0.34150463342666626,0.0,4,0,0.7777777777777778,1,1,0,0,1,1,0,0,1,1,1,0
data_185,0,0.7262687683105469,0.8902438282966614,0.1639750599861145,0.1010010689496994,6,1,0.1111111111111111,0,0,0,0,0,0,0,0,1,1,0,0
data_185,0,0.7607150077819824,0.6284421682357788,-0.1322728395462036,0.3217654824256897,1,1,0.0,0,0,0,0,0,0,0,0,0,0,0,0
data_185,0,0.7501535415649414,0.7368921637535095,-0.013261377811431885,0.3016722798347473,7,1,0.0,0,0,0,0,0,0,0,0,0,0,0,0
data_185,0,0.5998599529266357,0.817862868309021,0.21800291538238525,0.0,3,0,0.8888888888888888,0,0,0,0,0,0,0,0,0,0,0,0
data_185,0,0.737890362739563,0.5706393718719482,-0.16725099086761475,0.4305820167064667,1,1,0.0,0,0,0,0,0,0,0,0,0,0,0,0
data_185,0,0.6371390223503113,0.702259361743927,0.06512033939361572,0.0,4,0,0.4444444444444444,0,0,0,0,0,1,0,0,1,1,0,0
data_185,0,0.7960013151168823,0.7628737092018127,-0.03312760591506958,0.40770432353019714,7,1,0.0,0,0,0,0,0,0,0,0,1,0,0,0
data_185,0,0.7123150825500488,0.7702085375785828,0.057893455028533936,0.0,7,1,0.5555555555555556,0,0,0,0,1,0,0,0,1,1,1,0
data_186,0,0.7660689353942871,0.6031049489974976,-0.16296398639678955,0.4392595589160919,1,1,0.0,0,0,0,0,0,0,0,0,0,0,0,0
data_186,0,0.8318175673484802,0.6708964705467224,-0.1609210968017578,0.43268081545829773,3,1,0.0,0,0,0,0,0,0,0,0,0,0,0,0
data_186,0,0.6890800595283508,0.6153400540351868,-0.07374000549316406,0.6006523370742798,1,1,0.0,0,0,0,0,0,0,0,0,0,0,0,0
data_186,0,0.7303147912025452,0.7195462584495544,-0.010768532752990723,0.40315088629722595,5,1,0.0,0,0,0,0,0,0,0,0,1,0,0,0
data_186,0,0.9324339032173157,0.5832378268241882,-0.34919607639312744,0.5392112731933594,1,1,0.0,0,0,0,0,0,0,0,0,0,0,0,0
data_186,0,0.7831947207450867,0.7481921315193176,-0.03500258922576904,0.49743175506591797,5,1,0.0,0,0,0,0,0,0,0,0,0,0,0,0
data_186,0,0.7971442937850952,0.6580277681350708,-0.13911652565002441,0.8085589408874512,2,1,0.0,0,0,0,0,0,0,0,0,1,0,0,0
data_186,0,0.8156728148460388,0.6187886595726013,-0.1968841552734375,0.535500705242157,1,1,0.0,0,0,0,0,0,0,0,0,0,0,0,0
data_186,0,0.854304850101471,0.7789350748062134,-0.07536977529525757,0.21212366223335266,6,1,0.0,0,0,0,0,1,0,0,0,1,0,1,0
data_186,0,0.6319355964660645,0.6264832019805908,-0.005452394485473633,0.6024135947227478,0,0,0.0,0,0,0,0,1,0,0,0,1,0,0,0
data_186,0,0.7048409581184387,0.7261314988136292,0.02129054069519043,0.19987185299396515,5,1,0.2857142857142857,0,0,0,0,0,0,0,0,0,0,0,0
data_186,0,0.899420440196991,0.7487866878509521,-0.15063375234603882,0.33364009857177734,2,1,0.0,0,0,0,0,0,0,0,0,0,0,0,0
data_186,0,0.9301046133041382,0.6912689208984375,-0.23883569240570068,0.43584010004997253,5,1,0.0,0,0,0,0,0,0,0,0,0,0,0,0
data_186,0,0.6706165671348572,0.7168158292770386,0.046199262142181396,0.09734834730625153,4,1,0.42857142857142855,0,0,0,0,0,0,0,0,1,0,0,0
data_186,0,0.713165819644928,0.6880943775177002,-0.025071442127227783,0.3076166808605194,6,1,0.0,0,0,0,0,0,0,0,0,1,0,0,0
data_186,0,0.6886389255523682,0.8025573492050171,0.11391842365264893,0.0,8,1,0.7142857142857143,0,0,0,0,0,0,0,0,0,0,0,0
data_186,0,0.7357777953147888,0.7561182379722595,0.020340442657470703,0.2999137043952942,4,1,0.14285714285714285,0,0,0,0,0,0,0,0,0,0,0,0
data_186,0,0.7960608005523682,0.7893624305725098,-0.0066983699798583984,0.2048269361257553,7,1,0.0,0,0,0,0,0,0,0,0,1,0,0,0
data_186,0,0.8463977575302124,0.6541060209274292,-0.1922917366027832,0.6274471879005432,2,1,0.0,0,0,0,0,0,0,0,0,0,0,0,0
data_186,0,0.8841122388839722,0.828532338142395,-0.05557990074157715,0.5949626564979553,3,1,0.0,0,0,0,0,0,0,0,0,0,0,0,0
data_186,0,0.7400586009025574,0.689615786075592,-0.05044281482696533,0.6073150038719177,3,1,0.0,0,0,0,0,0,0,0,0,0,0,0,0
data_186,0,0.6314787864685059,0.644285261631012,0.012806475162506104,0.3015596866607666,0,0,0.2857142857142857,0,0,0,0,0,0,0,0,1,0,0,0
data_186,0,0.6518254280090332,0.6488804817199707,-0.0029449462890625,0.20245997607707977,1,1,0.0,0,0,0,0,1,0,0,0,1,1,1,0
data_186,0,0.7868273258209229,0.7715268135070801,-0.015300512313842773,0.20373515784740448,6,1,0.0,0,0,0,0,0,0,0,0,0,0,0,0
data_187,0,0.7721073627471924,0.8490459322929382,0.07693856954574585,0.09969184547662735,12,1,0.16666666666666666,0,0,0,0,0,0,0,0,1,0,0,0
data_187,0,0.6887876391410828,0.6581487655639648,-0.03063887357711792,0.21039651334285736,2,1,0.0,0,0,0,0,0,0,0,0,0,0,0,0
data_187,0,0.7716382145881653,0.7085214853286743,-0.06311672925949097,0.11168871819972992,6,1,0.0,0,0,0,0,0,0,0,0,0,0,0,0
data_187,0,0.79824298620224,0.6952179074287415,-0.10302507877349854,0.1186647117137909,4,1,0.0,0,0,0,0,0,0,0,0,0,0,0,0
data_187,0,0.7421252727508545,0.7904102802276611,0.04828500747680664,0.09975990653038025,11,1,0.1111111111111111,0,0,0,0,0,0,0,0,0,0,0,0
data_187,0,0.7482481002807617,0.8679417967796326,0.11969369649887085,0.10417795926332474,7,1,0.1111111111111111,0,1,0,0,0,0,0,0,0,0,0,0
data_187,0,0.6541313529014587,0.6543022990226746,0.0001709461212158203,0.1040777713060379,2,1,0.05555555555555555,0,0,0,0,0,0,0,0,1,0,0,0
data_187,0,0.7519944310188293,0.735780656337738,-0.01621377468109131,0.39736852049827576,5,1,0.0,0,0,0,0,0,0,0,0,0,0,0,0
data_187,0,0.8405283093452454,0.7379294037818909,-0.10259890556335449,0.5258241295814514,4,1,0.0,0,0,0,0,0,0,0,0,0,0,0,0
data_188,0,0.7901631593704224,0.6681187748908997,-0.1220443844795227,0.5326436161994934,2,1,0.0,0,0,0,0,0,0,0,0,0,0,0,0
data_188,0,0.8132144808769226,0.8923037052154541,0.0790892243385315,0.39314597845077515,7,1,0.125,0,0,0,0,0,0,0,0,1,1,1,0
data_188,1,0.7799401879310608,0.8434882164001465,0.0635480284690857,0.19537986814975739,7,1,0.375,1,1,1,1,1,1,1,1,1,1,1,1
data_188,0,0.7848638296127319,0.8854852914810181,0.10062146186828613,0.1912858933210373,9,1,0.375,0,0,0,0,0,0,0,0,0,0,0,0
data_188,0,0.8696050643920898,0.852638304233551,-0.01696676015853882,0.30320459604263306,8,1,0.0,0,0,0,0,0,0,0,0,0,0,0,0
data_188,0,0.8206542134284973,0.9201924204826355,0.09953820705413818,0.10007733851671219,9,1,0.25,0,1,0,0,1,1,0,0,1,1,0,1
data_188,0,0.7802147269248962,0.7468549013137817,-0.0333598256111145,0.4006774127483368,8,1,0.0,0,0,0,0,0,0,0,0,0,0,0,0
data_188,0,0.7761379480361938,0.7605072855949402,-0.015630662441253662,0.41632863879203796,7,1,0.0,0,0,0,0,0,0,0,0,0,0,0,0
data_189,0,0.881370484828949,0.6505025029182434,-0.23086798191070557,0.9054995775222778,2,1,0.0,0,0,0,0,0,0,0,0,0,0,0,0
data_189,0,0.8769960999488831,0.7452628016471863,-0.13173329830169678,0.8994001746177673,3,1,0.0,0,0,0,0,0,0,0,0,0,1,0,0
data_189,0,0.9419530034065247,0.5233286023139954,-0.4186244010925293,1.0,1,1,0.0,0,0,0,0,0,0,0,0,0,0,0,0
data_189,0,0.5915254950523376,0.5732659697532654,-0.018259525299072266,0.4038655161857605,0,0,0.0,0,1,0,0,1,1,1,1,1,1,1,1
data_189,1,0.7914333939552307,0.7544724345207214,-0.03696095943450928,0.5043269991874695,4,1,0.0,1,1,1,1,1,1,1,1,1,1,1,1
data_189,0,0.7851961851119995,0.6946043968200684,-0.09059178829193115,0.8091830015182495,3,1,0.0,0,0,0,0,0,0,0,0,1,0,0,0
data_189,0,0.8388597369194031,0.6954555511474609,-0.14340418577194214,0.4138956069946289,4,1,0.0,0,0,0,0,0,0,0,0,0,0,0,0
data_189,0,0.8251449465751648,0.7474818229675293,-0.0776631236076355,0.8051578998565674,5,1,0.0,0,0,0,0,0,0,0,0,1,0,0,0
data_189,0,0.7599664330482483,0.5818024277687073,-0.17816400527954102,0.9061300158500671,1,1,0.0,0,0,0,0,0,0,0,0,0,0,0,0
data_189,0,0.7634010910987854,0.7105122208595276,-0.05288887023925781,0.5094793438911438,4,1,0.0,0,0,0,0,0,0,0,0,0,0,0,0
data_189,0,0.854312002658844,0.7122471928596497,-0.14206480979919434,0.7056878805160522,2,1,0.0,0,0,0,0,0,0,0,0,0,0,0,0
data_189,0,0.7475723028182983,0.7329856753349304,-0.01458662748336792,0.10669911652803421,5,1,0.0,0,0,0,0,0,0,0,0,1,0,0,0
data_189,0,0.8108056783676147,0.647469699382782,-0.16333597898483276,0.5090408325195312,1,1,0.0,0,0,0,0,0,0,0,0,0,0,0,0
data_189,0,0.7003898024559021,0.704934298992157,0.004544496536254883,0.31568101048469543,3,1,0.25,0,0,0,0,1,0,0,0,1,1,1,0
data_189,0,0.765327513217926,0.7208073139190674,-0.04452019929885864,0.6956835389137268,2,1,0.0,0,0,0,0,0,0,0,0,0,0,0,0
data_190,0,0.6332675218582153,0.7301936149597168,0.09692609310150146,0.09364091604948044,5,0,0.5,0,1,1,0,0,1,0,0,1,1,0,0
data_190,0,0.6941790580749512,0.7236751317977905,0.029496073722839355,0.2063993364572525,2,1,0.08333333333333333,0,0,0,0,0,0,0,0,0,0,0,0
data_190,0,0.9623545408248901,0.7168305516242981,-0.24552398920059204,0.23560258746147156,3,1,0.0,0,0,0,0,0,0,0,0,0,0,0,0
data_190,0,0.9307522177696228,0.6796523928642273,-0.2510998249053955,0.14832651615142822,2,1,0.0,0,0,0,0,0,0,0,0,0,0,0,0
data_190,0,0.6813363432884216,0.6878554821014404,0.006519138813018799,0.30911943316459656,2,1,0.08333333333333333,0,0,0,0,0,0,0,0,0,0,0,0
data_190,0,0.747925877571106,0.7953415513038635,0.04741567373275757,0.49643129110336304,6,1,0.16666666666666666,0,0,0,0,0,0,0,0,1,0,0,0
data_190,0,0.7412492036819458,0.7193111777305603,-0.021938025951385498,0.2152668684720993,5,1,0.0,0,0,0,0,0,0,0,0,1,0,0,0
data_190,0,0.7880799770355225,0.7088788747787476,-0.0792011022567749,0.5239360332489014,2,1,0.0,0,0,0,0,0,0,0,0,1,0,0,0
data_190,0,0.9265074133872986,0.697058379650116,-0.22944903373718262,0.7137714624404907,2,1,0.0,0,0,0,0,0,0,0,0,0,0,0,0
data_190,0,0.6339592933654785,0.6947965621948242,0.0608372688293457,0.29685381054878235,2,0,0.16666666666666666,0,0,0,0,0,1,0,0,0,1,0,0
data_190,0,0.8033621311187744,0.788858950138092,-0.014503180980682373,0.21366772055625916,5,1,0.0,0,0,0,0,0,0,0,0,0,0,0,0
data_190,0,0.6724469065666199,0.6424549221992493,-0.029991984367370605,0.4074355661869049,1,1,0.0,0,0,0,0,0,0,0,0,0,0,0,0
data_190,0,0.7788867950439453,0.691735565662384,-0.08715122938156128,0.31937333941459656,7,1,0.0,0,0,0,0,0,0,0,0,0,0,0,0
data_190,0,0.7420211434364319,0.7393408417701721,-0.0026803016662597656,0.20864152908325195,6,1,0.0,0,0,0,0,0,0,0,0,1,0,0,0
data_190,0,0.7176490426063538,0.747949481010437,0.030300438404083252,0.4045089781284332,4,1,0.08333333333333333,0,0,0,0,0,0,0,0,0,0,0,0
data_190,0,0.5868497490882874,0.7038201093673706,0.11697036027908325,0.0,3,0,0.4166666666666667,0,1,1,1,1,1,1,1,1,1,1,1
data_190,0,0.7570106387138367,0.6588813662528992,-0.0981292724609375,0.22861060500144958,3,1,0.0,0,0,0,0,0,0,0,0,1,0,0,0
data_190,0,0.8513758778572083,0.6798445582389832,-0.1715313196182251,0.33119067549705505,5,1,0.0,0,0,0,0,0,0,0,0,0,0,0,0
data_190,0,0.7745400071144104,0.6998666524887085,-0.0746733546257019,0.6911381483078003,2,1,0.0,0,0,0,0,0,0,0,0,0,0,0,0
data_190,0,0.7020324468612671,0.7147160172462463,0.012683570384979248,0.20171692967414856,3,1,0.08333333333333333,0,0,0,0,0,0,0,0,0,0,0,0
data_190,0,0.6862326264381409,0.7490226030349731,0.06278997659683228,0.10557852685451508,3,1,0.08333333333333333,0,0,0,0,0,0,0,0,0,0,0,0
data_190,0,0.7786862850189209,0.8624935150146484,0.08380722999572754,0.19885124266147614,7,1,0.16666666666666666,0,0,0,0,0,0,0,0,0,0,0,0
data_190,1,0.5842918753623962,0.6070995926856995,0.022807717323303223,0.30668723583221436,0,0,0.08333333333333333,0,0,0,0,0,0,0,0,0,0,0,0
data_190,0,0.6614744663238525,0.7405222654342651,0.0790477991104126,0.3792949616909027,3,1,0.16666666666666666,0,0,0,0,0,0,0,0,0,0,0,0
data_190,0,0.7822855710983276,0.6879391074180603,-0.09434646368026733,0.7141165733337402,5,1,0.0,0,0,0,0,0,0,0,0,0,0,0,0
data_190,0,0.7206619381904602,0.4471914768218994,-0.2734704613685608,0.8350797891616821,1,1,0.0,0,0,0,0,0,0,0,0,0,0,0,0
data_190,0,0.7679104804992676,0.7422851920127869,-0.025625288486480713,0.5159823894500732,2,1,0.0,0,0,0,0,0,0,0,0,0,0,0,0
data_191,0,0.8938012719154358,0.7880564332008362,-0.10574483871459961,0.2119234949350357,6,1,0.0,0,0,0,0,0,0,0,0,0,0,0,0
data_191,0,0.8308068513870239,0.7045395374298096,-0.12626731395721436,0.6312189102172852,2,1,0.0,0,0,0,0,0,0,0,0,0,0,0,0
data_191,0,0.8138995170593262,0.7784808874130249,-0.03541862964630127,0.30819565057754517,7,1,0.0,0,0,0,0,0,0,0,0,0,0,0,0
data_191,0,0.9044546484947205,0.7993004322052002,-0.10515421628952026,0.31729015707969666,6,1,0.0,0,0,0,0,0,0,0,0,0,0,0,0
data_191,0,0.8758132457733154,0.7290003299713135,-0.14681291580200195,0.5294300317764282,2,1,0.0,0,0,0,0,0,0,0,0,0,1,0,0
data_191,0,0.7899671196937561,0.6162035465240479,-0.17376357316970825,0.6380849480628967,1,1,0.0,0,0,0,0,0,0,0,0,1,0,0,0
data_191,0,0.7125900983810425,0.6438738107681274,-0.06871628761291504,0.5968614220619202,1,1,0.0,0,1,0,0,0,1,0,0,1,1,1,0
data_191,0,0.6577068567276001,0.6600434184074402,0.002336561679840088,0.20427203178405762,2,1,0.1,0,1,0,0,0,1,0,0,1,1,0,0
data_191,0,0.9077145457267761,0.7980355620384216,-0.10967898368835449,0.22140222787857056,7,1,0.0,0,0,0,0,0,0,0,0,0,0,0,0
data_191,0,0.7741216421127319,0.7402163147926331,-0.03390532732009888,0.4138987958431244,5,1,0.0,0,0,0,0,0,0,0,0,1,0,0,0
data_191,0,0.7865771055221558,0.711107075214386,-0.07547003030776978,0.7028740644454956,3,1,0.0,0,0,0,0,0,0,0,0,0,0,0,0
data_191,1,0.7202627062797546,0.6724862456321716,-0.04777646064758301,0.504737913608551,2,1,0.0,0,1,0,0,1,1,1,0,1,1,1,0
data_191,0,0.8568574786186218,0.6947530508041382,-0.16210442781448364,0.6222134828567505,3,1,0.0,0,0,0,0,0,0,0,0,0,0,0,0
data_191,0,0.7418768405914307,0.7255046367645264,-0.016372203826904297,0.7051615118980408,2,1,0.0,0,0,0,0,0,0,0,0,0,1,0,0
data_191,1,0.9052393436431885,0.6167247891426086,-0.28851455450057983,0.2452874332666397,1,1,0.0,0,0,0,0,1,1,0,0,1,1,1,0
data_191,0,0.9037975072860718,0.7307830452919006,-0.17301446199417114,0.5155082941055298,2,1,0.0,0,0,0,0,0,0,0,0,0,0,0,0
data_191,1,0.6724728345870972,0.597564160823822,-0.07490867376327515,0.6253186464309692,1,1,0.0,1,1,1,1,1,1,1,1,1,1,1,1
data_191,0,0.7236140966415405,0.6489982008934021,-0.07461589574813843,0.7041012644767761,1,1,0.0,0,0,0,0,0,0,0,0,0,0,0,0
data_192,0,0.9330126643180847,0.604286789894104,-0.3287258744239807,0.9139360785484314,1,1,0.0,0,0,0,0,0,0,0,0,0,0,0,0
data_192,0,0.8748707175254822,0.49484288692474365,-0.3800278306007385,1.0,1,1,0.0,0,0,0,0,0,0,0,0,0,0,0,0
data_192,0,0.8183846473693848,0.5934618711471558,-0.224922776222229,0.817069411277771,1,1,0.0,0,0,0,0,0,0,0,0,0,0,0,0
data_192,0,0.8034760355949402,0.5784050822257996,-0.22507095336914062,0.6360573172569275,1,1,0.0,0,0,0,0,0,0,0,0,0,0,0,0
data_192,0,0.8132494688034058,0.6234394907951355,-0.18980997800827026,0.5274034738540649,1,1,0.0,0,0,0,0,0,0,0,0,0,0,0,0
data_192,0,0.659242570400238,0.6936666965484619,0.03442412614822388,0.10007165372371674,4,1,0.4,0,0,0,0,0,0,0,0,0,0,0,0
data_192,0,0.9052491188049316,0.6638858914375305,-0.24136322736740112,0.4575584828853607,2,1,0.0,0,0,0,0,0,0,0,0,0,0,0,0
data_192,0,0.716025710105896,0.6250734925270081,-0.09095221757888794,0.6183038353919983,1,1,0.0,0,0,0,0,0,0,0,0,0,0,0,0
data_192,0,0.729266345500946,0.7824004292488098,0.05313408374786377,0.3000025451183319,4,1,0.4,0,0,0,0,0,0,0,0,0,0,0,0
data_192,0,0.805069625377655,0.6333879232406616,-0.1716817021369934,0.6200859546661377,1,1,0.0,0,0,0,0,0,0,0,0,0,0,0,0
data_192,0,0.7851176261901855,0.6204087734222412,-0.16470885276794434,0.41669851541519165,1,1,0.0,0,0,0,0,0,0,0,0,0,0,0,0
data_192,0,0.7223525047302246,0.6358672380447388,-0.08648526668548584,0.4258003830909729,1,1,0.0,0,0,0,0,0,0,0,0,0,0,0,0
data_192,0,0.9240502715110779,0.6705957055091858,-0.2534545660018921,0.6250798106193542,2,1,0.0,0,0,0,0,0,0,0,0,0,0,0,0
data_192,1,0.7919564247131348,0.6916014552116394,-0.10035496950149536,0.6997377872467041,3,1,0.0,0,0,0,0,0,0,0,0,1,0,0,0
data_192,0,0.695829451084137,0.683616042137146,-0.012213408946990967,0.20523087680339813,3,1,0.0,0,0,0,0,0,0,0,0,1,0,0,0
data_192,0,0.6873573064804077,0.6606883406639099,-0.026668965816497803,0.41555672883987427,2,1,0.0,0,0,0,0,0,1,0,0,1,1,0,0
data_192,0,0.796789824962616,0.6728057265281677,-0.12398409843444824,0.6217233538627625,3,1,0.0,0,0,0,0,0,0,0,0,0,0,0,0
data_192,0,0.6745567917823792,0.7274449467658997,0.05288815498352051,0.5005537867546082,2,1,0.2,0,0,0,0,0,0,0,0,1,0,0,0
data_192,1,0.8193628191947937,0.7282885313034058,-0.09107428789138794,0.31355762481689453,3,1,0.0,0,0,0,0,1,0,0,0,1,1,0,0
data_192,0,0.5668850541114807,0.6685131192207336,0.10162806510925293,0.2906941771507263,1,0,0.8,0,0,0,0,0,0,0,0,1,1,0,0
data_193,0,0.5648354291915894,1.0000001192092896,0.4351646900177002,0.0,7,0,1.0,0,0,0,0,0,0,0,0,0,0,0,0
data_193,0,0.5381378531455994,0.8729910850524902,0.33485323190689087,0.0,2,0,0.9166666666666666,0,0,0,0,0,0,0,0,0,0,0,0
data_193,0,0.799365222454071,0.6971884369850159,-0.10217678546905518,0.8087946176528931,3,1,0.0,0,0,0,0,0,0,0,0,0,0,0,0
data_193,0,0.7537202835083008,0.8454050421714783,0.09168475866317749,0.1937289834022522,8,1,0.25,0,0,0,0,0,0,0,0,0,0,0,0
data_193,0,0.6989082098007202,0.59737229347229,-0.10153591632843018,0.23647759854793549,1,1,0.0,0,0,0,0,0,0,0,0,0,0,0,0
data_193,0,0.67842698097229,0.7869006991386414,0.10847371816635132,0.096406951546669,7,1,0.4166666666666667,0,0,0,0,0,0,0,0,0,0,0,0
data_193,0,0.6924408674240112,0.6459504961967468,-0.046490371227264404,0.21403983235359192,1,1,0.0,0,0,0,0,0,0,0,0,0,0,0,0
data_193,1,0.6547590494155884,0.7758238911628723,0.12106484174728394,0.09333149343729019,5,1,0.3333333333333333,1,1,1,0,0,1,1,0,1,1,1,0
data_193,1,0.5406091213226318,0.7519757747650146,0.2113666534423828,0.0,7,0,0.9166666666666666,0,0,0,1,1,1,0,0,1,1,1,1
data_193,0,0.7925742864608765,0.8269508481025696,0.034376561641693115,0.3988986015319824,3,1,0.08333333333333333,0,0,0,0,0,0,0,0,0,0,0,0
data_193,0,0.7035398483276367,0.6749729514122009,-0.02856689691543579,0.4085374176502228,3,1,0.0,0,0,0,0,0,1,0,0,1,1,0,0
data_193,0,0.783503532409668,0.7192405462265015,-0.0642629861831665,0.20739538967609406,6,1,0.0,0,0,0,0,0,0,0,0,0,0,0,0
data_193,0,0.7125547528266907,0.699590265750885,-0.012964487075805664,0.6926550269126892,2,1,0.0,0,0,0,0,1,0,0,0,1,1,0,0
data_193,0,0.7125514149665833,0.6856599450111389,-0.026891469955444336,0.10734257102012634,3,1,0.0,1,0,0,0,1,1,1,0,1,1,1,0
data_193,0,0.7482990026473999,0.7706405520439148,0.022341549396514893,0.10903588682413101,3,1,0.08333333333333333,0,0,0,0,0,0,0,0,0,0,0,0
data_193,0,0.6222788095474243,0.7223879098892212,0.10010910034179688,0.0,5,0,0.6666666666666666,0,0,0,0,0,0,0,0,1,1,1,0
data_193,1,0.564555287361145,0.7277194261550903,0.1631641387939453,0.0,3,0,0.5833333333333334,0,0,0,0,0,0,0,0,1,0,1,0
data_193,0,0.7415169477462769,0.7273181080818176,-0.014198839664459229,0.4039638340473175,2,1,0.0,0,0,0,0,0,0,0,1,1,0,0,0
data_193,0,0.5759643316268921,0.5812251567840576,0.005260825157165527,0.3008989989757538,0,0,0.08333333333333333,0,0,0,0,0,1,0,0,0,1,0,0
data_194,0,0.7933430075645447,0.6989563703536987,-0.09438663721084595,0.21198323369026184,5,1,0.0,0,0,0,0,0,0,0,0,0,0,0,0
data_194,0,0.8534230589866638,0.6338967680931091,-0.2195262908935547,0.23506876826286316,1,1,0.0,0,0,0,0,0,0,0,0,0,0,0,0
data_194,0,0.8066152930259705,0.6701690554618835,-0.13644623756408691,0.411090224981308,2,1,0.0,0,0,0,0,0,0,0,0,0,0,0,0
data_194,0,0.7162869572639465,0.6339825987815857,-0.08230435848236084,0.21243546903133392,1,1,0.0,0,0,0,0,0,0,0,0,0,0,0,0
data_194,0,0.7769981026649475,0.7254548072814941,-0.05154329538345337,0.703295111656189,3,1,0.0,0,0,0,0,0,0,0,0,0,0,0,0
data_194,0,0.5655232667922974,0.6084818243980408,0.04295855760574341,0.5957123041152954,0,0,0.125,0,0,0,0,0,0,0,0,0,0,0,0
data_194,0,0.753250241279602,0.7849213480949402,0.031671106815338135,0.4946925640106201,7,1,0.25,0,0,0,0,1,0,0,0,1,0,1,0
data_194,0,0.8403352499008179,0.7817779779434204,-0.05855727195739746,0.31095364689826965,6,1,0.0,0,0,0,0,0,0,0,0,0,0,0,0
data_194,0,0.8030949234962463,0.6585853099822998,-0.14450961351394653,0.22132129967212677,2,1,0.0,0,0,0,0,0,0,0,0,1,0,0,0
data_194,1,0.6604157090187073,0.7528020143508911,0.09238630533218384,0.2924535274505615,5,1,0.375,0,1,1,1,0,1,0,0,1,1,1,1
data_194,0,0.8033183813095093,0.6885244250297546,-0.11479395627975464,0.12293605506420135,3,1,0.0,0,1,0,0,0,1,0,0,0,1,1,0
data_194,0,0.8903459906578064,0.8196296095848083,-0.07071638107299805,0.11502774804830551,7,1,0.0,0,0,0,0,0,0,0,0,0,0,0,0
data_194,0,0.8112919926643372,0.8273277878761292,0.016035795211791992,0.11658506095409393,5,1,0.125,0,0,0,0,0,0,0,0,0,0,0,0
data_194,0,0.7510828375816345,0.7875609993934631,0.03647816181182861,0.4015171527862549,3,1,0.125,0,0,0,0,0,0,0,0,1,0,0,0
data_194,0,0.8070374727249146,0.619054913520813,-0.18798255920410156,0.5283790826797485,1,1,0.0,0,0,0,0,0,0,0,0,0,0,0,0
data_194,0,0.7368112206459045,0.5312901735305786,-0.20552104711532593,0.9123372435569763,1,1,0.0,0,0,0,0,0,0,0,0,0,0,0,0
data_194,0,0.6887423992156982,0.5817588567733765,-0.10698354244232178,0.8128153085708618,1,1,0.0,0,0,0,0,0,0,0,0,0,0,0,0
data_194,0,0.7383534908294678,0.6960515379905701,-0.042301952838897705,0.5111908912658691,3,1,0.0,0,0,0,0,0,0,0,0,0,0,0,0
data_194,0,0.743095338344574,0.7833513021469116,0.040255963802337646,0.19957825541496277,7,1,0.25,0,0,0,0,1,1,0,0,1,1,0,0
data_194,0,0.7042116522789001,0.7522366642951965,0.04802501201629639,0.19791929423809052,6,1,0.375,0,0,0,0,0,1,0,0,1,1,0,0
data_194,0,0.8100813627243042,0.6201539039611816,-0.18992745876312256,0.33365827798843384,1,1,0.0,0,0,0,0,1,1,0,0,1,1,1,0
data_195,0,0.8599886894226074,0.8047308921813965,-0.05525779724121094,0.3910106122493744,4,1,0.0,0,0,0,0,0,0,0,0,0,0,0,0
data_195,0,0.8107417821884155,0.6258813142776489,-0.1848604679107666,0.5340014696121216,1,1,0.0,0,1,1,1,1,1,1,0,1,1,1,1
data_195,0,0.6957913041114807,0.7572399377822876,0.061448633670806885,0.38959160447120667,4,1,0.6666666666666666,0,0,0,0,0,0,0,0,1,0,0,0
data_195,0,0.7446384429931641,0.5882857441902161,-0.156352698802948,0.7156287431716919,1,1,0.0,0,0,0,0,0,0,0,0,1,0,0,0
data_195,0,0.7908287048339844,0.7570341229438782,-0.0337945818901062,0.5036702156066895,4,1,0.0,0,0,0,0,0,0,0,0,1,0,0,0
data_195,0,0.7902755737304688,0.7833063006401062,-0.006969273090362549,0.3050117492675781,4,1,0.0,0,0,0,0,0,0,0,0,0,0,0,0
data_195,0,0.7295600771903992,0.6412702202796936,-0.08828985691070557,0.8108994960784912,1,1,0.0,0,0,0,0,0,0,0,0,0,0,0,0
data_195,0,0.863346517086029,0.7829082012176514,-0.08043831586837769,0.22578729689121246,3,1,0.0,0,0,0,0,0,0,0,0,0,0,0,0
data_195,1,0.6905016303062439,0.7533708810806274,0.06286925077438354,0.19498750567436218,4,1,0.6666666666666666,1,0,1,0,1,1,1,1,1,1,1,1
data_195,0,0.7900876998901367,0.6968912482261658,-0.09319645166397095,0.6067469120025635,3,1,0.0,0,0,0,0,0,0,0,0,1,0,0,0
data_195,0,0.8975556492805481,0.7434999942779541,-0.154055655002594,0.7098925709724426,3,1,0.0,0,0,0,0,0,0,0,0,1,0,0,0
data_195,0,0.6822392344474792,0.702193021774292,0.019953787326812744,0.39766114950180054,4,1,0.6666666666666666,0,0,0,0,0,0,0,0,1,0,1,0
data_195,0,0.7725991010665894,0.7680025696754456,-0.004596531391143799,0.5034027099609375,4,1,0.0,0,0,0,0,0,0,0,0,0,0,0,0
data_195,0,0.900999128818512,0.7261056900024414,-0.17489343881607056,0.7076892852783203,3,1,0.0,0,0,0,0,0,0,0,0,1,0,0,0
data_195,0,0.801762580871582,0.7060693502426147,-0.09569323062896729,0.8049192428588867,4,1,0.0,0,0,0,0,0,0,0,0,0,0,0,0
data_196,0,0.7413851618766785,0.7012187838554382,-0.040166378021240234,0.6102039217948914,3,1,0.0,0,0,0,0,0,0,0,0,1,1,0,0
data_196,0,0.6703490018844604,0.7278349995613098,0.057485997676849365,0.19992174208164215,2,1,0.3333333333333333,0,0,0,0,0,0,0,0,1,0,0,0
data_196,0,0.7469449043273926,0.6200213432312012,-0.1269235610961914,0.23404961824417114,1,1,0.0,0,0,0,0,0,0,0,0,0,1,0,0
data_196,0,0.6215128898620605,0.6436461806297302,0.022133290767669678,0.20220598578453064,0,0,0.6666666666666666,0,0,0,0,0,0,0,0,0,0,0,0
data_196,0,0.6753557324409485,0.7804068326950073,0.10505110025405884,0.19370907545089722,4,1,1.0,0,0,0,0,0,0,0,0,0,0,0,0
data_196,0,0.924310564994812,0.826902449131012,-0.09740811586380005,0.34742751717567444,3,1,0.0,0,0,0,0,0,0,0,0,0,0,0,0
data_196,0,0.7751862406730652,0.6316819190979004,-0.1435043215751648,0.22390449047088623,1,1,0.0,0,0,0,0,0,0,0,0,0,0,0,0
data_196,0,0.884856641292572,0.7637844085693359,-0.12107223272323608,0.3218139111995697,4,1,0.0,0,0,0,0,0,0,0,0,0,0,0,0
data_196,0,0.6727687120437622,0.6766645908355713,0.003895878791809082,0.2056398093700409,2,1,0.3333333333333333,0,0,0,0,0,0,0,0,0,0,0,0
data_196,0,0.854241132736206,0.6364850401878357,-0.21775609254837036,0.534572184085846,1,1,0.0,0,0,0,0,0,0,0,0,0,0,0,0
data_196,0,0.7606731653213501,0.7150800228118896,-0.04559314250946045,0.4168362319469452,2,1,0.0,0,0,0,0,0,0,0,0,0,0,0,0
data_196,0,0.7875477075576782,0.6539195775985718,-0.13362812995910645,0.6042038798332214,2,1,0.0,0,0,0,0,0,0,0,0,0,0,0,0
data_197,0,0.6390853524208069,0.8057355880737305,0.16665023565292358,0.0,7,0,0.7272727272727273,0,0,0,0,0,0,0,0,0,0,0,0
data_197,0,0.6888663172721863,0.7607937455177307,0.07192742824554443,0.10090121626853943,8,1,0.2727272727272727,0,0,0,0,0,0,0,0,0,0,0,0
data_197,0,0.7939881086349487,0.7818477153778076,-0.012140393257141113,0.12672650814056396,3,1,0.0,0,0,0,0,0,0,0,0,0,0,0,0
data_197,0,0.5495209097862244,0.6541455388069153,0.10462462902069092,0.09638506919145584,1,0,0.18181818181818182,0,1,0,0,0,1,0,0,1,1,0,0
data_197,0,0.9520543217658997,0.7289196848869324,-0.22313463687896729,0.34891101717948914,5,1,0.0,0,1,0,1,1,1,0,1,0,1,0,0
data_197,0,0.7282892465591431,0.7724733352661133,0.044184088706970215,0.20246998965740204,7,1,0.18181818181818182,0,0,0,0,0,0,0,0,0,0,0,0
data_197,0,0.7749471664428711,0.6822818517684937,-0.09266531467437744,0.11662370711565018,6,1,0.0,0,0,0,0,0,0,0,0,0,0,0,0
data_197,0,0.9398342967033386,0.7952417731285095,-0.1445925235748291,0.2278846651315689,8,1,0.0,0,0,0,0,0,0,0,0,0,0,0,0
data_197,0,0.7931323051452637,0.761828601360321,-0.03130370378494263,0.20645156502723694,6,1,0.0,0,0,0,0,0,0,0,0,0,0,0,0
data_197,0,0.786923885345459,0.816843569278717,0.029919683933258057,0.20206479728221893,8,1,0.18181818181818182,0,0,0,0,0,0,0,0,0,0,0,0
data_197,0,0.7443986535072327,0.8129647970199585,0.06856614351272583,0.20229990780353546,8,1,0.18181818181818182,0,0,0,0,0,1,0,0,1,1,1,0
data_197,1,0.6740313172340393,0.9116703867912292,0.23763906955718994,0.0,9,1,0.5454545454545454,1,1,1,1,1,1,1,1,1,1,1,1
data_197,0,0.7867292761802673,0.7347015142440796,-0.052027761936187744,0.2072180062532425,10,1,0.0,0,0,0,0,0,0,0,0,0,0,0,0
data_197,1,0.6196565628051758,0.7062119841575623,0.08655542135238647,0.10264771431684494,1,0,0.18181818181818182,1,1,1,0,1,1,1,1,1,1,1,1
data_198,0,0.8169716596603394,0.7505071759223938,-0.06646448373794556,0.22374925017356873,3,1,0.0,0,0,0,0,0,0,0,0,0,0,0,0
data_198,0,0.8853906989097595,0.7762459516525269,-0.10914474725723267,0.3124115765094757,8,1,0.0,0,0,0,0,0,0,0,0,0,0,0,0
data_198,0,0.910788893699646,0.7740377187728882,-0.1367511749267578,0.2223132848739624,6,1,0.0,0,0,0,0,0,0,0,0,0,0,0,0
data_198,0,0.611423909664154,0.6730830073356628,0.06165909767150879,0.20339861512184143,1,0,0.1111111111111111,0,0,0,0,0,0,0,0,0,0,0,0
data_198,0,0.6516398787498474,0.6910867691040039,0.039446890354156494,0.30602389574050903,2,1,0.1111111111111111,0,0,0,0,0,0,0,0,0,0,0,0
data_198,0,0.8605451583862305,0.5385777354240417,-0.3219674229621887,0.24978630244731903,1,1,0.0,0,0,0,0,0,0,0,0,0,0,0,0
data_198,0,0.7682529091835022,0.5454839468002319,-0.22276896238327026,0.4310930073261261,1,1,0.0,0,0,0,0,0,0,0,0,0,0,0,0
data_198,0,0.9202152490615845,0.6377914547920227,-0.28242379426956177,0.14786630868911743,1,1,0.0,0,0,0,0,0,0,0,0,0,0,0,0
data_198,0,0.8968489766120911,0.7588468194007874,-0.1380021572113037,0.22271417081356049,6,1,0.0,0,0,0,0,0,0,0,0,0,0,0,0
data_198,0,0.760870635509491,0.6888885498046875,-0.07198208570480347,0.606290876865387,2,1,0.0,0,0,0,0,0,0,0,0,0,0,0,0
data_198,0,0.764862060546875,0.7264508008956909,-0.03841125965118408,0.32081881165504456,4,1,0.0,0,0,0,0,0,0,0,0,1,0,0,0
data_198,0,0.8187342286109924,0.792616069316864,-0.026118159294128418,0.500384509563446,5,1,0.0,0,0,0,0,0,0,0,0,0,0,0,0
data_198,0,0.6040701270103455,0.6273670792579651,0.02329695224761963,0.11362437903881073,0,0,0.2222222222222222,0,0,0,0,0,0,0,0,0,0,0,0
data_198,0,0.6552785634994507,0.5914401412010193,-0.0638384222984314,0.5208739638328552,1,1,0.0,0,0,0,0,0,0,0,0,0,0,0,0
data_198,0,0.9289010167121887,0.9477320909500122,0.018831074237823486,0.4279296398162842,4,1,0.1111111111111111,0,0,0,0,0,0,0,0,0,0,0,0
data_198,0,0.7956474423408508,0.7558902502059937,-0.03975719213485718,0.4093059003353119,5,1,0.0,0,0,0,0,0,0,0,0,0,0,0,0
data_198,0,0.8527344465255737,0.8134007453918457,-0.03933370113372803,0.4359129071235657,6,1,0.0,0,0,0,0,0,0,0,0,0,0,0,0
data_198,0,0.6587334275245667,0.5877058506011963,-0.07102757692337036,0.3099898397922516,1,1,0.0,1,1,1,0,1,1,1,0,1,1,1,0
data_198,0,0.6929026246070862,0.8109357953071594,0.11803317070007324,0.2968800663948059,4,1,0.3333333333333333,0,0,0,0,0,0,0,0,1,0,0,0
data_198,0,0.7075476050376892,0.7591513991355896,0.05160379409790039,0.10263549536466599,5,1,0.2222222222222222,0,0,0,0,1,0,0,0,1,0,0,0
data_198,0,0.7850111722946167,0.8005168437957764,0.015505671501159668,0.20301219820976257,6,1,0.2222222222222222,0,0,0,0,0,0,0,0,0,0,0,0
data_198,0,0.8123466968536377,0.7955256104469299,-0.016821086406707764,0.3959064781665802,4,1,0.0,0,0,0,0,0,0,0,0,0,0,0,0
data_198,0,0.7883051037788391,0.6569104194641113,-0.13139468431472778,0.4170982241630554,2,1,0.0,0,0,0,0,0,0,0,0,0,0,0,0
data_198,0,0.6383497714996338,0.7374299764633179,0.09908020496368408,0.4039752185344696,1,0,0.1111111111111111,0,0,0,0,0,0,0,0,1,0,0,0
data_198,0,0.5744407176971436,0.582746684551239,0.008305966854095459,0.4991699457168579,0,0,0.1111111111111111,0,0,0,0,0,0,0,0,0,0,0,0
data_198,0,0.6435726881027222,0.6101810336112976,-0.03339165449142456,0.1079859510064125,0,0,0.0,0,0,0,0,0,0,0,0,0,0,0,0
data_199,0,0.706463098526001,0.6449302434921265,-0.06153285503387451,0.2110736072063446,1,1,0.0,0,0,0,0,0,0,0,0,0,0,0,0
data_199,0,0.7094398736953735,0.6080620884895325,-0.10137778520584106,0.7207654714584351,1,1,0.0,0,0,0,0,0,0,0,0,1,0,0,0
data_199,0,0.7261823415756226,0.5981932282447815,-0.12798911333084106,0.6129228472709656,1,1,0.0,0,0,0,0,0,0,0,0,0,0,0,0
data_199,0,0.8507083654403687,0.6078938245773315,-0.2428145408630371,0.6224811673164368,1,1,0.0,0,0,0,0,0,0,0,0,0,0,0,0
data_199,1,0.8681342005729675,0.5183875560760498,-0.3497466444969177,0.8186063170433044,1,1,0.0,1,1,1,0,1,1,1,1,1,1,1,0
data_199,0,0.7442810535430908,0.6784060001373291,-0.06587505340576172,0.5926818251609802,2,1,0.0,0,0,0,0,0,0,0,0,0,0,0,0
data_199,0,0.7692347168922424,0.6865280866622925,-0.08270663022994995,0.8006109595298767,2,1,0.0,0,0,0,0,1,0,0,0,0,0,0,0
data_199,0,0.7131267786026001,0.6303194165229797,-0.08280736207962036,0.5226178169250488,1,1,0.0,0,0,0,0,0,1,1,0,0,1,1,1
data_199,0,0.49914297461509705,0.7995159029960632,0.3003729283809662,0.0,5,0,0.8064516129032258,0,0,0,0,0,0,0,0,0,0,0,0
data_199,1,0.5594902634620667,0.868432879447937,0.30894261598587036,0.0,3,0,0.3548387096774194,1,1,1,1,1,1,1,1,1,1,1,1
data_199,0,0.49521833658218384,0.6775051355361938,0.18228679895401,0.0,2,0,0.5806451612903226,0,0,1,0,1,1,1,0,1,1,1,0
data_199,0,0.796139121055603,0.621819019317627,-0.17432010173797607,0.7171601057052612,1,1,0.0,0,0,0,0,0,1,0,0,1,1,1,0
data_199,0,0.6600910425186157,0.6143568158149719,-0.0457342267036438,0.3000970482826233,1,1,0.0,0,0,0,0,0,0,0,0,1,0,0,0
data_199,0,0.7696414589881897,0.5756075382232666,-0.1940339207649231,0.4576367735862732,1,1,0.0,0,0,0,0,0,0,0,0,0,0,0,0
data_199,0,0.4842163920402527,0.6057034134864807,0.12148702144622803,0.0,0,0,0.3870967741935484,0,0,0,0,0,0,0,0,0,0,0,0
data_199,0,0.6547829508781433,0.6334946155548096,-0.02128833532333374,0.10773591697216034,1,1,0.0,0,0,0,0,0,0,0,0,0,0,0,0
data_199,0,0.6974488496780396,0.6088064908981323,-0.08864235877990723,0.41979822516441345,1,1,0.0,0,0,0,0,0,0,0,0,0,0,0,0
data_199,0,0.8149191737174988,0.7512304186820984,-0.06368875503540039,0.2422182410955429,2,1,0.0,0,0,0,0,0,0,0,0,0,1,0,0
data_199,0,0.6737859845161438,0.8126891851425171,0.1389032006263733,0.1929999142885208,5,1,0.0967741935483871,0,0,0,0,0,0,0,0,0,0,0,0
data_199,0,0.8129017353057861,0.5973426103591919,-0.21555912494659424,0.3491578996181488,1,1,0.0,0,0,0,0,0,0,0,0,0,0,0,0
data_199,0,0.7207761406898499,0.7685971856117249,0.047821044921875,0.3926677107810974,3,1,0.06451612903225806,0,0,0,0,0,0,0,0,1,0,0,0
data_200,1,0.5214925408363342,0.7927486300468445,0.27125608921051025,0.0,3,0,1.0,1,1,1,1,1,1,1,0,1,1,1,1
data_200,0,0.7423183917999268,0.6287083029747009,-0.11361008882522583,0.11912273615598679,1,1,0.0,0,0,0,0,0,0,0,0,1,0,0,0
data_200,0,0.8118564486503601,0.740408182144165,-0.07144826650619507,0.5104364156723022,3,1,0.0,0,0,0,0,0,0,0,0,0,0,0,0
data_200,0,0.7376439571380615,0.7313417792320251,-0.006302177906036377,0.10488098114728928,6,1,0.0,0,0,0,0,0,0,0,0,0,0,0,0
data_200,0,0.5797380805015564,0.6278707385063171,0.04813265800476074,0.09801121801137924,0,0,0.3333333333333333,0,0,0,0,0,0,0,0,0,0,0,0
data_200,0,0.8343104720115662,0.7502505779266357,-0.08405989408493042,0.4169008731842041,3,1,0.0,0,0,0,0,0,0,0,0,0,0,0,0
data_200,0,0.6219469904899597,0.8426311016082764,0.22068411111831665,0.0,6,0,0.6666666666666666,0,0,0,0,0,0,0,0,1,0,0,0
data_200,0,0.7128159999847412,0.6961531639099121,-0.0166628360748291,0.2061357945203781,3,1,0.0,0,0,0,0,0,0,0,0,1,0,0,0
data_200,1,0.8609197735786438,0.7900378704071045,-0.0708819031715393,0.4036485254764557,7,1,0.0,0,0,0,0,0,0,0,0,0,0,0,0
data_200,1,0.8195129632949829,0.6884369850158691,-0.13107597827911377,0.31492188572883606,2,1,0.0,0,0,0,0,0,0,0,0,0,0,0,0
data_200,0,0.6756500005722046,0.7252769470214844,0.049626946449279785,0.598673939704895,3,1,0.1111111111111111,0,0,0,0,0,0,0,0,1,1,0,0
data_200,0,0.836527407169342,0.7926114201545715,-0.04391598701477051,0.6962714195251465,4,1,0.0,0,0,0,0,0,0,0,0,0,0,0,0
data_200,0,0.731536328792572,0.7525006532669067,0.020964324474334717,0.2994782030582428,6,1,0.3333333333333333,0,0,0,0,0,0,0,0,0,0,0,0
data_200,0,0.7382987141609192,0.8026525378227234,0.0643538236618042,0.4002068042755127,3,1,0.1111111111111111,0,0,0,0,0,0,0,0,1,1,0,0
data_200,0,0.7918520569801331,0.7415941953659058,-0.050257861614227295,0.4157799482345581,5,1,0.0,0,0,0,0,0,0,0,0,1,1,0,0
data_200,0,0.764954149723053,0.7884012460708618,0.023447096347808838,0.3152201771736145,3,1,0.1111111111111111,0,1,0,0,0,1,0,0,0,0,0,0
data_200,1,0.7387213110923767,0.74955153465271,0.010830223560333252,0.3053549528121948,5,1,0.1111111111111111,0,0,0,0,0,0,0,0,0,0,0,0
data_200,0,0.4983552098274231,0.5601451396942139,0.06178992986679077,0.0,0,0,0.5555555555555556,0,0,0,0,0,1,0,0,1,1,1,0
data_200,0,0.7095266580581665,0.6815817952156067,-0.027944862842559814,0.4057731032371521,3,1,0.0,0,0,0,0,0,0,0,0,0,0,0,0
data_200,0,0.7626814246177673,0.7980203032493591,0.0353388786315918,0.49955669045448303,8,1,0.1111111111111111,0,0,0,0,0,0,0,0,1,0,0,0
data_200,0,0.8763220310211182,0.692539632320404,-0.1837823987007141,0.5440788269042969,2,1,0.0,0,0,0,0,0,0,0,0,0,0,0,0
data_200,0,0.7791444659233093,0.7558269500732422,-0.02331751585006714,0.31116783618927,5,1,0.0,0,0,0,0,0,1,0,0,1,1,0,0
data_200,0,0.8843214511871338,0.712758481502533,-0.17156296968460083,0.3252359628677368,4,1,0.0,0,0,0,0,0,0,0,0,0,0,0,0
data_200,0,0.7111068367958069,0.7897564768791199,0.07864964008331299,0.09964516013860703,5,1,0.2222222222222222,0,0,0,0,0,0,0,0,0,0,0,0
data_200,0,0.6888072490692139,0.6327428817749023,-0.05606436729431152,0.30101916193962097,1,1,0.0,0,0,0,0,0,0,0,0,0,0,0,0
data_200,1,0.7671653032302856,0.6932148337364197,-0.07395046949386597,0.5150941014289856,2,1,0.0,0,0,0,0,0,1,0,0,1,1,0,0
data_200,0,0.7121464610099792,0.7063447833061218,-0.005801677703857422,0.39517509937286377,2,1,0.0,0,0,0,0,0,0,0,0,1,0,0,0
data_200,0,0.6105116605758667,0.783615231513977,0.17310357093811035,0.0,6,0,0.7777777777777778,0,0,0,0,1,1,0,0,1,1,1,0
data_200,0,0.571700930595398,0.6223404407501221,0.05063951015472412,0.1968015432357788,0,0,0.3333333333333333,0,0,0,0,0,0,0,0,0,0,0,0
data_200,1,0.4994385838508606,0.5371471047401428,0.03770852088928223,0.19469302892684937,0,0,0.5555555555555556,0,0,0,0,0,0,0,0,1,1,1,0
data_201,0,0.35554593801498413,0.7480191588401794,0.3924732208251953,0.0,3,0,0.8958333333333334,0,0,0,1,1,1,0,1,1,1,1,1
data_201,0,0.19757266342639923,0.678703248500824,0.48113058507442474,0.0,1,0,0.9791666666666666,0,0,0,0,1,1,0,0,1,1,0,0
data_201,0,0.2669609785079956,0.7527415156364441,0.4857805371284485,0.0,8,0,0.9791666666666666,0,1,0,0,1,1,0,0,1,1,1,0
data_201,1,0.6203876733779907,0.7631894946098328,0.14280182123184204,0.0,6,0,0.14583333333333334,1,1,1,1,1,1,1,1,1,1,1,1
data_201,1,0.5242535471916199,0.6952946186065674,0.1710410714149475,0.0,1,0,0.5416666666666666,1,1,1,0,1,1,1,0,1,1,1,0
data_201,0,0.6924862861633301,0.7315247058868408,0.03903841972351074,0.09996989369392395,7,1,0.08333333333333333,0,0,0,0,0,1,0,0,1,1,0,0
data_201,0,0.6970717310905457,0.7033810615539551,0.006309330463409424,0.10808965563774109,4,1,0.041666666666666664,0,0,0,0,1,1,1,0,1,1,1,1
data_201,1,0.5680747628211975,0.6443138718605042,0.07623910903930664,0.0,0,0,0.16666666666666666,0,0,0,0,0,0,0,0,0,0,1,0
data_201,1,0.4476248025894165,0.6170300245285034,0.16940522193908691,0.0,0,0,0.4166666666666667,0,0,0,1,1,1,1,1,1,1,1,1
data_201,0,0.6567161679267883,0.6811015605926514,0.024385392665863037,0.10111711919307709,5,1,0.041666666666666664,0,0,0,0,0,0,0,0,0,0,0,0
data_201,0,0.5365332961082458,0.6117237210273743,0.07519042491912842,0.0,0,0,0.3125,0,0,0,0,0,0,0,0,0,0,0,0
data_201,0,0.673634946346283,0.6828687191009521,0.00923377275466919,0.20583561062812805,5,1,0.041666666666666664,0,0,0,0,0,0,0,0,0,0,0,0
data_201,0,0.6630992293357849,0.6987583041191101,0.035659074783325195,0.29358741641044617,4,1,0.041666666666666664,0,0,0,0,0,0,0,0,1,0,0,0
data_201,1,0.5066255927085876,0.6403090953826904,0.13368350267410278,0.0,0,0,0.4375,1,1,1,1,1,1,1,1,1,1,1,1
data_201,0,0.7676405906677246,0.5254606604576111,-0.24217993021011353,0.3419453203678131,1,1,0.0,0,0,0,0,0,0,0,0,0,0,0,0
data_201,0,0.5559892058372498,0.6459149718284607,0.08992576599121094,0.1894480586051941,0,0,0.10416666666666667,0,0,0,0,0,0,0,0,0,0,0,0
data_201,0,0.5862112045288086,0.6432304978370667,0.05701929330825806,0.0,0,0,0.14583333333333334,0,0,0,0,0,0,0,0,0,1,0,0
data_201,0,0.5564150214195251,0.8178739547729492,0.2614589333534241,0.0,5,0,0.2708333333333333,0,0,0,0,0,0,0,0,0,0,0,0
data_201,0,0.6665406227111816,0.6873146295547485,0.020774006843566895,0.20031315088272095,3,1,0.041666666666666664,0,0,0,0,0,0,0,0,0,0,0,0
data_201,0,0.7781665921211243,0.6978360414505005,-0.08033055067062378,0.11998689919710159,3,1,0.0,0,0,0,0,0,0,0,0,0,0,0,0
data_201,0,0.7240661382675171,0.6742828488349915,-0.049783289432525635,0.21248438954353333,3,1,0.0,0,0,0,0,0,0,0,0,0,0,0,0
data_201,1,0.4635706841945648,0.8485023379325867,0.38493165373802185,0.0,8,0,0.75,0,1,1,1,1,1,1,0,1,1,1,1
data_201,1,0.5449305176734924,0.6906402707099915,0.14570975303649902,0.0,5,0,0.5,0,1,0,0,1,1,1,0,1,1,1,0
data_201,1,0.6656616926193237,0.6966418623924255,0.030980169773101807,0.3074813783168793,2,1,0.020833333333333332,0,0,0,0,1,1,0,0,1,1,0,0
data_202,0,0.7460078597068787,0.6694247722625732,-0.07658308744430542,0.3139501214027405,2,1,0.0,0,0,0,0,0,0,0,0,0,0,0,0
data_202,0,0.8036621809005737,0.7594394087791443,-0.04422277212142944,0.20244626700878143,4,1,0.0,0,0,0,0,0,0,0,0,0,0,0,0
data_202,0,0.8359735608100891,0.6907467246055603,-0.1452268362045288,0.6137888431549072,3,1,0.0,0,0,0,0,0,0,0,0,0,0,0,0
data_202,0,0.7531590461730957,0.6863288283348083,-0.06683021783828735,0.6175464391708374,3,1,0.0,0,0,0,0,0,0,0,0,0,0,0,0
data_202,0,0.7320014238357544,0.7249510884284973,-0.00705033540725708,0.7953031659126282,3,1,0.0,0,0,0,0,0,0,0,0,0,0,0,0
data_202,0,0.7431869506835938,0.6297338604927063,-0.11345309019088745,0.6181224584579468,1,1,0.0,0,0,0,0,0,0,0,0,0,0,0,0
data_202,1,0.6978205442428589,0.7382292747497559,0.04040873050689697,0.09989313036203384,5,1,0.6,0,0,0,0,0,0,0,0,1,0,1,0
data_202,0,0.49644309282302856,0.5788595676422119,0.08241647481918335,0.19419163465499878,0,0,0.6,0,0,0,0,0,0,0,0,0,0,0,0
data_202,0,0.7592219710350037,0.7477726936340332,-0.011449277400970459,0.41013604402542114,4,1,0.0,0,0,0,0,0,0,0,0,0,0,0,0
data_202,0,0.7076778411865234,0.6947327256202698,-0.012945115566253662,0.208241268992424,3,1,0.0,0,0,0,0,0,0,0,0,0,0,0,0
data_202,0,0.6279700398445129,0.7146984934806824,0.08672845363616943,0.09659798443317413,1,0,0.6,0,0,0,0,0,0,0,0,0,0,0,0
data_203,0,0.8217012882232666,0.8052027821540833,-0.01649850606918335,0.20344097912311554,7,1,0.0,0,0,0,0,0,0,0,0,0,0,0,0
data_203,0,0.663675844669342,0.6499080061912537,-0.013767838478088379,0.3060813844203949,1,1,0.0,0,0,0,0,0,0,0,0,0,0,0,0
data_203,0,0.5822438597679138,0.4856850802898407,-0.09655877947807312,0.23412390053272247,0,0,0.0,0,0,0,0,0,0,0,0,0,0,0,0
data_203,0,0.7135652303695679,0.6572970151901245,-0.05626821517944336,0.5094780921936035,4,1,0.0,0,0,0,0,0,0,0,0,0,0,0,0
data_203,0,0.6334646940231323,0.5818477869033813,-0.05161690711975098,0.5248737931251526,0,0,0.0,0,0,0,0,0,0,0,0,0,0,0,0
data_203,0,0.8884223699569702,0.69663006067276,-0.1917923092842102,0.7064239978790283,2,1,0.0,0,0,0,0,0,0,0,0,0,0,0,0
data_203,0,0.854926586151123,0.7414326667785645,-0.1134939193725586,0.7159116268157959,6,1,0.0,0,0,0,0,0,0,0,0,0,0,0,0
data_203,1,0.7860795259475708,0.7017407417297363,-0.08433878421783447,0.41635721921920776,2,1,0.0,1,1,0,0,1,1,1,0,1,1,1,1
data_203,0,0.7616462111473083,0.6113489270210266,-0.15029728412628174,0.7267650365829468,1,1,0.0,0,0,0,0,0,0,0,0,0,0,0,0
data_203,0,0.7128432989120483,0.46868059039115906,-0.24416270852088928,0.912993848323822,1,1,0.0,0,0,0,0,0,1,0,0,1,1,1,0
data_203,0,0.6433011889457703,0.6368687152862549,-0.006432473659515381,0.7079053521156311,0,0,0.0,0,0,0,0,0,0,0,0,0,0,0,0
data_203,0,0.6531275510787964,0.629429280757904,-0.023698270320892334,0.4087921380996704,1,1,0.0,0,0,0,0,0,0,0,0,1,1,1,0
data_203,0,0.6824133992195129,0.6291202306747437,-0.05329316854476929,0.316910058259964,1,1,0.0,0,0,0,0,0,0,0,0,0,0,0,0
data_203,0,0.4819352626800537,0.7819796204566956,0.30004435777664185,0.0,1,0,0.7142857142857143,0,0,0,0,0,0,0,0,1,0,0,0
data_203,0,0.6208436489105225,0.7286798357963562,0.10783618688583374,0.4010533392429352,1,0,0.14285714285714285,0,0,0,0,0,0,0,0,0,0,0,0
data_203,0,0.5404314398765564,0.5594579577445984,0.019026517868041992,0.29817354679107666,0,0,0.14285714285714285,0,0,0,0,0,0,0,0,0,0,0,0
data_203,0,0.6649163365364075,0.6261830925941467,-0.03873324394226074,0.49329328536987305,1,1,0.0,0,0,0,0,0,1,0,0,1,1,1,0
data_203,0,0.844005823135376,0.7498886585235596,-0.0941171646118164,0.2248629480600357,5,1,0.0,0,0,0,0,0,0,0,0,0,0,0,0
data_203,1,0.6715606451034546,0.770405113697052,0.09884446859359741,0.19658496975898743,4,1,0.42857142857142855,0,0,0,0,0,0,0,0,0,0,0,0
data_203,0,0.7411843538284302,0.5779151320457458,-0.16326922178268433,0.34545600414276123,1,1,0.0,0,0,0,0,0,0,0,0,0,0,0,0
data_203,0,0.6759138703346252,0.6623708009719849,-0.01354306936264038,0.10826442390680313,4,1,0.0,0,0,0,0,0,1,0,0,0,0,0,0
data_204,0,0.9442981481552124,0.6947709321975708,-0.2495272159576416,0.4287722110748291,5,1,0.0,0,0,0,0,0,0,0,0,0,0,0,0
data_204,0,0.9222760200500488,0.7399441003799438,-0.18233191967010498,0.23096831142902374,4,1,0.0,0,0,0,0,0,0,0,0,0,0,0,0
data_204,0,0.8902752995491028,0.638572096824646,-0.2517032027244568,0.6256728768348694,1,1,0.0,0,0,0,0,0,0,0,0,0,0,0,0
data_204,0,0.8394536972045898,0.6599932909011841,-0.17946040630340576,0.4290269613265991,3,1,0.0,0,0,0,0,0,0,0,0,0,0,0,0
data_204,0,0.999150276184082,0.8748950958251953,-0.12425518035888672,0.5117782354354858,4,1,0.0,0,0,0,0,0,0,0,0,0,0,0,0
data_204,0,0.7677903175354004,0.7056346535682678,-0.06215566396713257,0.6142829060554504,3,1,0.0,0,0,0,0,0,0,0,0,0,0,0,0
data_204,0,0.9880114197731018,0.714715301990509,-0.2732961177825928,0.6146835088729858,2,1,0.0,0,0,0,0,0,0,0,0,0,0,0,0
data_204,1,0.8573035597801208,0.7377049326896667,-0.1195986270904541,0.7121720314025879,5,1,0.0,0,0,0,0,0,0,0,0,1,0,0,0
data_204,1,0.5985268950462341,0.7192156314849854,0.12068873643875122,0.19318938255310059,1,0,0.42857142857142855,0,1,0,0,1,1,1,0,1,1,1,1
data_204,0,0.8187826871871948,0.6905423998832703,-0.12824028730392456,0.11936622112989426,5,1,0.0,0,0,0,0,0,0,0,0,0,0,0,0
data_204,1,0.7453263401985168,0.7476100921630859,0.002283751964569092,0.39656639099121094,3,1,0.14285714285714285,0,0,0,0,1,1,0,1,1,1,1,0
data_204,0,0.5468742251396179,0.9481770992279053,0.40130287408828735,0.0,5,0,1.0,0,0,1,0,1,1,0,0,1,1,1,0
data_204,1,0.6541302800178528,0.8008307814598083,0.14670050144195557,0.19494226574897766,4,1,0.42857142857142855,0,1,0,0,1,1,0,1,1,1,1,0
data_204,1,0.5859033465385437,0.7472803592681885,0.16137701272964478,0.09287068247795105,2,0,0.7142857142857143,1,1,1,1,1,1,1,1,1,1,1,1
data_204,0,0.903368353843689,0.7067839503288269,-0.19658440351486206,0.24901720881462097,3,1,0.0,0,0,0,0,0,0,0,0,0,0,0,0
data_204,0,0.6054392457008362,0.6223545074462891,0.01691526174545288,0.2121320366859436,0,0,0.14285714285714285,0,0,0,0,0,0,0,0,1,1,0,0
data_205,1,0.7236396670341492,0.6706352233886719,-0.053004443645477295,0.21275033056735992,2,1,0.0,0,0,0,0,0,0,0,0,0,0,0,0
data_205,0,0.7732311487197876,0.7567701935768127,-0.016460955142974854,0.10504043847322464,12,1,0.0,0,0,0,0,0,0,0,0,1,1,0,0
data_205,0,0.7232075929641724,0.9731871485710144,0.24997955560684204,0.0948188528418541,13,1,0.2777777777777778,0,0,0,0,1,1,1,0,1,1,1,0
data_205,0,0.7359721660614014,0.7915390729904175,0.05556690692901611,0.5921339392662048,6,1,0.05555555555555555,0,0,0,0,0,0,0,0,1,0,0,0
data_205,0,0.679320216178894,0.6201918721199036,-0.05912834405899048,0.2056884616613388,1,1,0.0,0,0,0,0,0,0,0,0,1,1,0,0
data_205,0,0.6569006443023682,0.8134099245071411,0.15650928020477295,0.0,13,1,0.6666666666666666,0,0,0,0,1,1,0,0,1,1,1,0
data_205,0,0.8902000784873962,0.7774553894996643,-0.11274468898773193,0.22261357307434082,13,1,0.0,0,0,0,0,0,0,0,0,0,0,0,0
data_205,0,0.8423808217048645,0.8376955986022949,-0.00468522310256958,0.3077476918697357,10,1,0.0,0,0,0,0,0,0,0,0,0,0,0,0
data_205,0,0.7639147043228149,0.759242057800293,-0.004672646522521973,0.1095966026186943,9,1,0.0,0,0,0,0,0,0,0,0,0,1,0,0
data_205,0,0.8623332977294922,0.7064638137817383,-0.1558694839477539,0.21858052909374237,8,1,0.0,0,0,0,0,0,0,0,0,0,0,0,0
data_205,1,0.8336931467056274,0.7522074580192566,-0.08148568868637085,0.21040506660938263,13,1,0.0,0,0,0,0,1,0,0,0,1,1,0,0
data_205,0,0.679108202457428,0.8158713579177856,0.13676315546035767,0.09462777525186539,10,1,0.3333333333333333,0,0,0,0,1,1,0,0,1,1,0,0
data_206,0,0.6572352647781372,0.7305259108543396,0.07329064607620239,0.0956292599439621,6,1,0.3125,0,0,0,0,0,0,0,0,1,0,0,0
data_206,0,0.7744897603988647,0.792902410030365,0.018412649631500244,0.20284172892570496,10,1,0.0625,0,0,0,0,0,0,0,0,0,0,0,0
data_206,0,0.6463915705680847,0.7689856886863708,0.12259411811828613,0.10027332603931427,2,0,0.125,0,0,0,0,1,0,0,0,1,1,0,0
data_206,0,0.7199923992156982,0.8043039441108704,0.08431154489517212,0.10137607902288437,8,1,0.1875,0,0,0,0,0,0,0,0,1,1,1,0
data_206,0,0.6195440888404846,0.7020407319068909,0.08249664306640625,0.09493289887905121,5,0,0.4375,0,0,0,0,0,0,0,0,1,0,0,0
data_206,0,0.6743592023849487,0.6299859881401062,-0.04437321424484253,0.4137822985649109,1,1,0.0,0,0,0,0,1,1,0,0,1,0,0,0
data_206,0,0.7579750418663025,0.7951776385307312,0.03720259666442871,0.32938146591186523,3,1,0.0625,0,0,0,0,0,0,0,0,0,0,0,0
data_206,0,0.889412522315979,0.7895143032073975,-0.09989821910858154,0.21918779611587524,4,1,0.0,0,0,0,0,0,0,0,0,0,0,0,0
data_206,0,0.8371229767799377,0.7183704376220703,-0.11875253915786743,0.6225485801696777,3,1,0.0,0,0,0,0,0,0,0,0,1,0,0,0
data_206,0,0.7161389589309692,0.7298640012741089,0.013725042343139648,0.30431026220321655,3,1,0.0625,0,0,0,0,0,0,0,0,0,0,0,0
data_206,1,0.7800450921058655,0.7485151290893555,-0.03152996301651001,0.3204466700553894,4,1,0.0,0,0,0,0,0,0,0,0,1,0,0,0
data_206,1,0.6601247191429138,0.8294715881347656,0.1693468689918518,0.09283164888620377,6,1,0.3125,0,0,0,0,0,1,0,0,1,1,1,0
data_206,0,0.9770304560661316,0.839680552482605,-0.1373499035835266,0.3371060788631439,6,1,0.0,0,0,0,0,0,0,0,0,0,0,0,0
data_206,0,0.8191186785697937,0.7272591590881348,-0.09185951948165894,0.21184204518795013,9,1,0.0,0,0,0,0,0,0,0,0,1,0,0,0
data_206,1,0.7432955503463745,0.7949380874633789,0.051642537117004395,0.09920850396156311,15,1,0.1875,0,0,0,0,0,0,0,0,1,0,0,0
data_206,0,0.7265033721923828,0.7599611878395081,0.033457815647125244,0.2984277606010437,8,1,0.1875,0,0,0,0,0,0,0,0,0,0,0,0
data_206,0,0.7047593593597412,0.6783561706542969,-0.026403188705444336,0.21310287714004517,2,1,0.0,0,0,0,0,0,0,0,0,1,0,0,0
data_206,0,0.7709381580352783,0.6057100892066956,-0.16522806882858276,0.4536556005477905,1,1,0.0,0,0,0,0,0,0,0,0,0,0,0,0
