ref,hall,sem_turno,dup,dup_sh,viz_max
data_001,0,1,0.0,0.0,0.0
data_001,0,1,0.0,0.0,0.0
data_001,0,0,0.024589237367241168,0.0,0.7150407433509827
data_001,0,0,0.0,0.16870283242862882,0.7045212388038635
data_001,0,0,0.2414077675932731,0.2021213600143028,0.8304307460784912
data_001,0,0,0.004853902761139395,0.009131351063711435,0.7274078726768494
data_001,0,0,0.000294806084184529,0.12784584083359007,0.6507993340492249
data_001,0,0,0.0,0.09954465450263328,0.5211395621299744
data_001,0,0,0.0,0.07694212535763612,0.8304307460784912
data_001,0,0,0.0,0.0,0.7045212388038635
data_001,0,0,0.0775662950937317,0.137167277050672,0.7100448608398438
data_001,1,0,0.010853958054596546,0.01716852373179023,0.6868544220924377
data_001,0,0,0.013486024664167928,0.06412979528310103,0.7274078726768494
data_001,1,0,0.0,0.08389143766333973,0.7150407433509827
data_001,0,0,0.042403165343561255,0.002863197118628591,0.5143439173698425
data_001,1,0,0.12195870263147235,0.09630978096534903,0.628700315952301
data_001,0,0,0.0,0.058454725470522106,0.681041955947876
data_001,0,0,0.0,0.01742232316865966,0.6277843117713928
data_002,0,1,0.0,0.0,0.0
data_002,0,1,0.0,0.0,0.0
data_002,0,1,0.0,0.0,0.0
data_002,0,0,0.016561684720386438,0.0,0.5347452163696289
data_002,0,0,0.0,0.0,0.5461462736129761
data_002,0,0,0.0,0.043345480999334995,0.7347202301025391
data_002,0,0,0.0,0.0,0.484975665807724
data_002,0,0,0.0,0.0,0.4713757038116455
data_002,0,0,0.0,0.042411234954498056,0.39622411131858826
data_002,0,0,0.0,0.0,0.5461462736129761
data_002,1,0,0.0,0.06471508558717698,0.4186975657939911
data_002,0,0,0.0,0.019611594678439204,0.49615874886512756
data_002,0,0,0.0,0.042082794329587614,0.7347202301025391
data_002,0,0,0.0,0.07447631310701475,0.49615874886512756
data_002,0,0,0.04436665514297644,0.03858902008338916,0.5311281085014343
data_003,0,1,0.0,0.0,0.0
data_003,0,1,0.0,0.0,0.0
data_003,0,0,0.0,0.0,0.7294410467147827
data_003,0,0,0.0,0.11852235255738108,0.35524603724479675
data_003,0,0,0.0,0.18630373329817296,0.5813028812408447
data_003,0,0,0.0,0.0,0.5367505550384521
data_003,0,0,0.0,0.0,0.5846574902534485
data_003,0,0,0.0,0.18112524481969672,0.6058109402656555
data_003,0,0,0.0,0.0,0.7084138989448547
data_003,0,0,0.0008632543342628196,0.0005214006489211442,0.8128299713134766
data_003,0,0,0.05207067140639765,0.03354217662825931,0.7208600640296936
data_003,0,0,0.0,0.046688469468126215,0.6002221703529358
data_003,0,0,0.0,0.12953033378791723,0.4853954613208771
data_003,0,0,0.0510431744950921,0.029782267325490608,0.6909619569778442
data_003,0,0,0.061557845849211645,0.0,0.6312098503112793
data_003,0,0,0.0011198062497630445,0.12197056854741106,0.4853954613208771
data_003,0,0,0.0,0.09358711906077843,0.5315902233123779
data_003,0,0,0.052609124262602336,0.0,0.6856494545936584
data_003,0,0,0.05047082262198899,0.0,0.6848771572113037
data_003,0,0,0.0,0.0,0.7766775488853455
data_003,0,0,0.0,0.11036172101436037,0.7208600640296936
data_003,0,0,0.021868098407082925,0.13854442230667452,0.6479067802429199
data_003,0,0,0.0,0.08563466155035115,0.6058109402656555
data_003,0,0,0.0,0.03995744700300463,0.5496878623962402
data_003,0,0,0.006042298632706888,0.0,0.7766775488853455
data_003,0,0,0.0,0.03313109423467964,0.6881625652313232
data_003,0,0,0.00048044390715062946,0.09955629388325349,0.687991738319397
data_003,0,0,0.0,0.22950046214054964,0.8128299713134766
data_003,1,0,0.0,0.017456895364773573,0.5413395166397095
data_003,1,0,0.18361042837560504,0.023950870399502833,0.6909619569778442
data_003,0,0,0.013196118931873002,0.004757291343334913,0.646359920501709
data_003,0,0,0.0,0.15558846352585576,0.638002336025238
data_003,0,0,0.0,0.009987657477509515,0.5315902233123779
data_004,0,1,0.0,0.0,0.0
data_004,0,1,0.0,0.0,0.0
data_004,0,1,0.0,0.0,0.0
data_004,0,1,0.0,0.0,0.0
data_004,0,0,0.0,0.0,0.326461523771286
data_004,0,0,0.0,0.3479619040527542,0.18068699538707733
data_004,0,0,0.0,0.0,0.30085211992263794
data_004,0,0,0.0,0.0,0.336491197347641
data_004,0,0,0.0,0.0,0.2640995681285858
data_004,0,0,0.0,0.258491726111032,0.24249544739723206
data_004,0,0,0.0,0.0,0.3633508086204529
data_004,0,0,0.0,0.0,0.1930861622095108
data_004,0,0,0.0,0.0,0.40927383303642273
data_004,0,0,0.0,0.0,0.2879028022289276
data_004,0,0,0.0,0.0,0.4048577845096588
data_004,0,0,0.0,0.0,0.31976979970932007
data_004,0,0,0.0,0.0,0.34429931640625
data_004,0,0,0.0,0.0075609660362463416,0.336491197347641
data_004,1,0,0.14620010096280733,0.0,0.40927383303642273
data_005,0,1,0.0,0.0,0.0
data_005,1,1,0.0,0.0,0.0
data_005,1,1,0.0,0.0,0.0
data_005,0,0,0.0,0.0743725344571331,0.4059484601020813
data_005,0,0,0.0,0.04667209991252719,0.7556577920913696
data_005,0,0,0.02199167886736575,0.05187662694606132,0.7674352526664734
data_005,0,0,0.12593677650571067,0.04006519711048284,0.7219889163970947
data_005,0,0,0.0077406070150338735,0.008291399663999499,0.5493866205215454
data_005,1,0,0.06233882834251503,0.04903403793949579,0.7168205380439758
data_005,1,0,0.07195335642060385,0.0,0.4965669512748718
data_005,0,0,0.0,0.09089396927930693,0.6966159343719482
data_005,0,0,0.0,0.20392746320703736,0.6904356479644775
data_005,0,0,0.0,0.11100781850064578,0.6291922926902771
data_005,0,0,0.0,0.07868157751265414,0.7219889163970947
data_005,0,0,0.07555767606740105,0.15262202171786043,0.7587318420410156
data_005,0,0,0.0,0.18450424566211154,0.7168205380439758
data_005,0,0,0.010910921522800265,0.012527977282022817,0.7587318420410156
data_005,0,0,0.0,0.11784053477808243,0.7237865924835205
data_005,0,0,0.0,0.09866994356261216,0.7674352526664734
data_006,0,0,0.19897773070441716,0.19897773070441716,0.6849744915962219
data_006,0,0,0.04782568688500177,0.04527134871516836,0.4982813000679016
data_006,0,0,0.3213198447751804,0.0,0.6780024766921997
data_006,0,0,0.2010105432550091,0.02697988120164041,0.5514001846313477
data_006,1,0,0.0,0.021997479978271173,0.5208428502082825
data_006,0,0,0.08855972290199077,0.07857085777647299,0.5782009363174438
data_006,0,0,0.0,0.0,0.6849744915962219
data_006,0,0,0.0,0.14383762685503143,0.4569351077079773
data_006,0,0,0.0,0.08624457366491356,0.4982813000679016
data_006,0,0,0.0,0.2704514700364484,0.7091226577758789
data_006,0,0,0.0,0.3588462665833596,0.681885838508606
data_006,0,0,0.0008033846432820013,0.0014743419792608847,0.6656625270843506
data_006,1,0,0.0,0.010531055408304901,0.40018826723098755
data_006,0,0,0.0,0.0,0.6780024766921997
data_006,0,0,0.02512739671906772,0.02417818881304612,0.6714834570884705
data_006,0,0,0.0,0.02763219858881172,0.6104277968406677
data_006,0,0,0.0,0.0720520880932014,0.5782009363174438
data_006,0,0,0.029014261092065396,0.0,0.681885838508606
data_006,1,0,0.1427179207678364,0.0,0.7091226577758789
data_007,0,1,0.0,0.0,0.0
data_007,0,1,0.0,0.0,0.0
data_007,0,1,0.0,0.0,0.0
data_007,0,1,0.0,0.0,0.0
data_007,0,0,0.0,0.12300538024529217,0.8385131359100342
data_007,0,0,0.0,0.0,0.41381868720054626
data_007,0,0,0.0,0.18751960382279975,0.4475823640823364
data_007,0,0,0.0,0.030577741795823954,0.5339638590812683
data_007,0,0,0.0,0.0937199797965036,0.7592605948448181
data_007,0,0,0.0,0.10341337004167883,0.7590774893760681
data_007,0,0,0.0,0.11318084612955914,0.7891762256622314
data_007,0,0,0.0,0.0,0.6365795135498047
data_007,0,0,0.06232415874444541,0.0,0.7592605948448181
data_007,0,0,0.0,0.0054081279179740704,0.6860331296920776
data_007,0,0,0.0,0.07969134867848737,0.5881971716880798
data_007,0,0,0.05738309898188021,0.18732527482969275,0.7948014140129089
data_007,0,0,0.0,0.0436930016473287,0.483972430229187
data_007,0,0,0.0,0.05881581841301298,0.7433419823646545
data_007,0,0,0.0,0.10250943666814294,0.7156916260719299
data_007,0,0,0.0,0.0,0.7948014140129089
data_007,0,0,0.04528767231334285,0.10362612867433896,0.7433419823646545
data_007,0,0,0.1064393181586496,0.05631966598538796,0.8385131359100342
data_007,0,0,0.0,0.12260784389558754,0.6275197863578796
data_007,0,0,0.0,0.06980667956690922,0.6042479276657104
data_007,0,0,0.0,0.09002456806527448,0.6141865849494934
data_008,0,1,0.0,0.0,0.0
data_008,0,1,0.0,0.0,0.0
data_008,0,0,0.011859825650539335,0.012758608643347102,0.6286693215370178
data_008,0,0,0.0,0.0,0.5840180516242981
data_008,0,0,0.0,0.0,0.6762062311172485
data_008,0,0,0.0,0.12566410177823784,0.7134231925010681
data_008,0,0,0.0,0.07589867942854767,0.475480318069458
data_008,0,0,0.0,0.12881645894064775,0.7191159129142761
data_008,0,0,0.09441749695005441,0.05000511995951484,0.7134231925010681
data_008,0,0,0.0,0.026864674199941874,0.5840180516242981
data_008,0,0,0.053124377571148074,0.046259837840210594,0.6069932579994202
data_008,0,0,0.028135169691182682,0.028135169691182682,0.6336634159088135
data_008,0,0,0.002913673601881328,0.0,0.7191159129142761
data_008,0,0,0.0,0.0,0.5705033540725708
data_008,0,0,0.0,0.06356402439663,0.6268835663795471
data_009,0,1,0.0,0.0,0.0
data_009,0,1,0.0,0.0,0.0
data_009,0,0,0.0,0.1470739547538038,0.6838772892951965
data_009,0,0,0.09302032312425723,0.0778121261619269,0.848641037940979
data_009,0,0,0.010349058764390406,0.043339869556012545,0.615559458732605
data_009,0,0,0.03851768573890979,0.03334698731079655,0.848641037940979
data_009,0,0,0.0,0.019900810062708274,0.7061734199523926
data_009,0,0,0.0,0.06428317677800521,0.5616716742515564
data_009,0,0,0.01834221012700965,0.019915016673394348,0.7942668795585632
data_009,0,0,0.020848654805448064,0.0,0.714204728603363
data_009,0,0,0.0,0.0644467358506624,0.6366606950759888
data_009,0,0,0.0,0.08097922492411413,0.7525722980499268
data_009,0,0,0.0,0.12005574775997374,0.6838772892951965
data_009,0,0,0.0,0.0,0.7061734199523926
data_010,0,1,0.0,0.0,0.0
data_010,1,1,0.0,0.0,0.0
data_010,0,1,0.0,0.0,0.0
data_010,0,0,0.0,0.007286628505838166,0.6762562394142151
data_010,0,0,0.0,0.1128771258539416,0.794813334941864
data_010,0,0,0.0,0.23359739815248304,0.9000725746154785
data_010,0,0,0.0,0.11600490878294067,0.7536202669143677
data_010,0,0,0.0,0.0,0.7330541014671326
data_010,0,0,0.0,0.1150980993251487,0.6905651092529297
data_010,0,0,0.0,0.0,0.722100555896759
data_010,0,0,0.1024863028619869,0.06961709048154319,0.7330541014671326
data_010,0,0,0.0,0.0,0.7651163339614868
data_010,0,0,0.0,0.06875031953012112,0.7121527791023254
data_010,0,0,0.04544488521970891,0.13096746710620266,0.5229167938232422
data_010,0,0,0.0,0.02626850949866366,0.7536202669143677
data_010,0,0,0.02211324885128363,0.05691212816721958,0.5901385545730591
data_010,0,0,0.0,0.13003426848149147,0.6905651092529297
data_010,0,0,0.0,0.16996921659185205,0.794813334941864
data_010,0,0,0.10645918344457073,0.0,0.9000725746154785
data_011,1,1,0.0,0.0,0.0
data_011,0,1,0.0,0.0,0.0
data_011,0,1,0.0,0.0,0.0
data_011,0,0,0.0,0.08766806258835302,0.4901629686355591
data_011,0,0,0.0,0.16322820983393882,0.6483596563339233
data_011,0,0,0.0,0.10475447340092359,0.5351054072380066
data_011,0,0,0.0,0.07968457525334927,0.5027189254760742
data_011,0,0,0.016796694882845742,0.017491888913404807,0.6870455741882324
data_011,0,0,0.0,0.032533792738476563,0.5414630174636841
data_011,0,0,0.0,0.09991701458048041,0.6609923839569092
data_011,0,0,0.0,0.034849781281153014,0.7626585960388184
data_011,0,0,0.0017872904955567037,0.03311798544928024,0.7541268467903137
data_011,0,0,0.0,0.11205621702217172,0.6870455741882324
data_011,0,0,0.0,0.06513572627692099,0.32902854681015015
data_011,0,0,0.0,0.0,0.5959277749061584
data_011,0,0,0.0,0.16804164652552345,0.6568095684051514
data_011,0,0,0.0,0.06101260893506755,0.49460363388061523
data_011,0,0,0.0,0.012283169902474356,0.61204993724823
data_011,0,0,0.0,0.0,0.6652990579605103
data_011,0,0,0.0,0.0,0.5757105350494385
data_011,0,0,0.0,0.05788916522291743,0.7626585960388184
data_011,0,0,0.0,0.0710635127946766,0.61204993724823
data_011,0,0,0.0,0.08484188857180897,0.6652990579605103
data_011,0,0,0.0,0.0,0.3546164929866791
data_011,0,0,0.0,0.03412813337806142,0.7362692952156067
data_011,0,0,0.0,0.02755052426897109,0.3778316378593445
data_011,0,0,0.014283602164177012,0.04401875615803874,0.7310727834701538
data_012,0,1,0.0,0.0,0.0
data_012,0,1,0.0,0.0,0.0
data_012,0,1,0.0,0.0,0.0
data_012,0,0,0.036733490106009015,0.0,0.9300572872161865
data_012,0,0,0.0,0.01374899676225283,0.6249175667762756
data_012,0,0,0.0,0.0836607999926855,0.6050641536712646
data_012,0,0,0.0044270718131826925,0.049188824358878946,0.7892498970031738
data_012,0,1,0.0,0.0,0.0
data_012,0,1,0.0,0.0,0.0
data_012,0,1,0.0,0.0,0.0
data_012,0,1,0.0,0.0,0.0
data_012,1,0,0.0,0.014176764592457758,0.7613435983657837
data_012,1,0,0.0,0.05925950893700893,0.7892498970031738
data_012,0,0,0.08649503273019832,0.08263819543729056,0.7339346408843994
data_012,0,0,0.026573259935492644,0.024409252028853246,0.7025396227836609
data_012,0,0,0.0,0.0,0.7380820512771606
data_012,0,0,0.0,0.02384241866495529,0.7536483407020569
data_012,0,0,0.0,0.11297951235325243,0.6337661743164062
data_012,0,0,0.0,0.10346137390966703,0.7025396227836609
data_012,0,0,0.0,0.12738545336379303,0.629466712474823
data_012,0,0,0.0,0.16806462985951498,0.546953022480011
data_012,0,0,0.0,0.12148157512663005,0.7339346408843994
data_012,0,0,0.0,0.08598538920890775,0.5870829820632935
data_012,0,0,0.0,0.0,0.7613435983657837
data_012,0,0,0.004173616394684387,0.061930541942540884,0.5994747877120972
data_012,0,0,0.03276637423549289,0.0,0.7134592533111572
data_012,0,0,0.0,0.07161081833288563,0.7378746271133423
data_012,0,0,0.042060864584698265,0.10317615700408567,0.9300572872161865
data_012,0,0,0.05362333109007977,0.0,0.7012082934379578
data_012,0,0,0.0469136647653734,0.03926534060786935,0.7415424585342407
data_012,0,0,0.0,0.02655760051050393,0.7536483407020569
data_012,0,0,0.05045301143512404,0.03511428083295698,0.7378746271133423
data_012,0,0,0.0,0.13350558518600053,0.6249175667762756
data_012,0,0,0.0632507197468044,0.10062034008278431,0.6764075756072998
data_012,0,0,0.01967308847810223,0.07887731515727836,0.6193138360977173
data_013,0,1,0.0,0.0,0.0
data_013,0,1,0.0,0.0,0.0
data_013,0,1,0.0,0.0,0.0
data_013,0,0,0.0,0.036533955253949646,0.4936807155609131
data_013,0,0,0.0,0.11794843715918546,0.6682795882225037
data_013,0,0,0.0,0.07090167906828526,0.439319908618927
data_013,0,0,0.0,0.10884343777154903,0.5886517763137817
data_013,0,0,0.0,0.0,0.5308183431625366
data_013,0,0,0.0628067877327716,0.05497909226135356,0.5650994777679443
data_013,0,0,0.0,0.0,0.6298383474349976
data_013,0,0,0.0,0.11211171101353656,0.671577513217926
data_013,0,0,0.0,0.15063544382695682,0.44010525941848755
data_013,0,0,0.0,0.1365758883084922,0.6377917528152466
data_013,0,0,0.045290252593410685,0.0768976875598506,0.8258457779884338
data_013,0,0,0.006796901706707104,0.0011924983904574304,0.6349281072616577
data_013,0,0,0.02994307563029608,0.09289843651376373,0.8454943299293518
data_013,0,0,0.08242327895373336,0.06826454682962968,0.8352195620536804
data_013,0,0,0.0,0.09944876378824574,0.8258457779884338
data_013,0,0,0.0,0.0928181814482274,0.8454943299293518
data_013,0,0,0.06479604812569306,0.08226529530737992,0.671577513217926
data_013,0,0,0.11034739404980343,0.07331835924202323,0.8352195620536804
data_013,0,0,0.0898088867444855,0.04772419554304186,0.7583991289138794
data_013,0,0,0.01953977002104068,0.0016602740437186014,0.6298383474349976
data_013,0,0,0.0,0.0,0.741509735584259
data_013,0,0,0.0,0.04474511087569866,0.45309972763061523
data_013,0,0,0.0,0.06280234995715261,0.6011702418327332
data_014,0,1,0.0,0.0,0.0
data_014,0,1,0.0,0.0,0.0
data_014,0,1,0.0,0.0,0.0
data_014,0,1,0.0,0.0,0.0
data_014,0,0,0.0,0.15746241114467807,0.7966547608375549
data_014,0,0,0.0,0.0,0.39694032073020935
data_014,0,0,0.0,0.12133388908146436,0.47888636589050293
data_014,0,0,0.0,0.08167791657882617,0.3452795743942261
data_014,0,0,0.0,0.03657801178060538,0.4685491919517517
data_014,0,0,0.0,0.1047557771154608,0.5056928396224976
data_014,0,0,0.0,0.07505381346847173,0.5796443223953247
data_014,0,0,0.0,0.097645408097641,0.49353891611099243
data_014,0,0,0.0,0.11178368072317824,0.545432984828949
data_014,0,0,0.0,0.0903102925305248,0.5348911285400391
data_014,0,0,0.02037243202977379,0.07917535621891147,0.47888636589050293
data_014,1,0,0.10429961883473382,0.06910135716762156,0.5796443223953247
data_014,0,0,0.0,0.06424724786291414,0.49353891611099243
data_014,0,0,0.0,0.1017938629956916,0.7966547608375549
data_014,0,0,0.0,0.16435132950176978,0.5266580581665039
data_014,0,0,0.0,0.08046930571395805,0.5530996918678284
data_014,0,0,0.0,0.10911333575829296,0.545432984828949
data_014,0,0,0.0,0.20699739194385813,0.579936146736145
data_014,0,0,0.03631355044878859,0.06719230635385642,0.4685491919517517
data_014,0,0,0.0,0.0864505480456419,0.4846572279930115
data_014,1,0,0.08345543808157174,0.047296331688947646,0.4540056884288788
data_014,0,0,0.0,0.0654222195175862,0.3545551300048828
data_014,0,0,0.0,0.038469501732423694,0.2913562059402466
data_014,0,0,0.0,0.0956602511109752,0.48371872305870056
data_014,0,0,0.0,0.05454514122837395,0.404702752828598
data_015,0,1,0.0,0.0,0.0
data_015,0,1,0.0,0.0,0.0
data_015,0,1,0.0,0.0,0.0
data_015,0,0,0.017893721448189126,0.10806075136653703,0.6989009976387024
data_015,0,0,0.02299936340075348,0.0,0.7395212054252625
data_015,1,0,0.01739370977631438,0.0,0.6614143252372742
data_015,0,0,0.0,0.0,0.7622118592262268
data_015,0,0,0.0,0.1146067794423189,0.37988173961639404
data_015,0,0,0.0,0.041005434814849195,0.6390125751495361
data_015,0,0,0.0,0.122816811942414,0.6818933486938477
data_015,0,0,0.05629777779290279,0.07283765759807892,0.7622118592262268
data_015,1,0,0.09703865816696577,0.0894156646483566,0.886177122592926
data_015,0,0,0.0,0.14002599633627355,0.886177122592926
data_015,0,0,0.0,0.09505906603845915,0.6818933486938477
data_015,0,0,0.020078852009778103,0.025303381020741256,0.6397029161453247
data_016,0,0,0.0,0.22690123972033405,0.44963014125823975
data_016,0,0,0.0,0.21730454942368382,0.7134180665016174
data_016,0,0,0.0,0.0,0.6540501117706299
data_016,0,0,0.017108302817220533,0.07474717253681717,0.5521914958953857
data_016,0,0,0.0,0.30645311034604994,0.5235331058502197
data_016,1,1,0.0,0.0,0.0
data_016,0,1,0.0,0.0,0.0
data_016,0,0,0.0,0.016883540398680452,0.5720139741897583
data_016,0,0,0.0,0.10892007496935285,0.6540501117706299
data_016,0,0,0.0,0.17131568551906184,0.4299060106277466
data_016,0,0,0.0,0.17307888941036964,0.6502580642700195
data_016,0,0,0.018735299273426875,0.047566933816680645,0.39082595705986023
data_016,0,0,0.030467751303220325,0.0,0.7134180665016174
data_016,1,0,0.04631239365226136,0.10983591116738722,0.5492720007896423
data_017,1,1,0.0,0.0,0.0
data_017,0,0,0.00951430207316406,0.10177798667208293,0.6616042256355286
data_017,0,0,0.0,0.09185564756100106,0.6559475660324097
data_017,0,0,0.012724272131244163,0.015488232661514445,0.7866063714027405
data_017,0,0,0.0,0.08549798973097467,0.5000101923942566
data_017,0,0,0.0,0.038920746204397005,0.7866063714027405
data_017,1,0,0.04146888889837186,0.05787613232667965,0.7158051133155823
data_017,1,0,0.0,0.031074835826480296,0.6821471452713013
data_017,1,0,0.05047865140354446,0.04114290143582622,0.5959352254867554
data_017,0,0,0.0,0.07289265889806096,0.5531721115112305
data_017,0,0,0.0,0.08114074731090781,0.6133086681365967
data_017,0,0,0.0,0.04129083881518625,0.761731743812561
data_017,1,0,0.0,0.1094197468487792,0.6851361989974976
data_017,0,0,0.0,0.16735402338517957,0.7004848718643188
data_017,0,0,0.002163924041568066,0.0,0.761731743812561
data_018,0,1,0.0,0.0,0.0
data_018,0,1,0.0,0.0,0.0
data_018,0,1,0.0,0.0,0.0
data_018,0,1,0.0,0.0,0.0
data_018,0,0,0.0,0.0,0.6079655885696411
data_018,0,0,0.0,0.1263260009133944,0.7788922786712646
data_018,0,0,0.0,0.1281226108959146,0.5966002941131592
data_018,0,0,0.0,0.09083371105859328,0.7791086435317993
data_018,0,0,0.018618506367261034,0.0181062330126025,0.5561078190803528
data_018,1,1,0.0,0.0,0.0
data_018,0,1,0.0,0.0,0.0
data_018,1,0,0.011488790523557668,0.008200404776623316,0.7791086435317993
data_018,1,0,0.1403001056584685,0.057554304722900795,0.5600606203079224
data_018,0,0,0.0,0.021154085612970164,0.5462512969970703
data_018,0,0,0.040298054584059884,0.05656349159849583,0.6321010589599609
data_019,0,1,0.0,0.0,0.0
data_019,0,1,0.0,0.0,0.0
data_019,0,1,0.0,0.0,0.0
data_019,0,0,0.0,0.09127311109511282,0.7572135925292969
data_019,0,0,0.0,0.14921830235522648,0.6930218935012817
data_019,0,0,0.0,0.07691102236420022,0.8630644679069519
data_019,0,0,0.12989616708312113,0.07858782320992574,0.9355424046516418
data_019,0,0,0.049112500690000616,0.0371502618522257,0.7215374112129211
data_019,0,0,0.0,0.20486708063810255,0.7969207763671875
data_019,0,0,0.016787160019475778,0.010691988873672287,0.7572135925292969
data_019,0,0,0.0,0.13567958625213805,0.9092375636100769
data_019,0,0,0.00037667642573069315,0.12647041116717617,0.814477801322937
data_019,0,0,0.0,0.13760664422001412,0.8623091578483582
data_019,0,0,0.0,0.11593520615301145,0.6231484413146973
data_019,0,0,0.05518457947879796,0.18210595102835825,0.7255472540855408
data_019,0,0,0.0,0.04531246313198878,0.7687413692474365
data_019,0,0,0.0,0.0823299376875184,0.7818794250488281
data_019,0,0,0.001244585514204033,0.0008901285113438462,0.7770089507102966
data_019,0,0,0.0,0.17257598090203885,0.8011326789855957
data_019,0,0,0.014910710737694899,0.046685989361137104,0.710066556930542
data_019,0,0,0.0,0.005856746025273196,0.7610438466072083
data_019,0,0,0.0032899624072868505,0.1073173782323984,0.9355424046516418
data_019,0,0,0.0,0.014754271475062808,0.7610438466072083
data_019,0,0,0.0,0.09255987858860237,0.6736484169960022
data_019,0,0,0.08587264448105714,0.044886869982860844,0.8612948656082153
data_019,0,0,0.001083330868532073,0.0010309993646338,0.7276064157485962
data_019,0,0,0.015210570078011187,0.11593977558577961,0.8212482333183289
data_019,0,0,0.006593935833311804,0.01974326355728806,0.9241450428962708
data_019,0,0,0.0,0.07615099158568839,0.7464057207107544
data_019,0,0,0.0,0.0,0.6056082844734192
data_020,0,1,0.0,0.0,0.0
data_020,0,1,0.0,0.0,0.0
data_020,0,1,0.0,0.0,0.0
data_020,0,1,0.0,0.0,0.0
data_020,0,0,0.0,0.12335997444182567,0.8741612434387207
data_020,0,0,0.012684458409463417,0.09031058689704707,0.7671453356742859
data_020,0,0,0.0,0.0,0.8218197822570801
data_020,0,0,0.0,0.13219992546407155,0.8815509676933289
data_020,1,0,0.0,0.2216903341344647,0.8520775437355042
data_020,0,0,0.0,0.07182653830924579,0.828152060508728
data_020,0,0,0.0,0.13832822794175925,0.7697274088859558
data_020,0,0,0.0,0.1784511765760115,0.62892746925354
data_020,0,0,0.0,0.06848983477141246,0.8741612434387207
data_020,0,0,0.0,0.06366557258534655,0.7910410761833191
data_020,0,0,0.0,0.07374334979160935,0.8741829991340637
data_020,0,0,0.0014924019901485508,0.0616929247461897,0.7754271626472473
data_020,0,0,0.0,0.046797875590929294,0.8529770970344543
data_020,0,0,0.10854816554291347,0.16328383323332218,0.7118127942085266
data_020,0,0,0.0,0.1601129489534152,0.6551626920700073
data_020,0,0,0.0,0.05482104320210368,0.7697274088859558
data_020,0,0,0.0,0.24941866251258205,0.6620904803276062
data_020,0,0,0.18928316532721823,0.10701500662829488,0.8815509676933289
data_020,0,0,0.0,0.0,0.8456849455833435
data_020,0,0,0.0,0.16975574621157108,0.5803729891777039
data_020,0,0,0.0,0.03643161083980573,0.7116832733154297
data_020,0,0,0.0,0.06021912058591994,0.7992615699768066
data_020,0,0,0.06189615419964767,0.06220208464808863,0.8741829991340637
data_020,0,0,0.03532966266385529,0.08259993363542506,0.7251923680305481
data_020,0,0,0.0,0.04734385869107882,0.8250104188919067
data_020,0,0,0.0,0.027605387779601642,0.7110843658447266
data_020,0,0,0.0,0.16516849413683943,0.7156660556793213
data_020,0,0,0.0,0.07179610363887612,0.7472444176673889
data_020,0,0,0.05614502236614527,0.07802558235579227,0.5355671644210815
data_020,0,0,0.0,0.05518538448011867,0.8698834776878357
data_020,0,0,0.0,0.15228799670257587,0.7206194996833801
data_020,0,0,0.0,0.08647049715049704,0.579437255859375
data_020,0,0,0.043501317191976696,0.0343513287710806,0.6435783505439758
data_020,0,0,0.0074203638971681585,0.0,0.62892746925354
data_020,0,0,0.0,0.12046691573087287,0.8460683226585388
data_020,0,0,0.06103522271272155,0.05673002209421796,0.8362605571746826
data_020,0,0,0.06272452339035084,0.08208716399607852,0.828152060508728
data_021,0,1,0.0,0.0,0.0
data_021,1,1,0.0,0.0,0.0
data_021,0,0,0.0,0.06837801664105925,0.7827003002166748
data_021,0,0,0.0,0.0515547081938017,0.8364099860191345
data_021,0,0,0.0,0.09031220126271222,0.7550173401832581
data_021,0,0,0.0,0.11543553407156182,0.8972411155700684
data_021,0,0,0.0,0.029147283865093243,0.7550173401832581
data_021,0,0,0.0,0.1410047040640734,0.8934045433998108
data_021,0,0,0.03283459762931784,0.0589583293089504,0.6989258527755737
data_021,0,0,0.0,0.11641951658784944,0.6692941784858704
data_021,0,0,0.0,0.22872150825617155,0.49150747060775757
data_021,0,0,0.0,0.07258451775001618,0.7816934585571289
data_021,0,0,0.01124084399262415,0.0,0.712261438369751
data_021,1,0,0.012349220499231706,0.0,0.5826007127761841
data_021,0,0,0.08206749234327049,0.06803112211150442,0.8972411155700684
data_021,0,0,0.033566829228320216,0.0035608811633665027,0.712261438369751
data_021,0,0,0.008024337418060412,0.0023412777993643274,0.8934045433998108
data_021,0,0,0.0650210222432932,0.028786426976459722,0.7668927907943726
data_021,0,0,0.009837117051496591,0.14790532968038406,0.5448277592658997
data_021,0,0,0.0,0.023061387184874604,0.6692941784858704
data_021,0,0,0.029258217963104016,0.05745272586163708,0.7816934585571289
data_021,0,0,0.061985102648957735,0.03814157184843481,0.7668927907943726
data_022,0,1,0.0,0.0,0.0
data_022,0,1,0.0,0.0,0.0
data_022,0,1,0.0,0.0,0.0
data_022,0,0,0.08636275427927131,0.05604358859567782,0.7736770510673523
data_022,1,0,0.0,0.024289256600013687,0.6921188831329346
data_022,1,0,0.0957922829675617,0.03269229370904014,0.6505897641181946
data_022,0,0,0.0,0.12672445450553482,0.7908307313919067
data_022,0,0,0.0,0.0,0.5511415600776672
data_022,0,0,0.0,0.11035062118988037,0.5894241333007812
data_022,0,0,0.013546586612715572,0.0,0.7844045162200928
data_022,1,0,0.0,0.0324154005468813,0.6921188831329346
data_022,1,0,0.0592554903820286,0.0,0.7407859563827515
data_022,1,0,0.0,0.05446979861243051,0.7406151294708252
data_022,0,0,0.04513353389156549,0.051151375641826036,0.6496567130088806
data_022,0,0,0.0,0.1336709843426238,0.47453293204307556
data_022,0,0,0.09259236053406994,0.11308978029296668,0.7908307313919067
data_022,0,0,0.0,0.046281151480421556,0.7407859563827515
data_022,0,0,0.0,0.04367966516508659,0.5721442103385925
data_023,0,1,0.0,0.0,0.0
data_023,0,1,0.0,0.0,0.0
data_023,0,0,0.04430257355076961,0.05444592264945314,0.8443183302879333
data_023,0,0,0.020081883388826327,0.11149105051607933,0.8270624876022339
data_023,1,0,0.04472639322773375,0.10151498910253665,0.8520956039428711
data_023,0,0,0.0,0.0,0.7521626353263855
data_023,0,0,0.019133119298508916,0.01748975673351083,0.833540678024292
data_023,0,0,0.0,0.0,0.7864741086959839
data_023,0,0,0.0,0.07035202521657169,0.7728109955787659
data_023,0,0,0.0,0.10221909621539282,0.8520956039428711
data_023,0,0,0.040525449623523,0.0,0.8443183302879333
data_023,0,0,0.0,0.022861127919227897,0.8895836472511292
data_023,0,0,0.05648104661169384,0.0,0.6923917531967163
data_023,1,0,0.0,0.012590484195698082,0.5637953281402588
data_023,1,0,0.015848381534091516,0.01791355213088508,0.8031392693519592
data_023,0,0,0.02758141004231618,0.08922910809690165,0.8895836472511292
data_024,0,1,0.0,0.0,0.0
data_024,0,1,0.0,0.0,0.0
data_024,0,0,0.0,0.11281096177352623,0.8965577483177185
data_024,0,0,0.04976687505480015,0.055963705935695884,0.6148127317428589
data_024,0,0,0.014077915483021286,0.08893739697615999,0.8364971876144409
data_024,1,0,0.050190390033932886,0.10558786373668738,0.6630474925041199
data_024,0,0,0.0,0.05471973317246359,0.6017847657203674
data_024,0,0,0.0,0.024791218162674156,0.4361242651939392
data_024,1,0,0.1513788836772303,0.0,0.6630474925041199
data_024,0,0,0.0,0.12391609275858073,0.4361242651939392
data_024,0,0,0.0,0.11616511082769065,0.6148127317428589
data_024,0,0,0.10652643699701159,0.033674847836984156,0.8965577483177185
data_024,0,0,0.10874248833144762,0.07482310238275502,0.8787145614624023
data_024,1,0,0.014040742274573859,0.004605993209679582,0.640845537185669
data_025,0,0,0.08371372379188635,0.13057921113183468,0.5141101479530334
data_025,0,0,0.2593526144131886,0.07715792518798281,0.8479535579681396
data_025,0,0,0.04740994769534801,0.014191739608767406,0.4146846532821655
data_025,0,0,0.00979744048038711,0.056778351529766624,0.4692228436470032
data_025,1,0,0.15596054780417923,0.13899686849081938,0.8479535579681396
data_025,0,0,0.0,0.06161188687092434,0.4146846532821655
data_025,0,0,0.0,0.10733605151471792,0.5434277057647705
data_025,0,0,0.0,0.0,0.5734016299247742
data_025,0,0,0.0,0.10476863975950934,0.6343554854393005
data_025,0,0,0.018887179689670575,0.044647753867632645,0.5180003643035889
data_025,0,0,0.0,0.045839473968875666,0.7998228073120117
data_025,0,0,0.07203935388326066,0.0,0.661639928817749
data_025,0,0,0.0,0.04701316394772448,0.6343554854393005
data_025,1,0,0.016330768899010195,0.027844282893056516,0.661639928817749
data_025,0,0,0.0,0.0,0.4509356617927551
data_025,0,0,0.0,0.04408074779777671,0.3965541124343872
data_025,0,1,0.0,0.0,0.0
data_025,0,1,0.0,0.0,0.0
data_026,1,1,0.0,0.0,0.0
data_026,1,1,0.0,0.0,0.0
data_026,0,1,0.0,0.0,0.0
data_026,0,1,0.0,0.0,0.0
data_026,1,1,0.0,0.0,0.0
data_026,0,0,0.0,0.06666026532434088,0.7994208335876465
data_026,0,0,0.04512645761965217,0.17031974952438844,0.6704415678977966
data_026,0,0,0.0,0.2784338738137073,0.7750877141952515
data_026,0,0,0.0028319450387073175,0.049662413274109696,0.8123401999473572
data_026,0,0,0.0,0.2783275156502043,0.7678205966949463
data_026,0,0,0.0,0.059163833134263655,0.6681137084960938
data_026,0,0,0.0,0.0,0.7278834581375122
data_026,0,0,0.0,0.11429633010096296,0.5973092317581177
data_026,0,0,0.0,0.19331396464795603,0.9247182011604309
data_026,0,0,0.0,0.13183600795013106,0.6712782979011536
data_026,0,0,0.0,0.12040710070533578,0.6811177134513855
data_026,0,0,0.0,0.0,0.770466685295105
data_026,1,0,0.10561287270284936,0.14510056527967663,0.7369303107261658
data_026,0,0,0.057127411897440084,0.056869609950609856,0.8386422395706177
data_026,0,0,0.02744476550454067,0.026280601647385993,0.6854854226112366
data_026,0,0,0.0,0.08372686426361042,0.710280179977417
data_026,0,0,0.0,0.07407523024419405,0.7467668652534485
data_026,0,0,0.0,0.06557572378738996,0.5322571396827698
data_026,0,0,0.07997517880664873,0.09128441217974625,0.6255655288696289
data_026,0,0,0.04305690903993309,0.11014316184967754,0.9247182011604309
data_026,0,0,0.0,0.13076913093422604,0.682122528553009
data_026,0,0,0.0,0.0811288134253374,0.7750877141952515
data_026,0,0,0.0,0.09737143457674335,0.8386422395706177
data_026,0,0,0.0,0.09632315858875984,0.7369303107261658
data_026,1,0,0.021259253910727693,0.0,0.7678205966949463
data_026,0,0,0.010302614782855102,0.032459483534296396,0.7110433578491211
data_026,0,0,0.0,0.0,0.7994208335876465
data_026,0,0,0.0,0.07770581805994325,0.6648924946784973
data_027,0,1,0.0,0.0,0.0
data_027,0,1,0.0,0.0,0.0
data_027,0,1,0.0,0.0,0.0
data_027,0,0,0.0,0.12620952433652022,0.7618117928504944
data_027,1,0,0.0127335673630391,0.013373822949560576,0.7906537652015686
data_027,1,0,0.07055022148392709,0.0008412875763497141,0.8402907848358154
data_027,0,0,0.0,0.14517176298203793,0.8534475564956665
data_027,1,0,0.0,0.015677023634051324,0.3918316960334778
data_027,0,0,0.011273371320015713,0.0,0.8487887382507324
data_027,0,0,0.0,0.008738823341971624,0.7854732871055603
data_027,0,0,0.05554032114628882,0.0,0.8534475564956665
data_027,0,0,0.03449044274219304,0.044174789573673934,0.6245954632759094
data_027,0,0,0.0,0.01821745319455559,0.581969141960144
data_027,1,0,0.06989748372584614,0.0,0.81468266248703
data_027,0,0,0.04713025503285451,0.04881642451188384,0.8402907848358154
data_028,0,1,0.0,0.0,0.0
data_028,0,1,0.0,0.0,0.0
data_028,0,1,0.0,0.0,0.0
data_028,0,1,0.0,0.0,0.0
data_028,0,1,0.0,0.0,0.0
data_028,0,0,0.0,0.08718980346054472,0.5056295990943909
data_028,0,0,0.0,0.0,0.5786924958229065
data_028,0,0,0.0,0.05885498089790353,0.36654552817344666
data_028,0,0,0.046289250296464246,0.07906691016010647,0.5786924958229065
data_028,0,0,0.0,0.13936161210381215,0.7400384545326233
data_028,0,0,0.0,0.0,0.5154763460159302
data_028,0,0,0.0,0.057047552888889186,0.7665884494781494
data_028,0,0,0.012436494774185292,0.19267210214308506,0.7592703104019165
data_028,0,0,0.0,0.11664133337859983,0.5040116310119629
data_028,0,0,0.0,0.16419643118629423,0.696355402469635
data_028,0,0,0.0,0.0,0.5263612866401672
data_028,0,0,0.14141120149408337,0.0483287272580597,0.6467581391334534
data_028,0,0,0.0,0.1410125579415018,0.32220184803009033
data_028,0,0,0.0037858719799928053,0.03501256016172505,0.7592703104019165
data_028,0,0,0.0,0.06267271631454818,0.6654934883117676
data_028,0,0,0.0,0.016623540345920063,0.696355402469635
data_028,1,0,0.046527704697761685,0.06709070069812562,0.6467581391334534
data_028,0,0,0.0,0.12022717704804009,0.5148335099220276
data_028,0,0,0.0,0.14224342021653769,0.5245964527130127
data_028,0,0,0.00982611035655978,0.00982611035655978,0.6568213701248169
data_028,0,0,0.0,0.07543556627084058,0.6654934883117676
data_028,0,0,0.0,0.0,0.4026912748813629
data_028,0,0,0.008062485759694482,0.005421449673605139,0.7665884494781494
data_028,0,0,0.0954912791546434,0.07769024094181987,0.6087543964385986
data_028,0,0,0.10408685759568215,0.0,0.6568213701248169
data_029,0,1,0.0,0.0,0.0
data_029,1,1,0.0,0.0,0.0
data_029,0,1,0.0,0.0,0.0
data_029,0,1,0.0,0.0,0.0
data_029,0,1,0.0,0.0,0.0
data_029,0,1,0.0,0.0,0.0
data_029,0,0,0.08011264722043165,0.07453350124461622,0.6675556302070618
data_029,0,0,0.031751418203739945,0.0,0.7097100019454956
data_029,0,0,0.0,0.15837235217844636,0.6425237655639648
data_029,0,0,0.029936985102011704,0.03541320053082586,0.5954135060310364
data_029,0,0,0.0,0.06718181831880798,0.6820998787879944
data_029,1,0,0.04728627537904373,0.039946154107472154,0.6531241536140442
data_029,0,0,0.00828411707986021,0.0,0.8298469185829163
data_029,0,0,0.054378905267107314,0.142142435863839,0.8239274621009827
data_029,0,0,0.030226285903374617,0.031110954358890552,0.6547855138778687
data_029,0,0,0.0,0.09168248630745879,0.7030473351478577
data_029,0,0,0.0,0.2562791313121622,0.8239274621009827
data_029,0,0,0.0,0.08082843335688494,0.8298469185829163
data_029,1,0,0.025550027500642614,0.036156640311872934,0.6375963091850281
data_029,0,0,0.0,0.11700466561354261,0.5819903016090393
data_029,0,0,0.0,0.09109375233396122,0.6623766422271729
data_030,0,1,0.0,0.0,0.0
data_030,0,0,0.0,0.14181088512111018,0.6389869451522827
data_030,0,0,0.0,0.11412674978016568,0.5786475539207458
data_030,0,0,0.0,0.0,0.6715799570083618
data_030,1,0,0.0,0.06957165267914789,0.44868507981300354
data_030,0,0,0.0,0.21968936027192854,0.713683545589447
data_030,0,0,0.0,0.1783278890278872,0.5632904171943665
data_030,0,0,0.0,0.06875572809514097,0.6368363499641418
data_030,0,0,0.0,0.024106764041334827,0.508630633354187
data_030,0,0,0.0,0.022801804018303784,0.6748095154762268
data_030,0,0,0.0,0.11808939561056775,0.5950495004653931
data_030,0,0,0.06803805586271139,0.1868356419777939,0.6463261842727661
data_030,0,0,0.0290208145849995,0.0,0.713683545589447
data_030,0,0,0.0,0.14870687681350958,0.5464403629302979
data_030,0,0,0.0,0.10251459859527046,0.5311816930770874
data_030,0,0,0.0,0.13934782651913658,0.6082385778427124
data_030,0,0,0.0,0.054058764568814865,0.6903303861618042
data_031,1,1,0.0,0.0,0.0
data_031,1,1,0.0,0.0,0.0
data_031,1,1,0.0,0.0,0.0
data_031,1,1,0.0,0.0,0.0
data_031,0,1,0.0,0.0,0.0
data_031,1,1,0.0,0.0,0.0
data_031,1,1,0.0,0.0,0.0
data_031,0,1,0.0,0.0,0.0
data_031,0,0,0.0350709696217848,0.05238663350483819,0.7483969330787659
data_031,0,0,0.06524803234668752,0.0690133753139115,0.7566074728965759
data_031,0,0,0.010001531806054231,0.0,0.7779503464698792
data_031,0,0,0.0,0.05913053871694274,0.6206846237182617
data_031,0,0,0.0,0.026312032211226466,0.9170510768890381
data_031,0,0,0.0,0.049222635764124334,0.7357301115989685
data_031,0,0,0.0002612138295745581,0.16137396679155813,0.893058180809021
data_031,0,0,0.0,0.058857584949706165,0.7244129180908203
data_031,0,0,0.0,0.027780805463379465,0.7566074728965759
data_031,0,0,0.0,0.01017905837475297,0.5954523086547852
data_031,0,0,0.046714331539021714,0.07688977073032888,0.7714611291885376
data_031,0,0,0.052509583555959694,0.03988622453521273,0.6725042462348938
data_031,0,0,0.0,0.13391414891040654,0.7244129180908203
data_031,0,0,0.0,0.10000792515089785,0.6078805327415466
data_031,0,0,0.008033344904674777,0.12789502913132367,0.9170510768890381
data_031,0,0,0.08531834893815926,0.011291181686317486,0.893058180809021
data_031,0,0,0.0,0.012444214511958762,0.5954523086547852
data_031,0,0,0.08153217818469116,0.06561157188092892,0.7779503464698792
data_031,1,0,0.14469825469622322,0.08929671016205454,0.7714611291885376
data_031,0,0,0.1629405564423596,0.0,0.5972914695739746
data_032,1,1,0.0,0.0,0.0
data_032,1,1,0.0,0.0,0.0
data_032,0,1,0.0,0.0,0.0
data_032,0,1,0.0,0.0,0.0
data_032,1,1,0.0,0.0,0.0
data_032,1,1,0.0,0.0,0.0
data_032,0,0,0.0,0.0,0.8090638518333435
data_032,0,0,0.0,0.062227368324478505,0.8406462669372559
data_032,0,0,0.0,0.18906766267582498,0.7279497385025024
data_032,0,0,0.0,0.1212847553579195,0.610710620880127
data_032,1,0,0.02544744839053692,0.09887582334363643,0.8406462669372559
data_032,0,0,0.0,0.0,0.6834027171134949
data_032,0,0,0.01928845683628566,0.016573864023243345,0.7588767409324646
data_032,0,0,0.0,0.14852834036634732,0.528430700302124
data_032,0,0,0.0,0.1719547224053244,0.5620226263999939
data_032,1,0,0.0,0.1328434795388702,0.6126735806465149
data_032,0,0,0.031309324010059925,0.007946693005806083,0.8090638518333435
data_032,1,0,0.06451215182062242,0.05759925453418191,0.7127421498298645
data_033,0,1,0.0,0.0,0.0
data_033,0,1,0.0,0.0,0.0
data_033,0,1,0.0,0.0,0.0
data_033,0,1,0.0,0.0,0.0
data_033,0,0,0.08475813458253967,0.17435096711100684,0.7034383416175842
data_033,0,0,0.005082485610788723,0.014883282490409044,0.6777260899543762
data_033,0,0,0.08977850649186436,0.07912558575016604,0.728965699672699
data_033,0,0,0.0,0.17767939065413518,0.49842384457588196
data_033,0,0,0.07345319429910546,0.06838856454136888,0.6495279669761658
data_033,0,0,0.07178427586485014,0.16835372673540405,0.6782222986221313
data_033,0,0,0.0,0.056591199431554884,0.8552113175392151
data_033,1,0,0.10782533252994853,0.04975266701886838,0.6612047553062439
data_033,0,0,0.026579789508357266,0.030590572202044086,0.7844854593276978
data_033,0,0,0.029492893552795607,0.0,0.7593063712120056
data_033,0,0,0.003885187376425847,0.0,0.8552113175392151
data_033,0,0,0.0,0.043735168876329666,0.5381460785865784
data_033,0,0,0.011461544794961753,0.004573733220547993,0.5245282053947449
data_033,0,0,0.03523320676384145,0.09898165947265625,0.570149838924408
data_033,0,0,0.03925876876675716,0.005153111068693761,0.745969295501709
data_033,0,0,0.0,0.07589461776813877,0.7844854593276978
data_033,1,0,0.01630490657648309,0.01358972300698369,0.7593063712120056
data_033,0,0,0.0048170249728158865,0.010456957686391988,0.59080970287323
data_034,0,1,0.0,0.0,0.0
data_034,0,1,0.0,0.0,0.0
data_034,0,1,0.0,0.0,0.0
data_034,0,0,0.027646787639472592,0.045306004512212894,0.7863321900367737
data_034,0,0,0.0,0.14447674368011576,0.6728408336639404
data_034,0,0,0.0,0.04096316167056102,0.768169641494751
data_034,0,0,0.0,0.0,0.7188564538955688
data_034,0,0,0.016303783708642605,0.045184882629388134,0.4842248857021332
data_034,0,0,0.0,0.07636986705419702,0.5251612663269043
data_034,0,0,0.014279758183178615,0.0,0.6728408336639404
data_034,0,0,0.029421598486205625,0.0,0.6036943197250366
data_034,0,0,0.0,0.0680644240927144,0.42436206340789795
data_034,0,0,0.0,0.0,0.5454305410385132
data_034,0,0,0.0,0.03990051648287363,0.7863321900367737
data_034,0,0,0.0,0.0998859960597116,0.768169641494751
data_034,0,0,0.0,0.04789422392876119,0.6167844533920288
data_034,0,1,0.0,0.0,0.0
data_034,0,1,0.0,0.0,0.0
data_034,0,1,0.0,0.0,0.0
data_035,0,0,0.0,0.12528949388547517,0.7049708962440491
data_035,0,0,0.0,0.08178125180607765,0.5003952383995056
data_035,0,0,0.0,0.12517343804972825,0.40920570492744446
data_035,1,1,0.0,0.0,0.0
data_035,0,1,0.0,0.0,0.0
data_035,0,0,0.0,0.0319627932781863,0.7226253747940063
data_035,0,0,0.0,0.056377950238939434,0.6333597898483276
data_035,0,0,0.0,0.0,0.4458448588848114
data_035,1,0,0.07786969091242213,0.1562154498214383,0.6841773390769958
data_035,1,0,0.15086080790652545,0.15730897207082428,0.441257119178772
data_035,0,0,0.07435946858549869,0.11473504967060322,0.5941009521484375
data_035,0,0,0.0,0.10579873542966567,0.6820787191390991
data_035,0,0,0.05966197323061806,0.1030570917601068,0.6333597898483276
data_035,0,0,0.0,0.12216029936449324,0.48040229082107544
data_035,1,0,0.1918021845904434,0.08794493710073681,0.8847033381462097
data_035,0,0,0.0,0.12405154559131404,0.8847033381462097
data_035,0,0,0.02221609804392699,0.02182122884264004,0.5630378127098083
data_036,0,1,0.0,0.0,0.0
data_036,0,1,0.0,0.0,0.0
data_036,1,0,0.15677411554079423,0.11137372099000231,0.41144245862960815
data_036,1,0,0.11661056914724988,0.03621349943802343,0.5098735690116882
data_036,1,0,0.2425003292009933,0.0,0.6797866225242615
data_036,1,0,0.3551023877876389,0.06603329530122437,0.8833761215209961
data_036,0,0,0.0,0.13220994353766002,0.7105255722999573
data_036,0,0,0.03031342569015294,0.11136351463056471,0.6797866225242615
data_036,0,0,0.0,0.040724560731437265,0.4562256932258606
data_036,0,0,0.0,0.07563631411436234,0.5205962061882019
data_036,1,0,0.1976790511239912,0.3302548211348224,0.7105255722999573
data_036,1,0,0.2289990421623962,0.0,0.7834348678588867
data_036,1,0,0.1978636896615349,0.2668249428133551,0.6226130723953247
data_036,0,0,0.0,0.23929881785579532,0.8833761215209961
data_036,1,0,0.0,0.23457137156515806,0.5098735690116882
data_036,0,0,0.0,0.11190828847743362,0.8023492693901062
data_037,0,1,0.0,0.0,0.0
data_037,0,1,0.0,0.0,0.0
data_037,0,1,0.0,0.0,0.0
data_037,0,0,0.0,0.0,0.6603096127510071
data_037,0,0,0.0,0.0,0.7780479788780212
data_037,0,0,0.0,0.19076400741465704,0.696133553981781
data_037,0,0,0.0,0.0,0.5888605713844299
data_037,0,0,0.0,0.022193946677084853,0.679033637046814
data_037,0,0,0.0,0.0,0.754612147808075
data_037,0,0,0.0,0.126564124039092,0.7780479788780212
data_037,0,0,0.0,0.10846168607621465,0.4477388262748718
data_037,0,0,0.1225640516943507,0.1688496974052427,0.8200258612632751
data_037,1,0,0.001722988237684575,0.0,0.696133553981781
data_037,0,0,0.1120517231059992,0.0,0.7641080617904663
data_037,0,0,0.012125951139474012,0.3498435684486463,0.8200258612632751
data_037,0,0,0.05547675947401132,0.0584146562021175,0.613323986530304
data_037,0,0,0.009395453820673083,0.19966962045870673,0.6712346076965332
data_038,0,1,0.0,0.0,0.0
data_038,0,1,0.0,0.0,0.0
data_038,0,0,0.23995445705647178,0.13063397421787926,0.7346483469009399
data_038,1,0,0.2595919103004718,0.0,0.6316595673561096
data_038,0,0,0.0,0.13318399842948736,0.4795992076396942
data_038,0,0,0.0,0.0,0.8467839956283569
data_038,0,0,0.0,0.06966648545712673,0.6880914568901062
data_038,0,0,0.0,0.3769818295272387,0.8731277585029602
data_038,0,0,0.04286320127488352,0.06756089625881145,0.697721540927887
data_038,0,0,0.0,0.0,0.8384284973144531
data_038,0,0,0.0,0.0,0.8384284973144531
data_038,0,0,0.08673841003515648,0.1032078660786162,0.8025911450386047
data_038,0,0,0.013006724691003058,0.015837629408622433,0.6843573451042175
data_038,0,0,0.08615870285502325,0.07440498559682851,0.8731277585029602
data_038,0,0,0.05333487062065956,0.26993854283520236,0.7346483469009399
data_038,0,0,0.24448161766101606,0.1852631720095559,0.8467839956283569
data_039,0,1,0.0,0.0,0.0
data_039,0,0,0.062193826060294555,0.13157182180908222,0.8679429292678833
data_039,0,0,0.020619387421813684,0.0,0.7850386500358582
data_039,0,0,0.0,0.13438167988898897,0.5575979948043823
data_039,0,0,0.0,0.1161543243042864,0.7850386500358582
data_039,0,0,0.0,0.10066716974561629,0.558269739151001
data_039,0,0,0.0,0.07350426836994473,0.6391204595565796
data_039,0,0,0.0,0.0,0.6213882565498352
data_039,0,0,0.0,0.0,0.8679429292678833
data_039,0,0,0.08610917266425133,0.05884791256094957,0.7774051427841187
data_039,0,0,0.0,0.0,0.6447855234146118
data_039,0,0,0.0,0.007189185213952953,0.5802832245826721
data_039,0,0,0.00424119776631926,0.0,0.7774051427841187
data_039,0,0,0.0,0.0,0.613200306892395
data_039,0,0,0.0,0.0,0.5126060247421265
data_039,0,0,0.0,0.07225612324006647,0.6534490585327148
data_039,0,0,0.0,0.05304301921496446,0.4792388081550598
data_040,0,1,0.0,0.0,0.0
data_040,0,1,0.0,0.0,0.0
data_040,0,0,0.0,0.0,0.7269847989082336
data_040,0,0,0.0,0.057686590941301574,0.8622339963912964
data_040,0,0,0.0,0.11122468574658484,0.7636293172836304
data_040,0,0,0.0,0.042313754811175386,0.830932080745697
data_040,0,0,0.0,0.09157606548060926,0.8598997592926025
data_040,0,0,0.0,0.03275570188002064,0.7584083080291748
data_040,0,0,0.0,0.10842383329432437,0.7420998811721802
data_040,0,0,0.03930824906878172,0.033935455744234844,0.7958360314369202
data_040,0,0,0.0,0.17710729953540394,0.8341222405433655
data_040,0,0,0.0,0.16448104591734136,0.7383531928062439
data_040,0,0,0.0,0.0487575656611412,0.7284870743751526
data_040,0,0,0.0,0.0,0.7616785168647766
data_040,0,0,0.07452292007063477,0.009175648482099064,0.8958033919334412
data_040,0,0,0.09686622227849284,0.07773104347807092,0.8622339963912964
data_040,1,0,0.04532190619516996,0.0057789182478273915,0.7811589241027832
data_040,0,0,0.0,0.03920503799605868,0.6499466896057129
data_040,0,0,0.06253769463899062,0.07922411151488618,0.8598997592926025
data_040,0,0,0.0,0.118977145027781,0.8958033919334412
data_041,0,1,0.0,0.0,0.0
data_041,0,1,0.0,0.0,0.0
data_041,0,1,0.0,0.0,0.0
data_041,0,0,0.0,0.2068700787682083,0.6132940053939819
data_041,0,0,0.007207846991818201,0.11521716402461024,0.849252462387085
data_041,0,0,0.0,0.02154689301768542,0.870510458946228
data_041,0,0,0.0,0.13930108512165873,0.6773599982261658
data_041,0,0,0.02766578293989852,0.07569841505402763,0.8576764464378357
data_041,0,0,0.0,0.039294602439303716,0.7451190948486328
data_041,0,0,0.036267518395831644,0.06877864943928103,0.706594705581665
data_041,0,0,0.0,0.022809550184312855,0.870510458946228
data_041,0,0,0.013609991324443627,0.0,0.7658588886260986
data_041,0,0,0.0,0.0,0.6642616987228394
data_041,0,0,0.03878225236443811,0.19822167333112617,0.8576764464378357
data_041,0,0,0.056504771664858566,0.08807897448636837,0.7326816320419312
data_041,0,0,0.008476182779531882,0.019325993719689905,0.6003029942512512
data_041,0,0,0.0,0.1428925411856028,0.7451190948486328
data_041,0,0,0.025225945979130415,0.008311097532640588,0.7658588886260986
data_041,0,0,0.0,0.040381799430861065,0.7282581329345703
data_041,0,0,0.0,0.0,0.6911366581916809
data_041,0,0,0.0,0.18514749545470277,0.6132940053939819
data_042,0,1,0.0,0.0,0.0
data_042,0,1,0.0,0.0,0.0
data_042,0,0,0.0,0.061590789018783454,0.8086625337600708
data_042,0,0,0.0,0.1434891811077108,0.5831615924835205
data_042,0,0,0.0,0.0,0.6796048283576965
data_042,0,0,0.019364116653534325,0.008447914174841031,0.6313578486442566
data_042,0,0,0.0650538172658699,0.16089250962631496,0.6465961337089539
data_042,0,0,0.0,0.11497080318695474,0.37559375166893005
data_042,0,0,0.0,0.0831383954541689,0.50147545337677
data_042,0,0,0.0,0.06434847394670129,0.6844316124916077
data_042,0,0,0.0,0.1280921019192398,0.6511362195014954
data_042,0,0,0.00748072287247048,0.1111412144364401,0.6844316124916077
data_042,1,0,0.0,0.19288305034078945,0.6312863826751709
data_042,0,0,0.032424361771973054,0.005450627501772942,0.8086625337600708
data_042,0,0,0.06174671839917778,0.04000147642609164,0.7422535419464111
data_042,0,0,0.06909819004252427,0.07729706275405235,0.48013293743133545
data_042,0,0,0.0,0.02031934612673325,0.5189117193222046
data_042,0,0,0.0,0.05767273125501937,0.38644737005233765
data_043,0,1,0.0,0.0,0.0
data_043,0,1,0.0,0.0,0.0
data_043,0,1,0.0,0.0,0.0
data_043,1,0,0.027042902799649937,0.0262884989272667,0.784424364566803
data_043,0,0,0.01849241294973325,0.02799517570879484,0.5464724898338318
data_043,0,0,0.1857258923291063,0.1857258923291063,0.784424364566803
data_043,0,0,0.15457393986991086,0.0059849412256198775,0.7002288699150085
data_043,0,0,0.03609649652705116,0.12264041247789237,0.7002288699150085
data_043,0,0,0.0,0.08043265980960612,0.6722961068153381
data_043,0,0,0.008571201274065743,0.19652205969696013,0.678098201751709
data_043,0,0,0.018152938674408148,0.020872212617547348,0.72600919008255
data_043,0,0,0.028024157090627,0.035962770022024415,0.5846238136291504
data_043,1,0,0.0,0.009505180909606281,0.48384907841682434
data_043,0,0,0.0,0.09085415779242112,0.72600919008255
data_043,0,0,0.0,0.06072365672795321,0.662208080291748
data_043,0,0,0.028763431060049527,0.0,0.5846238136291504
data_043,1,0,0.05276651379278974,0.0,0.6794333457946777
data_043,0,0,0.0,0.14465805076412153,0.6890347003936768
data_043,0,0,0.03622328245930362,0.03853605368283297,0.5524692535400391
data_044,0,1,0.0,0.0,0.0
data_044,0,1,0.0,0.0,0.0
data_044,0,0,0.0,0.17619292098572714,0.6023740768432617
data_044,0,0,0.02420550974775537,0.027133357848727613,0.6699602007865906
data_044,0,0,0.031031241902212514,0.05267785913127909,0.8139714002609253
data_044,1,0,0.03873504062319455,0.08878733423475893,0.7639192938804626
data_044,0,0,0.009844774779800503,0.0,0.5950387716293335
data_044,0,0,0.0,0.0,0.6824992895126343
data_044,0,0,0.0,0.034452508722891295,0.5722984075546265
data_044,0,0,0.0,0.0,0.6351153254508972
data_044,0,0,0.07007908648570549,0.07821336278238533,0.7253724932670593
data_044,0,0,0.0,0.04773977390175688,0.7911964654922485
data_044,1,0,0.04143933999545624,0.04143933999545624,0.49372631311416626
data_044,0,0,0.0,0.14444030148268183,0.7911964654922485
data_044,0,0,0.0,0.08661096866752871,0.6699602007865906
data_044,0,0,0.0,0.07531695574274622,0.7639192938804626
data_044,0,0,0.0,0.13815733770006133,0.6064023375511169
data_044,0,0,0.0,0.10913335697536297,0.5589889883995056
data_044,0,0,0.008688879518622628,0.04925786247029862,0.7253724932670593
data_044,0,0,0.0,0.0,0.8139714002609253
data_044,0,0,0.0,0.0807577771345045,0.7222586274147034
data_045,0,0,0.0,0.0,0.3803243935108185
data_045,0,0,0.0,0.35117335013079654,0.37781083583831787
data_045,0,0,0.0,0.0,0.493642121553421
data_045,1,0,0.0,0.0,0.607688844203949
data_045,0,0,0.0,0.049639862317185646,0.6314678192138672
data_045,0,0,0.0,0.061403535764180006,0.4204394817352295
data_045,0,0,0.05402532116834813,0.0,0.4035053551197052
data_045,0,0,0.022858863336296054,0.021998074672978873,0.6314678192138672
data_045,0,0,0.0,0.04992677317718375,0.3539205491542816
data_045,0,0,0.0,0.003073088492794085,0.3915137052536011
data_046,0,0,0.060266072774794566,0.0,0.7456369400024414
data_046,0,0,0.07893467275628296,0.06738716584669291,0.6852699518203735
data_046,0,0,0.06985147219661059,0.12824830321665104,0.7709478735923767
data_046,1,0,0.024434869513889623,0.008135133363879277,0.6852699518203735
data_046,0,0,0.023943944355270474,0.05360118142045778,0.7365589141845703
data_046,0,0,0.0,0.01176497963180978,0.7215207815170288
data_046,0,0,0.0,0.1674439611409273,0.4015562832355499
data_046,0,0,0.049940845416628576,0.07124748281455595,0.7456369400024414
data_046,0,0,0.0,0.04838251296177987,0.7959656715393066
data_046,0,0,0.0,0.08671835480046042,0.43162697553634644
data_046,0,0,0.0,0.0,0.7563037872314453
data_046,0,0,0.0,0.04789337181975384,0.7232699394226074
data_046,0,0,0.0,0.08625355156493697,0.7959656715393066
data_046,0,0,0.0,0.0,0.5788170099258423
data_046,0,0,0.0,0.08025957058608135,0.4124763607978821
data_046,0,0,0.0,0.13528895495817395,0.29981398582458496
data_046,0,0,0.049203485883126064,0.049058441618917925,0.6322710514068604
data_047,0,0,0.0,0.20664176121366395,0.6502977013587952
data_047,0,0,0.0,0.17522900870705627,0.7034837603569031
data_047,0,0,0.0,0.24364606509854525,0.5457319617271423
data_047,0,0,0.0,0.03617630347171641,0.42848092317581177
data_047,0,0,0.0,0.19574905079797844,0.644072949886322
data_047,0,0,0.0,0.0,0.43294844031333923
data_047,0,0,0.0,0.07949572714426667,0.38793137669563293
data_047,0,0,0.0,0.08595297032556459,0.7204123139381409
data_047,0,0,0.0,0.07166848240218471,0.7034837603569031
data_047,0,0,0.11471964810726476,0.059167949824860955,0.715613842010498
data_047,0,0,0.033049655200869665,0.11102960667651018,0.7545323967933655
data_047,0,0,0.0,0.08171008844905714,0.715613842010498
data_047,0,0,0.007497209575276997,0.09013252498792923,0.538504958152771
data_047,0,0,0.0,0.055132406818813706,0.7545323967933655
data_047,0,0,0.0,0.06369448578577774,0.5548571944236755
data_047,0,0,0.16615624341171298,0.0,0.644072949886322
data_047,0,0,0.0,0.08039751410931828,0.669572651386261
data_047,0,0,0.0,0.03600925718089343,0.5548571944236755
data_047,0,0,0.04947955912307833,0.08017465264826207,0.6320739388465881
data_047,0,0,0.0,0.09246389350581197,0.48592597246170044
data_047,0,0,0.0,0.09538435896601527,0.669572651386261
data_047,0,0,0.0,0.08033821228661342,0.42930909991264343
data_048,0,0,0.049691376497406736,0.020388619210031322,0.9163380265235901
data_048,1,0,0.034699345835349504,0.047093707923366424,0.754321813583374
data_048,0,0,0.10045601148203076,0.06176725525136817,0.9115022420883179
data_048,0,0,0.0,0.130155222514734,0.6976863741874695
data_048,0,0,0.026090265162522996,0.0026425507884226818,0.9163380265235901
data_048,0,0,0.07714550259421671,0.10027258054844168,0.8892608284950256
data_048,0,0,0.02076935704474181,0.047521896030353616,0.6351473331451416
data_048,0,0,0.0,0.12767690914799346,0.9115022420883179
data_048,1,0,0.007584634299817594,0.11804627156938707,0.6407294869422913
data_048,0,0,0.0,0.16857832967922093,0.668712854385376
data_048,1,0,0.03559540422691043,0.05661606317942969,0.863822877407074
data_048,0,0,0.017765682545700656,0.3654351757462315,0.896790623664856
data_048,1,0,0.017388537146807437,0.033685277187046836,0.6798771619796753
data_048,1,0,0.0,0.03739368762718254,0.5290449261665344
data_048,1,0,0.01807425647547234,0.05764173380183646,0.863822877407074
data_048,0,0,0.12586957440561264,1.6862578085863333e-05,0.896790623664856
data_049,0,1,0.0,0.0,0.0
data_049,0,1,0.0,0.0,0.0
data_049,0,1,0.0,0.0,0.0
data_049,0,1,0.0,0.0,0.0
data_049,0,1,0.0,0.0,0.0
data_049,0,1,0.0,0.0,0.0
data_049,0,0,0.0,0.0,0.5593404173851013
data_049,0,0,0.0,0.13002085870505553,0.5056688189506531
data_049,0,0,0.0,0.16923921664838204,0.7224724888801575
data_049,0,0,0.0,0.13012866920325905,0.5467691421508789
data_049,0,0,0.0,0.1648793411211571,0.7671061754226685
data_049,0,0,0.01476606333799424,0.015284269236310877,0.6128855347633362
data_049,1,0,0.028736051865646317,0.1392978959029847,0.7224724888801575
data_049,0,0,0.0,0.20344837893219392,0.6937236785888672
data_049,0,0,0.0,0.02732867524986915,0.6289446949958801
data_049,0,0,0.024565182681261177,0.03795130937218971,0.7274102568626404
data_049,0,0,0.0,0.0414271435483915,0.5165252685546875
data_049,1,0,0.003993420609575082,0.05861554120855228,0.4730839431285858
data_049,0,0,0.0,0.10919360659625887,0.5593404173851013
data_049,0,0,0.0,0.11955674999092203,0.531571090221405
data_049,0,0,0.0,0.1488805802921327,0.6289446949958801
data_049,0,0,0.0,0.007031438896731856,0.6773609519004822
data_049,0,0,0.0,0.07765960355625268,0.7671061754226685
data_049,0,0,0.0,0.01151154751942407,0.4316827058792114
data_049,0,0,0.037681334601508354,0.0467836531391832,0.7274102568626404
data_050,0,1,0.0,0.0,0.0
data_050,0,0,0.0,0.11315399770034062,0.5134984850883484
data_050,0,0,0.03713391877460026,0.03713391877460026,0.42726072669029236
data_050,0,0,0.0,0.033236551752530374,0.9289113879203796
data_050,0,0,0.0,0.0,0.7808996438980103
data_050,0,0,0.0,0.05701253979481358,0.40118589997291565
data_050,0,0,0.006252716687423998,0.04950042026944246,0.5866379141807556
data_050,0,1,0.0,0.0,0.0
data_050,0,1,0.0,0.0,0.0
data_050,0,1,0.0,0.0,0.0
data_050,0,0,0.0,0.023137552071180068,0.9289113879203796
data_050,0,0,0.0,0.06762019748629733,0.5387167930603027
data_050,0,0,0.0,0.06240120820512107,0.5938204526901245
data_050,0,0,0.0,0.12527003811908521,0.6593068242073059
data_050,0,0,0.0,0.09944282807472504,0.7167937159538269
data_050,0,0,0.07437900030129185,0.09598513302266909,0.6182706952095032
data_050,1,0,0.05018284103006465,0.035693007342700867,0.32136988639831543
data_050,0,0,0.034107066146589204,0.01246937386477498,0.879580020904541
data_050,0,0,0.0,0.1479002346621101,0.5387167930603027
data_050,0,0,0.0,0.041016072325277264,0.5938204526901245
data_050,0,0,0.0,0.09290642156672746,0.6593068242073059
data_051,0,1,0.0,0.0,0.0
data_051,0,1,0.0,0.0,0.0
data_051,0,1,0.0,0.0,0.0
data_051,0,1,0.0,0.0,0.0
data_051,0,0,0.0,0.07361970798606876,0.4984523355960846
data_051,0,0,0.05490450846386352,0.0,0.733079195022583
data_051,0,0,0.0015093099167806656,0.002168508172246675,0.7050535082817078
data_051,0,0,0.03973038736701895,0.022556919301523592,0.5565410256385803
data_051,0,0,0.038017092896531324,0.0055551367065138635,0.7023724913597107
data_051,0,0,0.0,0.0,0.4736813008785248
data_051,0,0,0.0,0.060344814217060616,0.47668150067329407
data_051,1,0,0.0,0.005849107593363101,0.5729541182518005
data_051,0,0,0.0,0.12855655021415657,0.6657730340957642
data_051,0,0,0.0,0.024742752749943975,0.5565410256385803
data_051,0,0,0.0,0.12003500219915963,0.5444130897521973
data_051,0,0,0.06402069168177604,0.0,0.733079195022583
data_051,0,0,0.0,0.04449619717978237,0.6637864112854004
data_051,0,0,0.0,0.0,0.6423757076263428
data_052,0,1,0.0,0.0,0.0
data_052,0,1,0.0,0.0,0.0
data_052,0,1,0.0,0.0,0.0
data_052,0,0,0.0,0.12205293006096696,0.8085571527481079
data_052,0,0,0.0,0.04278112973447179,0.7264496684074402
data_052,0,0,0.0,0.03875438594003988,0.585401177406311
data_052,0,0,0.0,0.0,0.6288947463035583
data_052,0,0,0.0,0.08875885835004027,0.8085571527481079
data_052,1,0,0.0,0.08135958336251292,0.7264496684074402
data_052,0,0,0.0,0.17513269828148026,0.5954686999320984
data_052,0,0,0.0,0.07288195083992832,0.6288947463035583
data_052,0,0,0.0,0.07800417890150158,0.7095629572868347
data_052,0,0,0.06793964371660266,0.07241043452805584,0.6998666524887085
data_052,0,0,0.0,0.0998875617815429,0.625805675983429
data_052,0,0,0.0,0.05411058085497089,0.6309283375740051
data_052,0,0,0.0,0.034848315270139096,0.583663284778595
data_052,0,0,0.0,0.0,0.5117939710617065
data_052,0,0,0.026808691477794966,0.027409561052678555,0.7095629572868347
data_052,0,0,0.05018496308381337,0.0,0.57948237657547
data_053,0,0,0.0,0.0,0.40149664878845215
data_053,0,0,0.0,0.0,0.47332561016082764
data_053,0,0,0.0,0.09882257202291811,0.6721054911613464
data_053,0,0,0.0,0.02596021730511211,0.5957510471343994
data_053,0,0,0.035947042069778945,0.05252371878708573,0.7105020880699158
data_053,0,0,0.0,0.34662882808873974,0.46868696808815
data_053,0,0,0.0,0.0,0.48608478903770447
data_053,0,0,0.0,0.20606289569969327,0.5087795257568359
data_053,0,0,0.0,0.10264984721243309,0.62199866771698
data_053,0,0,0.0,0.09377959495988364,0.654498815536499
data_053,0,0,0.0,0.05586017563223322,0.6018021702766418
data_053,0,0,0.0,0.0,0.7105020880699158
data_053,0,0,0.0,0.3147340341418474,0.4766985774040222
data_053,0,0,0.0014716860164476486,0.07135093474934351,0.760021448135376
data_053,0,0,0.0,0.3330662897583867,0.6676112413406372
data_053,0,0,0.0,0.1336257338694864,0.46868696808815
data_053,0,0,0.0,0.0,0.7588275074958801
data_053,0,0,0.0,0.08733400934338498,0.550513505935669
data_053,1,0,0.2771291812900074,0.006871751542760762,0.7087991833686829
data_053,1,0,0.1747555169803423,0.2199173391592062,0.7588275074958801
data_053,1,0,0.1115200720206726,0.0,0.6581868529319763
data_053,1,0,0.2147425144994486,0.22086070968661886,0.5816642045974731
data_053,1,0,0.3684255211568743,0.3684255211568743,0.760021448135376
data_053,0,1,0.0,0.0,0.0
data_053,0,1,0.0,0.0,0.0
data_053,0,1,0.0,0.0,0.0
data_054,0,1,0.0,0.0,0.0
data_054,1,1,0.0,0.0,0.0
data_054,0,1,0.0,0.0,0.0
data_054,1,1,0.0,0.0,0.0
data_054,0,0,0.0,0.13082414782547858,0.6689605712890625
data_054,0,0,0.0,0.26753580156098167,0.4931851625442505
data_054,1,0,0.0,0.0,0.4196971356868744
data_054,0,0,0.0,0.1150999220181177,0.8583346605300903
data_054,0,0,0.0,0.2656093247837745,0.3624083697795868
data_054,0,0,0.0,0.02888315813470399,0.6689605712890625
data_054,0,0,0.0,0.1955842151890863,0.37267211079597473
data_054,0,0,0.011965796378294868,0.0,0.6264557242393494
data_054,0,0,0.0,0.12270656266341717,0.7146167755126953
data_054,0,0,0.0,0.0,0.5446580052375793
data_054,0,0,0.18956294611611924,0.13203370426894523,0.8583346605300903
data_054,0,0,0.0,0.046366851253480945,0.6399291753768921
data_054,0,0,0.033996164758431036,0.034468431514923736,0.6351583003997803
data_055,0,1,0.0,0.0,0.0
data_055,0,1,0.0,0.0,0.0
data_055,0,1,0.0,0.0,0.0
data_055,1,1,0.0,0.0,0.0
data_055,0,0,0.0,0.0,0.7256560325622559
data_055,0,0,0.0,0.12052651418104077,0.7358056306838989
data_055,0,0,0.0,0.15411282055226394,0.46310678124427795
data_055,0,0,0.05500249475781516,0.18541680437662933,0.7283172607421875
data_055,0,0,0.0,0.0,0.5661951303482056
data_055,0,0,0.06583684573300275,0.13294435000727134,0.8151847124099731
data_055,1,0,0.03409724864913244,0.007897070013083152,0.7582958936691284
data_055,0,0,0.05388731261002988,0.05098525335522908,0.8676691651344299
data_055,0,0,0.0,0.15215234094981156,0.7358056306838989
data_055,0,0,0.0,0.05488030900399821,0.7582958936691284
data_055,0,0,0.0,0.11568009231042709,0.7810641527175903
data_055,0,0,0.0,0.13758565654526222,0.7391179800033569
data_055,0,0,0.11206024328890862,0.09860482881225607,0.7810641527175903
data_055,1,0,0.09617821044100339,0.0658865554978263,0.8676691651344299
data_055,0,0,0.0,0.0,0.6572684049606323
data_055,1,0,0.1614039838200938,0.1420855178982059,0.7391179800033569
data_055,0,0,0.0,0.09317276839093935,0.8151847124099731
data_055,1,0,0.03240678604332459,0.0,0.7754717469215393
data_055,0,0,0.04404089997800753,0.0,0.6227207779884338
data_056,0,1,0.0,0.0,0.0
data_056,0,1,0.0,0.0,0.0
data_056,1,1,0.0,0.0,0.0
data_056,0,0,0.0006355174970806843,0.10910345916880004,0.49612462520599365
data_056,0,0,0.0,0.02018261647602415,0.5474551320075989
data_056,0,0,0.0,0.10500294698790213,0.436728835105896
data_056,0,0,0.02692628934207164,0.12656746773327754,0.7325572371482849
data_056,0,0,0.17274357158037645,0.08928389761694788,0.7169815301895142
data_056,0,0,0.0,0.0,0.4142703413963318
data_056,0,0,0.0,0.09541669103441563,0.6152108907699585
data_056,0,0,0.0,0.0,0.7096414566040039
data_056,0,0,0.0,0.20098829853985478,0.828341007232666
data_056,0,0,0.013205851793017587,0.08897321339495079,0.7795023918151855
data_056,0,0,0.08073264062874941,0.08073264062874941,0.678783118724823
data_056,0,0,0.00630559635965966,0.008478487124563117,0.5989835262298584
data_056,0,0,0.0846116461920019,0.003507799553098323,0.828341007232666
data_056,0,0,0.0,0.039972267401516604,0.7169815301895142
data_056,0,0,0.0,0.0,0.6127703189849854
data_056,0,0,0.0,0.20247963300647598,0.47542333602905273
data_057,0,0,0.1254687838271593,0.0,0.8354306817054749
data_057,0,0,0.04443400255554231,0.036256461264301265,0.26065823435783386
data_057,0,1,0.0,0.0,0.0
data_057,0,1,0.0,0.0,0.0
data_057,0,0,0.0,0.15381622859881716,0.6749783754348755
data_057,0,0,0.0,0.30192076886664054,0.4901188015937805
data_057,0,0,0.035162929531651343,0.040490196709800585,0.8713974356651306
data_057,0,0,0.12275597647846581,0.09508803674183142,0.8471832275390625
data_057,0,0,0.008655325850424944,0.04403738725915041,0.3981046974658966
data_057,0,0,0.005017677468686088,0.09744489053360894,0.6682026386260986
data_057,0,0,0.0,0.17256860679571417,0.8166236281394958
data_057,1,0,0.0,0.05264781455764478,0.4470880329608917
data_057,0,0,0.0,0.09704574868371196,0.6542612314224243
data_057,0,0,0.1360833854996848,0.25954865158004736,0.9075902104377747
data_057,0,0,0.04845223372421259,0.06803951055535506,0.9074845314025879
data_057,0,0,0.04283829019386687,0.0,0.7897846698760986
data_057,0,0,0.013091428676954564,0.04303017491629646,0.8713974356651306
data_057,0,0,0.0,0.12049908276167542,0.7737852931022644
data_057,1,0,0.029034414974336897,0.07986776021738251,0.9075902104377747
data_057,0,0,0.0,0.07986222501141782,0.7557265162467957
data_057,1,0,0.020859295247603882,0.10029468609352676,0.8320556879043579
data_057,0,0,0.016617103636040298,0.11167602170378643,0.7554347515106201
data_057,0,0,0.0,0.05272054386562808,0.21175360679626465
data_057,0,0,0.0,0.1876206788947421,0.8054787516593933
data_057,0,0,0.0,0.1277563315819723,0.5432421565055847
data_057,0,0,0.0,0.19434016185477354,0.5941202044487
data_057,0,0,0.08182046861657,0.1019290407671285,0.9074845314025879
data_058,0,1,0.0,0.0,0.0
data_058,0,1,0.0,0.0,0.0
data_058,1,1,0.0,0.0,0.0
data_058,0,0,0.0,0.0,0.8125874996185303
data_058,0,0,0.0,0.1172799889243592,0.6132375001907349
data_058,0,0,0.0,0.14778170752669695,0.7668511867523193
data_058,0,0,0.0,0.0,0.7185733914375305
data_058,0,0,0.0,0.0,0.812628984451294
data_058,0,0,0.0,0.0235911343273969,0.6481133103370667
data_058,1,0,0.12457925825205507,0.0,0.812628984451294
data_058,0,0,0.08688855577474897,0.0,0.7357706427574158
data_058,1,0,0.21476559843565113,0.07070170310674584,0.7095828652381897
data_058,0,0,0.0,0.0,0.7039265036582947
data_058,0,0,0.0,0.09651936829708774,0.7297316193580627
data_058,0,0,0.0,0.14682455186227372,0.6896966099739075
data_058,0,0,0.0,0.0,0.7112271189689636
data_058,0,0,0.0,0.1580337326395238,0.5338592529296875
data_058,0,0,0.08559196138585179,0.016103394380792224,0.7297316193580627
data_058,0,0,0.00011735817729174869,0.00012266744491284953,0.7900261878967285
data_058,0,0,0.0,0.0,0.5222114324569702
data_058,0,0,0.0,0.060169332946060194,0.7185733914375305
data_059,0,1,0.0,0.0,0.0
data_059,0,1,0.0,0.0,0.0
data_059,0,1,0.0,0.0,0.0
data_059,0,0,0.0,0.08936478774634793,0.662730872631073
data_059,0,0,0.0,0.12133518758589901,0.7491182684898376
data_059,0,0,0.07626448139917841,0.06934809677407827,0.8402300477027893
data_059,0,0,0.0,0.1342304103207539,0.6804308891296387
data_059,0,0,0.0,0.059421212118859756,0.662730872631073
data_059,0,0,0.06301085418901664,0.03949024815393187,0.7491182684898376
data_059,0,0,0.0,0.0,0.7741239666938782
data_059,0,0,0.06752347774054002,0.15311985169290665,0.7033228874206543
data_059,0,0,0.10025819492600618,0.021892816125415493,0.7227721214294434
data_059,0,0,0.0,0.057764229855210125,0.5016016960144043
data_059,0,0,0.0,0.11643081845228309,0.8700875043869019
data_059,0,0,0.0,0.13214938732157577,0.5796053409576416
data_059,0,0,0.03503631372208815,0.03357928032311719,0.4609350264072418
data_059,1,0,0.004081321862742016,0.0,0.7741239666938782
data_059,0,0,0.0,0.06572115258416034,0.8700875043869019
data_059,0,0,0.021986633568051417,0.10369826038031427,0.46769484877586365
data_059,0,0,0.0,0.0,0.7033228874206543
data_059,0,0,0.017269406723897873,0.02045232675785158,0.7176432609558105
data_060,0,1,0.0,0.0,0.0
data_060,0,1,0.0,0.0,0.0
data_060,0,1,0.0,0.0,0.0
data_060,0,1,0.0,0.0,0.0
data_060,0,0,0.0,0.009317068629204783,0.6985884308815002
data_060,0,0,0.0,0.22142392098206187,0.5980408191680908
data_060,0,0,0.0,0.0,0.6754797697067261
data_060,0,0,0.0,0.11353930216731811,0.8025565147399902
data_060,0,0,0.0,0.1291784800016984,0.605954110622406
data_060,0,0,0.01954177810324964,0.023414711531351884,0.8370398283004761
data_060,0,0,0.0,0.03411792184587625,0.8370398283004761
data_060,0,0,0.0,0.11436899121787292,0.5738003253936768
data_060,0,0,0.0,0.0,0.8025565147399902
data_060,0,0,0.013481417625662573,0.0038595790036524136,0.6754797697067261
data_060,1,0,0.09658668136304271,0.10817623846909186,0.5279806852340698
data_060,1,0,0.012752657611851959,0.08266410023605175,0.7583723664283752
data_060,0,0,0.08923102273125494,0.12371124804156253,0.6233235001564026
data_060,0,0,0.003993838741536138,0.06382436980986839,0.7583723664283752
data_060,0,0,0.0016844838346052882,0.13789077001280248,0.6476669907569885
data_061,0,1,0.0,0.0,0.0
data_061,0,1,0.0,0.0,0.0
data_061,0,1,0.0,0.0,0.0
data_061,1,1,0.0,0.0,0.0
data_061,0,0,0.0,0.04477099316700617,0.4966695308685303
data_061,0,0,0.0,0.23766639982711446,0.5282608866691589
data_061,0,0,0.0,0.09843041607281222,0.39060017466545105
data_061,0,0,0.0,0.0829360122579672,0.5996062159538269
data_061,0,0,0.0,0.0,0.6160244941711426
data_061,0,0,0.0,0.14998705788739564,0.4472235143184662
data_061,0,0,0.0,0.06845847860262211,0.624799907207489
data_061,0,0,0.0,0.020903282332390916,0.6150287985801697
data_061,0,0,0.0,0.0,0.4966695308685303
data_061,0,0,0.024057722249402502,0.011466132230204096,0.6447239518165588
data_061,0,0,0.041843056971089254,0.060581370641083154,0.6199092268943787
data_061,0,0,0.0,0.05725479999562033,0.4897371232509613
data_061,0,0,0.0,0.0,0.624799907207489
data_061,0,0,0.06908887810579856,0.0,0.6072653532028198
data_061,0,0,0.0,0.16277042887941207,0.6447239518165588
data_061,0,0,0.0,0.0,0.6160244941711426
data_062,0,1,0.0,0.0,0.0
data_062,0,1,0.0,0.0,0.0
data_062,0,1,0.0,0.0,0.0
data_062,0,0,0.0,0.07900617755212203,0.33247804641723633
data_062,1,0,0.0011935821958104498,0.11524672249866441,0.725963830947876
data_062,1,0,0.018066389566968155,0.21380903308103427,0.8435275554656982
data_062,0,0,0.0,0.0636802558015015,0.30772364139556885
data_062,0,0,0.03917049264327943,0.0,0.725963830947876
data_062,0,0,0.017673497661389703,0.10960604437797272,0.6210432052612305
data_062,0,0,0.08143274443975201,0.07979176058831783,0.596143364906311
data_062,0,0,0.0,0.056902502282554224,0.5872283577919006
data_062,0,0,0.0,0.18404900190891915,0.5872283577919006
data_062,0,0,0.0,0.0492751771254234,0.7631331086158752
data_062,0,0,0.0,0.08504740804655597,0.5556086301803589
data_062,0,0,0.027934105175457802,0.03213532962682564,0.5347722768783569
data_062,0,0,0.04689359329654508,0.05387217366403618,0.5767207145690918
data_062,1,0,0.13588024811184596,0.10444438582518067,0.7631331086158752
data_062,0,0,0.0,0.01911057925902071,0.6866070032119751
data_062,0,0,0.0,0.16710043759633209,0.7076137661933899
data_062,0,0,0.0,0.16050818652887244,0.8042969107627869
data_062,0,0,0.0,0.021637170409309903,0.8435275554656982
data_062,0,0,0.0,0.00387965031326587,0.5180869102478027
data_062,0,0,0.10743551180172162,0.06387047444105676,0.8042969107627869
data_063,0,1,0.0,0.0,0.0
data_063,1,1,0.0,0.0,0.0
data_063,0,1,0.0,0.0,0.0
data_063,0,0,0.0,0.1061820243612388,0.7130252718925476
data_063,0,0,0.0,0.14006991999700347,0.5990431308746338
data_063,0,0,0.0,0.08972462938839953,0.6482275128364563
data_063,0,0,0.0,0.1025106280181376,0.6037043929100037
data_063,0,0,0.1192922602505746,0.0,0.7698221206665039
data_063,0,0,0.0,0.023276395446671927,0.6660557389259338
data_063,0,0,0.0012870003031437705,0.03419952008478333,0.7405621409416199
data_063,0,0,0.0,0.0,0.7698221206665039
data_063,0,0,0.0,0.09796012766177142,0.6543552279472351
data_063,0,0,0.0,0.0501973363200392,0.6215837001800537
data_063,0,0,0.0,0.0,0.558026134967804
data_063,0,0,0.0,0.07353452764156287,0.6767770648002625
data_063,0,0,0.0,0.14680101242630172,0.6733734011650085
data_063,0,0,0.0,0.037792819265973776,0.4224763810634613
data_063,1,0,0.09855770021100341,0.0,0.6370424032211304
data_063,1,0,0.018248217383920462,0.0,0.6215837001800537
data_064,0,1,0.0,0.0,0.0
data_064,0,1,0.0,0.0,0.0
data_064,1,1,0.0,0.0,0.0
data_064,0,1,0.0,0.0,0.0
data_064,0,0,0.0,0.1675445410143226,0.8433705568313599
data_064,0,0,0.0,0.22991754408500142,0.6046909689903259
data_064,0,0,0.0,0.04495776051870237,0.7115281224250793
data_064,0,0,0.0,0.0,0.4268052577972412
data_064,0,0,0.0,0.09293846387583216,0.4320586025714874
data_064,1,0,0.0,0.02551360505794875,0.8586633801460266
data_064,0,0,0.0,0.03739726517124531,0.4832412600517273
data_064,0,0,0.0,0.08138733303810497,0.5368680953979492
data_064,0,0,0.010522667880081826,0.22211299187650013,0.8586633801460266
data_064,0,0,0.0,0.10699668494957848,0.4392659664154053
data_064,0,0,0.0,0.18117148987781206,0.7935721278190613
data_064,0,0,0.0,0.00498583168064215,0.7457373142242432
data_064,0,0,0.11004220077069249,0.0,0.7566524744033813
data_064,1,0,0.21020376925329032,0.040584445746794984,0.7243508696556091
data_064,0,0,0.0,0.06723414355359836,0.6675174832344055
data_064,0,0,0.0,0.06926340165918177,0.4192160964012146
data_064,0,0,0.0,0.018030185633804763,0.5837835073471069
data_064,0,0,0.0,0.12889733442157514,0.5189677476882935
data_065,0,1,0.0,0.0,0.0
data_065,0,1,0.0,0.0,0.0
data_065,0,1,0.0,0.0,0.0
data_065,0,0,0.0,0.03938056821454339,0.5252167582511902
data_065,1,0,0.03183757382085872,0.03183757382085872,0.5404780507087708
data_065,0,0,0.059608191005063205,0.0,0.6551664471626282
data_065,0,1,0.0,0.0,0.0
data_065,0,1,0.0,0.0,0.0
data_065,1,1,0.0,0.0,0.0
data_065,0,0,0.09800463750548971,0.10172568017322803,0.7704102396965027
data_065,1,0,0.04051023905729956,0.04051023905729956,0.544164776802063
data_065,0,0,0.0,0.0,0.4730668365955353
data_065,0,0,0.0,0.0,0.528415858745575
data_065,1,0,0.0,0.07087884269671463,0.5669494271278381
data_065,0,0,0.0,0.13407136991329693,0.7704102396965027
data_065,0,0,0.0,0.0,0.7308378219604492
data_065,1,0,0.0,0.0,0.6551664471626282
data_065,0,0,0.02363799120102783,0.056892468072042846,0.7308378219604492
data_065,1,0,0.05473629616883713,0.05702707504745774,0.6460695862770081
data_065,1,0,0.017278437425947146,0.061241969801955065,0.6127196550369263
data_066,0,1,0.0,0.0,0.0
data_066,0,1,0.0,0.0,0.0
data_066,0,1,0.0,0.0,0.0
data_066,1,1,0.0,0.0,0.0
data_066,1,1,0.0,0.0,0.0
data_066,0,0,0.007880988316060211,0.06379199688009152,0.6289172768592834
data_066,0,0,0.0,0.0,0.6505715250968933
data_066,1,0,0.0511528391604088,0.0714455491696242,0.7356231808662415
data_066,1,0,0.025549196671878605,0.060956584346534726,0.7050315737724304
data_066,0,0,0.0,0.11290762233501184,0.6289172768592834
data_066,0,0,0.0,0.0887697612527436,0.7389540672302246
data_066,1,0,0.0,0.10729354979460837,0.8341840505599976
data_066,0,0,0.0,0.04353419378099943,0.7222155332565308
data_066,0,0,0.01573285887399578,0.06189021745694845,0.6288801431655884
data_066,0,0,0.07662200494660709,0.06294616306273682,0.7356231808662415
data_066,1,0,0.0,0.0,0.8341840505599976
data_066,1,0,0.034848555860641284,0.023633531807565333,0.5646028518676758
data_066,0,0,0.0,0.16185954780823053,0.7097919583320618
data_066,0,0,0.010272614653267453,0.065983697596522,0.6288801431655884
data_066,1,0,0.0,0.007842679143280407,0.7389540672302246
data_066,0,0,0.0,0.0668315707767988,0.5883269906044006
data_067,0,1,0.0,0.0,0.0
data_067,0,1,0.0,0.0,0.0
data_067,0,1,0.0,0.0,0.0
data_067,0,1,0.0,0.0,0.0
data_067,0,0,0.0,0.11553793701874682,0.581520140171051
data_067,0,0,0.0,0.09152024773913325,0.7524848580360413
data_067,0,0,0.0,0.0,0.6020804047584534
data_067,0,0,0.0,0.16287220853761397,0.8215640187263489
data_067,0,0,0.0,0.1599508894338264,0.5980936288833618
data_067,0,0,0.03959582098592307,0.050767089081425354,0.6560104489326477
data_067,0,0,0.013245857117613724,0.05335928853269145,0.5632014870643616
data_067,0,0,0.0,0.012625635279768233,0.7003825902938843
data_067,0,0,0.04147493722205553,0.0,0.8281295299530029
data_067,0,0,0.08227989173585115,0.0,0.6493366360664368
data_067,0,0,0.19314115660759867,0.038983583129308386,0.8215640187263489
data_067,0,0,0.10021397941474675,0.0,0.8281295299530029
data_067,0,0,0.0,0.13364675302275586,0.591997504234314
data_067,1,0,0.06307345381845764,0.05913072703982891,0.6560104489326477
data_067,0,0,0.01867012711102234,0.2362633959568612,0.6867530345916748
data_067,0,0,0.0,0.15794954812521667,0.7524848580360413
data_067,0,0,0.0,0.15886284864353684,0.6090156435966492
data_068,0,1,0.0,0.0,0.0
data_068,0,1,0.0,0.0,0.0
data_068,0,0,0.0,0.06423869637558255,0.7596185207366943
data_068,0,0,0.0,0.05241703709792134,0.6006127595901489
data_068,0,0,0.0,0.0,0.541790246963501
data_068,0,0,0.0,0.0,0.5780198574066162
data_068,0,0,0.0,0.1516126470059902,0.8573181629180908
data_068,0,0,0.0,0.05066774249732475,0.6087378859519958
data_068,0,0,0.0,0.09411191398453411,0.5716786980628967
data_068,0,0,0.0,0.029782030443016083,0.6559398770332336
data_068,0,0,0.07650224869802003,0.13118718564596676,0.7596185207366943
data_068,0,0,0.0,0.1988986493063294,0.6131308674812317
data_068,1,0,0.0,0.08277302299312339,0.6283265352249146
data_068,0,0,0.004584015796027074,0.07920933407902453,0.630395770072937
data_068,0,0,0.0,0.12854402195921466,0.5887612104415894
data_068,0,0,0.0,0.11411605424359195,0.541572630405426
data_068,1,0,0.0,0.009019675143118633,0.5885793566703796
data_068,0,0,0.0,0.03861730055182733,0.6087378859519958
data_068,0,0,0.0,0.26752686165871253,0.5432908535003662
data_068,0,0,0.0,0.08486949400372623,0.8573181629180908
data_068,0,0,0.0,0.0903773849928875,0.6057836413383484
data_068,0,0,0.03772720244413108,0.1049414547798051,0.37325334548950195
data_068,0,0,0.0,0.2201827646042549,0.42479631304740906
data_068,0,0,0.06898254829241068,0.07350224469292499,0.6876382827758789
data_069,0,1,0.0,0.0,0.0
data_069,0,1,0.0,0.0,0.0
data_069,0,1,0.0,0.0,0.0
data_069,0,0,0.0,0.03188458568900998,0.6852743625640869
data_069,1,0,0.0,0.06508230436315898,0.6825762391090393
data_069,0,0,0.0,0.20012731340578682,0.633922815322876
data_069,0,0,0.0,0.0,0.7336606383323669
data_069,0,0,0.0,0.18576360467710273,0.5043495893478394
data_069,0,0,0.0,0.0,0.38946470618247986
data_069,0,0,0.0,0.04507984588915548,0.6718413829803467
data_069,0,0,0.0,0.06280320680595253,0.7200628519058228
data_069,0,0,0.0,0.010532690052288629,0.48714208602905273
data_069,0,0,0.003712928605242638,0.07912053594949953,0.7477295994758606
data_069,0,0,0.0,0.0,0.45056745409965515
data_069,0,0,0.0,0.06987697139591376,0.6718413829803467
data_069,0,0,0.022005714605903393,0.031607549021934744,0.6547828316688538
data_069,0,0,0.0,0.165433733718082,0.6791409254074097
data_069,0,0,0.05166452198936966,0.19541840625774043,0.7477295994758606
data_069,0,0,0.0,0.0,0.4441385269165039
data_069,0,0,0.0,0.0,0.5166916847229004
data_069,0,0,0.0,0.04262130530526065,0.6950710415840149
data_069,0,0,0.01588704912521166,0.0,0.633922815322876
data_070,0,0,0.09415790623200238,0.0424096403877563,0.49517446756362915
data_070,0,0,0.4104025859094973,0.0,0.6967644095420837
data_070,0,0,0.2919254275643546,0.017483922366100302,0.7536088824272156
data_070,0,1,0.0,0.0,0.0
data_070,0,1,0.0,0.0,0.0
data_070,1,1,0.0,0.0,0.0
data_070,0,0,0.0,0.0672617135576381,0.6790663599967957
data_070,0,0,0.0,0.05184120108712165,0.705312192440033
data_070,0,0,0.0,0.08452835859358743,0.6714632511138916
data_070,0,0,0.0,0.03940802581053049,0.7536088824272156
data_070,0,0,0.0,0.09898086194956335,0.6289728879928589
data_070,0,0,0.0,0.49199495145530747,0.6772266626358032
data_070,0,0,0.0,0.06493498176158852,0.6289728879928589
data_070,0,0,0.0,0.0,0.5525631904602051
data_070,0,0,0.026096202110096556,0.051407800547139004,0.6772266626358032
data_070,0,0,0.0,0.27106317606946195,0.638334333896637
data_070,0,0,0.0,0.16082669117807136,0.5301437377929688
data_070,0,0,0.0,0.16448733922971748,0.497792512178421
data_070,0,0,0.0,0.32616120636499435,0.705312192440033
data_070,0,0,0.0,0.0979111268523134,0.5695057511329651
data_070,0,0,0.0,0.07716000655297872,0.387125164270401
data_071,0,1,0.0,0.0,0.0
data_071,0,1,0.0,0.0,0.0
data_071,0,1,0.0,0.0,0.0
data_071,0,1,0.0,0.0,0.0
data_071,0,0,0.0,0.07856061810741899,0.31051456928253174
data_071,0,0,0.0,0.0,0.47425058484077454
data_071,0,0,0.0,0.026302632411290716,0.508354127407074
data_071,0,0,0.0,0.06845603516172716,0.40056368708610535
data_071,0,0,0.0015818149708479723,0.07528122229475187,0.6678320169448853
data_071,1,0,0.08988716179976208,0.07182758361194885,0.7827386260032654
data_071,0,0,0.0,0.0,0.5294956564903259
data_071,0,0,0.0,0.10321463976793055,0.63254714012146
data_071,0,0,0.0,0.03295254562296179,0.6501060724258423
data_071,0,0,0.0,0.1401191927487595,0.47014525532722473
data_071,0,0,0.0,0.14150956020175798,0.5744621157646179
data_071,0,0,0.0,0.0,0.696119487285614
data_071,0,0,0.0,0.02484027219114182,0.6501060724258423
data_071,0,0,0.0,0.0,0.508354127407074
data_071,0,0,0.0,0.055627804612619514,0.7827386260032654
data_071,0,0,0.03967055011315779,0.04506210787553755,0.6678320169448853
data_072,0,1,0.0,0.0,0.0
data_072,0,1,0.0,0.0,0.0
data_072,0,1,0.0,0.0,0.0
data_072,0,0,0.0,0.0,0.6905055642127991
data_072,0,0,0.0,0.03218575032573057,0.7196311950683594
data_072,0,0,0.0,0.13339868942153288,0.5941901803016663
data_072,0,0,0.0,0.10014495739637397,0.5836064219474792
data_072,0,0,0.0,0.0,0.5587232708930969
data_072,0,0,0.022595501645142235,0.0,0.6905055642127991
data_072,0,0,0.0,0.04221157007151177,0.3587312698364258
data_072,0,0,0.0,0.11883155839898762,0.5563993453979492
data_072,0,0,0.0,0.12391271109617463,0.6004658341407776
data_072,0,0,0.0,0.09299959574741479,0.525218665599823
data_072,0,0,0.0,0.006086010418812293,0.7196311950683594
data_072,0,0,0.0,0.0,0.5686643123626709
data_072,0,0,0.0,0.17806788077386493,0.5022225379943848
data_072,0,0,0.0,0.16928907955575312,0.46671611070632935
data_072,0,0,0.0,0.09844419865243736,0.6997477412223816
data_072,0,0,0.0,0.05996596730453163,0.7097635269165039
data_072,0,0,0.0,0.09863360583925385,0.5836064219474792
data_072,0,0,0.0,0.1246643187430081,0.4701758325099945
data_072,0,0,0.0,0.0,0.6068716645240784
data_072,0,0,0.0,0.08972161720748772,0.6173279285430908
data_073,0,1,0.0,0.0,0.0
data_073,1,1,0.0,0.0,0.0
data_073,1,0,0.05769572015717017,0.0,0.7788102626800537
data_073,0,0,0.0,0.01149589239348714,0.815427839756012
data_073,0,0,0.0,0.024361143126796492,0.7193528413772583
data_073,0,0,0.07887562476555843,0.28290553698376186,1.000000238418579
data_073,0,0,0.0,0.13081711970091447,0.5085280537605286
data_073,0,0,0.01613485090834743,0.09691831557128339,0.6582337021827698
data_073,0,0,0.20946411904579065,0.0997518909459103,1.000000238418579
data_073,0,0,0.0,0.03306651707651653,0.815427839756012
data_073,0,0,0.0,0.0,0.6893090605735779
data_073,0,0,0.0,0.0,0.7210332155227661
data_073,0,0,0.0,0.0874480095741248,0.7791016697883606
data_073,0,0,0.0,0.08559709741853183,0.6893090605735779
data_073,0,0,0.0,0.03168232502278556,0.7087719440460205
data_073,0,0,0.021551910448607714,0.021551910448607714,0.7465407848358154
data_073,0,0,0.05346038936187014,0.01585658341035412,0.7791016697883606
data_073,0,0,0.07363631284233207,0.07621347163910741,0.7489261627197266
data_073,0,0,0.011883442587802051,0.011164489278179701,0.7465407848358154
data_073,0,0,0.0,0.1709514278847024,0.7285951972007751
data_073,0,0,0.0,0.14457206654353172,0.7358453273773193
data_073,0,0,0.0,0.02189605140971196,0.7285951972007751
data_073,1,0,0.14165290956933418,0.0,0.9849401116371155
data_074,0,1,0.0,0.0,0.0
data_074,1,1,0.0,0.0,0.0
data_074,0,0,0.0,0.037857044981219445,0.5477226972579956
data_074,0,0,0.0,0.0,0.5752078294754028
data_074,0,0,0.0,0.12424292221582789,0.6815998554229736
data_074,0,0,0.0,0.0,0.5788944363594055
data_074,0,0,0.0024590126634116416,0.05985672417480714,0.6714054346084595
data_074,0,0,0.0,0.09854024465628797,0.8533689975738525
data_074,0,0,0.01713657643280797,0.08038064275440959,0.7017514109611511
data_074,0,0,0.0,0.02296058430237835,0.3897450566291809
data_074,0,0,0.029203760948057322,0.014975367075955148,0.6043616533279419
data_074,0,1,0.0,0.0,0.0
data_074,0,1,0.0,0.0,0.0
data_074,0,1,0.0,0.0,0.0
data_074,1,1,0.0,0.0,0.0
data_074,1,1,0.0,0.0,0.0
data_074,1,1,0.0,0.0,0.0
data_074,0,0,0.0,0.1591020100618028,0.5233953595161438
data_074,0,0,0.0,0.13949120663262704,0.5805914402008057
data_074,0,0,0.0,0.10721534018151146,0.5813499093055725
data_074,0,0,0.0,0.21967172124922385,0.5365726947784424
data_074,0,0,0.0,0.15869157821464341,0.6815998554229736
data_074,0,0,0.0,0.0,0.5788944363594055
data_074,0,0,0.0,0.12577386876620267,0.7708761692047119
data_074,0,0,0.0,0.061050280204209884,0.8533689975738525
data_074,0,0,0.0018463614877219925,0.09888950371353644,0.6058964729309082
data_074,0,0,0.0,0.11105345143822021,0.6714054346084595
data_074,0,0,0.0,0.00520275707950546,0.6729193925857544
data_074,0,0,0.0,0.09311881675464484,0.5376886129379272
data_074,0,0,0.012160330039627354,0.06501384809799049,0.7708761692047119
data_074,0,0,0.0,0.11792217055430498,0.5752078294754028
data_074,0,0,0.010990032862991939,0.008984645935143476,0.6508922576904297
data_074,0,0,0.1504211903439696,0.10570103490567817,0.6618071794509888
data_075,0,1,0.0,0.0,0.0
data_075,0,0,0.0,0.06806960369938153,0.6897936463356018
data_075,0,0,0.00561219892490783,0.06080959961522581,0.7560570240020752
data_075,0,0,0.020986643914763903,0.014150439493295863,0.7356006503105164
data_075,0,0,0.0,0.04878427794622908,0.7629369497299194
data_075,0,0,0.0,0.0,0.7560570240020752
data_075,0,0,0.01773666359877879,0.11911182656935182,0.6466155648231506
data_075,0,0,0.00822335936486951,0.007037955544753061,0.7546721696853638
data_075,0,0,0.0,0.08649058025585532,0.7234159708023071
data_075,0,0,0.0,0.1272159580783807,0.6847071647644043
data_075,0,0,0.0,0.0,0.7629369497299194
data_075,0,0,0.0,0.10243945479687966,0.7219409942626953
data_075,0,0,0.09268076248097046,0.1342657642563161,0.7011554837226868
data_075,0,0,0.0,0.1236141521768852,0.5944004654884338
data_075,0,0,0.0,0.0,0.6319818496704102
data_075,0,0,0.09287986292782335,0.09112697505901579,0.8448020219802856
data_075,0,0,0.04147829209397713,0.06139753403386905,0.7621568441390991
data_075,0,0,0.05675434770422072,0.09915999266708297,0.6704755425453186
data_075,0,0,0.04048099614449541,0.0,0.7132803201675415
data_075,0,0,0.0,0.0,0.7219409942626953
data_075,0,0,0.012170284557740274,0.16875824859176447,0.7012288570404053
data_075,0,0,0.0,0.04013309399860887,0.7234159708023071
data_075,0,0,0.021276362004321925,0.013030375278741957,0.7621568441390991
data_075,0,0,0.005106300100674588,0.06715328433537593,0.5665410161018372
data_075,1,0,0.0,0.08326661924446288,0.4718049466609955
data_075,0,0,0.0,0.08246218690342033,0.663101851940155
data_075,0,0,0.051983621276409764,0.17958535671788134,0.8448020219802856
data_075,0,0,0.0,0.08883947573488982,0.7429600358009338
data_075,0,0,0.0,0.13639291948943466,0.6936299204826355
data_075,0,0,0.03782975668634947,0.023812436830894512,0.6244925260543823
data_076,0,1,0.0,0.0,0.0
data_076,0,1,0.0,0.0,0.0
data_076,0,0,0.0,0.22574469663120134,0.7013575434684753
data_076,0,0,0.0,0.109449590074437,0.838257372379303
data_076,0,0,0.0,0.09457381857905034,0.6006381511688232
data_076,0,0,0.0,0.0692102862110886,0.7825822234153748
data_076,0,0,0.0,0.08907938515135072,0.7681634426116943
data_076,0,0,0.0,0.04751997151180376,0.9010283350944519
data_076,0,0,0.0,0.0,0.7681634426116943
data_076,0,0,0.0,0.05171185701773595,0.6260761618614197
data_076,0,0,0.0,0.0774689655208789,0.6611267924308777
data_076,0,0,0.02115793728199833,0.01713128769959127,0.6621770858764648
data_076,0,0,0.0,0.08403169464642701,0.5979312658309937
data_076,0,0,0.0,0.0,0.8264761567115784
data_076,0,0,0.0,0.11927274741265137,0.5790037512779236
data_076,0,0,0.0333213000897441,0.0,0.6077098250389099
data_076,0,0,0.030596126377748334,0.02408117215765948,0.5788077712059021
data_076,0,0,0.0012536806876468631,0.0,0.838257372379303
data_076,0,0,0.0036979294762566894,0.07350026959615974,0.6006381511688232
data_076,0,0,0.0,0.017381151079881363,0.9010283350944519
data_076,0,0,0.0024055707835302087,0.18016954206227354,0.7013575434684753
data_077,0,1,0.0,0.0,0.0
data_077,0,1,0.0,0.0,0.0
data_077,0,1,0.0,0.0,0.0
data_077,1,1,0.0,0.0,0.0
data_077,0,1,0.0,0.0,0.0
data_077,0,0,0.0032408821493348228,0.0,0.7552894353866577
data_077,0,0,0.0,0.014248759820134183,0.7202867269515991
data_077,0,0,0.0,0.20492769710447334,0.6088301539421082
data_077,0,0,0.0,0.08590066342194902,0.6120526194572449
data_077,0,0,0.0,0.08355860664248382,0.6648736596107483
data_077,1,0,0.028406607951311003,0.02813380945707422,0.5275469422340393
data_077,0,0,0.0,0.10562069159709608,0.5007381439208984
data_077,0,0,0.0,0.10607960577537767,0.7202867269515991
data_077,0,0,0.0,0.11315658718736188,0.577918529510498
data_077,0,0,0.0,0.11047405991994452,0.6391231417655945
data_077,0,0,0.03576665532136403,0.0,0.6856105923652649
data_077,0,0,0.044272010171155785,0.04337722477841055,0.6523069739341736
data_077,0,0,0.0,0.055927598449038385,0.6271961331367493
data_077,0,0,0.07312320411075035,0.0,0.7552894353866577
data_077,0,0,0.0,0.0,0.6325089335441589
data_078,0,0,0.4414319108199116,0.3821743565508129,0.7668226957321167
data_078,0,0,0.4650262610803181,0.4155345579877674,0.7487756609916687
data_078,0,0,0.28005397084451644,0.03629343107459704,0.5867030620574951
data_078,0,0,0.02435702509769655,0.02435702509769655,0.6714863181114197
data_078,0,0,0.0,0.26505967967482746,0.5302137136459351
data_078,1,0,0.0,0.0912997697511031,0.6539787650108337
data_078,0,0,0.06821712988583428,0.0,0.7563803791999817
data_078,0,0,0.0,0.0,0.5758805871009827
data_078,0,0,0.0,0.020032519719023867,0.6783061623573303
data_078,0,0,0.0,0.03133650130648569,0.31520402431488037
data_078,0,0,0.0,0.06596432114077544,0.7668226957321167
data_078,0,0,0.0,0.0,0.7563803791999817
data_078,0,0,0.0017394655154490124,0.0020871933086219485,0.6539787650108337
data_078,1,0,0.0,0.40796830642569715,0.595495879650116
data_078,0,0,0.04895552003794634,0.04893766591890625,0.5323414206504822
data_079,0,1,0.0,0.0,0.0
data_079,0,1,0.0,0.0,0.0
data_079,1,0,0.0,0.06035629768950557,0.5817422866821289
data_079,0,0,0.0,0.07051573663966693,0.6494536995887756
data_079,0,0,0.0,0.12184193128694787,0.6147406101226807
data_079,0,0,0.0,0.0,0.6382355093955994
data_079,0,0,0.0,0.0,0.5684180855751038
data_079,0,0,0.0,0.057995913036013036,0.6878517270088196
data_079,0,0,0.0,0.08518902765072056,0.6813768148422241
data_079,0,0,0.0,0.06387802857025804,0.8061303496360779
data_079,0,0,0.0,0.008499889306278874,0.7206383943557739
data_079,0,0,0.0,0.0869649982633991,0.440706342458725
data_079,0,0,0.05040853693066083,0.03973114855450177,0.6147406101226807
data_079,0,0,0.030948894961202456,0.011595793072032734,0.8061303496360779
data_079,0,0,0.0,0.1251759019750267,0.7206383943557739
data_079,0,0,0.0,0.12019116497919313,0.6360788345336914
data_079,0,0,0.0,0.08532627143218718,0.26576074957847595
data_079,0,0,0.025295004483794514,0.032860345572657934,0.689800500869751
data_080,0,1,0.0,0.0,0.0
data_080,0,1,0.0,0.0,0.0
data_080,0,1,0.0,0.0,0.0
data_080,0,0,0.055142267919094934,0.039139652564344374,0.9197000861167908
data_080,1,0,0.052689507110358136,0.08807701399387469,0.7705948352813721
data_080,0,0,0.0,0.0,0.6399633288383484
data_080,0,0,0.0,0.06089500759564004,0.6481528282165527
data_080,1,0,0.031452502925439774,0.06431102668476285,0.9216960668563843
data_080,0,0,0.0,0.0,0.7027879357337952
data_080,0,0,0.11121268549837282,0.11773897498838437,0.8628401756286621
data_080,0,0,0.0,0.03601782527775654,0.6006272435188293
data_080,0,0,0.0,0.1335849580401458,0.6902437806129456
data_080,0,0,0.0,0.023639651598468703,0.5681028366088867
data_080,0,0,0.052248454318259974,0.0,0.6775508522987366
data_080,0,0,0.0,0.03469260578214062,0.7149041891098022
data_080,0,0,0.05275160672749735,0.028161913623172552,0.5754179954528809
data_080,0,0,0.017601918793495486,0.060985456800629834,0.7474042773246765
data_080,0,0,0.0,0.10293784464398215,0.6406576037406921
data_080,0,0,0.0,0.1635554957310532,0.8420575857162476
data_080,0,0,0.0,0.045235188015425365,0.7803159356117249
data_080,0,0,0.0,0.0,0.708729088306427
data_080,0,0,0.0,0.06109350360032906,0.5966166257858276
data_080,0,0,0.0,0.20445014545464524,0.8628401756286621
data_080,0,0,0.0,0.13258547548591082,0.7584345936775208
data_080,0,0,0.08319362543196007,0.19048280360080838,0.8148837685585022
data_080,0,0,0.05089928300834856,0.0354059965742195,0.9216960668563843
data_080,0,0,0.0,0.09426322993652292,0.6785451173782349
data_080,1,0,0.0,0.0,0.6530650854110718
data_080,0,0,0.0,0.22418421224232077,0.6406576037406921
data_080,0,0,0.0,0.12487095736774023,0.5064555406570435
data_080,0,0,0.0,0.09966311181123899,0.6619377136230469
data_081,0,1,0.0,0.0,0.0
data_081,0,1,0.0,0.0,0.0
data_081,0,0,0.0,0.1302194513638213,0.6002161502838135
data_081,0,0,0.06940352779616887,0.1532477691396572,0.7267952561378479
data_081,1,0,0.0498803739644913,0.04458980293521364,0.6899144649505615
data_081,0,0,0.0,0.061539986341673014,0.45785999298095703
data_081,0,0,0.0024587721494828685,0.045543628775192246,0.37892717123031616
data_081,1,0,0.015812673468133198,0.022667939547648785,0.5857886672019958
data_081,0,0,0.0,0.0,0.7823058366775513
data_081,0,0,0.037352775074754874,0.018867050990563072,0.7267952561378479
data_081,1,0,0.0,0.03548987449862295,0.6899144649505615
data_081,0,0,0.0,0.07906761083819802,0.5857886672019958
data_081,1,0,0.01884392284998171,0.15359510274454635,0.7823058366775513
data_081,0,0,0.0,0.13926629731543017,0.5153356790542603
data_081,0,0,0.0,0.09723972108601231,0.7041305303573608
data_081,0,0,0.015691083111171622,0.0,0.7041305303573608
data_081,0,0,0.03693444368981247,0.07595454662338774,0.5923219919204712
data_081,0,0,0.0,0.007046355601389109,0.5441598892211914
data_082,0,1,0.0,0.0,0.0
data_082,0,1,0.0,0.0,0.0
data_082,0,1,0.0,0.0,0.0
data_082,1,0,0.0205544849723438,0.0,0.6326156854629517
data_082,1,0,0.01464097907145856,0.07853063980614294,0.6738172173500061
data_082,0,0,0.0,0.0,0.7151324152946472
data_082,0,0,0.0,0.04592795021568463,0.795371949672699
data_082,0,0,0.0,0.0,0.8344302773475647
data_082,0,0,0.0,0.06670828447275312,0.7417019009590149
data_082,0,0,0.0,0.11662818212832349,0.7911242842674255
data_082,0,0,0.010115747481901138,0.06268692282966981,0.795371949672699
data_082,0,0,0.0,0.0,0.7270398139953613
data_082,0,0,0.0,0.0,0.8711927533149719
data_082,0,0,0.0925343503125795,0.07520478681479403,0.7176979780197144
data_082,0,0,0.1828856434502697,0.09829842097530772,0.8344302773475647
data_082,0,0,0.050871964759508614,0.052271696347219176,0.7911242842674255
data_082,0,0,8.779783806289743e-05,8.947933787339934e-05,0.6975902318954468
data_082,1,0,0.20349999989163692,0.13077724221930964,0.8711927533149719
data_083,0,1,0.0,0.0,0.0
data_083,0,1,0.0,0.0,0.0
data_083,0,1,0.0,0.0,0.0
data_083,0,1,0.0,0.0,0.0
data_083,0,1,0.0,0.0,0.0
data_083,0,0,0.0,0.0,0.7211644053459167
data_083,0,0,0.0,0.0,0.6064780354499817
data_083,1,0,0.01631198120319155,0.01631198120319155,0.7211644053459167
data_083,1,0,0.02253150582682295,0.02253150582682295,0.6064780354499817
data_084,0,1,0.0,0.0,0.0
data_084,0,1,0.0,0.0,0.0
data_084,0,1,0.0,0.0,0.0
data_084,0,1,0.0,0.0,0.0
data_084,0,1,0.0,0.0,0.0
data_084,0,0,0.0,0.11491946066590142,0.544471263885498
data_084,0,0,0.0,0.02956757106366581,0.8658559322357178
data_084,0,0,0.0,0.09720997966637057,0.652224063873291
data_084,0,0,0.00083659720886331,0.05119452528511559,0.6180709004402161
data_084,0,0,0.0,0.0,0.7098175287246704
data_084,1,0,0.03793711717696624,0.06917868377073688,0.6813144087791443
data_084,1,0,0.2249664325575793,0.11569264559422265,0.7504083514213562
data_084,1,0,0.057120715109213904,0.04890276000073612,0.6052337884902954
data_084,1,0,0.12409859214862706,0.0,0.7098175287246704
data_084,1,0,0.06604607963497244,0.024463844557288894,0.6990837454795837
data_084,0,0,0.0,0.23829565409610964,0.6490334868431091
data_084,0,0,0.0,0.0030933689511769558,0.7770967483520508
data_084,0,0,0.0,0.022725516938866264,0.6990686058998108
data_084,0,0,0.04017884508138536,0.03925734299967232,0.6782402396202087
data_084,0,0,0.0,0.04512616920593793,0.6215947866439819
data_084,0,0,0.0,0.12802015545250356,0.6826517581939697
data_084,0,0,0.023082268789679006,0.04563800725596323,0.7504083514213562
data_084,0,0,0.0050860422142804396,0.0,0.7204246520996094
data_084,0,0,0.03495792848631751,0.03495792848631751,0.7750526666641235
data_084,1,0,0.0,0.0,0.6882952451705933
data_084,0,0,0.0,0.05933216086436488,0.7075364589691162
data_084,1,0,0.03597756157751064,0.0,0.7368775010108948
data_084,0,0,0.04341228185023738,0.058807938562775774,0.8658559322357178
data_084,0,0,0.011793031822655564,0.01108779277168992,0.6215947866439819
data_084,1,0,0.05899689616626347,0.05371639826421415,0.7770967483520508
data_085,0,1,0.0,0.0,0.0
data_085,0,1,0.0,0.0,0.0
data_085,0,1,0.0,0.0,0.0
data_085,0,1,0.0,0.0,0.0
data_085,0,0,0.0,0.0,0.735673725605011
data_085,0,0,0.09766228993856174,0.09475806377075102,0.8535643815994263
data_085,0,0,0.0,0.09920155027589317,0.5561783313751221
data_085,0,0,0.00038278492075249915,0.0624442576707267,0.8733938932418823
data_085,0,0,0.0,0.005084572507474405,0.6389434337615967
data_085,0,0,0.0,0.047866409877315164,0.6902113556861877
data_085,0,0,0.04289807478809138,0.0,0.8733938932418823
data_085,0,0,0.0,0.11343117971896177,0.8971188068389893
data_085,0,0,0.0,0.0,0.47596463561058044
data_085,0,0,0.0,0.0,0.6389434337615967
data_085,0,0,0.0,0.046709096119855076,0.8670980930328369
data_085,0,0,0.031693384167418515,0.09021262271579644,0.6191842555999756
data_085,0,0,0.0,0.08923512628822294,0.8535643815994263
data_085,0,0,0.0,0.12570586623662194,0.847011923789978
data_085,0,0,0.0,0.0,0.7539538145065308
data_085,0,0,0.018950862692403092,0.01925186923203981,0.7517287731170654
data_085,0,0,0.0,0.07648012736805043,0.8670980930328369
data_085,0,0,0.04355116983759899,0.0335757682341864,0.8971188068389893
data_085,0,0,0.0,0.07148275172192342,0.5453280806541443
data_085,0,0,0.0,0.013090009662594326,0.8243728280067444
data_085,0,0,0.0,0.0,0.7034471035003662
data_085,0,0,0.0,0.1705242994561651,0.7702411413192749
data_085,0,0,0.0,0.1594336593930663,0.6478001475334167
data_085,0,0,0.0,0.0,0.7010564804077148
data_086,0,1,0.0,0.0,0.0
data_086,0,1,0.0,0.0,0.0
data_086,1,0,0.0,0.0811687996116035,0.6249768733978271
data_086,0,0,0.0,0.07205153999689173,0.7162706851959229
data_086,0,0,0.08145690036239017,0.0,0.6778007745742798
data_086,0,0,0.0,0.06672356844319438,0.6035691499710083
data_086,0,0,6.617214899939938e-05,0.0,0.6778007745742798
data_086,0,0,0.03375612155579688,0.0,0.7162706851959229
data_086,0,0,0.0,0.13067432221108177,0.5281552076339722
data_086,0,0,0.0,0.0706031117792758,0.4832386076450348
data_086,0,0,0.0,0.09878808127022687,0.5281552076339722
data_086,0,0,0.0,0.07582635707969843,0.5179085731506348
data_087,0,1,0.0,0.0,0.0
data_087,0,1,0.0,0.0,0.0
data_087,0,0,0.03885266228138562,0.024543891607748947,0.6191022396087646
data_087,0,0,0.10001492712382998,0.11790054244187331,0.8216111660003662
data_087,0,0,0.0,0.03654117905983334,0.4429946839809418
data_087,0,0,0.015178599800691472,0.16204490820106798,0.6191022396087646
data_087,0,0,0.0,0.0,0.4500477910041809
data_087,1,0,0.01564988465820427,0.017406419114474048,0.565316379070282
data_087,0,0,0.0,0.06574571031290866,0.4500477910041809
data_087,1,0,0.0,0.045804529627673674,0.7314704656600952
data_087,1,0,0.0,0.025732554208257596,0.5851575136184692
data_087,0,0,0.00511257050608549,0.00516093948217744,0.8152399063110352
data_087,0,0,0.012770177041751651,0.011686788015595084,0.6706408262252808
data_087,0,0,0.0036090639883354925,0.10165001488715575,0.6177030205726624
data_087,0,0,0.012076553231509024,0.02535738613133276,0.7517039775848389
data_087,0,0,0.04311190517494978,0.13380872687453405,0.8216111660003662
data_088,1,0,0.0265144911273012,0.0,0.8602977991104126
data_088,0,0,0.0,0.0,0.46520155668258667
data_088,0,0,0.0808505971087925,0.04433130275008779,0.612496018409729
data_088,0,0,0.07846271980773523,0.05890226493092854,0.5899799466133118
data_088,0,0,0.0,0.06425379440930357,0.6613990664482117
data_088,0,0,0.0,0.11993738145523736,0.5262138247489929
data_088,0,0,0.0,0.07286305426899276,0.699644923210144
data_088,0,0,0.0,0.060470120043504494,0.6051753759384155
data_088,0,0,0.0,0.09915232460857126,0.7804346084594727
data_088,0,0,0.003920302761841299,0.03294000493183091,0.6425498127937317
data_088,0,0,0.030554557558883033,0.0555267153425234,0.7977294921875
data_088,0,0,0.016182877081064362,0.05281971777841221,0.8602977991104126
data_088,0,0,0.0,0.1194126331751022,0.7804346084594727
data_088,1,0,0.0,0.05715236149726266,0.5214018225669861
data_088,0,0,0.0,0.13306515042268785,0.612496018409729
data_088,0,0,0.02719686535698429,0.01842949601718047,0.6426914930343628
data_088,0,0,0.0,0.08631386430316468,0.6963608264923096
data_089,0,1,0.0,0.0,0.0
data_089,0,1,0.0,0.0,0.0
data_089,0,1,0.0,0.0,0.0
data_089,0,1,0.0,0.0,0.0
data_089,0,0,0.0,0.13135420158535638,0.8023199439048767
data_089,0,0,0.0,0.0,0.615664005279541
data_089,0,0,0.0,0.05851481440078388,0.7171854972839355
data_089,0,0,0.0,0.11834046737326176,0.7374535202980042
data_089,0,0,0.0967603949844964,0.07507413556396614,0.8023199439048767
data_089,0,0,0.0,0.1700146055844698,0.7744019627571106
data_089,0,0,0.0,0.0,0.7693130970001221
data_089,0,0,0.0,0.10969713428723438,0.5020034313201904
data_089,0,0,0.0,0.0714045551545297,0.7374535202980042
data_089,0,0,0.03217592498091548,0.13878822085857223,0.7744019627571106
data_089,0,0,0.0,0.16411317689914284,0.7588194608688354
data_089,0,0,0.0,0.0071415390706457416,0.3213200569152832
data_089,0,0,0.0,0.14675133605339852,0.7693130970001221
data_089,0,0,0.0,0.09638147173941292,0.8155596852302551
data_089,0,0,0.0,0.08519430805481676,0.7460134625434875
data_089,0,0,0.0,0.0,0.7111651301383972
data_089,1,0,0.0,0.02231082188078304,0.8155596852302551
data_089,0,0,0.0,0.1323937455967794,0.7029552459716797
data_090,0,1,0.0,0.0,0.0
data_090,1,1,0.0,0.0,0.0
data_090,1,0,0.0,0.13651010438513822,0.674085259437561
data_090,0,0,0.03803578760422255,0.0864656788463094,0.6823580265045166
data_090,0,0,0.0,0.0,0.6641180515289307
data_090,0,0,0.0,0.10378502553339786,0.8916224241256714
data_090,0,0,0.0,0.07508737896078088,0.6518897414207458
data_090,0,0,0.0,0.20316573856577946,0.5602359175682068
data_090,0,0,0.2050350697065042,0.12558462474443743,0.8916224241256714
data_090,0,0,0.0,0.0,0.5826506018638611
data_090,0,0,0.015930236112183138,0.0,0.6641180515289307
data_090,0,0,0.08766666928291045,0.08930080873783197,0.7334092855453491
data_090,0,0,0.0,0.060160892923537546,0.4175642132759094
data_090,0,0,0.0,0.09893358577547673,0.5165247321128845
data_090,0,0,0.0,0.11688753872459046,0.4897831082344055
data_090,0,0,0.0,0.0,0.7334092855453491
data_090,0,0,0.05627985392361978,0.1353673212049955,0.6518897414207458
data_091,0,1,0.0,0.0,0.0
data_091,0,1,0.0,0.0,0.0
data_091,0,1,0.0,0.0,0.0
data_091,0,1,0.0,0.0,0.0
data_091,0,1,0.0,0.0,0.0
data_091,0,0,0.0,0.0,0.7366043925285339
data_091,0,0,0.0,0.21463638588205214,0.7759624123573303
data_091,1,0,0.0,0.1462840007812467,0.6206810474395752
data_091,0,0,0.0,0.0,0.7474981546401978
data_091,0,0,0.0,0.0,0.7128939628601074
data_091,0,0,0.0,0.06570641468102778,0.5977728366851807
data_091,0,0,0.0,0.03522786161928515,0.7474981546401978
data_091,0,0,0.0,0.09177067394317717,0.4909890592098236
data_091,0,0,0.03414494926898115,0.13110014273001802,0.5411966443061829
data_091,0,0,0.0,0.03736305748785185,0.5072341561317444
data_091,0,0,0.0,0.0844753964176661,0.6389595866203308
data_091,0,0,0.021321616851100345,0.03571386732694748,0.563543438911438
data_091,0,0,0.009782085373402083,0.00927550971944413,0.5314298272132874
data_091,0,0,0.0,0.07190925927652358,0.6389595866203308
data_091,0,0,0.0,0.09940462472446399,0.7759624123573303
data_091,0,0,0.0,0.08930173667582864,0.5294262170791626
data_091,0,0,0.04470740873528456,0.032464809377181325,0.7366043925285339
data_092,0,0,0.0,0.08696377518341336,0.7250699400901794
data_092,0,0,0.0,0.0,0.4873787760734558
data_092,0,0,0.0,0.22434724315326093,0.7755141854286194
data_092,0,0,0.0,0.10012652800179822,0.6069977879524231
data_092,0,0,0.0,0.0,0.5905010104179382
data_092,0,0,0.0,0.019759945505853693,0.7616625428199768
data_092,0,0,0.029581584593927346,0.0,0.498445987701416
data_092,1,0,0.13520162520167034,0.08764067424506905,0.7755141854286194
data_092,0,0,0.01151132083058215,0.022611284717289237,0.7616625428199768
data_092,0,0,0.0,0.011617654020664503,0.5967667698860168
data_092,0,0,0.0,0.24412188470478213,0.5356056690216064
data_092,0,0,0.0,0.16972894124795346,0.5690699219703674
data_092,0,0,0.0,0.13813393304616994,0.5860872864723206
data_092,0,0,0.0,0.0,0.5967667698860168
data_092,0,0,0.00157972913089921,0.028285609186788463,0.7250699400901794
data_092,0,0,0.0,0.028067627051896693,0.5328407287597656
data_093,0,1,0.0,0.0,0.0
data_093,0,1,0.0,0.0,0.0
data_093,0,0,0.0,0.0,0.7961063981056213
data_093,0,0,0.0,0.16607049251768657,0.5449047684669495
data_093,0,0,0.0,0.052328347255830465,0.7358430027961731
data_093,0,0,0.0,0.03806824558353128,0.7961063981056213
data_093,0,0,0.0,0.0524760744725441,0.5857164859771729
data_093,0,0,0.0,0.0,0.5572897791862488
data_093,0,0,0.0,0.0,0.7942832708358765
data_093,0,0,0.04484452947520978,0.0,0.7358430027961731
data_093,0,0,0.0,0.08191093067136279,0.7772105932235718
data_093,0,0,0.0,0.0,0.7942832708358765
data_093,0,0,0.0,0.036355229576425785,0.618687629699707
data_093,0,0,0.0,0.048060802010709835,0.7772105932235718
data_094,0,1,0.0,0.0,0.0
data_094,0,1,0.0,0.0,0.0
data_094,0,1,0.0,0.0,0.0
data_094,1,0,0.03859039784437357,0.045900334953117294,0.896705687046051
data_094,0,0,0.0,0.0,0.7605852484703064
data_094,0,0,0.0003061679388665084,0.1062097914216622,0.8609865307807922
data_094,0,0,0.0073704060741874855,0.08696047420261266,0.78216552734375
data_094,0,0,0.0,0.0,0.8666803240776062
data_094,0,0,0.0,0.0,0.8652814626693726
data_094,0,0,0.0,0.017815551864558188,0.575676679611206
data_094,0,0,0.0,0.024097841643932583,0.41854608058929443
data_094,1,0,0.0,0.047865375770054897,0.896705687046051
data_094,0,0,0.024379817822904215,0.024379817822904215,0.8652814626693726
data_094,0,0,0.0715619144958417,0.1713261923724687,0.5145607590675354
data_095,0,1,0.0,0.0,0.0
data_095,0,1,0.0,0.0,0.0
data_095,0,1,0.0,0.0,0.0
data_095,0,1,0.0,0.0,0.0
data_095,0,0,0.02928830886607159,0.06955753713140922,0.6571017503738403
data_095,0,0,0.0,0.011326103226451778,0.7187793254852295
data_095,0,0,0.009702216410673259,0.30567299922731905,0.7840516567230225
data_095,0,0,0.0,0.0,0.677888810634613
data_095,0,0,0.0,0.1309525486180405,0.554639458656311
data_095,0,0,0.0,0.0,0.5317370295524597
data_095,0,0,0.0,0.16350729684935672,0.5172093510627747
data_095,0,0,0.0,0.00883805830769191,0.7840516567230225
data_095,0,0,0.0,0.036330952795864846,0.5317370295524597
data_095,0,0,0.0,0.07558641712790859,0.8096221685409546
data_095,0,0,0.0,0.09298204432100121,0.41436004638671875
data_095,0,0,0.0,0.023690071444608662,0.7875605225563049
data_095,0,0,0.0,0.15507450787040966,0.5696539282798767
data_095,0,0,0.0,0.02482355301250294,0.5668585300445557
data_095,0,0,0.0,0.03016513947717847,0.6531079411506653
data_095,0,0,0.009719299274394189,0.0737418008721491,0.7790715098381042
data_095,0,0,0.0,0.19613144974913865,0.7875605225563049
data_095,0,0,0.0,0.1178754920164522,0.6403117179870605
data_095,0,0,0.0,0.06324857439659226,0.8096221685409546
data_096,0,1,0.0,0.0,0.0
data_096,0,1,0.0,0.0,0.0
data_096,0,1,0.0,0.0,0.0
data_096,0,0,0.04852200696234377,0.04852200696234377,0.8295941948890686
data_096,0,0,0.0,0.024112806198672843,0.7577806711196899
data_096,0,0,0.0,0.0719511375585391,0.6464760899543762
data_096,0,0,0.03523321257993928,0.01174924154014434,0.7750684022903442
data_096,0,0,0.0,0.04613863235825022,0.7883253693580627
data_096,0,0,0.0,0.0,0.778529167175293
data_096,0,0,0.0,0.06097305460832558,0.8356508016586304
data_096,0,0,0.014906815843922061,0.014906815843922061,0.8253901600837708
data_096,0,0,0.0,0.12149470213262958,0.839301347732544
data_096,0,0,0.04935561138783129,0.0732672901215281,0.7750684022903442
data_096,0,0,0.057548885006553974,0.0,0.778529167175293
data_096,1,0,0.009089968854187447,0.007812608933100762,0.4985204041004181
data_096,0,0,0.0,0.0,0.5337544083595276
data_096,0,0,0.0,0.11443943432871251,0.7977139949798584
data_096,0,0,0.10896463584657567,0.0,0.8356508016586304
data_096,0,0,0.0,0.13569216876767598,0.7159419655799866
data_096,0,0,0.016600077358738474,0.01895686572559896,0.8335490822792053
data_096,0,0,0.0,0.10394937843688723,0.839301347732544
data_097,1,1,0.0,0.0,0.0
data_097,0,1,0.0,0.0,0.0
data_097,1,1,0.0,0.0,0.0
data_097,1,1,0.0,0.0,0.0
data_097,0,0,0.0005532730409818498,0.0005214830064090847,0.664715051651001
data_097,0,0,0.0,0.04126094633243582,0.6764441728591919
data_097,0,0,0.0,0.04120042276190361,0.7406481504440308
data_097,1,0,0.029721896900156253,0.04167271479074941,0.5302222371101379
data_097,0,0,0.011465337706511036,0.0532639357404161,0.5614811778068542
data_097,1,0,0.057029835537804274,0.04727434379030626,0.7810549736022949
data_097,0,0,0.0,0.05431374407157108,0.6102319359779358
data_097,0,0,0.0,0.0765535945757847,0.6638333201408386
data_097,1,0,0.043354959531171744,0.01803225552364296,0.7810549736022949
data_097,1,0,0.0,0.04183812851020008,0.6764441728591919
data_097,1,0,0.11003859946541183,0.2028480843371483,0.56195068359375
data_097,0,0,0.0,0.12504950613250543,0.664715051651001
data_097,0,0,0.0,0.028533324726289777,0.49469268321990967
data_098,0,1,0.0,0.0,0.0
data_098,0,1,0.0,0.0,0.0
data_098,0,1,0.0,0.0,0.0
data_098,0,0,0.05900890900193545,0.16702747007848728,0.6614935994148254
data_098,0,0,0.0,0.11527598509802317,0.662505567073822
data_098,0,0,0.010408194825664907,0.016150937566578705,0.7690874338150024
data_098,0,0,0.0,0.054734425523072616,0.8060218095779419
data_098,0,0,0.0,0.11535260593248609,0.7164943218231201
data_098,0,0,0.0,0.09599817245577924,0.57839035987854
data_098,1,0,0.02931928530578176,0.07165960390747728,0.5813435316085815
data_098,0,0,0.0,0.0,0.65203458070755
data_098,0,0,0.0,0.026271598340031233,0.6228482127189636
data_098,0,0,0.0,0.02829774927587536,0.7690874338150024
data_098,0,0,0.06691139104253452,0.06691139104253452,0.6309663653373718
data_098,0,0,0.0,0.14096947991742326,0.7261329889297485
data_098,0,0,0.0,0.0,0.7261329889297485
data_098,0,0,0.0,0.22842574592501208,0.5391802787780762
data_098,0,0,0.0,0.0,0.5351881980895996
data_098,0,0,0.0,0.09931485791570793,0.8060218095779419
data_098,0,0,0.0018652992653134248,0.0,0.6614935994148254
data_098,0,0,0.0,0.056145457690249145,0.7715510725975037
data_098,0,0,0.0,0.1602364201894524,0.65203458070755
data_098,0,0,0.0,0.0,0.7164943218231201
data_098,0,0,0.0,0.14575573172328227,0.5439161062240601
data_098,0,0,0.0,0.08128199019125404,0.6273456811904907
data_099,0,1,0.0,0.0,0.0
data_099,1,1,0.0,0.0,0.0
data_099,0,0,0.0,0.12330632991272239,0.8147469162940979
data_099,0,0,0.014365044709219177,0.013434479743335004,0.8316486477851868
data_099,0,0,0.34011711152417945,0.1133055184318863,0.7633395195007324
data_099,0,0,0.3192242773913767,0.021257037544987867,0.8147469162940979
data_099,0,0,0.0,0.39143733275465387,0.7566296458244324
data_099,0,0,0.026111763352663075,0.3866466087831455,0.7034766674041748
data_099,0,0,0.0,0.32582494212733515,0.810526430606842
data_099,0,0,0.0,0.09261888195221246,0.7470885515213013
data_099,1,0,0.007773239766617479,0.008924180800342185,0.7633395195007324
data_099,1,0,0.06269323693659246,0.05172768055743049,0.7088797092437744
data_099,0,0,0.0,0.09949947316400198,0.6927101612091064
data_099,0,0,0.0,0.0,0.573174238204956
data_099,1,0,0.12071857217471305,0.008361448399217153,0.8316486477851868
data_100,0,1,0.0,0.0,0.0
data_100,1,1,0.0,0.0,0.0
data_100,1,1,0.0,0.0,0.0
data_100,0,0,0.010534339684831195,0.0,0.37737250328063965
data_100,0,0,0.0,0.1147330655662433,0.38387036323547363
data_100,0,0,0.0,0.12867700537866256,0.7531877756118774
data_100,0,0,0.0,0.11964148703016697,0.3957783281803131
data_100,0,0,0.0,0.0447994510797205,0.40123987197875977
data_100,0,0,0.0041149178280246446,0.0,0.6903188824653625
data_100,1,0,0.0,0.12412791016545555,0.611474871635437
data_100,0,0,0.0,0.12446098131718486,0.5385549664497375
data_100,0,0,0.0,0.13614438517732985,0.6608482599258423
data_100,0,0,0.0,0.09471481197948783,0.7400273680686951
data_100,0,0,0.0,0.13730722667081352,0.7531877756118774
data_100,0,0,0.0,0.07164842306140073,0.3808435797691345
data_100,1,0,0.0,0.020822680205565547,0.7400273680686951
data_100,0,0,0.0,0.29184219158393354,0.5398638844490051
data_100,0,0,0.0,0.13077309782763002,0.6002442836761475
data_100,0,0,0.0,0.13331668538194208,0.6903188824653625
data_100,0,0,0.0,0.17821452864035336,0.5465548634529114
data_100,0,0,0.0,0.0,0.452097088098526
data_100,0,1,0.0,0.0,0.0
data_100,0,1,0.0,0.0,0.0
data_101,0,0,0.0,0.04856926463126854,0.6083883047103882
data_101,0,0,0.0,0.19346042310798417,0.6892054677009583
data_101,0,0,0.008874454146564403,0.0509852243959692,0.7052415013313293
data_101,0,0,0.0,0.0,0.6924763321876526
data_101,0,0,0.0,0.09789114364322415,0.5709737539291382
data_101,0,0,0.0,0.13852036815311664,0.49061599373817444
data_101,0,0,0.0,0.11838512003869539,0.5079514980316162
data_101,0,0,0.0,0.0,0.7924625277519226
data_101,0,0,0.0,0.2689164920783824,0.471408486366272
data_101,1,0,0.0,0.09834839964041997,0.5118812322616577
data_101,0,0,0.05988956493456499,0.15997365080723114,0.697906494140625
data_101,0,0,0.0,0.04975159436997956,0.7256190776824951
data_101,0,0,0.0,0.0,0.5118812322616577
data_101,0,0,0.0,0.043540840945944126,0.6676832437515259
data_101,1,0,0.04475035173610564,0.05628653623525537,0.4647156000137329
data_101,1,0,0.17340733970376832,0.0020354740445860386,0.7924625277519226
data_101,0,0,0.04639178352789841,0.0584209546077048,0.7052415013313293
data_101,0,0,0.0,0.16512443768972673,0.5079514980316162
data_101,0,0,0.0,0.06080653622221277,0.6661438345909119
data_101,0,0,0.019002150794435124,0.0,0.7669820785522461
data_101,1,0,0.11552805756036832,0.17903379817562382,0.697906494140625
data_101,1,0,0.05218237864249886,0.05854445873438863,0.7256190776824951
data_102,1,0,0.2096482296330855,0.1930475018878397,0.7951115369796753
data_102,0,0,0.15264033313495418,0.07892467765253741,0.6154363751411438
data_102,0,0,0.20588770817744262,0.0921836371845508,0.8498020172119141
data_102,0,0,0.0,0.06351594703438934,0.572946310043335
data_102,0,0,0.0,0.19374937492051458,0.7951115369796753
data_102,0,0,0.0,0.034421822068921415,0.6337001323699951
data_102,0,0,0.0,0.1945426063904776,0.6982713341712952
data_102,0,0,0.0,0.10893799102612434,0.8498020172119141
data_102,0,0,0.0,0.09771776355208317,0.7378712892532349
data_102,0,0,0.0,0.13805762012724188,0.4309367537498474
data_102,0,0,0.0,0.22770709430927383,0.7522664070129395
data_102,0,0,0.0,0.05932975469034574,0.7555452585220337
data_102,0,0,0.0,0.11932249655484384,0.7748470306396484
data_102,0,0,0.0,0.0,0.6766287088394165
data_102,0,0,0.0,0.08180105116716163,0.6652487516403198
data_103,0,1,0.0,0.0,0.0
data_103,0,1,0.0,0.0,0.0
data_103,0,0,0.0,0.10021660400216348,0.5149399042129517
data_103,0,0,0.0,0.0,0.6154916882514954
data_103,0,0,0.0,0.0,0.8970438838005066
data_103,0,0,0.0,0.17638998873000133,0.6600871682167053
data_103,0,0,0.025421641380944493,0.0389985949169791,0.8065390586853027
data_103,1,0,0.0,0.21973254750008664,0.7113884687423706
data_103,0,0,0.058705235423548885,0.0,0.6311113238334656
data_103,0,0,0.0,0.006865609452731292,0.8970438838005066
data_103,0,0,0.0,0.0,0.6600871682167053
data_103,0,0,0.0,0.0,0.6553065180778503
data_103,0,0,0.0,0.05581059156403967,0.701819896697998
data_103,0,0,0.0,0.30159542962522323,0.8065390586853027
data_103,0,0,0.0,0.0371582266430579,0.7482361793518066
data_103,0,0,0.019793604352759786,0.13307737835987155,0.7482361793518066
data_103,0,0,0.0057258041659054015,0.0,0.7113884687423706
data_103,0,0,0.0,0.07424864993384617,0.6311113238334656
data_103,0,0,0.0,0.13004423574563617,0.5169970989227295
data_104,0,1,0.0,0.0,0.0
data_104,0,1,0.0,0.0,0.0
data_104,1,1,0.0,0.0,0.0
data_104,0,0,0.0,0.17368916997437722,0.5585243105888367
data_104,0,0,0.0,0.14667681356196027,0.7240610122680664
data_104,0,0,0.0,0.05748340106329408,0.6570215225219727
data_104,0,0,0.0,0.08963799985153287,0.5985620617866516
data_104,1,0,0.0,0.006756334809153941,0.5910531282424927
data_104,1,0,0.0,0.0911525017343493,0.7236924171447754
data_104,0,0,0.0,0.12052554297757645,0.43477118015289307
data_104,0,0,0.0,0.16154517274664926,0.7236924171447754
data_104,0,0,0.0,0.0,0.6570215225219727
data_104,0,0,0.0,0.10001438398544593,0.7240610122680664
data_104,0,0,0.0,0.0,0.5875037908554077
data_104,0,0,0.0,0.057403184918257466,0.5789108276367188
data_105,0,1,0.0,0.0,0.0
data_105,0,1,0.0,0.0,0.0
data_105,0,1,0.0,0.0,0.0
data_105,0,1,0.0,0.0,0.0
data_105,0,0,0.0,0.0745499608799105,0.28005528450012207
data_105,0,0,0.0,0.09740789545467976,0.7416015863418579
data_105,0,0,0.013395486606384566,0.07081175384502103,0.6873655319213867
data_105,0,0,0.0,0.14654015230464168,0.6314852237701416
data_105,0,0,0.009848168470320218,0.0732495736220713,0.5848232507705688
data_105,0,0,0.0,0.0,0.6189139485359192
data_105,0,0,0.0,0.07208002319076456,0.5834476947784424
data_105,0,0,0.0,0.15094895700953703,0.582622230052948
data_105,0,0,0.0,0.1881700386356755,0.6482989192008972
data_105,0,0,0.0,0.11081740821929387,0.8200380802154541
data_105,0,0,0.0,0.13382588869754386,0.7456015348434448
data_105,0,0,0.039350580010363956,0.09004601132301104,0.7629398107528687
data_105,1,0,0.0,0.20124150437823118,0.8200380802154541
data_105,0,0,0.00986869334462881,0.055768786723874086,0.7281703948974609
data_105,0,0,0.021817310203019247,0.04479644993438825,0.7118504047393799
data_105,0,0,0.0,0.025084111434722445,0.6970752477645874
data_105,0,0,0.0,0.09376898019052504,0.816847026348114
data_105,0,0,0.0,0.129280584197474,0.7456015348434448
data_105,0,0,0.0,0.10414192697445479,0.598159909248352
data_105,0,0,0.0,0.014927554226025208,0.5623223781585693
data_106,0,1,0.0,0.0,0.0
data_106,0,1,0.0,0.0,0.0
data_106,0,0,0.0,0.07828567905399098,0.8868198394775391
data_106,0,0,0.0,0.13362002575123455,0.7789331078529358
data_106,0,0,0.012516208175409105,0.0,0.6566961407661438
data_106,0,0,0.0,0.06770823482682431,0.549161970615387
data_106,0,0,0.10504395612952067,0.11211466655026925,0.8868198394775391
data_106,0,0,0.0,0.04257428819855136,0.5888436436653137
data_106,0,0,0.0,0.0,0.6732863187789917
data_106,0,0,0.0,0.06740910644376896,0.6566961407661438
data_106,1,0,0.0008076645679082617,0.0,0.6374541521072388
data_106,1,0,0.0,0.06488872180930727,0.55375736951828
data_106,1,0,0.0,0.04833144260830302,0.5380390286445618
data_106,1,0,0.029095532758770304,0.030920337351830085,0.6120905876159668
data_106,1,0,0.0,0.11092967870683523,0.5458930730819702
data_106,0,0,0.0,0.11488352678323377,0.46832650899887085
data_107,1,1,0.0,0.0,0.0
data_107,0,1,0.0,0.0,0.0
data_107,0,1,0.0,0.0,0.0
data_107,0,1,0.0,0.0,0.0
data_107,0,0,0.0,0.1503782471027293,0.5828705430030823
data_107,0,0,0.0,0.02413345157453506,0.8353195190429688
data_107,0,0,0.0,0.07521576105692418,0.5278823375701904
data_107,0,0,0.01160543840826378,0.0,0.6134067177772522
data_107,0,0,0.0,0.0956137139418658,0.42429906129837036
data_107,0,0,0.0,0.06462647882836947,0.33376607298851013
data_107,0,0,0.0,0.0,0.7132245898246765
data_107,1,0,0.011678169212245848,0.0,0.6284725069999695
data_107,0,0,0.0,0.0,0.42429906129837036
data_107,0,0,0.00861240444496758,0.18155242071497923,0.8353195190429688
data_107,0,0,0.0,0.056422471448712486,0.4766744375228882
data_107,1,0,0.04042721740117372,0.04039309580148398,0.5662175416946411
data_107,1,0,0.0137120768886696,0.013652544422367185,0.6284725069999695
data_107,1,0,0.03731062555953901,0.011437670452711934,0.5828705430030823
data_108,0,1,0.0,0.0,0.0
data_108,1,1,0.0,0.0,0.0
data_108,0,1,0.0,0.0,0.0
data_108,0,0,0.0310761223345013,0.043066214223466126,0.33801987767219543
data_108,0,0,0.0826337935446686,0.05415660113874399,0.3817196190357208
data_108,0,0,0.0,0.11915737770496548,0.6042031645774841
data_108,0,0,0.0,0.04731107214356278,0.5017882585525513
data_108,0,0,0.0,0.17222316916150326,0.4995253384113312
data_108,0,0,0.0056292754830344904,0.05404504758623929,0.5740029215812683
data_108,0,0,0.0,0.046194128301388915,0.39048174023628235
data_108,1,0,0.03116598074547028,0.02342966181123529,0.4395354390144348
data_108,0,0,0.16046738076128264,0.04567643263388277,0.6293301582336426
data_108,0,0,0.09472369042245177,0.024956194032824897,0.4879075586795807
data_108,1,0,0.361702208696399,0.1549704636138749,0.5335926413536072
data_108,0,0,0.03922829565320285,0.04166342662047384,0.6293301582336426
data_108,0,0,0.0,0.04912202666536025,0.5009785294532776
data_108,1,0,0.004030182974458896,0.019288530421692762,0.4995253384113312
data_108,0,0,0.0,0.18370160750724374,0.5417311787605286
data_108,0,0,0.0,0.07347159721882335,0.5335926413536072
data_109,0,1,0.0,0.0,0.0
data_109,0,1,0.0,0.0,0.0
data_109,0,0,0.0,0.12089663876812295,0.7197735905647278
data_109,0,0,0.016328864245224395,0.014512779755023075,0.6417649984359741
data_109,0,0,0.050066630517619615,0.0,0.5198569297790527
data_109,0,0,0.0,0.15060116453014416,0.5002946853637695
data_109,1,0,0.06159958231964424,0.03664755792314622,0.7327949404716492
data_109,0,0,0.0334556580840939,0.09705099323468502,0.6005996465682983
data_109,0,0,0.0,0.009934438000819057,0.7327949404716492
data_109,0,0,0.0,0.04234012287107092,0.37160855531692505
data_109,0,0,0.0,0.04047056658572501,0.5002946853637695
data_110,0,1,0.0,0.0,0.0
data_110,0,1,0.0,0.0,0.0
data_110,0,1,0.0,0.0,0.0
data_110,0,0,0.0,0.19228210643964516,0.6908028721809387
data_110,0,0,0.0,0.10372731512021005,0.4676976501941681
data_110,0,0,0.030128119709164736,0.1253713507355716,0.6310360431671143
data_110,0,0,0.0,0.5240578541915308,0.8180951476097107
data_110,0,0,0.0,0.07704962790034386,0.6944643259048462
data_110,0,0,0.0,0.3170315913567239,0.5341974496841431
data_110,0,0,0.02072674218827153,0.11830637805003619,0.5874925851821899
data_110,0,0,0.10663196814827813,0.12111173050210766,0.8180951476097107
data_110,0,0,0.0,0.11929891562768802,0.6498919725418091
data_110,1,0,0.0,0.11521421020406208,0.7890517711639404
data_110,0,0,0.0,0.0,0.7114592790603638
data_110,0,0,0.0,0.0921810833928518,0.6110056042671204
data_110,0,0,0.0105922204203317,0.07675427448867822,0.881807267665863
data_110,0,0,0.0,0.06474071000344139,0.5556626319885254
data_110,0,0,0.0,0.14178482868021547,0.5977498292922974
data_110,0,0,0.05207594216585676,0.055345228874728036,0.7544760704040527
data_110,1,0,0.0,0.07777052073671697,0.7757332921028137
data_110,0,0,0.12433961518878434,0.059292313363656035,0.7544061541557312
data_110,1,0,0.3128955956562294,0.0,0.6413581371307373
data_110,1,0,0.5002895724505629,0.1358381256852681,0.7757332921028137
data_110,1,0,0.13591745326812976,0.07949720476579003,0.4813617467880249
data_110,0,0,0.0,0.23604914899005536,0.6318454146385193
data_110,0,0,0.02685732253523554,0.09575260710971634,0.881807267665863
data_110,0,0,0.028153199897857917,0.0,0.7187977433204651
data_110,0,0,0.07851795462303102,0.04525382073793338,0.7544760704040527
data_110,0,0,0.11549703010001622,0.12866457260704323,0.7890517711639404
data_110,0,0,0.013603350808615744,0.1981790251754587,0.6318454146385193
data_111,1,0,0.0008038242176571231,0.0008038242176571231,0.7202677130699158
data_111,1,0,0.0,0.0,0.6652189493179321
data_111,1,0,0.0,0.0,0.8579226732254028
data_111,1,0,0.0,0.013703008648113801,0.7324601411819458
data_111,1,0,0.0,0.03317125507467722,0.7701693773269653
data_111,1,0,0.029945809099922727,0.03371768408706899,0.8072303533554077
data_111,1,0,0.020169111418583796,0.020651457080123947,0.683609127998352
data_111,1,0,0.048875029721383356,0.0,0.7700552940368652
data_111,1,0,0.044843888353879535,0.04642684249882656,0.7371846437454224
data_111,1,0,0.016515978849078294,0.022347678888372968,0.7442091703414917
data_111,1,0,0.027258816595372437,0.048898682806054694,0.7324601411819458
data_111,1,0,0.0,0.027244236741942984,0.6465888619422913
data_111,1,0,0.0,0.0,0.5262208580970764
data_111,1,0,0.07137376534806172,0.0,0.8579226732254028
data_111,1,0,0.017474955439698903,0.0,0.8137161135673523
data_111,1,0,0.0,0.0,0.7202677130699158
data_112,0,1,0.0,0.0,0.0
data_112,0,1,0.0,0.0,0.0
data_112,0,1,0.0,0.0,0.0
data_112,0,0,0.0,0.1215739732721044,0.8075053095817566
data_112,0,0,0.004066314911591817,0.004272824942491482,0.5124330520629883
data_112,0,0,0.030199851444784542,0.14778580410026798,0.5711615681648254
data_112,0,0,0.0,0.08213404959578341,0.647619903087616
data_112,0,0,0.0,0.0,0.5799107551574707
data_112,0,0,0.0,0.08266288551318723,0.5863627791404724
data_112,0,0,0.08771202838485692,0.09740772258169272,0.7165733575820923
data_112,0,0,0.0,0.04768223047880582,0.599450945854187
data_112,0,0,0.0,0.11510766993237809,0.6066293120384216
data_112,0,0,0.0,0.04491046500880991,0.4821411073207855
data_112,0,0,0.0,0.0,0.8075053095817566
data_112,0,0,0.0,0.136611581665818,0.7531567215919495
data_112,0,0,0.0,0.13404075127835036,0.49485141038894653
data_112,0,0,0.0,0.0811280478787424,0.5575724840164185
data_112,0,0,0.0,0.0,0.7630308270454407
data_112,0,0,0.0,0.04140029051550442,0.4923725128173828
data_112,0,0,0.0,0.08104875966498071,0.6725257635116577
data_112,0,0,0.0,0.05986511031441566,0.7531567215919495
data_112,0,0,0.0,0.07336634573562151,0.7630308270454407
data_113,0,1,0.0,0.0,0.0
data_113,0,1,0.0,0.0,0.0
data_113,0,1,0.0,0.0,0.0
data_113,1,1,0.0,0.0,0.0
data_113,0,1,0.0,0.0,0.0
data_113,0,1,0.0,0.0,0.0
data_113,0,0,0.0,0.13886413128574304,0.5489057302474976
data_113,0,0,0.0,0.0,0.39525938034057617
data_113,0,0,0.0,0.18939336625022918,0.48532259464263916
data_113,0,0,0.0,0.06448803039089768,0.6657286882400513
data_113,0,0,0.0,0.16276334999328235,0.42183396220207214
data_113,0,0,0.0,0.0,0.49275362491607666
data_113,0,0,0.0,0.0595709776157296,0.5238978266716003
data_113,1,0,0.16395735905254227,0.0,0.6872725486755371
data_113,0,0,0.0,0.015618259099312581,0.6872725486755371
data_114,0,1,0.0,0.0,0.0
data_114,0,1,0.0,0.0,0.0
data_114,0,1,0.0,0.0,0.0
data_114,0,1,0.0,0.0,0.0
data_114,0,0,0.022501220485835915,0.04483834533326103,0.4910692870616913
data_114,0,0,0.0,0.09408249887794007,0.30278903245925903
data_114,0,0,0.0,0.1729747688502954,0.6620494723320007
data_114,0,0,0.0,0.0,0.49002549052238464
data_114,0,0,0.0,0.016706613816310778,0.48829931020736694
data_114,0,0,0.0,0.20172485566440912,0.4910692870616913
data_114,1,0,0.17882413181003187,0.0,0.5453152656555176
data_114,1,0,0.00262564433494461,0.00470903533225453,0.8394193053245544
data_114,0,0,0.0,0.028756174843660887,0.643146276473999
data_114,0,0,0.0760612571481083,0.13751279375886583,0.8394193053245544
data_114,0,0,0.0,0.09764317322269278,0.47278836369514465
data_114,0,0,0.0,0.08119289701906496,0.6620494723320007
data_114,1,0,0.0,0.09674697944269006,0.47278836369514465
data_115,0,0,0.0,0.17086243310063765,0.6398003697395325
data_115,0,0,0.0,0.0,0.509423553943634
data_115,0,0,0.0,0.0,0.8427368402481079
data_115,1,0,0.0,0.0,0.6081292629241943
data_115,1,0,0.15935428075737335,0.26530325505751406,0.7946130037307739
data_115,0,0,0.08257610285850703,0.1099022744968039,0.6398003697395325
data_115,0,0,0.0,0.0781000374234111,0.7057344317436218
data_115,0,0,0.055209888628962034,0.042143312944975975,0.4498594403266907
data_115,0,0,0.0,0.030917285148701623,0.6604178547859192
data_115,0,0,0.051636243066432996,0.24745553418890154,0.8427368402481079
data_115,0,0,0.0,0.02032615599738108,0.6637741327285767
data_115,0,0,0.0,0.15964318604590133,0.6382993459701538
data_115,0,1,0.0,0.0,0.0
data_115,0,1,0.0,0.0,0.0
data_115,0,0,0.0,0.05861876990707948,0.5061637163162231
data_115,0,0,0.0,0.1158919552003681,0.625999927520752
data_116,0,1,0.0,0.0,0.0
data_116,0,1,0.0,0.0,0.0
data_116,0,0,0.0,0.17193503167706048,0.6636453866958618
data_116,0,0,0.07457310400583594,0.17735182775287583,0.6920658349990845
data_116,0,0,0.0,0.0,0.7943676710128784
data_116,0,0,0.0,0.03394984528645395,0.7810153961181641
data_116,0,0,0.0,0.1054332048715878,0.7672135829925537
data_116,0,0,0.06587031913888097,0.06685395060144472,0.6782748699188232
data_116,0,0,0.0,0.062359540072137065,0.6305182576179504
data_116,0,0,0.01999135325604584,0.06421731346813431,0.8741669058799744
data_116,0,0,0.09244378018468424,0.0688448769775647,0.6786463856697083
data_116,0,0,0.0,0.09847808991268536,0.4744950830936432
data_116,0,0,0.0,0.2468893896901747,0.7672135829925537
data_116,0,0,0.0,0.15421815557597363,0.8704607486724854
data_116,0,0,0.0,0.0,0.677422046661377
data_116,0,0,0.02538753227108259,0.14170173399327268,0.8704607486724854
data_116,0,0,0.07772840848917184,0.07261071637330474,0.6048073768615723
data_116,0,0,0.0,0.17775651025491257,0.8741669058799744
data_116,0,0,0.0,0.09543445371868131,0.63078373670578
data_116,0,0,0.0,0.015051748419523392,0.5618172287940979
data_116,0,0,0.081052430473747,0.06832906357355739,0.814203679561615
data_116,0,0,0.0,0.10990281066623098,0.6855323314666748
data_116,0,0,0.0,0.07185233300555183,0.7192649841308594
data_116,0,0,0.007168752068700712,0.0051521025736942505,0.6855323314666748
data_116,0,0,0.026782031796876993,0.2952806754253601,0.721832811832428
data_116,0,0,0.006138810613741441,0.1671224937898117,0.7943676710128784
data_117,0,1,0.0,0.0,0.0
data_117,1,1,0.0,0.0,0.0
data_117,0,0,0.0,0.3889094099339445,0.7746753692626953
data_117,0,0,0.009905656824345854,0.0,0.4195100963115692
data_117,0,0,0.0,0.10719428093402428,0.4551060199737549
data_117,0,0,0.0,0.11454367949636435,0.38002777099609375
data_117,0,0,0.0,0.1947861770743664,0.5099433660507202
data_117,0,0,0.0,0.14984147834775285,0.410861074924469
data_117,1,0,0.0,0.0830184100055682,0.4406347870826721
data_117,0,0,0.0,0.11135514844426098,0.4781937599182129
data_117,0,0,0.0,0.06136906667591058,0.24653775990009308
data_117,0,0,0.012761797335940628,0.0,0.478611022233963
data_117,0,0,0.0,0.10851928933315724,0.25139808654785156
data_117,0,0,0.0,0.040494342901308045,0.7746753692626953
data_117,0,0,0.0,0.13118406124613102,0.28276336193084717
data_117,0,0,0.0,0.14646080383782412,0.3773851692676544
data_117,0,0,0.0,0.0,0.4551060199737549
data_117,0,0,0.0,0.08719426419497633,0.4406347870826721
data_118,0,1,0.0,0.0,0.0
data_118,0,1,0.0,0.0,0.0
data_118,0,0,0.0,0.1448072137197869,0.6533228158950806
data_118,0,0,0.0,0.1758985481833406,0.6487503051757812
data_118,0,0,0.0,0.01576510711247181,0.5805565714836121
data_118,0,0,0.0,0.0,0.4177802801132202
data_118,0,0,0.026248824145842065,0.12149147092294399,0.7722331881523132
data_118,0,0,0.0,0.065163751844306,0.7722331881523132
data_118,0,0,0.0,0.0,0.6482871770858765
data_118,0,0,0.09450684496063921,0.049410958210387435,0.49174967408180237
data_118,0,0,0.11030540400571454,0.05863975597551985,0.6077929139137268
data_118,0,0,0.0653552027426123,0.007861924631697548,0.7047922015190125
data_118,0,0,0.04203726710531441,0.08649903106402235,0.6077929139137268
data_118,1,0,0.0,0.0388033216810566,0.7047922015190125
data_118,0,0,0.0,0.08989551417647235,0.7153367400169373
data_118,0,0,0.0,0.010877542673590312,0.6533228158950806
data_118,0,0,0.034316097843074544,0.03263461651665267,0.6297782063484192
data_118,0,0,0.0,0.054560861582913844,0.6482871770858765
data_118,0,0,0.03555431438137191,0.06066481306914895,0.6282040476799011
data_119,0,1,0.0,0.0,0.0
data_119,0,1,0.0,0.0,0.0
data_119,0,1,0.0,0.0,0.0
data_119,0,0,0.0,0.2805500583810172,0.5930440425872803
data_119,0,0,0.0,0.0,0.6152486205101013
data_119,0,0,0.0,0.0,0.536083996295929
data_119,0,0,0.0,0.11268344499710636,0.4868033826351166
data_119,0,0,0.0,0.04621392173109484,0.278902530670166
data_119,0,0,0.0,0.0,0.8183187246322632
data_119,0,0,0.0,0.11697284561478227,0.652984082698822
data_119,0,0,0.03223218530637695,0.10150213739398595,0.6798601746559143
data_119,0,0,0.03014118653778297,0.03750336843144453,0.7783397436141968
data_119,0,0,0.018835475409581193,0.10614545217704574,0.6213117241859436
data_119,0,0,0.06306281244192391,0.06779250866722464,0.7531757950782776
data_119,0,0,0.0,0.14675866615633026,0.7783397436141968
data_119,0,0,0.007637012934907261,0.03276000165891446,0.7406013011932373
data_119,0,0,0.0,0.12291785890778684,0.6955893635749817
data_119,0,0,0.010781822523405538,0.0,0.5887809991836548
data_119,0,0,0.0,0.07184991071360969,0.5028073787689209
data_119,0,0,0.09756715479987577,0.11604111353554813,0.8438761830329895
data_119,0,0,0.05705082278535656,0.03949280302226299,0.5899215936660767
data_119,0,0,0.07708261210382261,0.07708261210382261,0.8183187246322632
data_119,0,0,0.0,0.08450682941213472,0.5865877270698547
data_119,0,0,0.06115443518006636,0.0,0.8438761830329895
data_119,0,0,0.0,0.09189019599685544,0.6798601746559143
data_120,1,0,0.0,0.12065010603471649,0.5866695642471313
data_120,0,0,0.0,0.1812672633292589,0.36692050099372864
data_120,0,0,0.0,0.17855747930996202,0.4796959161758423
data_120,0,0,0.0,0.08354885624866171,0.8288736343383789
data_120,1,0,0.0,0.0,0.6775286793708801
data_120,0,0,0.04136841424893589,0.09950119065175755,0.7238132953643799
data_120,0,0,0.04962869683815896,0.0,0.6687753796577454
data_120,0,0,0.0,0.14224540647639117,0.6428951025009155
data_120,0,0,0.07463759154866523,0.11740756740223901,0.779191255569458
data_120,0,0,0.0,0.0,0.7238132953643799
data_120,0,0,0.0,0.09850404833514403,0.638725757598877
data_120,0,0,0.0,0.14396765456082505,0.678734302520752
data_120,0,0,0.0,0.1334662149366217,0.8288736343383789
data_120,0,0,0.0,0.13467823405761692,0.7398970127105713
data_120,0,0,0.009148654963237135,0.0,0.7766858339309692
data_120,0,0,0.04831040921581575,0.04521971193479146,0.566122829914093
data_120,0,0,0.0,0.21763054340264176,0.6342474818229675
data_120,0,0,0.001955013634148628,0.04393954551677837,0.6214379072189331
data_120,0,0,0.0,0.1586751204236947,0.6482146382331848
data_120,0,0,0.0,0.07110682491768472,0.7149903178215027
data_120,0,0,0.0,0.0,0.779191255569458
data_120,0,0,0.0,0.15454246056755494,0.6198907494544983
data_121,0,1,0.0,0.0,0.0
data_121,0,1,0.0,0.0,0.0
data_121,1,1,0.0,0.0,0.0
data_121,0,0,0.0,0.09230681004824248,0.5733659267425537
data_121,0,0,0.07637282124417766,0.0,0.8149107694625854
data_121,0,0,0.0,0.1330039810646788,0.8400555849075317
data_121,0,0,0.02158771228694789,0.015976137822327985,0.8519777655601501
data_121,0,0,0.0,0.0,0.8149107694625854
data_121,0,0,0.0,0.1122084978993394,0.4977116286754608
data_121,0,0,0.0,0.034872798689370654,0.492165207862854
data_121,0,0,0.016379604032380257,0.008000110947790517,0.7769237756729126
data_121,0,0,0.0,0.06304155841302617,0.5733659267425537
data_121,0,0,0.0,0.0,0.7666749358177185
data_121,0,0,0.02430126505102237,0.029095942270373598,0.634597897529602
data_121,0,0,0.0,0.0,0.713833212852478
data_121,0,0,0.0,0.1377116818409192,0.4574751555919647
data_121,0,0,0.0,0.0,0.662786602973938
data_121,0,0,0.0,0.07194157283960578,0.8519777655601501
data_121,1,0,0.006684691292065281,0.007036203431493249,0.6881974935531616
data_121,0,0,0.009101255332993219,0.009101255332993219,0.7820661664009094
data_121,0,0,0.0008718193645975703,0.06519509816757108,0.6530968546867371
data_121,1,0,0.0,0.031546991824406234,0.713833212852478
data_121,0,0,0.0,0.0,0.7240216135978699
data_121,0,1,0.0,0.0,0.0
data_121,0,1,0.0,0.0,0.0
data_121,0,1,0.0,0.0,0.0
data_121,0,1,0.0,0.0,0.0
data_122,0,1,0.0,0.0,0.0
data_122,0,1,0.0,0.0,0.0
data_122,0,1,0.0,0.0,0.0
data_122,0,0,0.0,0.10649094592764641,0.4577849507331848
data_122,1,0,0.0,0.0293943846465492,0.6255614161491394
data_122,0,0,0.0,0.10346836380584534,0.35428762435913086
data_122,1,0,0.03459132985174307,0.023254163330399535,0.8399189710617065
data_122,0,0,0.0,0.020006470951074107,0.4432300329208374
data_122,0,0,0.0,0.01012479867744176,0.6395746469497681
data_122,0,0,0.0,0.19108345327710907,0.6255614161491394
data_122,0,0,0.0,0.0793834439460408,0.3603759706020355
data_122,0,0,0.0,0.008900592446590139,0.8399189710617065
data_122,0,0,0.001263511930130079,0.00146067552277529,0.3945019841194153
data_122,0,0,0.0,0.06262731241188924,0.46330758929252625
data_123,0,0,0.0,0.030448467645172173,0.7936158776283264
data_123,0,0,0.1668084645537391,0.15498620100903437,0.6956297755241394
data_123,0,0,0.0996905332910103,0.0,0.7298762798309326
data_123,1,0,0.01500670244327651,0.0,0.7175593972206116
data_123,0,0,0.0,0.19063257664164723,0.5361592769622803
data_123,0,0,0.029134700796255686,0.025233113715067645,0.823361337184906
data_123,0,0,0.08860831827178828,0.043806640866552726,0.823361337184906
data_123,1,0,0.08919479722467116,0.059334380642773965,0.4909442663192749
data_123,0,0,0.028897656550071815,0.05620726160632472,0.7936158776283264
data_123,0,0,0.0,0.07140506912015354,0.606906533241272
data_123,0,0,0.0,0.08048060911036714,0.7819908261299133
data_124,0,0,0.0,0.1934759274165927,0.6275277137756348
data_124,0,0,0.0,0.113384738988632,0.38963782787323
data_124,0,0,0.0,0.10403850064632891,0.5323686003684998
data_124,0,0,0.0,0.12411325402987927,0.7740787267684937
data_124,0,0,0.0,0.0,0.5621731281280518
data_124,0,1,0.0,0.0,0.0
data_124,0,1,0.0,0.0,0.0
data_124,0,0,0.0,0.0,0.6246978640556335
data_124,0,0,0.0,0.14570766699790383,0.5323686003684998
data_124,1,0,0.1473443138983086,0.0,0.7740787267684937
data_124,0,0,0.024901499738760435,0.007178291781698931,0.5030220746994019
data_124,0,0,0.08813362287301274,0.0,0.4819921851158142
data_124,0,0,0.06495394885095607,0.04096356851428595,0.6275277137756348
data_124,1,0,0.016066391916879752,0.0038740636332157408,0.6203385591506958
data_124,0,0,0.0,0.06676957429278829,0.5879784822463989
data_124,0,0,0.0,0.09592863697038823,0.47290271520614624
data_125,0,1,0.0,0.0,0.0
data_125,0,1,0.0,0.0,0.0
data_125,0,1,0.0,0.0,0.0
data_125,0,1,0.0,0.0,0.0
data_125,0,1,0.0,0.0,0.0
data_125,0,0,0.0,0.08579026525522693,0.7542389035224915
data_125,0,0,0.0,0.09597954097965555,0.8866345882415771
data_125,0,0,0.0,0.0,0.7839450836181641
data_125,0,0,0.11109002542546875,0.08840839958498492,0.7550350427627563
data_125,0,0,0.0,0.21170084390890054,0.8016822934150696
data_125,0,0,0.014129956631155238,0.0,0.752644956111908
data_125,0,0,0.0,0.08975093646782639,0.5235137343406677
data_125,0,0,0.0,0.1242083697155607,0.5552093386650085
data_125,0,0,0.0,0.09774254572884189,0.4854663908481598
data_125,0,0,0.0,0.057151157281008835,0.8016822934150696
data_125,0,0,0.0,0.06914570177053037,0.6805169582366943
data_125,0,0,0.0,0.06720169537246079,0.7550350427627563
data_125,0,0,0.010437234385062055,0.00724199967288186,0.8746771216392517
data_125,0,0,0.0,0.0,0.7370718717575073
data_125,1,0,0.0817403465703137,0.1114021292248708,0.8866345882415771
data_125,0,0,0.0,0.054641704486883214,0.8746771216392517
data_125,0,0,0.0,0.023414849958882655,0.738824188709259
data_126,0,1,0.0,0.0,0.0
data_126,0,1,0.0,0.0,0.0
data_126,0,0,0.0,0.11858640290658684,0.602281391620636
data_126,0,0,0.08865562442085206,0.17617818200362834,0.8346707224845886
data_126,0,0,0.12165737387235254,0.014311769272506325,0.7840943336486816
data_126,0,0,0.0,0.15577992175963118,0.7644703984260559
data_126,0,0,0.0,0.06914502799114786,0.5540631413459778
data_126,0,0,0.001273083855156898,0.0011094120915302597,0.7572163939476013
data_126,0,0,0.007754558822369972,0.1219709098028261,0.7430580854415894
data_126,0,0,0.1061954589714098,0.0,0.7488309741020203
data_126,0,0,0.06705175308331945,0.12243481606154205,0.8187777996063232
data_126,0,0,0.0008571052973316284,0.0,0.6525316834449768
data_126,0,0,0.055163530287487106,0.0,0.927498996257782
data_126,0,0,0.0,0.08024562019428672,0.7168659567832947
data_126,0,0,0.008441483532450889,0.09077970316427297,0.5304530262947083
data_126,0,0,0.0,0.03196764650788708,0.7426320314407349
data_126,0,0,0.0016711167686658257,0.038548086436964724,0.8118954300880432
data_126,0,0,0.010924835465146998,0.09904097262202427,0.7655844688415527
data_126,0,0,0.13079479400829186,0.10880784379028796,0.8236563801765442
data_126,0,0,0.03171149582017918,0.05411714957407554,0.7168659567832947
data_126,1,0,0.022109469134242943,0.07483865844502446,0.7471924424171448
data_126,1,0,0.17662479079579185,0.11185223522017651,0.8513422608375549
data_126,0,0,0.0,0.117111777563359,0.6169792413711548
data_126,0,0,0.032994800017121406,0.0451784191818696,0.7426320314407349
data_126,1,0,0.06649402477829369,0.0570349400522403,0.927498996257782
data_126,0,0,0.0,0.10698745232215323,0.5861915946006775
data_126,0,0,0.0,0.0,0.8387115001678467
data_126,0,0,0.029322731927521772,0.058406936238363016,0.758078932762146
data_126,0,0,0.0262039004550374,0.16401329879812465,0.7840943336486816
data_127,0,0,0.1012383042069338,0.13809551059386038,0.63107830286026
data_127,0,0,0.022869837433859175,0.011025341442127967,0.8017107844352722
data_127,0,0,0.047743106814976954,0.0,0.8752478957176208
data_127,1,1,0.0,0.0,0.0
data_127,1,1,0.0,0.0,0.0
data_127,1,1,0.0,0.0,0.0
data_127,0,0,0.0,0.14584892551889972,0.5321757793426514
data_127,0,0,0.0,0.11782396408900198,0.5008224248886108
data_127,0,0,0.04389093047994663,0.06769723731857713,0.47882676124572754
data_127,0,0,0.0,0.21169371334085696,0.7052828073501587
data_127,0,0,0.0,0.0,0.808268129825592
data_127,0,0,0.0,0.0940791232935112,0.731256365776062
data_127,0,0,0.0,0.11758207498373352,0.8793730735778809
data_127,0,0,0.0,0.1323379646912386,0.6977427005767822
data_127,1,0,0.2496303281069423,0.2496303281069423,0.808268129825592
data_127,1,0,0.0665637234350882,0.08260481931578667,0.8793730735778809
data_127,1,0,0.07447014117525441,0.1506853225830369,0.6193447113037109
data_127,1,0,0.002052644717593921,0.0,0.8372461795806885
data_128,0,1,0.0,0.0,0.0
data_128,0,1,0.0,0.0,0.0
data_128,0,1,0.0,0.0,0.0
data_128,0,0,0.0,0.1346651626022073,0.5326032042503357
data_128,0,0,0.0,0.12740387519074758,0.5965679287910461
data_128,0,0,0.0,0.0,0.4334681034088135
data_128,0,0,0.0,0.14478368976519107,0.8471367955207825
data_128,0,0,0.0,0.18838187937394935,0.44906505942344666
data_128,0,0,0.0,0.03289616631796832,0.6261298656463623
data_128,0,0,0.0,0.09287513282757232,0.5200023651123047
data_128,0,0,0.0,0.0,0.7441968321800232
data_128,0,0,0.0,0.0,0.852414608001709
data_128,0,0,0.0,0.20768616906286752,0.5965679287910461
data_128,0,0,0.0,0.0,0.6772202253341675
data_128,0,0,0.014223439267787796,0.00908361351760334,0.6693474054336548
data_128,0,0,0.0,0.05374500245068958,0.7441968321800232
data_128,0,0,0.0,0.0,0.7825615406036377
data_128,0,0,0.07482505486558466,0.07482505486558466,0.852414608001709
data_128,0,0,0.0,0.12173428074547488,0.8471367955207825
data_128,0,0,0.0,0.21867295113548835,0.607735276222229
data_128,0,0,0.0,0.039715581973000624,0.6693474054336548
data_129,0,0,0.0019122976940408876,0.0015282382585120047,0.9222646951675415
data_129,0,0,0.04394796272029211,0.011493527154591732,0.5531627535820007
data_129,0,0,0.0,0.09818341544922404,0.5352039337158203
data_129,0,0,0.017000259437111254,0.1225692562692906,0.6601892709732056
data_129,0,0,0.0,0.16516554835697406,0.8451542854309082
data_129,0,0,0.0006052435560377489,0.09088143195855025,0.7439024448394775
data_129,0,0,0.0,0.09758760727766003,0.7153847217559814
data_129,0,0,0.0,0.07114524973385272,0.8241845369338989
data_129,0,0,0.0,0.032798726378892695,0.7697182893753052
data_129,0,0,0.0,0.0,0.3268962502479553
data_129,0,0,0.0736715490291715,0.10288406840310316,0.8956174254417419
data_129,0,0,0.11867151533425613,0.018469659091365997,0.9222646951675415
data_129,0,0,0.0,0.12514246142451313,0.5531627535820007
data_129,0,0,0.022342234339305378,0.056437423030729406,0.7697182893753052
data_129,0,0,0.1513211958088334,0.0,0.8956174254417419
data_130,0,1,0.0,0.0,0.0
data_130,0,1,0.0,0.0,0.0
data_130,0,1,0.0,0.0,0.0
data_130,1,1,0.0,0.0,0.0
data_130,1,0,0.0,0.17972911423449034,0.6703688502311707
data_130,1,0,0.053435403904547485,0.053155223680729335,0.649827241897583
data_130,1,0,0.0,0.22140986135839213,0.4437381327152252
data_130,1,0,0.03294088368384962,0.0073909355118662035,0.4145109951496124
data_130,1,0,0.04009515934320618,0.0,0.6703688502311707
data_130,0,0,0.04121318582509659,0.0,0.4437381327152252
data_130,1,0,0.0,0.05997934824049089,0.5373727083206177
data_130,1,0,0.04363382885806466,0.09331262565745391,0.5945059061050415
data_130,1,0,0.04401447155257543,0.0,0.5945059061050415
data_130,1,0,0.01955983090532243,0.08360717535383344,0.649827241897583
data_130,1,1,0.0,0.0,0.0
data_130,0,1,0.0,0.0,0.0
data_131,0,1,0.0,0.0,0.0
data_131,0,1,0.0,0.0,0.0
data_131,0,1,0.0,0.0,0.0
data_131,1,0,0.0,0.07191402611262276,0.6022622585296631
data_131,0,0,0.0,0.012382337470494775,0.5374893546104431
data_131,0,0,0.0,0.18839321377438623,0.5293222069740295
data_131,0,0,0.0,0.17356670009811204,0.45347604155540466
data_131,0,0,0.0,0.0,0.6446274518966675
data_131,0,0,0.0,0.060322464785826924,0.7451764345169067
data_131,0,0,0.0,0.023430166503590755,0.5879520177841187
data_131,0,0,0.0,0.17764529711108423,0.6022622585296631
data_131,0,0,0.0,0.094698580754212,0.4505617618560791
data_131,0,0,0.0,0.07988108407524663,0.6204768419265747
data_131,0,0,0.0,0.05687825582564443,0.7451764345169067
data_131,0,0,0.0,0.04576922139980244,0.5255882740020752
data_132,0,1,0.0,0.0,0.0
data_132,0,1,0.0,0.0,0.0
data_132,0,1,0.0,0.0,0.0
data_132,0,0,0.0,0.10500636796373897,0.5029593706130981
data_132,0,0,0.014045324790615155,0.013432659425177462,0.8329441547393799
data_132,0,0,0.0,0.1450610234749039,0.5900468826293945
data_132,0,0,0.07286628933968586,0.0,0.8536539077758789
data_132,0,0,0.09775066688760603,0.0693167909741561,0.9535861015319824
data_132,1,0,0.11187840752676692,0.05267056045529017,0.8329441547393799
data_132,1,0,0.0,0.0859558819579691,0.48871365189552307
data_132,0,0,0.0,0.0067327925330573635,0.9388868808746338
data_132,1,0,0.0,0.0938416586787767,0.9535861015319824
data_132,0,0,0.0,0.2503120771406344,0.8548542261123657
data_132,0,0,0.021045732325831068,0.2919023483968033,0.8536539077758789
data_132,0,0,0.0,0.12320540837220051,0.7807704210281372
data_132,0,0,0.0,0.12218597740177728,0.8056675791740417
data_132,0,0,0.018771709347895182,0.07032918729402127,0.7807704210281372
data_132,1,0,0.0576080359407527,0.06327093851275833,0.9388868808746338
data_133,0,1,0.0,0.0,0.0
data_133,0,1,0.0,0.0,0.0
data_133,0,1,0.0,0.0,0.0
data_133,0,1,0.0,0.0,0.0
data_133,0,0,0.08551263237782436,0.10413386002066716,0.8011116981506348
data_133,0,0,0.13325727173913648,0.09470782519698417,0.8016899824142456
data_133,0,0,0.015159887500310276,0.06781706004045418,0.9373202323913574
data_133,0,0,0.05704287298948785,0.18921789695681213,0.6764450669288635
data_133,0,0,0.012412466450108184,0.008208874491014484,0.5981733202934265
data_133,1,0,0.10220184699575796,0.10839972397694808,0.9430378079414368
data_133,0,0,0.06124124720926716,0.043605435367133794,0.9373202323913574
data_133,0,0,0.20221749735296157,0.09120729442638975,0.6926384568214417
data_133,0,0,0.014795826582030713,0.19875457251302464,0.6563912630081177
data_133,0,0,0.022756504299710656,0.01888352711144492,0.43503186106681824
data_133,0,0,0.03952929883895706,0.009765051600574282,0.694225549697876
data_133,0,0,0.0,0.0,0.6764450669288635
data_133,0,0,0.03255582027605897,0.025518312860025816,0.7853479385375977
data_133,0,0,0.06371643095099344,0.29648004028002717,0.8016899824142456
data_133,0,0,0.1072006402730743,0.23066121812884433,0.8005241751670837
data_133,0,0,0.0,0.0,0.4821590781211853
data_133,0,0,0.04708831682762593,0.037890795340871364,0.6036078929901123
data_133,0,0,0.06619733737875322,0.0,0.6979451179504395
data_133,0,0,0.006739668420898681,0.0,0.9430378079414368
data_133,1,0,0.0,0.0,0.7470741271972656
data_133,0,0,0.0,0.11375347761017451,0.7290390133857727
data_133,0,0,0.12276651105366909,0.04482768515984503,0.8011116981506348
data_133,0,0,0.06691862013330052,0.030031916494662525,0.7260206341743469
data_133,0,0,0.04181650660800429,0.027837289285095324,0.8005241751670837
data_133,0,0,0.0,0.07828159686461689,0.5465075969696045
data_133,1,0,0.009301960351606908,0.0579839441970762,0.6512556076049805
data_133,0,0,0.022299577612283628,0.0530310899184272,0.5632474422454834
data_133,0,0,0.04197669414096339,0.13012866717744487,0.6979451179504395
data_133,1,0,0.04876837251659083,0.0,0.6000635027885437
data_133,0,0,0.0,0.040033097459669875,0.6926384568214417
data_133,0,0,0.011892942692075081,0.003352979781086063,0.5452598929405212
data_133,0,0,0.07539338323359601,0.08650909572899845,0.6592881679534912
data_133,0,0,0.1020234916645677,0.24158780462417262,0.6967087984085083
data_133,0,0,0.0,0.11301953628167993,0.7260206341743469
data_133,0,0,0.0,0.15593917708689276,0.5334191918373108
data_133,0,0,0.0,0.08001512021276902,0.6937044262886047
data_133,0,0,0.0,0.058079341352481606,0.7250105142593384
data_134,0,0,0.0,0.0056299774942303316,0.7520197629928589
data_134,0,0,0.029471510324295735,0.048455935083264734,0.5409888029098511
data_134,0,0,0.0,0.1362461792050933,0.6197922229766846
data_134,1,0,0.0,0.07483253858279681,0.724113404750824
data_134,0,0,0.08905065153604497,0.0,0.6784831881523132
data_134,0,0,0.0,0.030848782711263567,0.6428899765014648
data_134,0,0,0.0,0.0,0.4283580183982849
data_134,0,0,0.0,0.17203077064415595,0.7049323320388794
data_134,0,0,0.0,0.2497129165423786,0.7780249118804932
data_134,0,0,0.0,0.1589667221284241,0.5824644565582275
data_134,0,0,0.0,0.11424858247220016,0.43009158968925476
data_134,0,0,0.0648914842905235,0.08550249947623456,0.6784831881523132
data_134,0,0,0.0,0.0,0.7520197629928589
data_134,0,0,0.0,0.16562811102067698,0.6601720452308655
data_134,0,0,0.0,0.09201354589303534,0.7780249118804932
data_134,0,0,0.05758017953312411,0.02889959803201947,0.49783653020858765
data_134,0,0,0.0,0.0,0.5409770011901855
data_134,0,0,0.0,0.0,0.724113404750824
data_135,0,1,0.0,0.0,0.0
data_135,0,1,0.0,0.0,0.0
data_135,0,1,0.0,0.0,0.0
data_135,0,1,0.0,0.0,0.0
data_135,0,0,0.0,0.11003926614977644,0.4388161599636078
data_135,0,0,0.0,0.08872000699090421,0.6573540568351746
data_135,0,0,0.0,0.14139830275039422,0.5384628772735596
data_135,0,0,0.0,0.17662638639520267,0.5979182720184326
data_135,1,0,0.0,0.10521547619392102,0.6021998524665833
data_135,0,0,0.0,0.03817942468224089,0.5893456339836121
data_135,0,0,0.03795831240847036,0.08474203777467437,0.7175490260124207
data_135,0,0,0.0,0.08744174747101852,0.6964206695556641
data_135,0,0,0.08252979844030506,0.061291678335244626,0.812565803527832
data_135,0,0,0.0,0.0679914599881748,0.6512652635574341
data_135,0,0,0.021623871386236004,0.0870211471230391,0.6663134694099426
data_135,0,0,0.0,0.07836734299539572,0.7386339902877808
data_135,0,0,0.09528122573429343,0.09034232561583622,0.7702510952949524
data_135,0,0,0.0,0.12131932346824215,0.6425740122795105
data_135,0,0,0.0,0.06411303858065409,0.6239261031150818
data_135,0,0,0.0,0.008181528568769636,0.8055427670478821
data_135,0,0,0.0,0.12293936553735563,0.5731377005577087
data_135,0,0,0.0,0.07428473439451366,0.5150894522666931
data_135,0,0,0.0,0.1819390105259373,0.7386339902877808
data_135,0,0,0.05771538782471097,0.04697023926415511,0.6367807984352112
data_135,0,0,0.008637521005944393,0.0,0.5402546525001526
data_135,0,0,0.02724226850656919,0.0,0.41478002071380615
data_135,0,0,0.012660574022305582,0.019088529825825873,0.8055427670478821
data_135,0,0,0.0,0.1627652300928979,0.812565803527832
data_135,1,0,0.0,0.21183036082727824,0.5581173896789551
data_136,0,1,0.0,0.0,0.0
data_136,0,1,0.0,0.0,0.0
data_136,0,1,0.0,0.0,0.0
data_136,0,1,0.0,0.0,0.0
data_136,0,0,0.035792740066508344,0.07776398997332734,0.8964779376983643
data_136,0,0,0.04398786751322348,0.09667914950030365,0.8063357472419739
data_136,0,0,0.0,0.15634868194524643,0.6954254508018494
data_136,1,0,0.11230538571000892,0.0824800300899966,0.8336061835289001
data_136,0,1,0.0,0.0,0.0
data_136,0,1,0.0,0.0,0.0
data_136,0,1,0.0,0.0,0.0
data_136,0,1,0.0,0.0,0.0
data_136,0,0,0.0,0.19903467076110815,0.8932952284812927
data_136,0,0,0.0,0.12705866794248877,0.6828244924545288
data_136,0,0,0.0,0.18372151497009526,0.7775412797927856
data_136,0,0,0.0,0.1742492041360464,0.6587467193603516
data_136,0,0,0.0,0.0060860686872388214,0.8065797090530396
data_136,0,0,0.0,0.14770085986580028,0.7598922848701477
data_136,1,0,0.12190188752680342,0.10668542176335905,0.6852157115936279
data_136,0,0,0.007362547194748714,0.1662375655375854,0.5588862895965576
data_136,0,0,0.0,0.16555783828869153,0.8336061835289001
data_136,0,0,0.0,0.13539462288421333,0.6927914619445801
data_136,0,0,0.0,0.05788405752207737,0.8063357472419739
data_136,0,0,0.0,0.012059387418741352,0.8110904097557068
data_136,0,0,0.0,0.10034283546311151,0.5797281265258789
data_136,0,0,0.15447862766967546,0.14539342388690102,0.8964779376983643
data_136,0,0,0.0,0.12358414707767551,0.6732151508331299
data_136,0,0,0.0,0.12262912629931577,0.6006482839584351
data_136,0,0,0.030995482602818925,0.04088919261485202,0.5823174118995667
data_137,0,1,0.0,0.0,0.0
data_137,0,0,0.0,0.057697030707362984,0.6636840105056763
data_137,0,0,0.0,0.15276703152570903,0.6711423397064209
data_137,0,0,0.0,0.0,0.8409498929977417
data_137,0,0,0.0,0.1675789451935472,0.6636840105056763
data_137,0,0,0.17459232334451258,0.2033032472016032,0.8409498929977417
data_137,0,0,0.011101430421739167,0.07471389433693076,0.6546289324760437
data_137,0,0,0.0,0.04980035875831845,0.6857632398605347
data_137,0,0,0.0,0.0,0.3858870267868042
data_137,1,0,0.0,0.11587575696793806,0.607423722743988
data_137,0,0,0.0,0.09244243677564157,0.5094391703605652
data_137,0,0,0.1393235076076138,0.1142931490125072,0.7431012392044067
data_137,0,0,0.011749215129096768,0.062288404940552766,0.6696712970733643
data_137,0,0,0.0,0.09430731931474057,0.6594431400299072
data_137,0,0,0.014159495947644984,0.0,0.6013444662094116
data_137,0,0,0.0,0.0,0.7280016541481018
data_137,0,0,0.01429719979855193,0.05679466455839588,0.7431012392044067
data_138,0,1,0.0,0.0,0.0
data_138,0,1,0.0,0.0,0.0
data_138,0,1,0.0,0.0,0.0
data_138,0,0,0.0,0.0,0.6160085201263428
data_138,0,0,0.0,0.1009136195545004,0.30130064487457275
data_138,0,0,0.0,0.030287131962225544,0.616775393486023
data_138,0,0,0.0,0.15583346045808355,0.5232665538787842
data_138,1,0,0.0,0.0,0.3907228112220764
data_138,0,0,0.0,0.04829937650555394,0.6160085201263428
data_138,0,0,0.0,0.017157297542098604,0.5556559562683105
data_138,0,0,0.12023039074541231,0.0,0.616775393486023
data_138,0,0,0.0,0.0,0.5460384488105774
data_139,0,1,0.0,0.0,0.0
data_139,0,1,0.0,0.0,0.0
data_139,0,1,0.0,0.0,0.0
data_139,0,0,0.04523836711765483,0.1024551708636281,0.7831779718399048
data_139,0,0,0.0,0.07453210907290497,0.6286783218383789
data_139,0,0,0.07639456300427128,0.09688290040566017,0.7213888168334961
data_139,0,0,0.12043188398688187,0.07083946282601516,0.7155539393424988
data_139,0,0,0.0,0.0746080933770088,0.794357419013977
data_139,1,0,0.11688943678317543,0.0073127181105405725,0.8107280135154724
data_139,0,0,0.0,0.060238624888839354,0.7831779718399048
data_139,0,0,0.007593496881561634,0.04002323825467613,0.7681337594985962
data_139,0,0,0.05116371138412745,0.05018529975383501,0.8098441958427429
data_139,0,0,0.0,0.20179992845996608,0.672971785068512
data_139,0,0,0.014772272027585132,0.0,0.7325984239578247
data_139,1,0,0.0,0.0,0.6663492918014526
data_139,0,0,0.0,0.028712330395496366,0.7105162143707275
data_139,0,0,0.0,0.024604658860909012,0.7213888168334961
data_139,0,0,0.0,0.07970013391101816,0.7642794251441956
data_139,0,0,0.0,0.0014106597030050239,0.8098441958427429
data_139,0,0,0.0,0.03806857239307959,0.8107280135154724
data_139,0,0,0.0,0.09132158869741147,0.5224077105522156
data_140,0,1,0.0,0.0,0.0
data_140,0,1,0.0,0.0,0.0
data_140,0,1,0.0,0.0,0.0
data_140,0,0,0.0,0.0,0.5284985899925232
data_140,0,0,0.008480537499812257,0.0,0.4652905762195587
data_140,0,0,0.026389752981287984,0.0,0.5525884628295898
data_140,0,0,0.0,0.0,0.6759915947914124
data_140,0,0,0.0,0.1302310598889065,0.6218730807304382
data_140,0,0,0.0,0.0,0.7892886400222778
data_140,0,0,0.0,0.0,0.6388304233551025
data_140,0,0,0.08136386783064609,0.0,0.6624860763549805
data_140,0,0,0.0,0.06995876833957482,0.6665908694267273
data_140,0,0,0.006386583449696559,0.0,0.7892886400222778
data_141,0,1,0.0,0.0,0.0
data_141,0,1,0.0,0.0,0.0
data_141,1,1,0.0,0.0,0.0
data_141,0,0,0.2637927379555194,0.13778831682070347,0.8153079748153687
data_141,1,0,0.09030188911570391,0.0,0.6292081475257874
data_141,0,0,0.0,0.18043705876208982,0.6805137991905212
data_141,0,0,0.0,0.0,0.8694208264350891
data_141,0,0,0.0,0.0732789656026469,0.7235919237136841
data_141,0,0,0.0,0.0683593895449448,0.6601702570915222
data_141,0,0,0.025542142078258223,0.047399119615249674,0.717138409614563
data_141,0,0,0.04078569486489414,0.0,0.8427990078926086
data_141,0,0,0.03612260623688712,0.0,0.8065305948257446
data_141,0,0,0.0,0.316705803817122,0.8153079748153687
data_141,0,0,0.0,0.0465316223926493,0.7009709477424622
data_141,0,0,0.012554110230894366,0.010047279894479288,0.5846481919288635
data_141,1,0,0.14455628416557076,0.16103018975641703,0.8694208264350891
data_141,1,0,0.06265953668880542,0.13917147641879524,0.7102851271629333
data_142,0,1,0.0,0.0,0.0
data_142,0,1,0.0,0.0,0.0
data_142,0,0,0.0,0.13710204959377315,0.44491520524024963
data_142,0,0,0.013731646653763363,0.014544651183264534,0.5844122767448425
data_142,0,0,0.0,0.0479408725581294,0.8476254940032959
data_142,0,0,0.0,0.04441386409832759,0.6023333668708801
data_142,0,0,0.0,0.10843925838353208,0.6412462592124939
data_142,1,0,0.0,0.02953728829183433,0.5104482173919678
data_142,0,0,0.06641605686548857,0.09153534553362874,0.7411646246910095
data_142,0,0,0.0,0.08957324447576731,0.7411646246910095
data_142,0,0,0.0,0.16557085167566754,0.6779305934906006
data_142,0,0,0.0,0.04079873336986228,0.41529181599617004
data_142,0,0,0.030148677819404668,0.02024310584528166,0.8476254940032959
data_143,0,1,0.0,0.0,0.0
data_143,0,1,0.0,0.0,0.0
data_143,0,0,0.0,0.17348140932488576,0.3622715473175049
data_143,0,0,0.0,0.11519691008854593,0.35693371295928955
data_143,0,0,0.0,0.14048214131544334,0.5645898580551147
data_143,0,0,0.0,0.08071865035726233,0.5393247008323669
data_143,0,0,0.026604719536067023,0.0,0.6670060157775879
data_143,0,0,0.005933085544169714,0.0,0.5645898580551147
data_143,1,0,0.07315430801540401,0.16844466268341307,0.7262109518051147
data_143,0,0,0.0,0.08398997279330311,0.26572054624557495
data_143,0,0,0.0,0.054236000447873245,0.3120288550853729
data_143,0,0,0.0,0.12367303288684095,0.48752155900001526
data_143,0,0,0.0,0.10614113654172286,0.5235177874565125
data_143,0,0,0.0,0.0,0.5597143769264221
data_143,1,0,0.0,0.09260651017797983,0.4976755380630493
data_143,0,0,0.0,0.04191263768929332,0.6158924698829651
data_143,0,0,0.0,0.11997599248983448,0.531875729560852
data_143,0,0,0.0,0.16265831752936322,0.4948241114616394
data_143,1,0,0.0006706677746386447,0.005382590132217757,0.5597143769264221
data_143,0,0,0.0,0.0,0.41187483072280884
data_143,0,0,0.013560267892557931,0.017036550029274622,0.5294349193572998
data_143,0,0,0.0,0.09709370007630191,0.6158924698829651
data_143,0,0,0.0,0.023365006627180662,0.7262109518051147
data_143,0,0,0.0,0.047471891051969806,0.4281870126724243
data_144,0,1,0.0,0.0,0.0
data_144,0,1,0.0,0.0,0.0
data_144,0,0,0.006030634248254785,0.08854921327795395,0.624639630317688
data_144,0,0,0.0,0.0,0.5479027628898621
data_144,0,0,0.0,0.050256824952370494,0.5330052971839905
data_144,0,0,0.035524149332366584,0.05823138812780826,0.36683419346809387
data_144,0,0,0.04764722614086736,0.08488284133804669,0.6762182712554932
data_144,0,0,0.0,0.07490354300010615,0.49277281761169434
data_144,0,0,0.0,0.15583025208807655,0.37005412578582764
data_144,0,0,0.0,0.07699825893750045,0.6042115092277527
data_144,0,0,0.026744949805973306,0.008000967452399976,0.5275037288665771
data_144,0,0,0.0,0.0,0.5019070506095886
data_144,0,0,0.0,0.020160833892095553,0.5774709582328796
data_144,0,0,0.0,0.25207987871340265,0.6762182712554932
data_144,0,0,0.0,0.08588910576871811,0.5783372521400452
data_144,0,0,0.019426043008721194,0.15137667493666385,0.8530062437057495
data_144,0,0,0.0,0.14954751027975277,0.6872850060462952
data_144,0,0,0.0,0.17338598085965273,0.8530062437057495
data_144,0,0,0.0,0.08346740750228676,0.5330052971839905
data_144,0,0,0.0437208329086296,0.13664852555456264,0.6872850060462952
data_145,0,1,0.0,0.0,0.0
data_145,1,1,0.0,0.0,0.0
data_145,0,0,0.020149907189576766,0.06476038532792572,0.6163278222084045
data_145,0,0,0.0,0.0,0.6351872086524963
data_145,0,0,0.024190077250644038,0.047199430314936563,0.6163278222084045
data_145,0,0,0.0,0.07217966241087126,0.5344359278678894
data_145,0,0,0.0,0.0836617658580856,0.5361893773078918
data_145,0,0,0.0,0.0,0.6351872086524963
data_145,0,0,0.0,0.0953804287329012,0.47089675068855286
data_145,1,0,0.0,0.0,0.5323224067687988
data_145,0,0,0.0,0.14732165298481448,0.5323224067687988
data_146,0,1,0.0,0.0,0.0
data_146,0,1,0.0,0.0,0.0
data_146,0,1,0.0,0.0,0.0
data_146,0,1,0.0,0.0,0.0
data_146,0,0,0.0,0.08465534792369311,0.7886844873428345
data_146,0,0,0.0,0.08279464746205178,0.5141215920448303
data_146,0,0,0.05014195954213463,0.09050529308592559,0.6920098662376404
data_146,0,0,0.0,0.05554442768615786,0.6689971089363098
data_146,1,0,0.0,0.0,0.7885032892227173
data_146,0,0,0.0,0.18177800093531005,0.8190798163414001
data_146,0,0,0.04130256424732437,0.05582093098485785,0.7463814616203308
data_146,0,0,0.0,0.06521462864618499,0.5890975594520569
data_146,0,0,0.0,0.15172813018602582,0.6264035701751709
data_146,0,0,0.0,0.08700859993770038,0.47594764828681946
data_146,0,0,0.0,0.10952634474730161,0.8126129508018494
data_146,0,0,0.0,0.0,0.7885032892227173
data_146,0,0,0.0,0.0,0.7002385258674622
data_146,0,0,0.0,0.17012072512518017,0.7886844873428345
data_146,0,0,0.09883625802638463,0.0,0.7845762968063354
data_146,0,0,0.04508445786726156,0.0548403117115015,0.7767319679260254
data_146,0,0,0.025899546697161213,0.0544296825930104,0.771320104598999
data_146,0,0,0.0496681516405566,0.06770917089127693,0.8190798163414001
data_146,0,0,0.0,0.15386607754491521,0.5421279072761536
data_146,0,0,0.0,0.0,0.7268403768539429
data_146,0,0,0.0,0.12344365293145643,0.6755012273788452
data_146,0,0,0.07923540253353067,0.07342552946017378,0.8126129508018494
data_146,0,0,0.07600541555636653,0.10465144219169531,0.771320104598999
data_146,0,0,0.004015109273455053,0.005264930072449658,0.6854702234268188
data_147,0,1,0.0,0.0,0.0
data_147,0,1,0.0,0.0,0.0
data_147,0,1,0.0,0.0,0.0
data_147,0,1,0.0,0.0,0.0
data_147,0,0,0.0,0.1170449346771818,0.3735867142677307
data_147,0,0,0.0,0.19082707877021043,0.506566047668457
data_147,0,0,0.0,0.07967599382214097,0.6363374590873718
data_147,1,0,0.017323916686264873,0.03666835375393873,0.4232909679412842
data_147,1,0,0.0077825745232829036,0.01717002638469367,0.6714581847190857
data_147,0,0,0.06674734454850295,0.05319337042071126,0.7044925689697266
data_147,1,0,0.0,0.027572182376795595,0.6120636463165283
data_147,1,0,0.08788969309415506,0.08368487610529662,0.7044925689697266
data_147,1,0,0.04768740290258222,0.04978837934132585,0.6363374590873718
data_147,1,0,0.0039423448901931835,0.042272612241549545,0.3735867142677307
data_147,0,0,0.0,0.06924454665722024,0.6714581847190857
data_147,0,0,0.0,0.10570442781031009,0.396973192691803
data_147,0,0,0.0,0.08552094312547709,0.4002622663974762
data_147,0,0,0.1049490915005844,0.1073663304546244,0.5507267117500305
data_147,0,0,0.0,0.04563979718187028,0.45700982213020325
data_148,0,1,0.0,0.0,0.0
data_148,0,1,0.0,0.0,0.0
data_148,0,0,0.0,0.25289423853300796,0.46461403369903564
data_148,0,0,0.0,0.0,0.5727925300598145
data_148,0,0,0.0,0.03228101025960939,0.760262131690979
data_148,0,0,0.026378603160779335,0.10082462759901034,0.7281754016876221
data_148,1,0,0.0,0.01619614003867298,0.8533526659011841
data_148,0,0,0.0,0.0,0.5548604726791382
data_148,0,0,0.027597644760110285,0.11858374953508388,0.7820574641227722
data_148,0,0,0.0,0.16527276586523243,0.6284155249595642
data_148,0,0,0.0,0.13242820863069937,0.6566581726074219
data_148,0,0,0.01952305220459749,0.00887434032414447,0.7281860709190369
data_148,0,0,0.04031502932213016,0.07264446052802498,0.4645455479621887
data_148,0,0,0.0,0.054580923179514684,0.37605056166648865
data_148,0,0,0.0,0.06005840470641033,0.7281860709190369
data_148,0,0,0.0,0.013114390784242147,0.7281754016876221
data_148,0,0,0.0,0.08606828385728793,0.5358908176422119
data_148,0,0,0.12192989649822294,0.06827147671983269,0.8533526659011841
data_149,0,1,0.0,0.0,0.0
data_149,0,1,0.0,0.0,0.0
data_149,0,1,0.0,0.0,0.0
data_149,0,1,0.0,0.0,0.0
data_149,0,0,0.008058291604299939,0.0,0.8415516018867493
data_149,0,0,0.0019812761657433953,0.0015803050173843758,0.7613095641136169
data_149,0,0,0.11890629877886738,0.05301148917851606,0.7509511709213257
data_149,0,0,0.0,0.1074458926469859,0.7392650246620178
data_149,0,0,0.0,0.08721753445049885,0.711044430732727
data_149,0,0,0.0,0.019511831381812783,0.6673620343208313
data_149,0,0,0.2539399165994052,0.0991500777381944,0.6395953893661499
data_149,0,0,0.29245535946431644,0.05931667555672959,0.6583126187324524
data_149,0,0,0.3397296026432528,0.2829290054354505,0.7739808559417725
data_149,0,0,0.40243563412427896,0.04168855027755569,0.7589334845542908
data_149,0,0,0.29369600023513165,0.04276977269010018,0.6498356461524963
data_149,0,0,0.0,0.0,0.8415516018867493
data_149,0,0,0.0,0.1825055388260708,0.8556610941886902
data_149,1,0,0.0,0.40487112283091875,0.7645571231842041
data_149,0,0,0.042571949540537446,0.0,0.8322376012802124
data_149,0,0,0.0,0.5704472952700801,0.8322376012802124
data_149,0,0,0.0,0.09870002152747759,0.7614972591400146
data_149,0,0,0.06875869478520258,0.03834468989288453,0.6748932600021362
data_149,0,0,0.0,0.14927618521358,0.5081071853637695
data_149,0,0,0.0,0.0,0.6894257068634033
data_149,0,0,0.023632512446500442,0.4470311719706732,0.7515498995780945
data_149,0,0,0.17724406048131414,0.45848310017466254,0.8556610941886902
data_149,0,0,0.0592169840680441,0.0,0.711044430732727
data_149,0,0,0.0,0.08176788504499655,0.7739808559417725
data_149,0,0,0.0,0.12256718266744215,0.6443138718605042
data_149,0,0,0.0,0.15322309994899008,0.7392650246620178
data_149,0,0,0.0,0.10271962334660856,0.8462586402893066
data_150,0,1,0.0,0.0,0.0
data_150,0,1,0.0,0.0,0.0
data_150,0,1,0.0,0.0,0.0
data_150,0,0,0.10024934530978413,0.09540514690554858,0.8827553391456604
data_150,0,0,0.0,0.19785880287327018,0.7232145071029663
data_150,0,0,0.003893729699200321,0.0036943469847727783,0.787742018699646
data_150,0,0,0.0,0.028776712165914375,0.6378484964370728
data_150,0,0,0.009133745437594598,0.06501301616899724,0.8775760531425476
data_150,0,0,0.0,0.13538568787574423,0.4885714054107666
data_150,0,0,0.0,0.14998980449071198,0.5645463466644287
data_150,0,0,0.0,0.1186348520133329,0.5072678327560425
data_150,0,0,0.0,0.06467515352320419,0.8775760531425476
data_150,0,0,0.013179914682453386,0.08272478864020627,0.6472035646438599
data_150,1,0,0.1277519541575245,0.0,0.7232145071029663
data_150,1,0,0.0,0.2057962511866629,0.48524966835975647
data_150,0,0,0.0,0.09374019413905543,0.6369014382362366
data_150,0,0,0.0,0.14132259029324246,0.5752153396606445
data_150,0,0,0.0,0.05788727898714541,0.8149893283843994
data_150,0,0,0.0,0.049996553442468894,0.7111657857894897
data_150,0,0,0.0,0.17523956521809225,0.8827553391456604
data_150,0,0,0.0,0.08816529387422634,0.3914477527141571
data_150,0,0,0.0,0.11889111549865383,0.5579792857170105
data_150,0,0,0.006376827431282095,0.0023937493689452083,0.8188704252243042
data_151,0,1,0.0,0.0,0.0
data_151,1,1,0.0,0.0,0.0
data_151,0,0,0.0,0.044121562673957726,0.8328341245651245
data_151,0,0,0.0,0.02735625180400092,0.7025138735771179
data_151,0,0,0.0,0.0275217116471822,0.6168550848960876
data_151,0,0,0.0,0.03952092135207863,0.688831627368927
data_151,0,0,0.0,0.033253309291012556,0.5906415581703186
data_151,0,0,0.0,0.21283803596875916,0.49448540806770325
data_151,0,0,0.0,0.0,0.7623335123062134
data_151,0,0,0.03771832433726274,0.0803322962767794,0.7623335123062134
data_151,0,0,0.007546007303602664,0.0,0.7859116792678833
data_151,0,0,0.0,0.050535698439233556,0.7714948058128357
data_151,0,0,0.0,0.0845262519723633,0.6642340421676636
data_151,0,0,0.0,0.13684327318890155,0.7285328507423401
data_151,0,0,0.0,0.12788417300970423,0.7296968102455139
data_151,0,0,0.0,0.08986339590447301,0.66169273853302
data_151,0,0,0.0,0.07308198619608675,0.5923664569854736
data_151,0,0,0.0,0.12655478871959147,0.5703879594802856
data_151,0,0,0.0,0.16947745545838444,0.6541123986244202
data_151,0,0,0.01771276886357498,0.08385946394891164,0.8328341245651245
data_151,0,0,0.02995376248627224,0.02584928459903324,0.7074139714241028
data_151,0,0,0.0,0.23250195981860955,0.7859116792678833
data_151,1,0,0.11327605100106553,0.07827373355425493,0.6336756944656372
data_152,0,1,0.0,0.0,0.0
data_152,0,1,0.0,0.0,0.0
data_152,0,0,0.0,0.19248193918388523,0.7136043310165405
data_152,0,0,0.0,0.11577868440610928,0.6308274865150452
data_152,0,0,0.0,0.0,0.4844346344470978
data_152,0,0,0.007768624890825748,0.0,0.6571680903434753
data_152,0,0,0.0,0.1405407132708021,0.6749869585037231
data_152,0,0,0.0,0.09956948234092522,0.5371053814888
data_152,1,0,0.11439244479851851,0.09625274298078779,0.7928262948989868
data_152,0,0,0.03968155463484635,0.05218501859911839,0.7422736883163452
data_152,1,0,0.07729177886394822,0.03736227090485045,0.6455284953117371
data_152,0,0,0.0,0.07926085731364552,0.7422736883163452
data_152,1,0,0.06736577514493547,0.0917908879201832,0.6455284953117371
data_152,0,0,0.044668917508406736,0.07802915217814288,0.7928262948989868
data_152,0,0,0.0,0.0,0.6749869585037231
data_152,0,0,0.01160328270294464,0.09431133038116357,0.5808654427528381
data_152,0,0,0.0,0.0670996062677176,0.5042359232902527
data_152,0,0,0.0,0.021280119316536172,0.7446209192276001
data_152,0,0,0.0,0.15084147037062223,0.7446209192276001
data_152,1,0,0.0,0.034717668414703695,0.6571680903434753
data_152,0,0,0.004355794220405329,0.0,0.6236123442649841
data_153,0,1,0.0,0.0,0.0
data_153,0,1,0.0,0.0,0.0
data_153,0,1,0.0,0.0,0.0
data_153,0,0,0.0,0.0,0.6210704445838928
data_153,0,0,0.0,0.16504710982587767,0.6443256139755249
data_153,0,0,0.04272323045813309,0.025761484255358624,0.756076991558075
data_153,0,0,0.0,0.09793028747903065,0.6162779331207275
data_153,0,0,0.0,0.12086354082184947,0.6742677092552185
data_153,0,0,0.0,0.08075094100830071,0.7429909110069275
data_153,0,0,0.0,0.04439299168460309,0.6111977100372314
data_153,1,0,0.0,0.0,0.6123679280281067
data_153,0,0,0.0105385686009285,0.05259385606631639,0.6673274040222168
data_153,0,0,0.01158822742313248,0.054887923011310846,0.6210704445838928
data_153,0,0,0.0,0.05516719323057373,0.5442103743553162
data_153,1,0,0.061476770790523716,0.057337019591621186,0.6220155358314514
data_153,1,0,0.026771391682867574,0.007451000525861673,0.6111977100372314
data_153,1,0,0.07176110303511507,0.13769843730603526,0.6742677092552185
data_153,1,0,0.17093221912337242,0.0,0.756076991558075
data_154,0,1,0.0,0.0,0.0
data_154,1,1,0.0,0.0,0.0
data_154,0,1,0.0,0.0,0.0
data_154,0,1,0.0,0.0,0.0
data_154,0,1,0.0,0.0,0.0
data_154,0,0,0.0,0.008522812365697519,0.866356611251831
data_154,1,0,0.0,0.0,0.6830404996871948
data_154,0,0,0.0,0.04733062984939451,0.6048589944839478
data_154,0,0,0.0,0.09490609228571145,0.5318602323532104
data_154,0,0,0.0,0.0,0.6435215473175049
data_154,0,0,0.0,0.014161355693481426,0.5928705334663391
data_154,0,0,0.024469572698126996,0.0,0.7366794347763062
data_154,0,0,0.0,0.006716748000679118,0.5998687744140625
data_154,0,0,0.0,0.09625720812145744,0.5212746858596802
data_154,0,0,0.0,0.09621175024527417,0.866356611251831
data_154,0,0,0.0,0.03209355620213117,0.4537578821182251
data_154,0,0,0.07403981317061437,0.13281925387788363,0.5212746858596802
data_154,0,0,0.06328014654986447,0.0675058568908895,0.5790910720825195
data_154,0,0,0.0,0.038778022100402154,0.7074907422065735
data_154,0,0,0.04103592725473604,0.01858009193510668,0.8066255450248718
data_154,0,0,0.0,0.054237054639020954,0.6606916189193726
data_154,0,0,0.034220677258517185,0.0,0.6435215473175049
data_154,0,0,0.005886387263117854,0.08980475009708755,0.7478092908859253
data_154,0,0,0.0,0.10588393376331595,0.520916759967804
data_154,1,0,0.12539248902681877,0.10586012672175116,0.8563461899757385
data_154,0,0,0.09785651303976906,0.094333716305254,0.7944920659065247
data_155,1,1,0.0,0.0,0.0
data_155,0,1,0.0,0.0,0.0
data_155,0,0,0.0,0.12706077984694275,0.6747012138366699
data_155,0,0,0.02480032581805247,0.0,0.5740890502929688
data_155,0,0,0.0,0.0,0.6683578491210938
data_155,1,0,0.26297378879202427,0.21190959521686636,0.6747012138366699
data_155,0,0,0.0,0.0207856928438801,0.7551555037498474
data_155,0,0,0.0,0.12546639152270345,0.7551555037498474
data_155,0,0,0.0,0.05470537299896705,0.6489013433456421
data_155,0,0,0.0,0.07287815005177833,0.4734534025192261
data_155,0,0,0.0,0.028982174227092372,0.5004693269729614
data_155,0,0,0.017821168169630752,0.04569949233526316,0.533255934715271
data_155,0,0,0.0,0.07628327701166171,0.3844558894634247
data_155,0,0,0.0,0.10391589978976334,0.561255693435669
data_155,1,0,0.028521213540152246,0.010203416029579415,0.4813571572303772
data_156,0,1,0.0,0.0,0.0
data_156,1,1,0.0,0.0,0.0
data_156,1,1,0.0,0.0,0.0
data_156,0,0,0.0,0.1667773473135199,0.7249614000320435
data_156,0,0,0.0,0.0,0.5864769220352173
data_156,0,0,0.0,0.0852862947660995,0.45077356696128845
data_156,0,0,0.0,0.20528617999987375,0.8668609857559204
data_156,0,0,0.0029170849580637537,0.09890623353539674,0.5740957260131836
data_156,1,0,0.0,0.07289973753066903,0.7139448523521423
data_156,1,0,0.1352035154630542,0.11537676660916674,0.7695306539535522
data_156,1,0,0.0,0.030510246895840254,0.5206267237663269
data_156,1,0,0.0,0.1382820578498638,0.6330651640892029
data_156,0,0,0.1505082670177771,0.0,0.8668609857559204
data_156,0,0,0.04471703447597264,0.04255746346807143,0.6729428768157959
data_156,0,0,0.11112371212928451,0.03459469287668071,0.6779793500900269
data_156,0,0,0.0,0.12708563808695317,0.7695306539535522
data_156,0,0,0.0,0.04066513497985369,0.5181030035018921
data_157,0,1,0.0,0.0,0.0
data_157,0,1,0.0,0.0,0.0
data_157,0,0,0.0,0.07253300592466871,0.6929356455802917
data_157,0,0,0.0,0.0,0.6595661640167236
data_157,0,0,0.0,0.05818740445313608,0.6673426032066345
data_157,1,0,0.032955967966435296,0.10183249524772009,0.5045437216758728
data_157,0,0,0.0,0.08649533600033266,0.4644230008125305
data_157,0,0,0.02345559752691173,0.08152988972311093,0.6929356455802917
data_157,0,0,0.0,0.0,0.8478387594223022
data_157,1,0,0.0,0.006409252514789188,0.6341351866722107
data_157,1,0,0.013354502864572737,0.0,0.7281612753868103
data_157,1,0,0.0762619539106204,0.022208020548070806,0.8478387594223022
data_157,0,0,0.0,0.0,0.4608669579029083
data_157,0,0,0.0,0.1345622061250502,0.5580512285232544
data_157,0,0,0.0,0.07385434201212604,0.549736738204956
data_158,0,1,0.0,0.0,0.0
data_158,0,1,0.0,0.0,0.0
data_158,0,1,0.0,0.0,0.0
data_158,0,1,0.0,0.0,0.0
data_158,0,0,0.0,0.10997499085956974,0.6529015898704529
data_158,0,0,0.0,0.0,0.7964342832565308
data_158,0,0,0.03909654684037278,0.0,0.7000263929367065
data_158,0,0,0.0,0.0781234801172559,0.6390316486358643
data_158,0,0,0.03416390244137801,0.09767225708355909,0.6170120239257812
data_158,0,0,0.08009381579380914,0.1266429907740445,0.8747497797012329
data_158,0,0,0.0,0.1075670548016916,0.7964342832565308
data_158,0,0,0.0,0.02244408871259651,0.6620314121246338
data_158,0,0,0.0,0.13499230164664766,0.8747497797012329
data_158,0,0,0.0,0.14397298833669225,0.8104812502861023
data_158,0,0,0.0,0.0,0.780068576335907
data_158,0,0,0.004906361171876483,0.1688616017628206,0.7604726552963257
data_158,0,0,0.14326656759832446,0.1427344516984661,0.6964496374130249
data_158,1,0,0.04872645672677933,0.05595420249875005,0.6511102318763733
data_158,0,0,0.0,0.07127110125351521,0.5086809396743774
data_158,0,0,0.0,0.06030546791733826,0.8163983225822449
data_158,0,0,0.0,0.03510095853176409,0.7079436182975769
data_158,0,0,0.0,0.0,0.8104812502861023
data_158,1,0,0.05585631297553917,0.06283758104759762,0.8163983225822449
data_158,0,0,0.0,0.15008764765447324,0.6745687127113342
data_158,0,0,0.1660938615951295,0.11698647778038662,0.780068576335907
data_158,0,0,0.0,0.0,0.5760468244552612
data_158,0,0,0.009858741310807773,0.036863540104075554,0.6261190176010132
data_158,0,0,0.06100753059102004,0.035135637684689414,0.6721428036689758
data_159,0,1,0.0,0.0,0.0
data_159,0,1,0.0,0.0,0.0
data_159,0,1,0.0,0.0,0.0
data_159,0,0,0.010465288240926185,0.12220589929041736,0.8028722405433655
data_159,0,0,0.0018060725983559678,0.013890235858351474,0.3083210587501526
data_159,0,0,0.0,0.2242687015663023,0.7491436004638672
data_159,0,0,0.0,0.08940250118702231,0.7491436004638672
data_159,0,0,0.0,0.1742280512158203,0.8346115350723267
data_159,0,0,0.0,0.3123920266430176,0.5980446338653564
data_159,0,0,0.0,0.04837427391497506,0.6331602334976196
data_159,0,0,0.0,0.17977569196785836,0.6632646322250366
data_159,0,0,0.05724877879732304,0.0,0.8346115350723267
data_159,0,0,0.0,0.08369774731469448,0.7344069480895996
data_159,0,0,0.0,0.05165573737170348,0.6352822780609131
data_159,0,0,0.0,0.0,0.7740023136138916
data_159,0,0,0.0,0.09603522940394171,0.45449474453926086
data_159,0,0,0.0,0.08702891925682366,0.7520434856414795
data_159,0,0,0.0,0.07201790492285198,0.4775560200214386
data_159,0,0,0.0,0.14369996499242177,0.5030107498168945
data_159,0,0,0.0574908035182915,0.06174927700684307,0.7520434856414795
data_159,0,0,0.0,0.16489783435966743,0.523705780506134
data_159,0,0,0.0,0.022099947994490776,0.7740023136138916
data_159,0,0,0.0,0.0,0.5015231370925903
data_160,0,1,0.0,0.0,0.0
data_160,0,1,0.0,0.0,0.0
data_160,1,1,0.0,0.0,0.0
data_160,0,0,0.0,0.07393996876965048,0.8780968189239502
data_160,0,0,0.0,0.1529082598640059,0.7670963406562805
data_160,0,0,0.017583638801639268,0.07777360409126999,0.8460457921028137
data_160,0,0,0.014791821602130995,0.014791821602130995,0.5842324495315552
data_160,0,0,0.0,0.04848294239216244,0.825704038143158
data_160,0,0,0.07813950936679248,0.1211424383717663,0.8780968189239502
data_160,0,0,0.0,0.0,0.7670963406562805
data_160,0,0,0.0010643441434012857,0.11007712549819715,0.7775879502296448
data_160,0,0,0.0,0.11166653272991311,0.6916306614875793
data_160,0,0,0.0,0.0,0.6018834710121155
data_160,0,0,0.06408895704639761,0.0025469779351396937,0.825704038143158
data_160,0,0,0.0,0.06606231080945335,0.6854643225669861
data_160,0,0,0.07930519281359238,0.07905633016449087,0.7286258339881897
data_160,0,0,0.0,0.19554664839102287,0.5078304409980774
data_160,0,0,0.0,0.059894246750459956,0.6238278150558472
data_160,0,0,0.15160722630135126,0.07718923944665335,0.8123742938041687
data_160,0,0,0.03777848190133426,0.0753875570327125,0.6818463802337646
data_160,0,0,0.1251267043273394,0.17146539373078085,0.8581869602203369
data_160,0,0,0.0,0.0,0.6423208713531494
data_160,0,0,0.0,0.13966903919993,0.749986469745636
data_160,0,0,0.0,0.07350482882226927,0.6018834710121155
data_161,0,0,0.0581194243196137,0.09984566140006734,0.7469237446784973
data_161,0,0,0.060350759140646915,0.036269261985051315,0.7371549606323242
data_161,0,0,0.08723597022549257,0.07137941641294532,0.6710891723632812
data_161,0,0,0.07425151245161032,0.028197325007653262,0.7763247489929199
data_161,0,0,0.0,0.14367569187024642,0.6284597516059875
data_161,0,0,0.0,0.15027383046143683,0.6694929599761963
data_161,0,0,0.09362306882394478,0.0367122978067016,0.7641986012458801
data_161,1,0,0.0691147748275398,0.06980731602468637,0.6710891723632812
data_161,0,0,0.0,0.05010874356298345,0.6530863642692566
data_161,0,0,0.0,0.13829443542304887,0.7641986012458801
data_161,1,0,0.0,0.08311295513902195,0.6242589950561523
data_161,0,0,0.0,0.08112604086194253,0.48422771692276
data_161,0,0,0.0,0.16278838376587146,0.691662609577179
data_161,0,0,0.0,0.1150192253936062,0.5475809574127197
data_161,0,0,0.0,0.06282249618389635,0.5369963645935059
data_161,0,0,0.0,0.07340165741621618,0.7369937896728516
data_161,0,0,0.05881305582840923,0.08904834658940786,0.6485012769699097
data_161,0,0,0.016706275248267843,0.06781573846007305,0.7095107436180115
data_161,0,0,0.05544639055474221,0.06650603160048263,0.8127204775810242
data_161,0,0,0.0,0.10627259996051208,0.7293733358383179
data_161,0,0,0.05560911460829132,0.15171106904972476,0.8127204775810242
data_161,0,0,0.0,0.09381761811043887,0.691662609577179
data_161,0,0,0.027210469610281507,0.022548941455283966,0.6452476978302002
data_161,0,0,0.0,0.09530075707955277,0.6910622715950012
data_161,0,0,0.0,0.0638137136358452,0.7371549606323242
data_161,0,0,0.05583989376191312,0.14237222066633848,0.683539092540741
data_161,0,0,0.07237775016514902,0.0,0.7469237446784973
data_161,0,0,0.0,0.06817037292191408,0.5693218111991882
data_161,0,0,0.018556622833713732,0.04129157215624346,0.6558647751808167
data_161,0,0,0.0,0.0,0.6863964796066284
data_161,0,0,0.0024882504599190725,0.053368265182399455,0.6919136047363281
data_161,0,0,0.0,0.038064610884234185,0.6212336421012878
data_161,0,0,0.0,0.061211904060605615,0.47841182351112366
data_162,0,1,0.0,0.0,0.0
data_162,0,1,0.0,0.0,0.0
data_162,0,1,0.0,0.0,0.0
data_162,0,1,0.0,0.0,0.0
data_162,1,1,0.0,0.0,0.0
data_162,0,0,0.04277075924363771,0.048248410933204866,0.8986666798591614
data_162,0,0,0.0,0.1905423846531562,0.8012475967407227
data_162,0,0,0.030712699719231296,0.046148071923735046,0.6579797863960266
data_162,0,0,0.0,0.08986141605962672,0.5383978486061096
data_162,0,0,0.0,0.08641662241783266,0.7504962086677551
data_162,0,0,0.0,0.20473012019829895,0.7963517904281616
data_162,0,0,0.0,0.0,0.7966408729553223
data_162,0,0,0.0,0.05898067915260086,0.7512110471725464
data_162,0,0,0.0,0.10387846353697228,0.6572978496551514
data_162,0,0,0.0,0.1364078174044181,0.8012475967407227
data_162,0,0,0.0,0.1582061263207919,0.5799751877784729
data_162,0,0,0.0,0.10329665893078221,0.5237579345703125
data_162,0,0,0.10736103843719746,0.09925506791013561,0.8929229974746704
data_162,0,0,0.0,0.13622391906562825,0.713255763053894
data_162,0,0,0.032958168396078236,0.07419583353492598,0.643384575843811
data_162,0,0,0.00834977001960624,0.008070780390539767,0.7008219361305237
data_162,0,0,0.0,0.12958887258353968,0.7629342079162598
data_162,0,0,0.0,0.08713054093640693,0.8811119794845581
data_162,0,0,0.0,0.11376848958372676,0.7526811957359314
data_162,0,0,0.05907833508551974,0.020181990980123743,0.8986666798591614
data_162,0,0,0.0,0.08673724272212269,0.7186453342437744
data_162,1,0,0.0,0.06307707378253724,0.5454562306404114
data_163,0,1,0.0,0.0,0.0
data_163,0,1,0.0,0.0,0.0
data_163,0,1,0.0,0.0,0.0
data_163,0,0,0.0,0.10879038589986934,0.7538559436798096
data_163,0,0,0.0,0.056437886575352536,0.8058513402938843
data_163,0,0,0.0,0.08242814944423493,0.5946734547615051
data_163,0,0,0.0,0.06317629213802078,0.6040137410163879
data_163,0,0,0.0,0.02893106572157933,0.8058513402938843
data_163,0,0,0.021207552498481164,0.0,0.6348540186882019
data_163,0,0,0.0,0.06868098519707999,0.7242639660835266
data_163,0,0,0.0,0.10049515765025774,0.7008770704269409
data_163,0,0,0.0,0.13434285309525507,0.7538559436798096
data_163,0,0,0.013756558010989295,0.012132800128267007,0.6541987657546997
data_163,0,0,0.0,0.0641207382712281,0.5926110744476318
data_163,0,0,0.0,0.12607966364686263,0.5234321355819702
data_163,0,0,0.0,0.023161936929927407,0.7328332662582397
data_163,0,0,0.0,0.13940350098827992,0.5366166234016418
data_163,0,0,0.0,0.13089294570873022,0.747527003288269
data_164,1,1,0.0,0.0,0.0
data_164,0,1,0.0,0.0,0.0
data_164,0,1,0.0,0.0,0.0
data_164,0,1,0.0,0.0,0.0
data_164,0,0,0.0,0.18510990550520035,0.5012004375457764
data_164,0,0,0.0,0.0240229173614388,0.7311354279518127
data_164,0,0,0.0,0.10447783045768588,0.5887804627418518
data_164,0,0,0.0,0.0,0.7242257595062256
data_164,0,0,0.0,0.08444982015512537,0.678273618221283
data_164,0,0,0.0,0.0,0.5657063126564026
data_164,0,0,0.02925855836227953,0.0,0.40867701172828674
data_164,0,0,0.0,0.0,0.6082929968833923
data_164,0,0,0.0,0.0,0.5875199437141418
data_164,0,0,0.0,0.011346202426320673,0.7311354279518127
data_164,0,0,0.0,0.1361698964755753,0.678273618221283
data_165,0,1,0.0,0.0,0.0
data_165,0,1,0.0,0.0,0.0
data_165,1,1,0.0,0.0,0.0
data_165,0,0,0.0,0.0,0.7429541945457458
data_165,0,0,0.0,0.11381057205364442,0.7021617889404297
data_165,0,0,0.0,0.10309307005869073,0.6022437810897827
data_165,0,0,0.0,0.0,0.7564519643783569
data_165,0,0,0.04021330116813715,0.06789056942704264,0.7021617889404297
data_165,0,0,0.0,0.11712805512935276,0.5665441751480103
data_165,0,0,0.0,0.08787368974370224,0.7668327689170837
data_165,0,0,0.1960491788744836,0.0050495820092297805,0.576069176197052
data_165,0,0,0.0,0.06348495540308008,0.9727911949157715
data_165,0,0,0.025638724971909,0.14665576979122363,0.6855225563049316
data_165,0,0,0.04939223699221884,0.01619290093695369,0.6197385787963867
data_165,0,0,0.06862176655462093,0.002000522119161019,0.7465507984161377
data_165,0,0,0.12475246205008972,0.10088949499242972,0.7049322128295898
data_165,0,0,0.0,0.2545498530955843,0.50947505235672
data_165,0,0,0.028531646442090164,0.07682419831405696,0.5687193870544434
data_165,1,0,0.064317391357406,0.08538603083900398,0.7429541945457458
data_165,0,0,0.057898102652359285,0.07714651086591573,0.9727911949157715
data_165,0,0,0.0,0.026825761364989376,0.6730667352676392
data_165,0,0,0.0,0.16027876481786585,0.516294538974762
data_165,0,0,0.0,0.12759226491315445,0.6353465914726257
data_165,0,0,0.0,0.15720933027222372,0.6425590515136719
data_165,0,0,0.0,0.0,0.5936967730522156
data_165,0,0,0.0,0.027585504013600826,0.6881110668182373
data_165,0,0,0.0,0.05897306431852911,0.7136949300765991
data_166,0,1,0.0,0.0,0.0
data_166,0,1,0.0,0.0,0.0
data_166,0,1,0.0,0.0,0.0
data_166,1,1,0.0,0.0,0.0
data_166,1,1,0.0,0.0,0.0
data_166,0,0,0.0,0.07636140511960932,0.7234474420547485
data_166,0,0,0.015432964845807362,0.003961836513049377,0.5602355003356934
data_166,0,0,0.0,0.052319562741928394,0.736528217792511
data_166,0,0,0.0,0.13006005293272693,0.4751095473766327
data_166,0,0,0.046798942783972564,0.0626236710574517,0.7466534376144409
data_166,1,0,0.053724558154463864,0.05666590844440478,0.9089885950088501
data_166,0,0,0.0,0.0,0.5751269459724426
data_166,0,0,0.0,0.0022563831650046495,0.6629955172538757
data_166,0,0,0.0,0.03629623597956666,0.7717738747596741
data_166,0,0,0.0,0.07517135388752649,0.5636172294616699
data_166,0,0,0.001938602415844315,0.05007493770557403,0.5528878569602966
data_166,0,0,0.0,0.024634510898287942,0.5751269459724426
data_166,0,0,0.0357025637389512,0.10975467278743167,0.753638505935669
data_166,1,0,0.0433152156694625,0.11874750697025505,0.9089885950088501
data_166,0,0,0.029147348554445784,0.007106897035892956,0.7717738747596741
data_166,0,0,0.029978620461406535,0.14466919697575875,0.6629955172538757
data_166,0,0,0.03136309097409651,0.08380857311871104,0.5138387084007263
data_166,1,0,0.054951594330503895,0.0,0.6246256828308105
data_166,0,0,0.0,0.002820648625929678,0.4711313545703888
data_167,0,1,0.0,0.0,0.0
data_167,0,1,0.0,0.0,0.0
data_167,0,1,0.0,0.0,0.0
data_167,0,0,0.0,0.119172784283478,0.7930580377578735
data_167,0,0,0.0,0.0,0.7101341485977173
data_167,0,0,0.0,0.11460638090551356,0.7982478141784668
data_167,0,0,0.0,0.0365621165083887,0.467207670211792
data_167,0,0,0.0,0.06377906429420577,0.6135010719299316
data_167,0,0,0.0,0.08619487217483623,0.4576779305934906
data_167,0,0,0.0,0.15180398950918317,0.6135010719299316
data_167,0,0,0.1146892798864485,0.03137985194570092,0.8559346199035645
data_167,0,0,0.0,0.13804581874798316,0.8704411387443542
data_167,0,0,0.0,0.0,0.8704411387443542
data_167,0,0,0.0,0.1402805783996719,0.49309828877449036
data_167,0,0,0.0,0.2634113787509911,0.49724262952804565
data_167,0,0,0.0,0.23991603419433716,0.8316360712051392
data_167,0,0,0.0,0.1282930148519199,0.5639358162879944
data_167,0,0,0.0,0.15492300262856418,0.8201473951339722
data_167,0,0,0.0,0.13457588932337394,0.607464611530304
data_167,0,0,0.0,0.13417496291796027,0.6024350523948669
data_167,0,0,0.0,0.11989702198043517,0.8365577459335327
data_167,0,0,0.0,0.020637933507750006,0.8559346199035645
data_167,0,0,0.0,0.0415240678016815,0.7669517993927002
data_167,0,0,0.0,0.23796177494221737,0.595348596572876
data_167,0,0,0.0,0.0,0.5735558271408081
data_167,0,0,0.0,0.038636945241542264,0.658292293548584
data_167,0,0,0.037311032398314126,0.0,0.7101341485977173
data_167,0,0,0.0,0.05136025302812364,0.6373399496078491
data_167,0,0,0.012694924828583254,0.015278771194807916,0.575400710105896
data_168,1,1,0.0,0.0,0.0
data_168,1,1,0.0,0.0,0.0
data_168,0,1,0.0,0.0,0.0
data_168,0,1,0.0,0.0,0.0
data_168,0,0,0.0,0.0,0.5446056723594666
data_168,0,0,0.0032614195843905236,0.0,0.46996891498565674
data_168,0,0,0.0,0.049497606532487026,0.7034417986869812
data_168,1,0,0.006272426232859729,0.0,0.5037468671798706
data_168,1,0,0.014481899876095383,0.004103147018291509,0.6413080096244812
data_168,0,0,0.0,0.12873245982330772,0.5505955815315247
data_168,0,0,0.0,0.09620362159338924,0.45919662714004517
data_168,0,0,0.031013132087608142,0.06731120124894474,0.6413080096244812
data_168,0,0,0.04490274397988969,0.034638251125613806,0.562982976436615
data_168,0,0,0.04483888408364223,0.0492495766101797,0.5420422554016113
data_168,0,0,0.0367107402430733,0.04165759566532046,0.7293396592140198
data_168,0,0,0.0,0.028360835718373778,0.7293396592140198
data_168,0,0,0.0,0.0,0.5198289155960083
data_169,0,0,0.0,0.05493724789914367,0.24810129404067993
data_169,0,0,0.0,0.23988419140141204,0.41815394163131714
data_169,0,0,0.0,0.0,0.47762414813041687
data_169,0,1,0.0,0.0,0.0
data_169,1,1,0.0,0.0,0.0
data_169,1,1,0.0,0.0,0.0
data_169,0,0,0.0,0.0,0.47762414813041687
data_169,1,0,0.0,0.0445599882580634,0.38488835096359253
data_169,0,0,0.017751686133014033,0.0,0.41815394163131714
data_169,1,1,0.0,0.0,0.0
data_169,1,1,0.0,0.0,0.0
data_169,1,1,0.0,0.0,0.0
data_170,0,1,0.0,0.0,0.0
data_170,1,1,0.0,0.0,0.0
data_170,0,0,0.0,0.0,0.8148303031921387
data_170,0,0,0.0,0.0,0.6417852640151978
data_170,0,0,0.0,0.14002060342249933,0.7349665760993958
data_170,0,0,0.032224133312389824,0.03112037718478433,0.6093906164169312
data_170,0,0,0.03750038643079279,0.0784276213106061,0.6225924491882324
data_170,0,0,0.0,0.03624529813432531,0.8011656999588013
data_170,1,0,0.05391223827982827,0.17084643148816525,0.812144935131073
data_170,1,1,0.0,0.0,0.0
data_170,0,0,0.045272692330883046,0.013849472609265945,0.7349665760993958
data_170,1,0,0.09510471507104512,0.028732917162166416,0.7262822389602661
data_170,1,0,0.03429291933450429,0.01983188244993528,0.812144935131073
data_170,0,0,0.055396799103071714,0.13143818879756353,0.7289924621582031
data_170,0,0,0.017362943613399295,0.08530086725917485,0.7083489894866943
data_170,0,0,0.0,0.13578503743597992,0.7180731296539307
data_170,1,0,0.04622165800492439,0.06251242040661964,0.8148303031921387
data_170,0,0,0.05423417359362759,0.07025766269335776,0.8032150864601135
data_170,0,0,0.12622804784550112,0.1501530443654815,0.7204591035842896
data_171,0,0,0.0,0.18314340883571845,0.4380210041999817
data_171,0,0,0.0,0.15730631899490533,0.49445852637290955
data_171,0,0,0.0,0.19015747808346362,0.39505434036254883
data_171,0,0,0.0,0.12396228652420405,0.6897143125534058
data_171,0,0,0.0,0.0,0.46107685565948486
data_171,0,0,0.0,0.3107081374211731,0.49373504519462585
data_171,0,0,0.0,0.07831876354153433,0.4462093114852905
data_171,0,0,0.040455992707038035,0.10212098424546667,0.5542545318603516
data_171,0,0,0.0,0.03632975867877519,0.8103737831115723
data_171,0,0,0.0,0.17173108061285802,0.8184130191802979
data_171,0,0,0.05143527696921524,0.08655255572671194,0.5387049913406372
data_171,0,0,0.0724622879064043,0.0727851020631789,0.8103737831115723
data_171,0,0,0.0,0.09204573042055131,0.5797200798988342
data_171,0,0,0.0,0.05129777495493926,0.6106351613998413
data_171,0,0,0.0,0.17547357676886755,0.6381750106811523
data_171,0,0,0.0030274548056485884,0.18093414830193844,0.6877492070198059
data_171,0,0,0.0,0.03342940294908203,0.6136307716369629
data_171,0,0,0.0,0.0,0.636598527431488
data_171,0,0,0.04873615674974019,0.0,0.8184130191802979
data_171,0,0,0.0194573128671216,0.001183010442808552,0.6064674854278564
data_171,0,0,0.0,0.12909757337008898,0.5185050368309021
data_171,0,0,0.0,0.0,0.7137342691421509
data_172,1,1,0.0,0.0,0.0
data_172,1,1,0.0,0.0,0.0
data_172,0,1,0.0,0.0,0.0
data_172,0,0,0.0,0.09438112309304358,0.8325289487838745
data_172,1,0,0.0,0.10840491114868378,0.5163836479187012
data_172,0,0,0.022054540912645137,0.0,0.7589318752288818
data_172,0,0,0.0,0.04935427102001455,0.7168728709220886
data_172,0,0,0.04522611260957632,0.04534619062653533,0.5385249257087708
data_172,0,0,0.19485596566034857,0.22021362823782198,0.8911841511726379
data_172,0,0,0.05547611624822579,0.0437977518995325,0.6752122044563293
data_172,0,0,0.0,0.14201367845071644,0.8911841511726379
data_172,0,0,0.0,0.04849018831218643,0.6599113941192627
data_172,0,0,0.05880412403030277,0.04721353087924385,0.8906629085540771
data_172,0,0,0.0,0.07096040258173275,0.7168728709220886
data_172,0,0,0.0,0.07852114690745182,0.7911126017570496
data_172,1,0,0.17776916877544302,0.0685266369551627,0.711750864982605
data_172,1,0,0.0,0.09776879756498147,0.5250498652458191
data_172,0,0,0.0569994514812322,0.04046243722157783,0.8437522649765015
data_172,0,0,0.0,0.06730203488236697,0.8193453550338745
data_172,0,0,0.007065447643473277,0.0,0.4930751323699951
data_172,0,0,0.05691655506814186,0.02857977025765024,0.7011102437973022
data_172,0,0,0.02668888158676097,0.0,0.6780839562416077
data_172,0,0,0.0,0.11108282121233692,0.6029343605041504
data_172,0,0,0.020783414077082618,0.0,0.4535228908061981
data_172,0,0,0.007000247875744492,0.1526738042540785,0.7211078405380249
data_172,0,0,0.0,0.006510719794814435,0.581748366355896
data_172,0,0,0.062296960493181786,0.02612471427505625,0.9030101895332336
data_172,0,0,0.020482954541876097,0.0830415283966417,0.9030101895332336
data_172,0,0,0.0,0.0,0.6823347210884094
data_172,0,0,0.03686686561854913,0.046328281785349645,0.7211078405380249
data_173,0,1,0.0,0.0,0.0
data_173,0,1,0.0,0.0,0.0
data_173,0,1,0.0,0.0,0.0
data_173,0,0,0.07119408579489317,0.0906001611863303,0.6952403783798218
data_173,0,0,0.0,0.04841555534174091,0.5541722178459167
data_173,0,0,0.040567076758904363,0.0,0.8285048007965088
data_173,0,0,0.01338827562259226,0.131198247428312,0.6721376776695251
data_173,0,0,0.06885000253896578,0.06563149956332381,0.7465200424194336
data_173,0,0,0.0,0.0,0.6290504336357117
data_173,0,0,0.0,0.02070883441956539,0.729095458984375
data_173,1,0,0.0,0.16124757247423815,0.7483123540878296
data_173,0,0,0.0,0.0,0.7389460206031799
data_173,0,0,0.0,0.0,0.6290504336357117
data_173,0,0,0.0,0.11007527570144049,0.7321515083312988
data_173,0,0,0.0,0.15073823537940356,0.7499412894248962
data_173,0,0,0.04135370555542295,0.08218500519477345,0.7680127620697021
data_173,0,0,0.0,0.0793790419720608,0.6825456023216248
data_173,0,0,0.034822511409515755,0.034822511409515755,0.7912036776542664
data_173,0,0,0.11489156222213026,0.1226750052206036,0.7110996842384338
data_173,0,0,0.0,0.10074250646191274,0.8285048007965088
data_173,0,0,0.0,0.0,0.696144163608551
data_173,1,0,0.011987948159465134,0.0,0.7402416467666626
data_173,0,0,0.008924440715938786,0.026772066802523753,0.5607443451881409
data_173,0,0,0.0,0.10158314142415747,0.632405698299408
data_173,0,0,0.0,0.1647770256328478,0.6322508454322815
data_173,1,0,0.0,0.08360665186791039,0.7402416467666626
data_173,0,0,0.0,0.0,0.7912036776542664
data_174,0,1,0.0,0.0,0.0
data_174,0,1,0.0,0.0,0.0
data_174,0,1,0.0,0.0,0.0
data_174,0,0,0.0,0.0,0.6772817373275757
data_174,0,0,0.013043603402696391,0.0,0.6711238026618958
data_174,0,0,0.0,0.1134873750529124,0.5491217374801636
data_174,0,0,0.0,0.0,0.5824158787727356
data_174,0,0,0.0,0.0,0.6060702204704285
data_174,0,0,0.0,0.08464367842746512,0.6220765113830566
data_174,0,0,0.0,0.07711906046024097,0.6772817373275757
data_174,0,0,0.0,0.10165848118354859,0.5227775573730469
data_174,0,0,0.05196904438734862,0.03551429881277102,0.8685623407363892
data_174,0,0,0.0,0.0,0.5824158787727356
data_174,0,0,0.0,0.0,0.6392295360565186
data_174,0,0,0.0,0.09086115640349135,0.6220765113830566
data_174,0,0,0.05395982141797617,0.17196148102278386,0.8685623407363892
data_174,0,0,0.0,0.10858156899059068,0.6711238026618958
data_175,1,1,0.0,0.0,0.0
data_175,1,1,0.0,0.0,0.0
data_175,0,1,0.0,0.0,0.0
data_175,0,0,0.0,0.0,0.7623178362846375
data_175,0,0,0.0,0.0,0.5029378533363342
data_175,0,0,0.0,0.0,0.6750115752220154
data_175,0,0,0.0,0.13400921702390534,0.4866560697555542
data_175,1,0,0.08091541077892472,0.08091541077892472,0.7543442845344543
data_175,0,0,0.0,0.0,0.7357621192932129
data_175,0,0,0.0004884199111643284,0.21131575445972217,0.5574750900268555
data_175,0,0,0.0,0.0,0.7684534788131714
data_175,0,0,0.0,0.0,0.5988337397575378
data_175,0,0,0.0,0.036341626959767837,0.6861181259155273
data_175,0,0,0.18028116146517448,0.18028116146517448,0.7684534788131714
data_175,0,0,0.10712760949683542,0.05366636711926276,0.6861181259155273
data_176,0,0,0.049334430529341944,0.0381742883984586,0.61493319272995
data_176,0,0,0.015526922211577698,0.006295468064422494,0.7714364528656006
data_176,0,0,0.0,0.10591772343056682,0.55223548412323
data_176,0,0,0.010476581418931374,0.022826744840074298,0.7746453881263733
data_176,0,0,0.0,0.06943823849994146,0.5812602639198303
data_176,0,0,0.0,0.0,0.5180659890174866
data_176,0,0,0.0,0.0,0.5629885196685791
data_176,0,0,0.0,0.025203232342452253,0.61493319272995
data_176,0,0,0.026608537233670404,0.0,0.8122617602348328
data_176,0,0,0.028523285247317176,0.028647418576532857,0.7747937440872192
data_176,0,0,0.0,0.06855570076106687,0.6441134214401245
data_176,1,0,0.0,0.032958348529309234,0.7364474534988403
data_176,1,0,0.060078843600351206,0.0,0.9706853032112122
data_176,0,0,0.0,0.042616775144288965,0.7657727003097534
data_176,0,0,0.0,0.2394653631044097,0.9706853032112122
data_176,0,0,0.0,0.035071351492980796,0.9310296177864075
data_176,0,0,0.037009700248866295,0.015065266831925328,0.5529981851577759
data_176,0,0,0.0,0.08403037059606788,0.6503133773803711
data_176,0,0,0.0,0.04982077293650633,0.6338545083999634
data_176,0,0,0.08201878251563954,0.14958040807341177,0.8122617602348328
data_176,0,0,0.07216464597426864,0.0,0.4412360191345215
data_176,0,0,0.008431375286988896,0.005309730080632846,0.6865789294242859
data_176,0,0,0.0,0.09729637042761397,0.8239148855209351
data_176,0,0,0.030102216767158296,0.07059969802972077,0.9310296177864075
data_177,0,1,0.0,0.0,0.0
data_177,0,1,0.0,0.0,0.0
data_177,0,0,0.020037661281861574,0.0821195328984956,0.7257868051528931
data_177,0,0,0.0,0.006642003091279491,0.3618853688240051
data_177,1,0,0.07181896043113056,0.0,0.6571612358093262
data_177,0,0,0.0,0.12750537191875466,0.47566601634025574
data_177,0,0,0.0,0.0,0.501509964466095
data_177,0,0,0.0,0.10733227755484975,0.6032746434211731
data_177,1,0,0.06013838675878702,0.0,0.7257868051528931
data_177,1,0,0.049383191962634854,0.015523950931555675,0.4626888930797577
data_177,0,0,0.0,0.07577082325390805,0.5387610793113708
data_177,0,0,0.0,0.06944879277745741,0.5429208278656006
data_177,0,0,0.0,0.054688977098064306,0.3618853688240051
data_178,0,1,0.0,0.0,0.0
data_178,0,1,0.0,0.0,0.0
data_178,0,1,0.0,0.0,0.0
data_178,0,0,0.0,0.070816031269203,0.5763314962387085
data_178,0,0,0.0,0.0,0.5544769763946533
data_178,0,0,0.0,0.17902986702070223,0.49834808707237244
data_178,0,0,0.0,0.16798543161516477,0.6379207372665405
data_178,0,0,0.0,0.0,0.5544769763946533
data_178,0,0,0.0,0.18361549106255382,0.7013366222381592
data_178,0,0,0.0,0.0,0.55019211769104
data_178,1,0,0.09571467096132213,0.0,0.524804949760437
data_178,1,0,0.06156030041404392,0.0337061298552257,0.5655553340911865
data_178,0,0,0.0,0.06602564045402382,0.68033367395401
data_178,1,0,0.003602812036589853,0.07336110926345007,0.491071879863739
data_178,0,0,0.0,0.23249556903947255,0.4922858774662018
data_178,0,0,0.08710818644529539,0.12935882287257527,0.9046546220779419
data_178,0,0,0.0,0.0,0.5369919538497925
data_178,0,0,0.0,0.08374661507672343,0.6866335272789001
data_178,0,0,0.0,0.12026275861015279,0.5701844692230225
data_178,0,0,0.0,0.08327258784334113,0.7013366222381592
data_178,0,0,0.0,0.12830271825010087,0.6379207372665405
data_178,0,0,0.0,0.016010781540764185,0.9046546220779419
data_178,0,0,0.055074404435195845,0.027588507464658463,0.68033367395401
data_179,0,1,0.0,0.0,0.0
data_179,0,1,0.0,0.0,0.0
data_179,0,1,0.0,0.0,0.0
data_179,0,0,0.0,0.22458247335066517,0.552639365196228
data_179,0,0,0.0,0.25496429802569764,0.6016863584518433
data_179,0,0,0.030933721041037643,0.03984722345626146,0.787806510925293
data_179,0,0,0.0,0.07728822416665437,0.600944459438324
data_179,0,0,0.0,0.09172365170933006,0.6714075803756714
data_179,0,0,0.0,0.060402226963358174,0.787806510925293
data_179,0,0,0.0,0.1568258240634357,0.5783293843269348
data_179,0,0,0.0,0.0,0.6160328388214111
data_179,0,0,0.0,0.15315049420313187,0.6387602686882019
data_179,0,0,0.0,0.15108201628490292,0.742238461971283
data_179,0,0,0.002765739721937166,0.015252130900421434,0.7536367177963257
data_179,0,0,0.0,0.10948179678341319,0.6160328388214111
data_179,0,0,0.0,0.19269095038058026,0.6424187421798706
data_179,0,0,0.0,0.0,0.599371075630188
data_179,0,0,0.0,0.11386096213800556,0.7536367177963257
data_179,0,0,0.0,0.1648150500912493,0.600944459438324
data_179,0,0,0.02504899789180115,0.06507658437151065,0.742238461971283
data_179,0,0,0.0,0.1110351632068074,0.6652168035507202
data_180,0,0,0.0,0.17444212700704043,0.45404696464538574
data_180,0,0,0.0,0.0,0.6372211575508118
data_180,0,0,0.0,0.14602141583022288,0.6187366843223572
data_180,0,0,0.0,0.015687507098668618,0.511227548122406
data_180,1,0,0.0011423647854122976,0.0011423647854122976,0.6372211575508118
data_180,0,0,0.03340142461947693,0.032412614876459855,0.6187366843223572
data_180,0,1,0.0,0.0,0.0
data_180,0,1,0.0,0.0,0.0
data_180,0,1,0.0,0.0,0.0
data_180,0,0,0.0,0.0902489381101077,0.5141697525978088
data_180,0,0,0.0,0.0,0.5134475231170654
data_180,0,0,0.0,0.053589340035291144,0.56219881772995
data_181,1,1,0.0,0.0,0.0
data_181,0,1,0.0,0.0,0.0
data_181,0,1,0.0,0.0,0.0
data_181,0,0,0.0,0.16856429268148077,0.7734836339950562
data_181,0,0,0.02898431823574299,0.04706455803841436,0.8054330348968506
data_181,0,0,0.0,0.1364755401598643,0.843591570854187
data_181,0,0,0.0,0.12898516852617803,0.771179735660553
data_181,0,0,0.011751672923963952,0.10476359219866538,0.8378179669380188
data_181,0,0,0.0,0.04758427741226967,0.687670886516571
data_181,0,0,0.0,0.06444466313365638,0.5734478235244751
data_181,0,0,0.0,0.04513464914637311,0.8378179669380188
data_181,0,0,0.11690625813979949,0.1809922568606943,0.8290727734565735
data_181,0,0,0.01764394842932049,0.0,0.806881844997406
data_181,0,0,0.0,0.0970748067417162,0.60592120885849
data_181,0,0,0.0,0.07450820035336747,0.5408115386962891
data_181,0,0,0.08760970800784662,0.1963391533436436,0.7314906120300293
data_181,0,0,0.0,0.0872270848790464,0.9128800630569458
data_181,0,0,0.0178120883955053,0.07559263646529502,0.8322187662124634
data_181,0,0,0.0,0.05196642714136601,0.8935510516166687
data_181,0,0,0.0,0.0,0.797955334186554
data_181,0,0,0.0,0.06861295799962619,0.7963650226593018
data_181,0,0,0.0,0.03401483874117517,0.8054330348968506
data_181,0,0,0.13333602979506054,0.011276134701887486,0.8736717104911804
data_181,0,0,0.1282835613408011,0.11102085621341473,0.8935510516166687
data_181,0,0,0.08910638326548082,0.08190829712641445,0.9128800630569458
data_181,0,0,0.0,0.0046439556435871054,0.60592120885849
data_181,0,0,0.0,0.02783223750908803,0.497484028339386
data_181,0,0,0.0,0.05485168335315649,0.5175562500953674
data_181,0,0,0.08746155367735753,0.0457418732862358,0.8736717104911804
data_182,0,1,0.0,0.0,0.0
data_182,1,1,0.0,0.0,0.0
data_182,0,1,0.0,0.0,0.0
data_182,0,0,0.023361662108492,0.08777375599581205,0.6565436124801636
data_182,0,0,0.0,0.1161223689676234,0.34063613414764404
data_182,0,0,0.012634570673167644,0.0,0.3077008128166199
data_182,0,0,0.0,0.0,0.6757892370223999
data_182,1,0,0.012138239064865886,0.07167792181103039,0.4345937669277191
data_182,0,0,0.0,0.10442409230760319,0.7146887183189392
data_182,0,0,0.0015871874663737628,0.058875287533563636,0.7146887183189392
data_182,0,0,0.0,0.08502829831462222,0.4199235141277313
data_182,0,0,0.024034172752188,0.11550006678266556,0.6757892370223999
data_182,0,0,0.07875228984180183,0.0981692547905908,0.7566925287246704
data_182,0,0,0.0,0.0675123583800108,0.7420943379402161
data_182,0,0,0.0,0.0,0.5479536056518555
data_182,0,1,0.0,0.0,0.0
data_182,0,1,0.0,0.0,0.0
data_182,0,1,0.0,0.0,0.0
data_182,0,0,0.0,0.07450027865825248,0.7420943379402161
data_182,0,0,0.0,0.05904392165450645,0.687889814376831
data_182,0,0,0.0,0.0,0.6409361958503723
data_182,0,0,0.0,0.12442947090132961,0.7566925287246704
data_182,0,0,0.0,0.1096505844474116,0.6409361958503723
data_182,0,0,0.0,0.028660074689117465,0.472427636384964
data_183,0,0,0.06037158875325943,0.06037158875325943,0.7048969864845276
data_183,0,0,0.022086375261640256,0.04989020764200092,0.6723701357841492
data_183,0,0,0.0,0.0,0.7927297353744507
data_183,1,0,0.0,0.01900296621359132,0.4379202425479889
data_183,0,0,0.0,0.01240375492686141,0.46349960565567017
data_183,0,0,0.0,0.09706842959644035,0.6129714250564575
data_183,1,0,0.0,0.0,0.5936295986175537
data_183,0,0,0.0,0.07791777188386817,0.6163026690483093
data_183,0,0,0.0,0.0,0.7048969864845276
data_183,1,0,0.0,0.15603274095161623,0.6129714250564575
data_183,1,0,0.14814268096849048,0.08005517513342397,0.7927297353744507
data_183,0,0,0.0,0.11720995668564171,0.7643023729324341
data_183,0,0,0.0,0.0,0.5256843566894531
data_184,0,0,0.0,0.09010454671189905,0.6807050704956055
data_184,0,0,0.0,0.047606108482440845,0.6791776418685913
data_184,0,0,0.00109662685512113,0.06283379327961569,0.6263397932052612
data_184,0,0,0.034348252613881414,0.026413992149819876,0.7812405824661255
data_184,0,0,0.02778389156857486,0.10817098784499102,0.46677669882774353
data_184,1,0,0.0,0.01946838535502593,0.731205940246582
data_184,0,0,0.0,0.04141173675112242,0.5789344906806946
data_184,0,0,0.0,0.06320024590566575,0.6811624765396118
data_184,0,0,0.0,0.2522164227020838,0.6576035022735596
data_184,0,0,0.0,0.13986339942703907,0.7505079507827759
data_184,1,0,0.0,0.0,0.7812405824661255
data_184,0,0,0.0,0.03591202741091237,0.6879832744598389
data_184,1,0,0.023345586646442484,0.02800862678979854,0.7663663625717163
data_184,0,0,0.0,0.01165086308878216,0.6636913418769836
data_184,0,0,0.0,0.10500537387768816,0.664993166923523
data_184,0,0,0.0,0.1309421532569104,0.6398882865905762
data_184,0,0,0.018324245296192032,0.015852101278305497,0.7663663625717163
data_184,0,0,0.0,0.054485261082220404,0.7291980385780334
data_185,0,1,0.0,0.0,0.0
data_185,0,1,0.0,0.0,0.0
data_185,0,1,0.0,0.0,0.0
data_185,0,0,0.0,0.2108783604774942,0.8228816986083984
data_185,0,0,0.0,0.0,0.6906579732894897
data_185,1,0,0.0,0.1082009934722521,0.7270838618278503
data_185,1,0,0.024718337885857977,0.0,0.7756986618041992
data_185,0,0,0.017135337178444843,0.0,0.6822309494018555
data_185,0,0,0.10127648328561278,0.13969455378419582,0.53080153465271
data_185,0,0,0.07942738598362808,0.09075933518576562,0.6642826795578003
data_185,0,0,0.031041667200341294,0.07662434672290885,0.6675493717193604
data_185,0,0,0.03116415542463713,0.03215998957967514,0.6047237515449524
data_185,0,0,0.0,0.0,0.5954732298851013
data_185,0,0,0.018545868637875884,0.01826814941889765,0.7250997424125671
data_185,1,0,0.049287667167935645,0.0,0.5573439002037048
data_185,1,0,0.1916428817675424,0.20075386982550825,0.6699604988098145
data_185,0,0,0.0,0.009785844539692334,0.8280504941940308
data_185,0,0,0.0,0.07947291327132788,0.3180397152900696
data_185,0,0,0.0,0.2048537914782358,0.783690333366394
data_185,0,0,0.1536304815118683,0.13976327156704826,0.8228816986083984
data_185,0,0,0.0,0.12091630689155952,0.555447518825531
data_185,0,0,0.025484378396868124,0.033928112567991775,0.6699604988098145
data_185,0,0,0.0,0.017595290438251254,0.8280504941940308
data_185,0,0,0.04490787559285536,0.20708802103379753,0.7756986618041992
data_186,0,1,0.0,0.0,0.0
data_186,0,1,0.0,0.0,0.0
data_186,0,1,0.0,0.0,0.0
data_186,0,1,0.0,0.0,0.0
data_186,0,0,0.0,0.06481387264508953,0.5812079906463623
data_186,0,0,0.0,0.11808477422459163,0.6194067001342773
data_186,0,0,0.0,0.06788620842274184,0.43781599402427673
data_186,0,0,0.0,0.007137275186224201,0.7660312056541443
data_186,0,0,0.0,0.1835927029615263,0.6558853983879089
data_186,0,0,0.0,0.06394112096389293,0.6722211241722107
data_186,0,0,0.0,0.09288508930218597,0.6642834544181824
data_186,0,0,0.0,0.1007264184363521,0.561596691608429
data_186,0,0,0.0,0.0,0.7660312056541443
data_186,0,0,0.0,0.020084352887771217,0.3574146032333374
data_186,0,0,0.0,0.00992544541339413,0.6630838513374329
data_186,0,0,0.0,0.14220665401031063,0.5484482645988464
data_186,0,0,0.0,0.13896752746758523,0.6566348075866699
data_186,0,0,0.02115698226502616,0.0,0.6642834544181824
data_186,0,0,0.0,0.017217897244758973,0.6630838513374329
data_186,0,0,0.08365924298387739,0.008541477767984418,0.7343785166740417
data_186,0,0,0.012191858532787592,0.04849076865866664,0.609285831451416
data_186,0,0,0.0,0.05555517971425772,0.6581275463104248
data_186,0,0,0.0,0.1436027648286995,0.5326517820358276
data_186,0,0,0.0,0.0,0.626288652420044
data_186,0,0,0.0,0.0661596413026917,0.5031458139419556
data_186,0,0,0.007101891766030377,0.04413698071601857,0.56695157289505
data_186,0,0,0.0,0.10285107244382807,0.6566348075866699
data_186,0,0,0.0,0.0,0.681884765625
data_186,0,1,0.0,0.0,0.0
data_186,0,1,0.0,0.0,0.0
data_186,0,1,0.0,0.0,0.0
data_187,0,1,0.0,0.0,0.0
data_187,1,1,0.0,0.0,0.0
data_187,0,1,0.0,0.0,0.0
data_187,0,0,0.00422925251587003,0.0,0.7009941935539246
data_187,0,0,0.0,0.0,0.5820142030715942
data_187,0,0,0.0,0.13916411604920143,0.5751368403434753
data_187,0,0,0.0,0.0,0.7009941935539246
data_187,0,0,0.0,0.00756214584531989,0.7568379640579224
data_187,0,0,0.0,0.0,0.5776804685592651
data_187,0,0,0.0,0.00795825972252473,0.5986641645431519
data_187,0,0,0.0,0.1029774060726254,0.7568379640579224
data_187,0,0,0.0,0.13764396797769507,0.6959618330001831
data_188,0,1,0.0,0.0,0.0
data_188,0,1,0.0,0.0,0.0
data_188,0,0,0.0,0.10713122225107341,0.5696532130241394
data_188,0,0,0.0,0.0,0.6673933267593384
data_188,1,0,0.039217181520189826,0.0,0.7777055501937866
data_188,0,0,0.07311435415579126,0.07991064626340005,0.7982076406478882
data_188,0,0,0.0,0.08315493347890879,0.7777055501937866
data_188,0,0,0.04762193138094517,0.08924155404578471,0.7982076406478882
data_188,0,0,0.0,0.023436740092392938,0.7266278266906738
data_188,0,0,0.0,0.0557295687965933,0.6703660488128662
data_189,0,1,0.0,0.0,0.0
data_189,0,1,0.0,0.0,0.0
data_189,0,1,0.0,0.0,0.0
data_189,0,0,0.0,0.2527411083926836,0.47925758361816406
data_189,0,0,0.0,0.13767575548632038,0.6438132524490356
data_189,0,0,0.0,0.0,0.40293222665786743
data_189,0,0,0.0,0.0,0.37962350249290466
data_189,1,0,0.0,0.05136633378342381,0.6724197268486023
data_189,0,0,0.0,0.0,0.6753373146057129
data_189,0,0,0.0,0.0,0.49985212087631226
data_189,0,0,0.0,0.09451546449602688,0.6715728044509888
data_189,0,0,0.0,0.0984049275530694,0.5794301629066467
data_189,0,0,0.0,0.061743463137261756,0.6753373146057129
data_189,0,0,0.0,0.09219772291019979,0.6489835381507874
data_189,0,0,0.0,0.028525396733215302,0.6686895489692688
data_189,0,0,0.0,0.08698171770095087,0.6239874958992004
data_189,0,0,0.00280293932767961,0.005598219315231745,0.6489835381507874
data_189,0,0,0.0,0.08320766745880803,0.5405824184417725
data_190,0,0,0.04048162965795399,0.0,0.6170971989631653
data_190,0,0,0.015691464817102485,0.0,0.561063289642334
data_190,0,0,0.0,0.08102838559301162,0.4846564829349518
data_190,0,0,0.0,0.16013561386239417,0.6006894111633301
data_190,0,0,0.003309345345613224,0.07192079246308936,0.5076353549957275
data_190,0,0,0.031210532286326753,0.09432684759545396,0.660455048084259
data_190,0,0,0.0,0.013402611831683231,0.7076134085655212
data_190,0,0,0.0,0.09635451632953362,0.6786412596702576
data_190,0,0,0.0,0.0,0.7217072248458862
data_190,0,0,0.021119073229840524,0.024317778106581756,0.6619634628295898
data_190,0,0,0.0,0.008094857007581169,0.660455048084259
data_190,0,0,0.0,0.10595263467376981,0.6913852095603943
data_190,0,0,0.0,0.09573982485919785,0.6170971989631653
data_190,0,0,0.0,0.09969065311921099,0.8294230699539185
data_190,0,0,0.01654443681452733,0.38919260358905206,0.6913852095603943
data_190,0,0,0.02950687874886171,0.07103820925874516,0.6717011332511902
data_190,0,0,0.0,0.06968749843000666,0.6719222664833069
data_190,0,0,0.0,0.14761297064749357,0.67340087890625
data_190,0,0,0.0,0.11874872340178477,0.5063832998275757
data_190,0,0,0.0,0.06088605884377429,0.7622823715209961
data_190,0,0,0.047738716486033894,0.03599093107854223,0.7602919936180115
data_190,0,0,0.055164633373166794,0.0,0.7217072248458862
data_190,1,0,0.01613904659674148,0.037384715586519235,0.7076134085655212
data_190,0,0,0.06556406821125904,0.0,0.8294230699539185
data_190,0,0,0.0,0.07860782522692844,0.7602919936180115
data_190,0,0,0.0,0.19505826642384605,0.5228546857833862
data_190,0,0,0.0,0.07611712428348483,0.5853367447853088
data_191,0,1,0.0,0.0,0.0
data_191,0,1,0.0,0.0,0.0
data_191,1,1,0.0,0.0,0.0
data_191,0,0,0.0,0.15595069447027043,0.8335782289505005
data_191,0,0,0.0,0.07101236649446463,0.5921209454536438
data_191,0,0,0.0,0.031989165813456566,0.9031734466552734
data_191,0,0,0.0,0.0,0.7895337343215942
data_191,0,0,0.0,0.0,0.7237116098403931
data_191,0,0,0.0,0.0,0.5827043652534485
data_191,0,0,0.0,0.0,0.6064209938049316
data_191,0,0,0.0,0.022356559880901017,0.7287127375602722
data_191,0,0,0.0,0.0,0.8335782289505005
data_191,0,0,0.0,0.030622391335668908,0.9031734466552734
data_191,0,0,0.0,0.0,0.6064209938049316
data_191,1,0,0.0,0.12203301197864391,0.7407478094100952
data_191,0,0,0.0,0.10869507379468857,0.6705250144004822
data_191,0,0,0.0,0.13653725554144103,0.6476870775222778
data_191,1,0,0.0,0.19561916619672104,0.7407478094100952
data_191,0,0,0.0,0.0,0.6455774307250977
data_191,1,0,0.0,0.0781949392781911,0.6527138948440552
data_191,0,0,0.0,0.0,0.639200747013092
data_192,0,1,0.0,0.0,0.0
data_192,0,1,0.0,0.0,0.0
data_192,0,1,0.0,0.0,0.0
data_192,0,1,0.0,0.0,0.0
data_192,0,1,0.0,0.0,0.0
data_192,0,1,0.0,0.0,0.0
data_192,0,0,0.0,0.21586404103390677,0.4902518689632416
data_192,0,0,0.0,0.13565458664784735,0.4703674912452698
data_192,0,0,0.0,0.14714466524089964,0.624508261680603
data_192,0,0,0.0,0.10429078280385351,0.5215986967086792
data_192,0,0,0.0,0.07702943992210542,0.6674982905387878
data_192,0,0,0.009624498908099355,0.01122375044110413,0.6466789841651917
data_192,0,0,0.0,0.19282104101523956,0.4589868187904358
data_192,0,0,0.0,0.0,0.5791947245597839
data_192,0,0,0.025967787576291812,0.039248214316948804,0.7386636137962341
data_192,0,0,0.0,0.18028922448887386,0.5203438997268677
data_192,0,0,0.0,0.12138055909403178,0.5590658187866211
data_192,0,0,0.0,0.07723610694458038,0.5717144012451172
data_192,0,0,0.0,0.10690069612962994,0.2592722177505493
data_192,1,0,0.0,0.15679658010157027,0.5039299726486206
data_192,0,0,0.0,0.0,0.6466789841651917
data_192,0,0,0.0,0.007530989605426086,0.45972442626953125
data_192,0,0,0.0,0.11673024394555398,0.624508261680603
data_192,0,0,0.0,0.06084801762273173,0.5590658187866211
data_192,1,0,0.0,0.13639726442100297,0.7386636137962341
data_192,0,0,0.015689379472490828,0.0,0.5070911049842834
data_193,0,0,0.11019659019847339,0.11173634179726832,0.6776552200317383
data_193,0,0,0.08436150809484744,0.08199611428706888,0.6848333477973938
data_193,0,0,0.0,0.15191445453405095,0.7164350748062134
data_193,0,0,0.02922469934945937,0.12732720994332425,0.5955343246459961
data_193,0,0,0.0,0.08876134751675835,0.651210367679596
data_193,0,0,0.07643549954916651,0.0,0.8179202675819397
data_193,0,0,0.0,0.09520706766132037,0.7434349656105042
data_193,1,0,0.062494424283077166,0.07669238304043091,0.627278208732605
data_193,1,0,0.159191585838812,0.034235117634480616,0.8255456686019897
data_193,0,0,0.02472497599250545,0.0,0.719239354133606
data_193,0,0,0.0,0.04980075608318657,0.7097693085670471
data_193,0,0,0.0,0.1281645992703062,0.8179202675819397
data_193,0,0,0.0,0.05151615191006442,0.7108539342880249
data_193,0,0,0.0,0.09851829614649077,0.8223533630371094
data_193,0,0,0.015857346067480904,0.15259422799047684,0.7164615988731384
data_193,0,0,0.06162417767473016,0.042397296347296276,0.7227552533149719
data_193,1,0,0.14567602172235183,0.06314524665630472,0.8928188681602478
data_193,0,0,0.0,0.14391794900420507,0.8928188681602478
data_193,0,0,0.0029393727199646946,0.0,0.6563090682029724
data_194,0,1,0.0,0.0,0.0
data_194,0,1,0.0,0.0,0.0
data_194,0,0,0.0,0.0,0.7663794159889221
data_194,0,0,0.0,0.16660882828180945,0.5817285776138306
data_194,0,0,0.0,0.0,0.674528181552887
data_194,0,0,0.0,0.06533777578678013,0.6333388090133667
data_194,0,0,0.0,0.07191383511298,0.8171683549880981
data_194,0,0,0.023201688149843136,0.02430342512997896,0.5400946736335754
data_194,0,0,0.026208882471912887,0.0,0.8320152163505554
data_194,0,0,0.0,0.09990781018206008,0.7813074588775635
data_194,0,0,0.0,0.15566524239455148,0.6940759420394897
data_194,1,0,0.07218210945417525,0.07497867829589921,0.7813074588775635
data_194,0,0,0.0,0.04994091690142888,0.5998706221580505
data_194,0,0,0.0,0.1380794611507099,0.8275328874588013
data_194,0,0,0.010125429124315133,0.1497901257413332,0.6502213478088379
data_194,0,0,0.02250037198679422,0.02250037198679422,0.8027620315551758
data_194,0,0,0.0,0.16567260486628044,0.49948784708976746
data_194,0,0,0.0,0.0,0.5329537987709045
data_194,0,0,0.0,0.10339661119232346,0.6388392448425293
data_194,0,0,0.0,0.039006831213896476,0.8027620315551758
data_194,0,0,0.030742496122293517,0.07456961251874716,0.8320152163505554
data_194,0,0,0.03724519391987258,0.09981336731570423,0.8171683549880981
data_194,0,0,0.0,0.11786268236384423,0.5885564088821411
data_195,0,1,0.0,0.0,0.0
data_195,0,1,0.0,0.0,0.0
data_195,0,1,0.0,0.0,0.0
data_195,0,1,0.0,0.0,0.0
data_195,0,0,0.0,0.0,0.6675910353660583
data_195,0,0,0.0,0.12403236036683651,0.6158215403556824
data_195,0,0,0.03689364799573269,0.0,0.7040806412696838
data_195,0,0,0.0,0.0,0.6166282296180725
data_195,0,0,0.0,0.0,0.7547004222869873
data_195,0,0,0.0,0.0,0.7539212107658386
data_195,0,0,0.0,0.0,0.6158215403556824
data_195,0,0,0.0,0.0,0.6166282296180725
data_195,1,0,0.040471125374132555,0.0,0.6675910353660583
data_195,0,0,0.0,0.0642316561725309,0.6306255459785461
data_195,0,0,0.0,0.0887484221983037,0.5812727808952332
data_195,0,0,0.010839926373339637,0.0,0.5450701117515564
data_195,0,0,0.0,0.003263699656031349,0.7547004222869873
data_195,0,0,0.0,0.1683059537969669,0.6826662421226501
data_195,0,0,0.0,0.0,0.6304203867912292
data_196,0,1,0.0,0.0,0.0
data_196,0,1,0.0,0.0,0.0
data_196,1,1,0.0,0.0,0.0
data_196,0,1,0.0,0.0,0.0
data_196,0,0,0.0,0.09403761913898734,0.7612082958221436
data_196,0,0,0.0,0.013761447196301901,0.6792480945587158
data_196,0,0,0.0,0.11104746356588269,0.39196768403053284
data_196,0,0,0.0052857051321719695,0.0,0.8191616535186768
data_196,0,0,0.05434156390746736,0.08605383298807112,0.8191616535186768
data_196,0,0,0.0,0.0,0.4393308758735657
data_196,0,0,0.0,0.11115768488710387,0.4174000322818756
data_196,0,0,0.0,0.09247187539649815,0.7612082958221436
data_196,0,0,0.0,0.0,0.49390265345573425
data_196,0,0,0.0,0.1171298536924894,0.579116702079773
data_196,0,0,0.0,0.07118485077654668,0.4993959069252014
data_196,0,0,0.0,0.07223301240189528,0.5038465857505798
data_197,0,0,0.11222644800862014,0.03805211881514481,0.7208620309829712
data_197,0,0,0.05473981091391522,0.039488152395833254,0.7613162398338318
data_197,0,1,0.0,0.0,0.0
data_197,0,1,0.0,0.0,0.0
data_197,0,0,0.0,0.0,0.5623323321342468
data_197,0,0,0.040659671195744096,0.10165607401738352,0.5266072154045105
data_197,0,0,0.0,0.0,0.7722753286361694
data_197,0,0,0.030174613041268117,0.08846701180326733,0.7613162398338318
data_197,0,0,0.0,0.06922929519772936,0.6809787154197693
data_197,0,0,0.0,0.14419242050322367,0.8815912008285522
data_197,0,0,0.0,0.1576167552928709,0.7722753286361694
data_197,0,0,0.02198271833198362,0.13914109530725227,0.7546360492706299
data_197,0,0,0.06044730879556681,0.0768315800526409,0.8815912008285522
data_197,1,0,0.07280830954944051,0.0849598421879989,0.7373576760292053
data_197,0,0,0.0,0.03031108557306439,0.7373576760292053
data_197,1,0,0.04544407567593467,0.11912365575810213,0.5562584400177002
data_198,0,1,0.0,0.0,0.0
data_198,0,0,0.0,0.11299162006935148,0.6577519178390503
data_198,0,0,0.0,0.0,0.7728081345558167
data_198,0,0,0.0,0.11458345094000677,0.7326934337615967
data_198,0,0,0.027101463306586027,0.03270241204535651,0.5579140186309814
data_198,0,0,0.02660788638934264,0.06640769340489783,0.6778911352157593
data_198,0,0,0.0,0.19001550497321773,0.4651198089122772
data_198,0,0,0.0,0.15616136581092022,0.43415170907974243
data_198,0,0,0.0,0.12507310510427772,0.6746919751167297
data_198,0,0,0.0,0.17270584816955292,0.7524992823600769
data_198,0,0,0.0,0.10869408496183652,0.6086950898170471
data_198,0,0,0.0,0.04043632767908001,0.7025502324104309
data_198,0,0,0.0,0.09601288501846739,0.7728081345558167
data_198,0,0,0.011554710373307131,0.20771641341516478,0.6746919751167297
data_198,0,0,0.0,0.0,0.5894757509231567
data_198,0,0,0.0,0.0,0.6223000288009644
data_198,0,0,0.0,0.07045200661928064,0.8422304391860962
data_198,0,0,0.0,0.12301243944278184,0.7326934337615967
data_198,0,0,0.0,0.03718928940505961,0.48843756318092346
data_198,0,0,0.06368939910809956,0.11687442784185542,0.539588987827301
data_198,0,0,0.03328447389131384,0.026939269223529294,0.7524992823600769
data_198,0,0,0.009512446207622816,0.05768506598682421,0.7400046586990356
data_198,0,0,0.0,0.14725493010947588,0.8422304391860962
data_198,0,0,0.0,0.0,0.5936698913574219
data_198,0,0,0.0455077223438316,0.09851155009651613,0.5530195832252502
data_198,0,0,0.004143570333672741,0.012305760160984391,0.6181106567382812
data_198,0,0,0.0,0.013665726369779918,0.64860600233078
data_199,0,0,0.0,0.0,0.5491030812263489
data_199,0,0,0.0,0.11214323885951671,0.6919001936912537
data_199,0,0,0.0,0.11032600378883117,0.43172794580459595
data_199,0,0,0.0,0.0,0.5118183493614197
data_199,1,0,0.0,0.23568528821105073,0.622283399105072
data_199,0,0,0.0,0.1396628880987585,0.5919967293739319
data_199,0,0,0.0,0.2301905173176486,0.6802507638931274
data_199,0,0,0.0,0.0,0.6374525427818298
data_199,0,0,0.0729614348970955,0.07658654039329704,0.5422950983047485
data_199,1,0,0.19069538995743684,0.0,0.6172518134117126
data_199,0,0,0.10044412191872354,0.10044412191872354,0.6374525427818298
data_199,0,0,0.0,0.03964748791668882,0.537584662437439
data_199,0,0,0.0,0.14099908114522286,0.5491030812263489
data_199,0,0,0.0,0.07553004127150942,0.5048528909683228
data_199,0,0,0.08405689366961866,0.0478094985442965,0.7212194204330444
data_199,0,0,0.0,0.07031564531687451,0.7212194204330444
data_199,0,0,0.0,0.15105331333714833,0.6190977692604065
data_199,0,0,0.0,0.028837074753624847,0.6802507638931274
data_199,0,0,0.03668247041495043,0.046127235198540006,0.43568018078804016
data_199,0,0,0.0,0.05481644740987335,0.5118183493614197
data_199,0,0,0.021497809786524158,0.14937072952823627,0.5596014261245728
data_200,0,1,0.0,0.0,0.0
data_200,0,1,0.0,0.0,0.0
data_200,0,1,0.0,0.0,0.0
data_200,1,0,0.19575460091345676,0.11202641625684961,0.8838231563568115
data_200,0,0,0.0,0.09528808225105934,0.5570576190948486
data_200,0,0,0.0,0.15590371954255744,0.6552409529685974
data_200,0,0,0.0,0.018428751080531214,0.6773965954780579
data_200,0,0,0.003650667455534773,0.0,0.6445605158805847
data_200,0,0,0.0,0.12548909178468648,0.6548727750778198
data_200,0,0,0.09106304403274379,0.06533662854195654,0.7103548645973206
data_200,0,0,0.0,0.11055069097530179,0.7262364625930786
data_200,1,0,0.0,0.14461017825726685,0.8838231563568115
data_200,1,0,0.0,0.2180562676546529,0.6783339381217957
data_200,0,0,0.03174890721415835,0.07262033824942193,0.7146714329719543
data_200,0,0,0.0,0.1336383623523716,0.7274271249771118
data_200,0,0,0.010300615473170183,0.054123257626628174,0.8417549133300781
data_200,0,0,0.0,0.11223974014827309,0.7153983116149902
data_200,0,0,0.0,0.06020314505903457,0.6768689751625061
data_200,0,0,0.017211667536447095,0.07867163288800327,0.7340639233589172
data_200,1,0,0.006842921228919607,0.0768143690530465,0.7235217690467834
data_200,0,0,0.047700010982953955,0.023566235500936727,0.9053122401237488
data_200,0,0,0.0,0.0,0.7103548645973206
data_200,0,0,0.0,0.05958790966627703,0.8417549133300781
data_200,0,0,0.0,0.10135015201739428,0.7340639233589172
data_200,0,0,0.0,0.1408507149714282,0.8612101674079895
data_200,0,0,0.0,0.2412335483625494,0.6445605158805847
data_200,0,0,0.048371525015724615,0.15743673488342225,0.7274271249771118
data_200,0,0,0.0,0.1321969171702495,0.6791459918022156
data_200,1,0,0.0,0.13117945100314188,0.582903265953064
data_200,0,0,0.0,0.0887241969232413,0.6291508078575134
data_200,0,0,0.1362839238929041,0.053133792421729,0.7872970104217529
data_200,0,0,0.024973320936112486,0.09189421573677947,0.5160738229751587
data_200,1,0,0.010674646062955873,0.02416658249208581,0.9053122401237488
data_201,0,0,0.15775369944856266,0.0940517663971221,0.40194767713546753
data_201,0,0,0.33901417728021244,0.10668323401473145,0.7451821565628052
data_201,0,0,0.34218995020202314,0.23746372363116386,0.7044126391410828
data_201,1,0,0.046053494116122806,0.06950528983939819,0.6639457941055298
data_201,1,0,0.04829216929883273,0.07566666514460962,0.7390261292457581
data_201,0,0,0.02064494313877674,0.009019704076536073,0.5345791578292847
data_201,0,0,0.002268201933155467,0.22980006100108952,0.6070688962936401
data_201,1,0,0.006032406452893824,0.006515542851115441,0.5421572327613831
data_201,1,0,0.024100873054386796,0.03065524865117908,0.3301292061805725
data_201,0,0,0.0058538880102680935,0.0,0.704688549041748
data_201,0,0,0.06424401281705627,0.0,0.9307509660720825
data_201,0,0,0.0008912553996687222,0.0,0.7826634049415588
data_201,0,0,0.0,0.0,0.7097036838531494
data_201,1,0,0.08201648613987089,0.04488654037958284,0.6232094168663025
data_201,0,0,0.0,0.1601873841232475,0.5610051155090332
data_201,0,0,0.0013367333660418979,0.01579895393851416,0.651879072189331
data_201,0,0,0.03989312491981423,0.03362659563467929,0.9307509660720825
data_201,0,0,0.057120116365467766,0.13706558905061694,0.7274752855300903
data_201,0,0,0.0,0.06142470075898743,0.7192009687423706
data_201,0,0,0.0,0.10996234947017669,0.7826634049415588
data_201,0,0,0.0,0.1522608391355984,0.5169257521629333
data_201,1,0,0.12461789446398441,0.24815299028069582,0.7332801222801208
data_201,1,0,0.1151713552272895,0.05240145029241461,0.7904162406921387
data_201,1,0,0.012599187722242888,0.045190748522280444,0.5170260071754456
data_202,1,1,0.0,0.0,0.0
data_202,0,1,0.0,0.0,0.0
data_202,1,1,0.0,0.0,0.0
data_202,0,0,0.0,0.10981620031106587,0.6342786550521851
data_202,0,0,0.0,0.028985607153391157,0.8345644474029541
data_202,0,0,0.0,0.0,0.7140531539916992
data_202,0,0,0.0,0.10413471513344774,0.8114295601844788
data_202,0,0,0.0,0.11423393608297161,0.813008725643158
data_202,0,0,0.0,0.08383472155507121,0.6259793639183044
data_202,1,0,0.028853981467250378,0.02849561881896534,0.7725108861923218
data_202,0,0,0.034996968338266043,0.021108889922615504,0.4461389482021332
data_202,0,0,0.0,0.10155512673082967,0.7725108861923218
data_202,0,0,0.0,0.010803533219117867,0.8345644474029541
data_202,0,0,0.07037403098947692,0.0,0.8114295601844788
data_203,0,1,0.0,0.0,0.0
data_203,0,1,0.0,0.0,0.0
data_203,0,1,0.0,0.0,0.0
data_203,0,1,0.0,0.0,0.0
data_203,0,1,0.0,0.0,0.0
data_203,0,1,0.0,0.0,0.0
data_203,0,0,0.0,0.008552076426770583,0.8594841957092285
data_203,0,0,0.0,0.09770205166976353,0.6585637331008911
data_203,0,0,0.0,0.1069378405382011,0.6116440296173096
data_203,0,0,0.0,0.03300121032407333,0.6274558901786804
data_203,0,0,0.0,0.08935379552636125,0.6552248597145081
data_203,0,0,0.0,0.19285990740680603,0.5594795942306519
data_203,0,0,0.0,0.2765641808264263,0.8594841957092285
data_203,1,0,0.0,0.08804328068530154,0.6585637331008911
data_203,0,0,0.0,0.12492045945532482,0.7864171266555786
data_203,0,0,0.0,0.10363283744435137,0.5860002040863037
data_203,0,0,0.0,0.03805982070252867,0.528758704662323
data_203,0,0,0.0,0.01262019974051043,0.6549766063690186
data_203,0,0,0.0,0.06402858530107025,0.6552248597145081
data_203,0,0,0.2359600217119251,0.14958859835090266,0.7864171266555786
data_203,0,0,0.0,0.031084043240863224,0.4957283139228821
data_203,0,0,0.012503928879951332,0.026088357721917532,0.6940168142318726
data_203,0,0,0.0,0.07116709923128184,0.5726001858711243
data_203,0,0,0.0,0.06459403746923442,0.7846227884292603
data_203,1,0,0.07755562256871684,0.0798850237458808,0.7846227884292603
data_203,0,0,0.0,0.06413709789776334,0.5222108364105225
data_203,0,0,0.0,0.037333018332802226,0.6180359125137329
data_204,0,1,0.0,0.0,0.0
data_204,0,1,0.0,0.0,0.0
data_204,0,1,0.0,0.0,0.0
data_204,0,0,0.0,0.0,0.585771918296814
data_204,0,0,0.0,0.0,0.5612660646438599
data_204,0,0,0.0,0.23677742691397796,0.5998706221580505
data_204,0,0,0.0,0.2108655419620078,0.6299417614936829
data_204,0,0,0.0,0.371646978371059,0.6292244791984558
data_204,0,0,0.0,0.0,0.40870702266693115
data_204,0,0,0.0,0.2323390884833998,0.5100809931755066
data_204,1,0,0.0,0.15664000328120764,0.6292244791984558
data_204,1,0,0.06147799471604287,0.0644852784236889,0.5990108251571655
data_204,0,0,0.0,0.07408072748788186,0.5990108251571655
data_204,1,0,0.001283108507443842,0.07368072665076397,0.5746326446533203
data_204,0,0,0.14740572117447925,0.0977237194664724,0.5998706221580505
data_204,1,0,0.04933366269923667,0.0,0.6299417614936829
data_204,1,0,0.0730733195754496,0.017516868184912937,0.585771918296814
data_204,0,0,0.0,0.1188552510326133,0.5618423223495483
data_204,0,0,0.003394973689355929,0.027054183707541313,0.5045474171638489
data_205,1,1,0.0,0.0,0.0
data_205,1,1,0.0,0.0,0.0
data_205,1,1,0.0,0.0,0.0
data_205,1,1,0.0,0.0,0.0
data_205,1,0,0.0,0.07912063077876041,0.5410590171813965
data_205,0,0,0.0,0.0,0.914301335811615
data_205,0,0,0.0,0.0,0.7092157602310181
data_205,0,0,0.0,0.06594352101017975,0.5410590171813965
data_205,0,0,0.0,0.060519528818435475,0.6669151782989502
data_205,0,0,0.14309664395813826,0.14309664395813826,0.942672848701477
data_205,0,0,0.0,0.15124141616524867,0.7111824750900269
data_205,0,0,0.0,0.14833963341153833,0.9059871435165405
data_205,0,0,0.0,0.0,0.6674946546554565
data_205,0,0,0.0,0.13146865627504667,0.6448745727539062
data_205,1,0,0.0,0.07174189799158626,0.7414939999580383
data_205,0,0,0.11954293375017855,0.11954293375017855,0.942672848701477
data_206,0,1,0.0,0.0,0.0
data_206,0,1,0.0,0.0,0.0
data_206,0,1,0.0,0.0,0.0
data_206,0,0,0.01662157463984215,0.05920377053126202,0.7669984102249146
data_206,0,0,0.0,0.00883739256784466,0.6588140726089478
data_206,0,0,0.0,0.023449642932803272,0.7367174029350281
data_206,0,0,0.04880811243064187,0.12364597774412545,0.6825838685035706
data_206,0,0,0.04302625693162554,0.0331054613939159,0.5724968910217285
data_206,0,0,0.0,0.043173859060409825,0.5722866058349609
data_206,0,0,0.0,0.01446439812214706,0.43540501594543457
data_206,0,0,0.0,0.12702892772765928,0.625757098197937
data_206,0,0,0.0,0.12346623550567593,0.5803508758544922
data_206,0,0,0.0,0.04951985321585184,0.5420932769775391
data_206,1,0,0.0,0.0,0.7669984102249146
data_206,1,0,0.018385161825303697,0.07283140101369412,0.7038016319274902
data_206,0,1,0.0,0.0,0.0
data_206,0,1,0.0,0.0,0.0
data_206,0,1,0.0,0.0,0.0
data_206,0,0,0.0,0.16850657665622037,0.625757098197937
data_206,0,0,0.0,0.0917396854977568,0.755103349685669
data_206,1,0,0.0,0.060807084526715016,0.7166213989257812
data_206,0,0,0.010868186190293727,0.014980351859890106,0.755103349685669
data_206,0,0,0.0,0.12942084560637568,0.7367174029350281
data_206,0,0,0.0,0.11734068635753658,0.41724735498428345
