ref,hall,sem_turno,cos_s,g,d,mu,omega,g_p,d_p,mu_p,omega_p,k_spk
data_001,0,1,,,,,,,,,,
data_001,0,1,,,,,,,,,,
data_001,0,0,0.7610880136489868,0.04653066396713257,0.38461538461538464,0.04653066396713257,0.04653066396713257,0.07232499122619629,0.34615384615384615,0.07232499122619629,0.1014874279499054,3.0
data_001,0,0,0.8204897046089172,0.0,0.0,0.04653066396713257,0.04653066396713257,0.0,0.0,0.08089452981948853,0.1014874279499054,3.0
data_001,0,0,0.5035853981971741,0.0,0.0,0.0,0.04653066396713257,0.029162436723709106,0.358974358974359,0.05495676398277283,0.1014874279499054,3.0
data_001,0,0,0.6826716661453247,0.0,0.0,0.0,0.0,0.0,0.0,0.04227089881896973,0.04227089881896973,2.0
data_001,0,0,0.7796952128410339,0.0,0.0,0.0,0.0,0.04227089881896973,0.10476190476190476,0.04227089881896973,0.04227089881896973,2.0
data_001,0,0,0.7061552405357361,0.0,0.0,0.012120664119720459,0.014749586582183838,0.0,0.0,0.261904239654541,0.261904239654541,3.0
data_001,0,0,0.6965932250022888,0.014749586582183838,0.06666666666666667,0.014749586582183838,0.014749586582183838,0.002628922462463379,0.8166666666666667,0.002628922462463379,0.261904239654541,3.0
data_001,0,0,0.7875823974609375,0.0,0.0,0.014749586582183838,0.014749586582183838,0.25927531719207764,0.8166666666666667,0.25927531719207764,0.261904239654541,3.0
data_001,0,0,0.7321042418479919,0.0,0.0,0.0,0.0,0.11663877964019775,0.9333333333333333,0.11663877964019775,0.11663877964019775,2.0
data_001,1,0,0.6843343377113342,0.0,0.0,0.0,0.0,0.0,0.0,0.11663877964019775,0.11663877964019775,2.0
data_001,0,0,0.6296589970588684,0.0,0.0,0.0,0.0,0.0,0.0,0.0,0.0,2.0
data_001,1,0,0.835574209690094,0.0,0.0,0.0,0.0,0.0,0.0,0.0,0.0,2.0
data_001,0,0,0.5236577391624451,0.0,0.0,0.0,0.0,0.0,0.0,0.0,0.0,2.0
data_001,1,0,0.3855229318141937,0.0,0.0,0.0,0.0,0.0,0.0,0.0,0.0,2.0
data_001,0,0,0.7450671195983887,0.0,0.0,0.0,0.0,0.0,0.0,0.0,0.0,2.0
data_001,0,0,0.6597837805747986,0.0,0.0,0.0,0.0,0.0,0.0,0.0,0.0,2.0
data_002,0,1,,,,,,,,,,
data_002,0,1,,,,,,,,,,
data_002,0,1,,,,,,,,,,
data_002,0,0,0.7399028539657593,0.1406654715538025,0.6303317535545023,0.1406654715538025,0.3206687569618225,0.0,0.0,0.050829410552978516,0.24788206815719604,5.0
data_002,0,0,0.7413702011108398,0.0,0.0,0.08310621976852417,0.3206687569618225,0.1885426640510559,0.6429699842022117,0.19776028394699097,0.24788206815719604,5.0
data_002,0,0,0.631230354309082,0.0,0.0,0.0,0.3206687569618225,0.0,0.0,0.0,0.24788206815719604,5.0
data_002,0,0,0.7034879922866821,0.06181710958480835,0.25118483412322273,0.18000328540802002,0.3206687569618225,0.05933940410614014,0.764612954186414,0.10241687297821045,0.24788206815719604,5.0
data_002,0,0,0.7911816835403442,0.11818617582321167,0.018957345971563982,0.12988150119781494,0.3206687569618225,0.0,0.0,0.0,0.24788206815719604,5.0
data_002,0,0,0.582065761089325,0.0,0.0,0.19499385356903076,0.19499385356903076,0.0,0.0,0.11412602663040161,0.3661282956600189,3.0
data_002,0,0,0.7491658329963684,0.19499385356903076,0.35668789808917195,0.19499385356903076,0.19499385356903076,0.19499385356903076,0.35668789808917195,0.19499385356903076,0.3661282956600189,3.0
data_002,1,0,0.572113037109375,0.0,0.0,0.0,0.19499385356903076,0.17113444209098816,0.19745222929936307,0.17113444209098816,0.3661282956600189,3.0
data_002,0,0,0.6719453930854797,0.0,0.0,0.0,0.0,0.0,0.0,0.0,0.0,2.0
data_002,0,0,0.7785355448722839,0.0,0.0,0.0,0.0,0.0,0.0,0.0,0.0,2.0
data_002,0,0,0.7652130722999573,0.0,0.0,0.0,0.0,0.0,0.0,0.0,0.0,2.0
data_002,0,0,0.6178238391876221,0.0,0.0,0.0,0.0,0.0,0.0,0.0,0.0,2.0
data_003,0,1,,,,,,,,,,
data_003,0,1,,,,,,,,,,
data_003,0,0,0.6926400065422058,0.0,0.0,0.0,0.048546552658081055,0.2171247899532318,0.14516129032258066,0.3102302551269531,1.8989776074886322,12.0
data_003,0,0,0.8371631503105164,0.0,0.0,0.0,0.048546552658081055,0.0,0.0,0.38732996582984924,1.8989776074886322,12.0
data_003,0,0,0.7646823525428772,0.0,0.0,0.0,0.048546552658081055,0.17754870653152466,0.5824372759856631,0.17754870653152466,1.8989776074886322,12.0
data_003,0,0,0.855159342288971,0.0,0.0,0.0,0.048546552658081055,0.30313920974731445,0.9229390681003584,0.30313920974731445,1.8989776074886322,12.0
data_003,0,0,0.7448737621307373,0.0,0.0,0.0,0.048546552658081055,0.1559317708015442,0.06630824372759857,0.16161149740219116,1.8989776074886322,12.0
data_003,0,0,0.8120502233505249,0.0,0.0,0.0,0.048546552658081055,0.0,0.0,0.27889484167099,1.8989776074886322,12.0
data_003,0,0,0.793945848941803,0.020778298377990723,0.4068100358422939,0.020778298377990723,0.048546552658081055,0.37234795093536377,0.45698924731182794,0.37234795093536377,1.8989776074886322,12.0
data_003,0,0,0.8151394128799438,0.0,0.0,0.0,0.048546552658081055,0.01926201581954956,0.3835125448028674,0.15636113286018372,1.8989776074886322,12.0
data_003,0,0,0.6617746353149414,0.00954824686050415,0.4014336917562724,0.00954824686050415,0.048546552658081055,0.00954824686050415,0.4014336917562724,0.16884839534759521,1.8989776074886322,12.0
data_003,0,0,0.6841633319854736,0.01822000741958618,0.23655913978494625,0.01822000741958618,0.048546552658081055,0.34799009561538696,0.47491039426523296,0.34799009561538696,1.8989776074886322,12.0
data_003,0,0,0.7523568272590637,0.0,0.0,0.01822000741958618,0.048546552658081055,0.29608482122421265,0.543010752688172,0.29608482122421265,1.8989776074886322,12.0
data_003,0,0,0.516886293888092,0.0,0.0,0.0,0.048546552658081055,0.0,0.0,0.017324835062026978,1.8989776074886322,12.0
data_003,0,0,0.6750396490097046,0.0,0.0,0.0,0.0,0.0,0.0,0.0,0.39775151014328003,5.0
data_003,0,0,0.6740135550498962,0.0,0.0,0.0,0.0,0.24071377515792847,0.8217821782178217,0.24071377515792847,0.39775151014328003,5.0
data_003,0,0,0.7536092400550842,0.0,0.0,0.0,0.0,0.0,0.0,0.014955103397369385,0.39775151014328003,5.0
data_003,0,0,0.5997801423072815,0.0,0.0,0.0,0.0,0.15703773498535156,0.6534653465346535,0.15703773498535156,0.39775151014328003,5.0
data_003,0,0,0.6284362077713013,0.0,0.0,0.0,0.0,0.0,0.0,0.07829934358596802,0.39775151014328003,5.0
data_003,0,0,0.7344141006469727,0.0,0.0,0.0,0.0,0.0,0.0,0.2963940501213074,0.2963940501213074,3.0
data_003,0,0,0.7353566884994507,0.0,0.0,0.0,0.0,0.0,0.0,0.08987182378768921,0.2963940501213074,3.0
data_003,0,0,0.6177479028701782,0.0,0.0,0.0,0.0,0.2963940501213074,0.38095238095238093,0.2963940501213074,0.2963940501213074,3.0
data_003,0,0,0.7203153371810913,0.0,0.0,0.0,0.0,0.21368080377578735,0.41935483870967744,0.21368080377578735,0.21368080377578735,2.0
data_003,0,0,0.7962355017662048,0.0,0.0,0.0,0.0,0.0,0.0,0.21368080377578735,0.21368080377578735,2.0
data_003,0,0,0.6581413745880127,0.0,0.0,0.0,0.0,0.0989028811454773,0.2857142857142857,0.0989028811454773,0.0989028811454773,3.0
data_003,0,0,0.6289113759994507,0.0,0.0,0.0,0.0,0.0,0.0,0.0,0.0989028811454773,3.0
data_003,0,0,0.7036476731300354,0.0,0.0,0.0,0.0,0.0,0.0,0.030258595943450928,0.0989028811454773,3.0
data_003,0,0,0.9119897484779358,0.0,0.0,0.0,0.0,0.0,0.0,0.03711235523223877,0.0921127200126648,3.0
data_003,1,0,0.5409726500511169,0.0,0.0,0.0,0.0,0.0,0.0,0.0,0.0921127200126648,3.0
data_003,1,0,0.3927830755710602,0.0,0.0,0.0,0.0,0.0921127200126648,0.47619047619047616,0.0921127200126648,0.0921127200126648,3.0
data_003,0,0,0.6151409149169922,0.0,0.0,0.0,0.0,0.0,0.0,0.0,0.0,3.0
data_003,0,0,0.701389729976654,0.0,0.0,0.0,0.0,0.0,0.0,0.0,0.0,3.0
data_003,0,0,0.6374911069869995,0.0,0.0,0.0,0.0,0.0,0.0,0.0,0.0,3.0
data_004,0,1,,,,,,,,,,
data_004,0,1,,,,,,,,,,
data_004,0,1,,,,,,,,,,
data_004,0,1,,,,,,,,,,
data_004,0,0,0.853517472743988,0.0,0.0,0.0,0.3656831979751587,0.13781964778900146,0.09053497942386832,0.13781964778900146,1.8325026333332062,13.0
data_004,0,0,0.7991389036178589,0.0,0.0,0.0,0.3656831979751587,0.0,0.0,0.07358258962631226,1.8325026333332062,13.0
data_004,0,0,0.763055145740509,0.0,0.0,0.0,0.3656831979751587,0.0,0.0,0.0,1.8325026333332062,13.0
data_004,0,0,0.640371561050415,0.0,0.0,0.0,0.3656831979751587,0.04180353879928589,0.09053497942386832,0.04180353879928589,1.8325026333332062,13.0
data_004,0,0,0.9351488947868347,0.0,0.0,0.0,0.3656831979751587,0.32042646408081055,0.5349794238683128,0.32042646408081055,1.8325026333332062,13.0
data_004,0,0,0.7319117188453674,0.0,0.0,0.060453593730926514,0.3656831979751587,0.2845222055912018,0.12345679012345678,0.32600438594818115,1.8325026333332062,13.0
data_004,0,0,0.7026951313018799,0.12193578481674194,0.13991769547325103,0.12193578481674194,0.3656831979751587,0.0,0.0,0.0,1.8325026333332062,13.0
data_004,0,0,0.6619449853897095,0.0,0.0,0.2089231014251709,0.3656831979751587,0.0,0.0,0.0,1.8325026333332062,13.0
data_004,0,0,0.8415652513504028,0.16044831275939941,0.32098765432098764,0.2089231014251709,0.3656831979751587,0.34808850288391113,0.1728395061728395,0.34808850288391113,1.8325026333332062,13.0
data_004,0,0,0.6011055111885071,0.08329910039901733,0.4609053497942387,0.08329910039901733,0.3656831979751587,0.03364419937133789,0.102880658436214,0.03364419937133789,1.8325026333332062,13.0
data_004,0,0,0.7559165358543396,0.0,0.0,0.06523174047470093,0.3656831979751587,0.20878225564956665,0.720164609053498,0.20878225564956665,1.8325026333332062,13.0
data_004,0,0,0.7846667766571045,0.0,0.0,0.0,0.3656831979751587,0.005722343921661377,0.7037037037037037,0.13158226013183594,1.8325026333332062,13.0
data_004,0,0,0.9169405102729797,0.0,0.0,0.0,0.3656831979751587,0.45169347524642944,0.8683127572016461,0.45169347524642944,1.8325026333332062,13.0
data_004,0,0,0.6810211539268494,0.0,0.0,0.09884712100028992,0.09884712100028992,0.0,0.0,0.0,0.0,2.0
data_004,1,0,0.3325808346271515,0.09884712100028992,0.9,0.09884712100028992,0.09884712100028992,0.0,0.0,0.0,0.0,2.0
data_005,0,1,,,,,,,,,,
data_005,1,1,,,,,,,,,,
data_005,1,1,,,,,,,,,,
data_005,0,0,0.822194516658783,0.0,0.0,0.0,0.0,0.0,0.0,0.0,0.0,3.0
data_005,0,0,0.7993112802505493,0.0,0.0,0.0,0.0,0.0,0.0,0.0,0.0,3.0
data_005,0,0,0.7079378366470337,0.0,0.0,0.0,0.0,0.0,0.0,0.0,0.0,3.0
data_005,0,0,0.6405830383300781,0.1224510669708252,0.4067796610169492,0.1224510669708252,0.1224510669708252,0.0,0.0,0.0,0.17810258269309998,4.0
data_005,0,0,0.654834508895874,0.0,0.0,0.10737860202789307,0.1224510669708252,0.17810258269309998,0.4067796610169492,0.17810258269309998,0.17810258269309998,4.0
data_005,1,0,0.6450560092926025,0.0,0.0,0.0,0.1224510669708252,0.0,0.0,0.05565151572227478,0.17810258269309998,4.0
data_005,1,0,0.45745736360549927,0.0,0.0,0.0,0.1224510669708252,0.0,0.0,0.006487131118774414,0.17810258269309998,4.0
data_005,0,0,0.7783312201499939,0.0,0.0,0.0,0.0,0.07151561975479126,0.14634146341463414,0.07151561975479126,0.07151561975479126,3.0
data_005,0,0,0.8540688157081604,0.0,0.0,0.0,0.0,0.0,0.0,0.07151561975479126,0.07151561975479126,3.0
data_005,0,0,0.7526839375495911,0.0,0.0,0.0,0.0,0.0,0.0,0.0,0.07151561975479126,3.0
data_005,0,0,0.8419439792633057,0.0,0.0,0.0,0.0,0.014497876167297363,0.21052631578947367,0.014497876167297363,0.1443805694580078,3.0
data_005,0,0,0.7107191681861877,0.0,0.0,0.0,0.0,0.0,0.0,0.12988269329071045,0.1443805694580078,3.0
data_005,0,0,0.8580598831176758,0.0,0.0,0.0,0.0,0.12988269329071045,0.10526315789473684,0.12988269329071045,0.1443805694580078,3.0
data_005,0,0,0.6883033514022827,0.0,0.0,0.0,0.03513920307159424,0.025914371013641357,0.3076923076923077,0.025914371013641357,0.025914371013641357,3.0
data_005,0,0,0.7509916424751282,0.0,0.0,0.03513920307159424,0.03513920307159424,0.0,0.0,0.0,0.025914371013641357,3.0
data_005,0,0,0.7170839905738831,0.03513920307159424,0.19230769230769232,0.03513920307159424,0.03513920307159424,0.0,0.0,0.0,0.025914371013641357,3.0
data_006,0,0,0.3032757639884949,,,,,,,,,
data_006,0,0,0.44821417331695557,,,,,,,,,
data_006,0,0,0.18699945509433746,,,,,,,,,
data_006,0,0,0.2066510170698166,,,,,,,,,
data_006,1,0,0.5925236344337463,0.2061888873577118,0.004599816007359705,0.2061888873577118,0.2547244131565094,0.2061888873577118,0.004599816007359705,0.2061888873577118,0.2061888873577118,3.0
data_006,0,0,0.5659067034721375,0.04853552579879761,0.10211591536338546,0.04853552579879761,0.2547244131565094,0.0,0.0,0.0,0.2061888873577118,3.0
data_006,0,0,0.8554306626319885,0.0,0.0,0.2547244131565094,0.2547244131565094,0.0,0.0,0.2061888873577118,0.2061888873577118,3.0
data_006,0,0,0.7221831679344177,0.014653325080871582,0.022675736961451247,0.014653325080871582,0.17737838625907898,0.07728743553161621,0.23242630385487528,0.07728743553161621,0.490529328584671,7.0
data_006,0,0,0.7174165844917297,0.0,0.0,0.014653325080871582,0.17737838625907898,0.22710320353507996,0.8854875283446711,0.22710320353507996,0.490529328584671,7.0
data_006,0,0,0.6724917888641357,0.0,0.0,0.06786328554153442,0.17737838625907898,0.09893852472305298,0.391156462585034,0.13497471809387207,0.490529328584671,7.0
data_006,0,0,0.7398453950881958,0.06786328554153442,0.15873015873015872,0.06786328554153442,0.17737838625907898,0.0415613055229187,0.23242630385487528,0.11679297685623169,0.490529328584671,7.0
data_006,0,0,0.653122067451477,0.0,0.0,0.026301980018615723,0.17737838625907898,0.0,0.0,0.17515164613723755,0.490529328584671,7.0
data_006,1,0,0.4969739019870758,0.08525910973548889,0.3276643990929705,0.08525910973548889,0.17737838625907898,0.03603619337081909,0.07936507936507936,0.03603619337081909,0.490529328584671,7.0
data_006,0,0,0.6988835334777832,0.009602665901184082,0.2789115646258503,0.09486177563667297,0.17737838625907898,0.009602665901184082,0.2789115646258503,0.011734962463378906,0.490529328584671,7.0
data_006,0,0,0.5726251006126404,0.10026082396507263,0.5840220385674931,0.10026082396507263,0.10026082396507263,0.10026082396507263,0.5840220385674931,0.10026082396507263,0.19063082337379456,3.0
data_006,0,0,0.7176874876022339,0.0,0.0,0.0,0.10026082396507263,0.09036999940872192,0.027548209366391185,0.09036999940872192,0.19063082337379456,3.0
data_006,0,0,0.8242919445037842,0.0,0.0,0.0,0.10026082396507263,0.0,0.0,0.09036999940872192,0.19063082337379456,3.0
data_006,0,0,0.6181904673576355,0.0,0.0,0.0,0.0,0.044531166553497314,0.05128205128205128,0.044531166553497314,0.044531166553497314,2.0
data_006,1,0,0.44176721572875977,0.0,0.0,0.0,0.0,0.0,0.0,0.044531166553497314,0.044531166553497314,2.0
data_007,0,1,,,,,,,,,,
data_007,0,1,,,,,,,,,,
data_007,0,1,,,,,,,,,,
data_007,0,1,,,,,,,,,,
data_007,0,0,0.8793872594833374,0.0,0.0,0.0,0.0,0.4493156373500824,0.2361111111111111,0.4493156373500824,0.670290619134903,4.0
data_007,0,0,0.6570639610290527,0.0,0.0,0.0,0.0,0.027841031551361084,0.125,0.3105814754962921,0.670290619134903,4.0
data_007,0,0,0.7915691137313843,0.0,0.0,0.0,0.0,0.0,0.0,0.24263626337051392,0.670290619134903,4.0
data_007,0,0,0.6181413531303406,0.0,0.0,0.0,0.0,0.19313395023345947,0.25,0.25318171083927155,0.670290619134903,4.0
data_007,0,0,0.7908428907394409,0.0,0.0,0.0,0.190662682056427,0.25832003355026245,0.5454545454545454,0.25832003355026245,0.25832003355026245,4.0
data_007,0,0,0.7449967861175537,0.0,0.0,0.0,0.190662682056427,0.0,0.0,0.06765735149383545,0.25832003355026245,4.0
data_007,0,0,0.8340057134628296,0.190662682056427,0.3090909090909091,0.190662682056427,0.190662682056427,0.0,0.0,0.25832003355026245,0.25832003355026245,4.0
data_007,0,0,0.837401270866394,0.0,0.0,0.0,0.190662682056427,0.0,0.0,0.0,0.25832003355026245,4.0
data_007,0,0,0.6281009912490845,0.0,0.0,0.0,0.0,0.18424999713897705,0.4146341463414634,0.18424999713897705,0.18424999713897705,3.0
data_007,0,0,0.7337997555732727,0.0,0.0,0.0,0.0,0.0,0.0,0.18424999713897705,0.18424999713897705,3.0
data_007,0,0,0.7812798023223877,0.0,0.0,0.0,0.0,0.0,0.0,0.0,0.18424999713897705,3.0
data_007,0,0,0.7389962077140808,0.0,0.0,0.0,0.0,0.0,0.0,0.0,0.0,3.0
data_007,0,0,0.6727766990661621,0.0,0.0,0.0,0.0,0.0,0.0,0.0,0.0,3.0
data_007,0,0,0.7526479363441467,0.0,0.0,0.0,0.0,0.0,0.0,0.0,0.0,3.0
data_007,0,0,0.766470730304718,0.007190287113189697,0.2894736842105263,0.007190287113189697,0.007190287113189697,0.007190287113189697,0.2894736842105263,0.007190287113189697,0.05885952711105347,3.0
data_007,0,0,0.859271764755249,0.0,0.0,0.007190287113189697,0.007190287113189697,0.0,0.0,0.05885952711105347,0.05885952711105347,3.0
data_007,0,0,0.6646355390548706,0.0,0.0,0.0,0.007190287113189697,0.05166923999786377,0.2894736842105263,0.05166923999786377,0.05885952711105347,3.0
data_007,0,0,0.6698020696640015,0.0,0.0,0.0,0.026896893978118896,0.0,0.0,0.0,0.15873557329177856,4.0
data_007,0,0,0.7505181431770325,0.0,0.0,0.0,0.026896893978118896,0.15873557329177856,0.4636363636363636,0.15873557329177856,0.15873557329177856,4.0
data_007,0,0,0.7192131876945496,0.026896893978118896,0.2,0.026896893978118896,0.026896893978118896,0.0,0.0,0.0,0.15873557329177856,4.0
data_007,0,0,0.7594318389892578,0.0,0.0,0.026896893978118896,0.026896893978118896,0.0,0.0,0.15873557329177856,0.15873557329177856,4.0
data_008,0,1,,,,,,,,,,
data_008,0,1,,,,,,,,,,
data_008,0,0,0.7540645003318787,0.0,0.0,0.0,0.0,0.0,0.0,0.0,0.2158191204071045,5.0
data_008,0,0,0.7685600519180298,0.0,0.0,0.0,0.0,0.11820989847183228,0.23979591836734693,0.11820989847183228,0.2158191204071045,5.0
data_008,0,0,0.769748866558075,0.0,0.0,0.0,0.0,0.03990340232849121,0.3469387755102041,0.03990340232849121,0.2158191204071045,5.0
data_008,0,0,0.94962078332901,0.0,0.0,0.0,0.0,0.0,0.0,0.09291630983352661,0.2158191204071045,5.0
data_008,0,0,0.7781248688697815,0.0,0.0,0.0,0.0,0.057705819606781006,0.2857142857142857,0.17591571807861328,0.2158191204071045,5.0
data_008,0,0,0.9101802706718445,0.0,0.0,0.0,0.0,0.0,0.0,0.28418752551078796,0.28418752551078796,4.0
data_008,0,0,0.6509564518928528,0.0,0.0,0.0,0.0,0.28418752551078796,0.016666666666666666,0.28418752551078796,0.28418752551078796,4.0
data_008,0,0,0.7636154294013977,0.0,0.0,0.0,0.0,0.0,0.0,0.004267603158950806,0.28418752551078796,4.0
data_008,0,0,0.623982310295105,0.0,0.0,0.0,0.0,0.0,0.0,0.0,0.28418752551078796,4.0
data_008,0,0,0.6900007724761963,0.007240414619445801,0.45054945054945056,0.007240414619445801,0.017018675804138184,0.007240414619445801,0.45054945054945056,0.01233440637588501,0.029836654663085938,4.0
data_008,0,0,0.7296730875968933,0.009778261184692383,0.047619047619047616,0.009778261184692383,0.017018675804138184,0.0,0.0,0.017502248287200928,0.029836654663085938,4.0
data_008,0,0,0.7951539754867554,0.0,0.0,0.009778261184692383,0.017018675804138184,0.005093991756439209,0.40293040293040294,0.005093991756439209,0.029836654663085938,4.0
data_008,0,0,0.7058906555175781,0.0,0.0,0.0,0.017018675804138184,0.017502248287200928,0.040293040293040296,0.017502248287200928,0.029836654663085938,4.0
data_009,0,1,,,,,,,,,,
data_009,0,1,,,,,,,,,,
data_009,0,0,0.8417536020278931,0.0,0.0,0.0,0.0,0.0,0.0,0.0,0.0,3.0
data_009,0,0,0.696153998374939,0.0,0.0,0.0,0.0,0.0,0.0,0.0,0.0,3.0
data_009,0,0,0.7283093929290771,0.0,0.0,0.0,0.0,0.0,0.0,0.0,0.0,3.0
data_009,0,0,0.7820844650268555,0.0,0.0,0.0,0.05309867858886719,0.09939408302307129,0.9,0.09939408302307129,0.15249276161193848,3.0
data_009,0,0,0.7350022196769714,0.0,0.0,0.05309867858886719,0.05309867858886719,0.0,0.0,0.15249276161193848,0.15249276161193848,3.0
data_009,0,0,0.7427300810813904,0.05309867858886719,0.32,0.05309867858886719,0.05309867858886719,0.05309867858886719,0.32,0.05309867858886719,0.15249276161193848,3.0
data_009,0,0,0.706631064414978,0.0,0.0,0.004269838333129883,0.004269838333129883,0.0,0.0,0.004269838333129883,0.004269838333129883,3.0
data_009,0,0,0.6393915414810181,0.004269838333129883,0.36363636363636365,0.004269838333129883,0.004269838333129883,0.004269838333129883,0.36363636363636365,0.004269838333129883,0.004269838333129883,3.0
data_009,0,0,0.8131188750267029,0.0,0.0,0.0,0.004269838333129883,0.0,0.0,0.0,0.004269838333129883,3.0
data_009,0,0,0.851832389831543,0.09219247102737427,0.4166666666666667,0.09219247102737427,0.09219247102737427,0.09219247102737427,0.4166666666666667,0.09219247102737427,0.09219247102737427,3.0
data_009,0,0,0.7627078294754028,0.0,0.0,0.09219247102737427,0.09219247102737427,0.0,0.0,0.09219247102737427,0.09219247102737427,3.0
data_009,0,0,0.8978554010391235,0.0,0.0,0.0,0.09219247102737427,0.0,0.0,0.0,0.09219247102737427,3.0
data_010,0,1,,,,,,,,,,
data_010,1,1,,,,,,,,,,
data_010,0,1,,,,,,,,,,
data_010,0,0,0.6397110223770142,0.06696343421936035,0.5085470085470085,0.06696343421936035,0.13814842700958252,0.0,0.0,0.0,0.07118499279022217,3.0
data_010,0,0,0.7679890394210815,0.0,0.0,0.07118499279022217,0.13814842700958252,0.0,0.0,0.07118499279022217,0.07118499279022217,3.0
data_010,0,0,0.8035386204719543,0.07118499279022217,0.405982905982906,0.10363519191741943,0.13814842700958252,0.07118499279022217,0.405982905982906,0.07118499279022217,0.07118499279022217,3.0
data_010,0,0,0.7602799534797668,0.0,0.0,0.0,0.0,0.0,0.0,0.0,0.0,2.0
data_010,0,0,0.6669421792030334,0.0,0.0,0.0,0.0,0.0,0.0,0.0,0.0,2.0
data_010,0,0,0.7805667519569397,0.0,0.0,0.0,0.09713539481163025,0.0,0.0,0.22387340664863586,0.3210088014602661,3.0
data_010,0,0,0.778229832649231,0.0,0.0,0.09713539481163025,0.09713539481163025,0.3210088014602661,0.7926829268292683,0.3210088014602661,0.3210088014602661,3.0
data_010,0,0,0.525833785533905,0.09713539481163025,0.1951219512195122,0.09713539481163025,0.09713539481163025,0.0,0.0,0.0,0.3210088014602661,3.0
data_010,0,0,0.776123046875,0.0,0.0,0.20491087436676025,0.20491087436676025,0.0,0.0,0.0,0.0,2.0
data_010,0,0,0.7581800222396851,0.20491087436676025,0.2777777777777778,0.20491087436676025,0.20491087436676025,0.0,0.0,0.0,0.0,2.0
data_010,0,0,0.5241447687149048,0.0,0.0,0.0,0.0,0.0,0.0,0.0,0.0,2.0
data_010,0,0,0.7756104469299316,0.0,0.0,0.0,0.0,0.0,0.0,0.0,0.0,2.0
data_010,0,0,0.609009861946106,0.0,0.0,0.0,0.0,0.0,0.0,0.0,0.0,2.0
data_010,0,0,0.8144955039024353,0.0,0.0,0.0,0.0,0.0,0.0,0.0,0.0,2.0
data_010,0,0,0.8187089562416077,0.0,0.0,0.0,0.0,0.0,0.0,0.0,0.0,2.0
data_010,0,0,0.6435685753822327,0.0,0.0,0.0,0.0,0.0,0.0,0.0,0.0,2.0
data_011,1,1,,,,,,,,,,
data_011,0,1,,,,,,,,,,
data_011,0,1,,,,,,,,,,
data_011,0,0,0.8537366986274719,0.0,0.0,0.0,0.0,0.15888041257858276,0.6198347107438017,0.15888041257858276,0.5083196759223938,4.0
data_011,0,0,0.8054162859916687,0.0,0.0,0.0,0.0,0.13219809532165527,0.49586776859504134,0.1557607650756836,0.5083196759223938,4.0
data_011,0,0,0.773606538772583,0.0,0.0,0.0,0.0,0.0,0.0,0.21724116802215576,0.5083196759223938,4.0
data_011,0,0,0.8152018785476685,0.0,0.0,0.0,0.0,0.21724116802215576,0.34710743801652894,0.21724116802215576,0.5083196759223938,4.0
data_011,0,0,0.7556995749473572,0.0,0.0,0.0,0.02775174379348755,0.0,0.0,0.01938265562057495,0.2701394557952881,5.0
data_011,0,0,0.7358182668685913,0.0,0.0,0.0,0.02775174379348755,0.2292528748512268,0.673469387755102,0.24238771200180054,0.2701394557952881,5.0
data_011,0,0,0.646830677986145,0.0,0.0,0.0,0.02775174379348755,0.0,0.0,0.04568415880203247,0.2701394557952881,5.0
data_011,0,0,0.6957012414932251,0.0,0.0,0.02775174379348755,0.02775174379348755,0.0,0.0,0.0,0.2701394557952881,5.0
data_011,0,0,0.7314171195030212,0.02775174379348755,0.32653061224489793,0.02775174379348755,0.02775174379348755,0.04088658094406128,0.3673469387755102,0.04088658094406128,0.2701394557952881,5.0
data_011,0,0,0.8984208703041077,0.0,0.0,0.0,0.0,0.11667037010192871,0.07446808510638298,0.11667037010192871,0.7356846928596497,5.0
data_011,0,0,0.7469359040260315,0.0,0.0,0.0,0.0,0.09287756681442261,0.18085106382978725,0.09287756681442261,0.7356846928596497,5.0
data_011,0,0,0.882015585899353,0.0,0.0,0.0,0.0,0.0,0.0,0.030069738626480103,0.7356846928596497,5.0
data_011,0,0,0.8835398554801941,0.0,0.0,0.0,0.0,0.30878180265426636,0.1702127659574468,0.30878180265426636,0.7356846928596497,5.0
data_011,0,0,0.7141388058662415,0.0,0.0,0.0,0.0,0.21735495328903198,0.925531914893617,0.3340253233909607,0.7356846928596497,5.0
data_011,0,0,0.6612382531166077,0.0,0.0,0.0,0.0,0.0,0.0,0.0,0.20177525281906128,4.0
data_011,0,0,0.8052480220794678,0.0,0.0,0.0,0.0,0.20177525281906128,0.39436619718309857,0.20177525281906128,0.20177525281906128,4.0
data_011,0,0,0.8350905776023865,0.0,0.0,0.0,0.0,0.0,0.0,0.016107797622680664,0.20177525281906128,4.0
data_011,0,0,0.7454291582107544,0.0,0.0,0.0,0.0,0.0,0.0,0.0,0.20177525281906128,4.0
data_011,0,0,0.827641487121582,0.0,0.0,0.0,0.0,0.07522743940353394,0.36134453781512604,0.07522743940353394,0.11190605163574219,3.0
data_011,0,0,0.7491239309310913,0.0,0.0,0.0,0.0,0.0,0.0,0.0,0.11190605163574219,3.0
data_011,0,0,0.7409496307373047,0.0,0.0,0.0,0.0,0.03667861223220825,0.3277310924369748,0.03667861223220825,0.11190605163574219,3.0
data_011,0,0,0.7071468830108643,0.0,0.0,0.0,0.0,0.07096230983734131,0.7699115044247787,0.07096230983734131,0.1903139352798462,3.0
data_011,0,0,0.6513149738311768,0.0,0.0,0.0,0.0,0.0,0.0,0.11935162544250488,0.1903139352798462,3.0
data_011,0,0,0.6626657247543335,0.0,0.0,0.0,0.0,0.11935162544250488,0.6017699115044248,0.11935162544250488,0.1903139352798462,3.0
data_012,0,1,,,,,,,,,,
data_012,0,1,,,,,,,,,,
data_012,0,1,,,,,,,,,,
data_012,0,0,0.6961057186126709,0.03349190950393677,0.1836734693877551,0.03349190950393677,0.22267663478851318,0.1357896327972412,0.7040816326530612,0.1357896327972412,0.1357896327972412,4.0
data_012,0,0,0.5883684158325195,0.0,0.0,0.03349190950393677,0.22267663478851318,0.0,0.0,0.0,0.1357896327972412,4.0
data_012,0,0,0.7421889901161194,0.0,0.0,0.18918472528457642,0.22267663478851318,0.0,0.0,0.043888628482818604,0.1357896327972412,4.0
data_012,0,0,0.7589107751846313,0.18918472528457642,0.32653061224489793,0.18918472528457642,0.22267663478851318,0.0,0.0,0.0,0.1357896327972412,4.0
data_012,0,1,,,,,,,,,,
data_012,0,1,,,,,,,,,,
data_012,0,1,,,,,,,,,,
data_012,0,1,,,,,,,,,,
data_012,1,0,0.8505838513374329,0.0,0.0,0.0,0.10414659976959229,0.02056562900543213,0.15555555555555556,0.06871598958969116,0.17286258935928345,4.0
data_012,1,0,0.8144925236701965,0.0,0.0,0.06724894046783447,0.10414659976959229,0.1153993010520935,0.6,0.13596493005752563,0.17286258935928345,4.0
data_012,0,0,0.6398545503616333,0.029939711093902588,0.28888888888888886,0.029939711093902588,0.10414659976959229,0.03689765930175781,0.05555555555555555,0.03689765930175781,0.17286258935928345,4.0
data_012,0,0,0.7671178579330444,0.0742068886756897,0.43333333333333335,0.0742068886756897,0.10414659976959229,0.0,0.0,0.03689765930175781,0.17286258935928345,4.0
data_012,0,0,0.7548577189445496,0.0,0.0,0.0,0.13286572694778442,0.13698798418045044,0.6818181818181818,0.13698798418045044,0.26985371112823486,4.0
data_012,0,0,0.7528083324432373,0.0,0.0,0.0,0.13286572694778442,0.0,0.0,0.0,0.26985371112823486,4.0
data_012,0,0,0.7343229651451111,0.0,0.0,0.0556182861328125,0.13286572694778442,0.0,0.0,0.091488778591156,0.26985371112823486,4.0
data_012,0,0,0.8049147725105286,0.13286572694778442,0.6666666666666666,0.13286572694778442,0.13286572694778442,0.13286572694778442,0.6666666666666666,0.13286572694778442,0.26985371112823486,4.0
data_012,0,0,0.8253325819969177,0.0,0.0,0.0,0.14513713121414185,0.0,0.0,0.0,0.12377935647964478,4.0
data_012,0,0,0.8188754320144653,0.12377935647964478,0.14285714285714285,0.12377935647964478,0.14513713121414185,0.12377935647964478,0.14285714285714285,0.12377935647964478,0.12377935647964478,4.0
data_012,0,0,0.8723378777503967,0.0,0.0,0.12377935647964478,0.14513713121414185,0.0,0.0,0.12377935647964478,0.12377935647964478,4.0
data_012,0,0,0.7121445536613464,0.02135777473449707,0.2727272727272727,0.02135777473449707,0.14513713121414185,0.0,0.0,0.0,0.12377935647964478,4.0
data_012,0,0,0.8433460593223572,0.0,0.0,0.0,0.0,0.0688638687133789,0.2926829268292683,0.0688638687133789,0.11538302898406982,4.0
data_012,0,0,0.5892937183380127,0.0,0.0,0.0,0.0,0.023168623447418213,0.21951219512195122,0.023168623447418213,0.11538302898406982,4.0
data_012,0,0,0.5963947176933289,0.0,0.0,0.0,0.0,0.0,0.0,0.0,0.11538302898406982,4.0
data_012,0,0,0.7075369954109192,0.0,0.0,0.0,0.0,0.023350536823272705,0.3170731707317073,0.11538302898406982,0.11538302898406982,4.0
data_012,0,0,0.6937679052352905,0.0,0.0,0.0,0.09354722499847412,0.0,0.0,0.004924297332763672,0.13441824913024902,4.0
data_012,0,0,0.5909886360168457,0.0238497257232666,0.6944444444444444,0.0238497257232666,0.09354722499847412,0.0238497257232666,0.6944444444444444,0.13441824913024902,0.13441824913024902,4.0
data_012,0,0,0.7482898235321045,0.06969749927520752,0.4444444444444444,0.06969749927520752,0.09354722499847412,0.0,0.0,0.13441824913024902,0.13441824913024902,4.0
data_012,0,0,0.7920786738395691,0.0,0.0,0.06969749927520752,0.09354722499847412,0.11056852340698242,0.3472222222222222,0.11056852340698242,0.13441824913024902,4.0
data_012,0,0,0.6928353905677795,0.12623685598373413,0.0784313725490196,0.12623685598373413,0.21299082040786743,0.12623685598373413,0.0784313725490196,0.12623685598373413,0.3838224411010742,4.0
data_012,0,0,0.8772158622741699,0.0,0.0,0.12623685598373413,0.21299082040786743,0.0,0.0,0.24209964275360107,0.3838224411010742,4.0
data_012,0,0,0.6434944272041321,0.0867539644241333,0.27450980392156865,0.0867539644241333,0.21299082040786743,0.0,0.0,0.0,0.3838224411010742,4.0
data_012,0,0,0.6679345369338989,0.0,0.0,0.0867539644241333,0.21299082040786743,0.2575855851173401,0.3137254901960784,0.2575855851173401,0.3838224411010742,4.0
data_013,0,1,,,,,,,,,,
data_013,0,1,,,,,,,,,,
data_013,0,1,,,,,,,,,,
data_013,0,0,0.6827762126922607,0.0,0.0,0.0,0.0,0.0,0.0,0.0,0.0,2.0
data_013,0,0,0.7656036019325256,0.0,0.0,0.0,0.0,0.0,0.0,0.0,0.0,2.0
data_013,0,0,0.7031124234199524,0.0,0.0,0.0,0.0,0.30606234073638916,0.49230769230769234,0.30606234073638916,0.30606234073638916,3.0
data_013,0,0,0.7586922645568848,0.0,0.0,0.0,0.0,0.0,0.0,0.0,0.30606234073638916,3.0
data_013,0,0,0.7833147644996643,0.0,0.0,0.0,0.0,0.0,0.0,0.0,0.30606234073638916,3.0
data_013,0,0,0.6557729840278625,0.012360572814941406,0.6666666666666666,0.012360572814941406,0.19167852401733398,0.0,0.0,0.0,0.0,3.0
data_013,0,0,0.7659412026405334,0.0,0.0,0.17931795120239258,0.19167852401733398,0.0,0.0,0.0,0.0,3.0
data_013,0,0,0.7995478510856628,0.17931795120239258,0.2777777777777778,0.17931795120239258,0.19167852401733398,0.0,0.0,0.0,0.0,3.0
data_013,0,0,0.8444214463233948,0.0,0.0,0.0,0.0,0.0,0.0,0.0,0.0,2.0
data_013,0,0,0.755420446395874,0.0,0.0,0.0,0.0,0.0,0.0,0.0,0.0,2.0
data_013,0,0,0.5325767397880554,0.0,0.0,0.09857344627380371,0.09857344627380371,0.0,0.0,0.09857344627380371,0.09857344627380371,2.0
data_013,0,0,0.6165435910224915,0.09857344627380371,0.7777777777777778,0.09857344627380371,0.09857344627380371,0.09857344627380371,0.7777777777777778,0.09857344627380371,0.09857344627380371,2.0
data_013,0,0,0.6694775819778442,0.0,0.0,0.0566558837890625,0.0566558837890625,0.1054917573928833,0.6271186440677966,0.1054917573928833,0.1054917573928833,3.0
data_013,0,0,0.6315403580665588,0.0566558837890625,0.2542372881355932,0.0566558837890625,0.0566558837890625,0.0,0.0,0.0,0.1054917573928833,3.0
data_013,0,0,0.6200162172317505,0.0,0.0,0.0,0.0566558837890625,0.0,0.0,0.1054917573928833,0.1054917573928833,3.0
data_013,0,0,0.6779127717018127,0.0,0.0,0.017063498497009277,0.017063498497009277,0.0,0.0,0.0,0.0,2.0
data_013,0,0,0.6375613808631897,0.017063498497009277,0.3333333333333333,0.017063498497009277,0.017063498497009277,0.0,0.0,0.0,0.0,2.0
data_013,0,0,0.6292004585266113,0.0,0.0,0.0,0.0,0.09990853071212769,0.2903225806451613,0.09990853071212769,0.09990853071212769,3.0
data_013,0,0,0.4783271849155426,0.0,0.0,0.0,0.0,0.0,0.0,0.0,0.09990853071212769,3.0
data_013,0,0,0.5711594820022583,0.0,0.0,0.0,0.0,0.0,0.0,0.004681825637817383,0.09990853071212769,3.0
data_013,0,0,0.6835897564888,0.0,0.0,0.0,0.0,0.39408260583877563,0.5172413793103449,0.39408260583877563,0.39408260583877563,3.0
data_013,0,0,0.4804312586784363,0.0,0.0,0.0,0.0,0.0,0.0,0.11933213472366333,0.39408260583877563,3.0
data_013,0,0,0.8010472059249878,0.0,0.0,0.0,0.0,0.0,0.0,0.12118810415267944,0.39408260583877563,3.0
data_014,0,1,,,,,,,,,,
data_014,0,1,,,,,,,,,,
data_014,0,1,,,,,,,,,,
data_014,0,1,,,,,,,,,,
data_014,0,0,0.8702051043510437,0.0,0.0,0.0,0.0,0.0,0.0,0.0,0.14873582124710083,4.0
data_014,0,0,0.7997275590896606,0.0,0.0,0.0,0.0,0.14873582124710083,0.1958762886597938,0.14873582124710083,0.14873582124710083,4.0
data_014,0,0,0.6825977563858032,0.0,0.0,0.0,0.0,0.0,0.0,0.0,0.14873582124710083,4.0
data_014,0,0,0.6891700029373169,0.0,0.0,0.0,0.0,0.0,0.0,0.0,0.14873582124710083,4.0
data_014,0,0,0.7418981194496155,0.0,0.0,0.0,0.0,0.3033698797225952,0.5,0.3033698797225952,0.9716400802135468,5.0
data_014,0,0,0.8745818734169006,0.0,0.0,0.0,0.0,0.0,0.0,0.3671058118343353,0.9716400802135468,5.0
data_014,0,0,0.6956140398979187,0.0,0.0,0.0,0.0,0.24091339111328125,0.23333333333333334,0.3141212463378906,0.9716400802135468,5.0
data_014,0,0,0.6610006093978882,0.0,0.0,0.0,0.0,0.4273568093776703,0.3333333333333333,0.4273568093776703,0.9716400802135468,5.0
data_014,0,0,0.7625312209129333,0.0,0.0,0.0,0.0,0.0,0.0,0.0,0.9716400802135468,5.0
data_014,0,0,0.7590464949607849,0.0,0.0,0.0,0.0,0.2977166175842285,0.6585365853658537,0.2977166175842285,0.32484135031700134,4.0
data_014,0,0,0.5752182006835938,0.0,0.0,0.0,0.0,0.0,0.0,0.027124732732772827,0.32484135031700134,4.0
data_014,1,0,0.4871777594089508,0.0,0.0,0.0,0.0,0.027124732732772827,0.07317073170731707,0.027124732732772827,0.32484135031700134,4.0
data_014,0,0,0.6575645208358765,0.0,0.0,0.0,0.0,0.0,0.0,0.08217081427574158,0.32484135031700134,4.0
data_014,0,0,0.8765171766281128,0.0,0.0,0.0,0.0,0.0,0.0,0.10602819919586182,0.10602819919586182,4.0
data_014,0,0,0.7898730635643005,0.0,0.0,0.0,0.0,0.0,0.0,0.0,0.10602819919586182,4.0
data_014,0,0,0.8233462572097778,0.0,0.0,0.0,0.0,0.10602819919586182,0.25,0.10602819919586182,0.10602819919586182,4.0
data_014,0,0,0.876384437084198,0.0,0.0,0.0,0.0,0.0,0.0,0.0,0.10602819919586182,4.0
data_014,0,0,0.847797691822052,0.0,0.0,0.0,0.018840372562408447,0.0,0.0,0.0,0.17672984302043915,4.0
data_014,0,0,0.4615170955657959,0.018840372562408447,0.029411764705882353,0.018840372562408447,0.018840372562408447,0.018840372562408447,0.029411764705882353,0.025620877742767334,0.17672984302043915,4.0
data_014,0,0,0.6437390446662903,0.0,0.0,0.018840372562408447,0.018840372562408447,0.0,0.0,0.0,0.17672984302043915,4.0
data_014,1,0,0.3030429780483246,0.0,0.0,0.0,0.018840372562408447,0.1578894704580307,0.08823529411764706,0.1578894704580307,0.17672984302043915,4.0
data_014,0,0,0.7929007411003113,0.0,0.0,0.0,0.0,0.16016805171966553,0.06,0.16016805171966553,0.16016805171966553,2.0
data_014,0,0,0.7228851914405823,0.0,0.0,0.0,0.0,0.0,0.0,0.16016805171966553,0.16016805171966553,2.0
data_014,0,0,0.6441464424133301,0.0,0.0,0.0,0.0,0.0,0.0,0.0,0.0,2.0
data_014,0,0,0.7718438506126404,0.0,0.0,0.0,0.0,0.0,0.0,0.0,0.0,2.0
data_015,0,1,,,,,,,,,,
data_015,0,1,,,,,,,,,,
data_015,0,1,,,,,,,,,,
data_015,0,0,0.7152024507522583,0.0,0.0,0.0,0.0,0.01610720157623291,0.9245283018867925,0.01610720157623291,0.01610720157623291,3.0
data_015,0,0,0.7782859206199646,0.0,0.0,0.0,0.0,0.0,0.0,0.014407992362976074,0.01610720157623291,3.0
data_015,1,0,0.7512980103492737,0.0,0.0,0.0,0.0,0.0,0.0,0.01509946584701538,0.01610720157623291,3.0
data_015,0,0,0.8968037962913513,0.0,0.0,0.0,0.0,0.0,0.0,0.0,0.0726543664932251,3.0
data_015,0,0,0.897106945514679,0.0,0.0,0.0,0.0,0.0,0.0,0.0726543664932251,0.0726543664932251,3.0
data_015,0,0,0.7661871314048767,0.0,0.0,0.0,0.0,0.0726543664932251,0.7922705314009661,0.0726543664932251,0.0726543664932251,3.0
data_015,0,0,0.9582188129425049,0.0,0.0,0.0,0.023523330688476562,0.0,0.0,0.1476140022277832,0.17113733291625977,3.0
data_015,0,0,0.7207045555114746,0.0,0.0,0.023523330688476562,0.023523330688476562,0.17113733291625977,0.8113207547169812,0.17113733291625977,0.17113733291625977,3.0
data_015,1,0,0.6848124265670776,0.023523330688476562,0.24528301886792453,0.023523330688476562,0.023523330688476562,0.0,0.0,0.0,0.17113733291625977,3.0
data_015,0,0,0.8774246573448181,0.0,0.0,0.1275867223739624,0.1275867223739624,0.0,0.0,0.14245015382766724,0.2599334716796875,3.0
data_015,0,0,0.8405727744102478,0.1263229250907898,0.5278969957081545,0.1275867223739624,0.1275867223739624,0.11748331785202026,0.8111587982832618,0.11748331785202026,0.2599334716796875,3.0
data_015,0,0,0.670647382736206,0.0012637972831726074,0.3218884120171674,0.010103404521942139,0.1275867223739624,0.14245015382766724,0.3605150214592275,0.14245015382766724,0.2599334716796875,3.0
data_016,0,0,0.885043740272522,0.0,0.0,0.16022169589996338,0.39206111431121826,0.0,0.0,0.19122540950775146,0.45698803663253784,5.0
data_016,0,0,0.8775744438171387,0.16022169589996338,0.12090163934426229,0.16022169589996338,0.39206111431121826,0.22514861822128296,0.9118852459016393,0.22514861822128296,0.45698803663253784,5.0
data_016,0,0,0.8061333298683167,0.12418973445892334,0.13524590163934427,0.12418973445892334,0.39206111431121826,0.12418973445892334,0.13524590163934427,0.19122540950775146,0.45698803663253784,5.0
data_016,0,0,0.7023470401763916,0.10764968395233154,0.7561475409836066,0.1099708080291748,0.39206111431121826,0.10764968395233154,0.7561475409836066,0.1099708080291748,0.45698803663253784,5.0
data_016,0,0,0.918171226978302,0.0,0.0,0.19319701194763184,0.39206111431121826,0.0,0.0,0.19319701194763184,0.45698803663253784,5.0
data_016,1,1,,,,,,,,,,
data_016,0,1,,,,,,,,,,
data_016,0,0,0.7444277405738831,0.0,0.0,0.0,0.0,0.0,0.0,0.0,0.0,2.0
data_016,0,0,0.7118231058120728,0.0,0.0,0.0,0.0,0.0,0.0,0.0,0.0,2.0
data_016,0,0,0.846411943435669,0.0,0.0,0.0,0.0,0.21880048513412476,0.17073170731707318,0.21880048513412476,0.21880048513412476,2.0
data_016,0,0,0.8878776431083679,0.0,0.0,0.0,0.0,0.0,0.0,0.21880048513412476,0.21880048513412476,2.0
data_016,0,0,0.7438181638717651,0.0,0.0,0.0,0.0,0.0,0.0,0.0,0.0,3.0
data_016,0,0,0.765142560005188,0.0,0.0,0.0,0.0,0.0,0.0,0.0,0.0,3.0
data_016,1,0,0.6232790946960449,0.0,0.0,0.0,0.0,0.0,0.0,0.0,0.0,3.0
data_017,1,1,,,,,,,,,,
data_017,0,0,0.7295722365379333,0.007811367511749268,0.20930232558139536,0.007811367511749268,0.05408930778503418,0.0,0.0,0.0,0.19084468483924866,4.0
data_017,0,0,0.7177878618240356,0.0,0.0,0.04627794027328491,0.05408930778503418,0.0,0.0,0.05653533339500427,0.19084468483924866,4.0
data_017,0,0,0.7437750697135925,0.04627794027328491,0.15891472868217055,0.04627794027328491,0.05408930778503418,0.04627794027328491,0.15891472868217055,0.04627794027328491,0.19084468483924866,4.0
data_017,0,0,0.6332964301109314,0.0,0.0,0.0,0.05408930778503418,0.14456674456596375,0.45348837209302323,0.14456674456596375,0.19084468483924866,4.0
data_017,0,0,0.7083548903465271,0.020222246646881104,0.031746031746031744,0.020222246646881104,0.05850642919540405,0.0,0.0,0.0,0.1443914771080017,4.0
data_017,1,0,0.6427779793739319,0.0,0.0,0.020222246646881104,0.05850642919540405,0.05255979299545288,0.40476190476190477,0.10610729455947876,0.1443914771080017,4.0
data_017,1,0,0.768822193145752,0.0,0.0,0.03828418254852295,0.05850642919540405,0.022810935974121094,0.07936507936507936,0.09468603134155273,0.1443914771080017,4.0
data_017,1,0,0.6257312297821045,0.03828418254852295,0.4523809523809524,0.03828418254852295,0.05850642919540405,0.06902074813842773,0.21428571428571427,0.06902074813842773,0.1443914771080017,4.0
data_017,0,0,0.7960365414619446,0.0,0.0,0.0,0.0,0.0,0.0,0.10710781812667847,0.19771093130111694,3.0
data_017,0,0,0.7704436182975769,0.0,0.0,0.0,0.0,0.0,0.0,0.046321213245391846,0.19771093130111694,3.0
data_017,0,0,0.7072868347167969,0.0,0.0,0.0,0.0,0.19771093130111694,0.6434108527131783,0.19771093130111694,0.19771093130111694,3.0
data_017,1,0,0.8132364153862,0.0,0.0,0.0,0.0004417300224304199,0.0,0.0,0.0,0.0,3.0
data_017,0,0,0.7961627244949341,0.0,0.0,0.0004417300224304199,0.0004417300224304199,0.0,0.0,0.0,0.0,3.0
data_017,0,0,0.7749635577201843,0.0004417300224304199,0.33663366336633666,0.0004417300224304199,0.0004417300224304199,0.0,0.0,0.0,0.0,3.0
data_018,0,1,,,,,,,,,,
data_018,0,1,,,,,,,,,,
data_018,0,1,,,,,,,,,,
data_018,0,1,,,,,,,,,,
data_018,0,0,0.7983543276786804,0.0,0.0,0.0,0.0,0.0,0.0,0.0,0.17406779527664185,3.0
data_018,0,0,0.8395459055900574,0.0,0.0,0.0,0.0,0.0,0.0,0.0,0.17406779527664185,3.0
data_018,0,0,0.8276240825653076,0.0,0.0,0.0,0.0,0.17406779527664185,0.868421052631579,0.17406779527664185,0.17406779527664185,3.0
data_018,0,0,0.829124391078949,0.0,0.0,0.0,0.0,0.0,0.0,0.0,0.0,2.0
data_018,0,0,0.7032685279846191,0.0,0.0,0.0,0.0,0.0,0.0,0.0,0.0,2.0
data_018,1,1,,,,,,,,,,
data_018,0,1,,,,,,,,,,
data_018,1,0,0.7502609491348267,,,,,,,,,
data_018,1,0,0.6015397310256958,0.0,0.0,0.0,0.0,0.0,0.0,0.22319769859313965,0.22319769859313965,2.0
data_018,0,0,0.8518881797790527,0.0,0.0,0.0,0.0,0.22319769859313965,0.47560975609756095,0.22319769859313965,0.22319769859313965,2.0
data_018,0,0,0.622296929359436,,,,,,,,,
data_019,0,1,,,,,,,,,,
data_019,0,1,,,,,,,,,,
data_019,0,1,,,,,,,,,,
data_019,0,0,0.812417209148407,0.0,0.0,0.0,0.1774778962135315,0.0,0.0,0.018301844596862793,0.1957797408103943,3.0
data_019,0,0,0.7718279957771301,0.0,0.0,0.1774778962135315,0.1774778962135315,0.1957797408103943,0.046153846153846156,0.1957797408103943,0.1957797408103943,3.0
data_019,0,0,0.8530908226966858,0.1774778962135315,0.09230769230769231,0.1774778962135315,0.1774778962135315,0.0,0.0,0.08412128686904907,0.1957797408103943,3.0
data_019,0,0,0.6743572950363159,0.0,0.0,0.0024523138999938965,0.0024523138999938965,0.08417397737503052,0.47368421052631576,0.08417397737503052,0.20767763257026672,3.0
data_019,0,0,0.581592321395874,0.0024523138999938965,0.07894736842105263,0.0024523138999938965,0.0024523138999938965,0.1235036551952362,0.5263157894736842,0.1235036551952362,0.20767763257026672,3.0
data_019,0,0,0.9526857137680054,0.0,0.0,0.0,0.0024523138999938965,0.0,0.0,0.20522531867027283,0.20767763257026672,3.0
data_019,0,0,0.8015664219856262,0.0,0.0,0.0,0.0,0.0,0.0,0.08695822954177856,0.22781479358673096,3.0
data_019,0,0,0.8495746850967407,0.0,0.0,0.0,0.0,0.0,0.0,0.0,0.22781479358673096,3.0
data_019,0,0,0.7552121877670288,0.0,0.0,0.0,0.0,0.22781479358673096,0.6617647058823529,0.22781479358673096,0.22781479358673096,3.0
data_019,0,0,0.8168703317642212,0.0,0.0,0.0,0.0,0.14423739910125732,0.7837837837837838,0.14423739910125732,0.14423739910125732,3.0
data_019,0,0,0.7495559453964233,0.0,0.0,0.0,0.0,0.0,0.0,0.06693482398986816,0.14423739910125732,3.0
data_019,0,0,0.7397140264511108,0.0,0.0,0.0,0.0,0.0,0.0,0.003476440906524658,0.14423739910125732,3.0
data_019,0,0,0.7431120276451111,0.0,0.0,0.0,0.0,0.0,0.0,0.03787487745285034,0.09312772750854492,3.0
data_019,0,0,0.7135979533195496,0.0,0.0,0.0,0.0,0.0,0.0,0.055716872215270996,0.09312772750854492,3.0
data_019,0,0,0.8272402882575989,0.0,0.0,0.0,0.0,0.09312772750854492,0.1076923076923077,0.09312772750854492,0.09312772750854492,3.0
data_019,0,0,0.9227578043937683,0.0,0.0,0.08473002910614014,0.08473002910614014,0.0,0.0,0.15753138065338135,0.251262366771698,3.0
data_019,0,0,0.7085846066474915,0.08473002910614014,0.09375,0.08473002910614014,0.08473002910614014,0.08473002910614014,0.09375,0.08473002910614014,0.251262366771698,3.0
data_019,0,0,0.7575461864471436,0.0,0.0,0.0,0.08473002910614014,0.16653233766555786,0.375,0.16653233766555786,0.251262366771698,3.0
data_019,0,0,0.7458062767982483,0.03161734342575073,0.8157894736842105,0.03161734342575073,0.10661488771438599,0.0,0.0,0.0,0.0,3.0
data_019,0,0,0.7985876202583313,0.07499754428863525,0.10526315789473684,0.07499754428863525,0.10661488771438599,0.0,0.0,0.0,0.0,3.0
data_019,0,0,0.8151592016220093,0.0,0.0,0.10661488771438599,0.10661488771438599,0.0,0.0,0.0,0.0,3.0
data_019,0,0,0.6695991158485413,0.004144847393035889,0.509090909090909,0.004144847393035889,0.004144847393035889,0.004144847393035889,0.509090909090909,0.004144847393035889,0.004144847393035889,3.0
data_019,0,0,0.702101469039917,0.0,0.0,0.0,0.004144847393035889,0.0,0.0,0.0,0.004144847393035889,3.0
data_019,0,0,0.71002197265625,0.0,0.0,0.0,0.004144847393035889,0.0,0.0,0.004144847393035889,0.004144847393035889,3.0
data_019,0,0,0.7350885272026062,0.0,0.0,0.0,0.054610371589660645,0.12820744514465332,0.35714285714285715,0.12820744514465332,0.18281781673431396,3.0
data_019,0,0,0.8101106286048889,0.0,0.0,0.054610371589660645,0.054610371589660645,0.0,0.0,0.054610371589660645,0.18281781673431396,3.0
data_019,0,0,0.6516499519348145,0.054610371589660645,0.07142857142857142,0.054610371589660645,0.054610371589660645,0.054610371589660645,0.07142857142857142,0.054610371589660645,0.18281781673431396,3.0
data_020,0,1,,,,,,,,,,
data_020,0,1,,,,,,,,,,
data_020,0,1,,,,,,,,,,
data_020,0,1,,,,,,,,,,
data_020,0,0,0.9358339309692383,0.0,0.0,0.0,0.031767427921295166,0.11687600612640381,0.8064516129032258,0.11687600612640381,0.36001795530319214,5.0
data_020,0,0,0.8011636734008789,0.0,0.0,0.0,0.031767427921295166,0.1018519401550293,0.5806451612903226,0.1018519401550293,0.36001795530319214,5.0
data_020,0,0,0.8879431486129761,0.0,0.0,0.0,0.031767427921295166,0.14129000902175903,0.5483870967741935,0.14129000902175903,0.36001795530319214,5.0
data_020,0,0,0.8692986369132996,0.0,0.0,0.031767427921295166,0.031767427921295166,0.0,0.0,0.046653926372528076,0.36001795530319214,5.0
data_020,1,0,0.864733874797821,0.031767427921295166,0.2903225806451613,0.031767427921295166,0.031767427921295166,0.0,0.0,0.14129000902175903,0.36001795530319214,5.0
data_020,0,0,0.8821351528167725,0.0,0.0,0.0,0.0,0.09513676166534424,0.5526315789473685,0.09513676166534424,0.650197833776474,5.0
data_020,0,0,0.765202522277832,0.0,0.0,0.0,0.0,0.318602591753006,0.2894736842105263,0.318602591753006,0.650197833776474,5.0
data_020,0,0,0.7561134696006775,0.0,0.0,0.0,0.0,0.0,0.0,0.17722088098526,0.650197833776474,5.0
data_020,0,0,0.8714750409126282,0.0,0.0,0.0,0.0,0.0,0.0,0.17524480819702148,0.650197833776474,5.0
data_020,0,0,0.7862296104431152,0.0,0.0,0.0,0.0,0.23645848035812378,0.47368421052631576,0.2967430651187897,0.650197833776474,5.0
data_020,0,0,0.8997161388397217,0.0,0.0,0.0,0.07020312547683716,0.0,0.0,0.07465356588363647,0.07465356588363647,4.0
data_020,0,0,0.8002565503120422,0.0,0.0,0.0031198859214782715,0.07020312547683716,0.07465356588363647,0.6097560975609756,0.07465356588363647,0.07465356588363647,4.0
data_020,0,0,0.8094218969345093,0.0,0.0,0.07020312547683716,0.07020312547683716,0.0,0.0,0.0,0.07465356588363647,4.0
data_020,0,0,0.6411123275756836,0.07020312547683716,0.1951219512195122,0.07020312547683716,0.07020312547683716,0.0,0.0,0.0,0.07465356588363647,4.0
data_020,0,0,0.8368507623672485,0.0,0.0,0.0,0.02855098247528076,0.280045747756958,0.2222222222222222,0.29025983810424805,0.6995319128036499,4.0
data_020,0,0,0.8284724950790405,0.0,0.0,0.0,0.02855098247528076,0.0,0.0,0.3807210922241211,0.6995319128036499,4.0
data_020,0,0,0.9083936810493469,0.0,0.0,0.0,0.02855098247528076,0.3807210922241211,0.2222222222222222,0.38776177167892456,0.6995319128036499,4.0
data_020,0,0,0.5957732200622559,0.02855098247528076,0.3888888888888889,0.02855098247528076,0.02855098247528076,0.0387650728225708,0.2777777777777778,0.0387650728225708,0.6995319128036499,4.0
data_020,0,0,0.90590900182724,0.0,0.0,0.0,0.0,0.131331205368042,0.4,0.131331205368042,0.131331205368042,4.0
data_020,0,0,0.7927201390266418,0.0,0.0,0.0,0.0,0.0,0.0,0.0,0.131331205368042,4.0
data_020,0,0,0.7891547679901123,0.0,0.0,0.0,0.0,0.0,0.0,0.0,0.131331205368042,4.0
data_020,0,0,0.8392957448959351,0.0,0.0,0.0,0.0,0.0,0.0,0.0,0.131331205368042,4.0
data_020,0,0,0.7850848436355591,0.07507061958312988,0.44642857142857145,0.07507061958312988,0.12264025211334229,0.0,0.0,0.0,0.0475696325302124,4.0
data_020,0,0,0.6908610463142395,0.0,0.0,0.01195669174194336,0.12264025211334229,0.0,0.0,0.0,0.0475696325302124,4.0
data_020,0,0,0.8272879719734192,0.0,0.0,0.058203279972076416,0.12264025211334229,0.0,0.0,0.0,0.0475696325302124,4.0
data_020,0,0,0.7497308254241943,0.0475696325302124,0.44642857142857145,0.0475696325302124,0.12264025211334229,0.0475696325302124,0.44642857142857145,0.0475696325302124,0.0475696325302124,4.0
data_020,0,0,0.8883073925971985,0.0,0.0,0.0,0.03912621736526489,0.0,0.0,0.0,0.5047693252563477,5.0
data_020,0,0,0.6929132342338562,0.0,0.0,0.0,0.03912621736526489,0.05552107095718384,0.1694915254237288,0.13003739714622498,0.5047693252563477,5.0
data_020,0,0,0.6521008014678955,0.0,0.0,0.0,0.03912621736526489,0.0,0.0,0.2573850154876709,0.5047693252563477,5.0
data_020,0,0,0.844336211681366,0.03912621736526489,0.22033898305084745,0.03912621736526489,0.03912621736526489,0.12518274784088135,0.7796610169491526,0.19636881351470947,0.5047693252563477,5.0
data_020,0,0,0.8959222435951233,0.0,0.0,0.03912621736526489,0.03912621736526489,0.32406550645828247,0.6610169491525424,0.32406550645828247,0.5047693252563477,5.0
data_020,0,0,0.7428580522537231,0.0,0.0,0.11731681227684021,0.18689528107643127,0.0,0.0,0.191707044839859,0.2612855136394501,3.0
data_020,0,0,0.6148667335510254,0.18689528107643127,0.2727272727272727,0.18689528107643127,0.18689528107643127,0.06957846879959106,0.6363636363636364,0.06957846879959106,0.2612855136394501,3.0
data_020,0,0,0.664635419845581,0.0,0.0,0.18689528107643127,0.18689528107643127,0.191707044839859,0.45454545454545453,0.191707044839859,0.2612855136394501,3.0
data_020,0,0,0.8604943156242371,0.0,0.0,0.0,0.03653067350387573,0.0,0.0,0.0,0.0,3.0
data_020,0,0,0.7864829301834106,0.0,0.0,0.03653067350387573,0.03653067350387573,0.0,0.0,0.0,0.0,3.0
data_020,0,0,0.7435657978057861,0.03653067350387573,0.4,0.03653067350387573,0.03653067350387573,0.0,0.0,0.0,0.0,3.0
data_021,0,1,,,,,,,,,,
data_021,1,1,,,,,,,,,,
data_021,0,0,0.7848877310752869,0.0,0.0,0.0,0.0,0.0,0.0,0.0,0.0,3.0
data_021,0,0,0.8541336059570312,0.0,0.0,0.0,0.0,0.0,0.0,0.0,0.0,3.0
data_021,0,0,0.8009338974952698,0.0,0.0,0.0,0.0,0.0,0.0,0.0,0.0,3.0
data_021,0,0,0.8116002678871155,0.0,0.0,0.03079313039779663,0.03079313039779663,0.0,0.0,0.03079313039779663,0.03079313039779663,3.0
data_021,0,0,0.7413986921310425,0.03079313039779663,0.27586206896551724,0.03079313039779663,0.03079313039779663,0.03079313039779663,0.27586206896551724,0.03079313039779663,0.03079313039779663,3.0
data_021,0,0,0.747855007648468,0.0,0.0,0.0,0.03079313039779663,0.0,0.0,0.0,0.03079313039779663,3.0
data_021,0,0,0.6883816719055176,0.0,0.0,0.0,0.0,0.0,0.0,0.0,0.010041356086730957,3.0
data_021,0,0,0.7201604247093201,0.0,0.0,0.0,0.0,0.010041356086730957,0.6060606060606061,0.010041356086730957,0.010041356086730957,3.0
data_021,0,0,0.8010537028312683,0.0,0.0,0.0,0.0,0.0,0.0,0.010041356086730957,0.010041356086730957,3.0
data_021,0,0,0.7422786355018616,0.0,0.0,0.046131134033203125,0.09779417514801025,0.0,0.0,0.0,0.05166304111480713,3.0
data_021,0,0,0.7026642560958862,0.09779417514801025,0.3394495412844037,0.09779417514801025,0.09779417514801025,0.05166304111480713,0.5229357798165137,0.05166304111480713,0.05166304111480713,3.0
data_021,1,0,0.5535761713981628,0.0,0.0,0.09779417514801025,0.09779417514801025,0.0,0.0,0.002489149570465088,0.05166304111480713,3.0
data_021,0,0,0.6699243187904358,0.0,0.0,0.0,0.015614598989486694,0.0,0.0,0.0,0.015614598989486694,3.0
data_021,0,0,0.5152451992034912,0.015614598989486694,0.3055555555555556,0.015614598989486694,0.015614598989486694,0.015614598989486694,0.3055555555555556,0.015614598989486694,0.015614598989486694,3.0
data_021,0,0,0.7421066164970398,0.0,0.0,0.015614598989486694,0.015614598989486694,0.0,0.0,0.015614598989486694,0.015614598989486694,3.0
data_021,0,0,0.6796369552612305,0.0,0.0,0.0,0.0,0.10350102186203003,0.7058823529411765,0.10350102186203003,0.10350102186203003,3.0
data_021,0,0,0.6092910170555115,0.0,0.0,0.0,0.0,0.0,0.0,0.0,0.10350102186203003,3.0
data_021,0,0,0.5884822010993958,0.0,0.0,0.0,0.0,0.0,0.0,0.05078279972076416,0.10350102186203003,3.0
data_021,0,0,0.6992944478988647,0.0,0.0,0.0,0.0,0.1918964982032776,0.2,0.1918964982032776,0.1918964982032776,2.0
data_021,0,0,0.7373173236846924,0.0,0.0,0.0,0.0,0.0,0.0,0.1918964982032776,0.1918964982032776,2.0
data_022,0,1,,,,,,,,,,
data_022,0,1,,,,,,,,,,
data_022,0,1,,,,,,,,,,
data_022,0,0,0.6832339763641357,0.0,0.0,0.0,0.0,0.0,0.0,0.0,0.001590728759765625,3.0
data_022,1,0,0.6019585132598877,0.0,0.0,0.0,0.0,0.0,0.0,0.0,0.001590728759765625,3.0
data_022,1,0,0.5183867812156677,0.0,0.0,0.0,0.0,0.001590728759765625,0.42857142857142855,0.001590728759765625,0.001590728759765625,3.0
data_022,0,0,0.8634774088859558,0.0,0.0,0.0,0.0,0.0,0.0,0.0,0.06053966283798218,3.0
data_022,0,0,0.7460603713989258,0.0,0.0,0.0,0.0,0.0,0.0,0.06053966283798218,0.06053966283798218,3.0
data_022,0,0,0.7142786979675293,0.0,0.0,0.0,0.0,0.06053966283798218,0.4489795918367347,0.06053966283798218,0.06053966283798218,3.0
data_022,0,0,0.7592363953590393,0.0,0.0,0.0,0.0,0.0,0.0,0.1202540397644043,0.1202540397644043,3.0
data_022,1,0,0.5998820662498474,0.0,0.0,0.0,0.0,0.0,0.0,0.0,0.1202540397644043,3.0
data_022,1,0,0.6238051056861877,0.0,0.0,0.0,0.0,0.1202540397644043,0.38271604938271603,0.1202540397644043,0.1202540397644043,3.0
data_022,1,0,0.7591766119003296,0.14155155420303345,0.24489795918367346,0.14155155420303345,0.14155155420303345,0.14155155420303345,0.24489795918367346,0.14155155420303345,0.27910321950912476,3.0
data_022,0,0,0.6136523485183716,0.0,0.0,0.0,0.14155155420303345,0.07849162817001343,0.1564625850340136,0.1375516653060913,0.27910321950912476,3.0
data_022,0,0,0.5880128145217896,0.0,0.0,0.0,0.14155155420303345,0.05906003713607788,0.17006802721088435,0.1375516653060913,0.27910321950912476,3.0
data_022,0,0,0.7072975635528564,0.060098886489868164,0.9302325581395349,0.060098886489868164,0.14838922023773193,0.0,0.0,0.050010621547698975,0.050010621547698975,3.0
data_022,0,0,0.6412041783332825,0.08829033374786377,0.936046511627907,0.08829033374786377,0.14838922023773193,0.050010621547698975,0.6453488372093024,0.050010621547698975,0.050010621547698975,3.0
data_022,0,0,0.6153568625450134,0.0,0.0,0.14838922023773193,0.14838922023773193,0.0,0.0,0.0,0.050010621547698975,3.0
data_023,0,1,,,,,,,,,,
data_023,0,1,,,,,,,,,,
data_023,0,0,0.8032189607620239,0.0,0.0,0.0,0.0006105899810791016,0.0,0.0,0.0,0.0006105899810791016,3.0
data_023,0,0,0.805478572845459,0.0,0.0,0.0006105899810791016,0.0006105899810791016,0.0,0.0,0.0006105899810791016,0.0006105899810791016,3.0
data_023,1,0,0.7513988614082336,0.0006105899810791016,0.2511013215859031,0.0006105899810791016,0.0006105899810791016,0.0006105899810791016,0.2511013215859031,0.0006105899810791016,0.0006105899810791016,3.0
data_023,0,0,0.8574962019920349,0.0,0.0,0.0,0.08943068981170654,0.0,0.0,0.09794753789901733,0.18737822771072388,3.0
data_023,0,0,0.7145852446556091,0.0,0.0,0.0756540298461914,0.08943068981170654,0.18737822771072388,0.5684931506849316,0.18737822771072388,0.18737822771072388,3.0
data_023,0,0,0.8151515126228333,0.08943068981170654,0.5273972602739726,0.08943068981170654,0.08943068981170654,0.0,0.0,0.03911173343658447,0.18737822771072388,3.0
data_023,0,0,0.7947531938552856,0.0,0.0,0.0,0.0,0.0,0.0,0.0,0.0,2.0
data_023,0,0,0.8124958872795105,0.0,0.0,0.0,0.0,0.0,0.0,0.0,0.0,2.0
data_023,0,0,0.8003652095794678,0.0,0.0,0.0,0.0,0.0,0.0,0.0,0.0,2.0
data_023,0,0,0.8280990123748779,0.0,0.0,0.0,0.0,0.0,0.0,0.0,0.0,2.0
data_023,0,0,0.7285128831863403,0.0,0.0,0.0,0.0,0.0,0.0,0.0,0.0,2.0
data_023,1,0,0.6196578741073608,0.0,0.0,0.0,0.0,0.0,0.0,0.0,0.0,2.0
data_023,1,0,0.7695263028144836,0.0,0.0,0.0,0.0,0.0013474225997924805,0.11607142857142858,0.0013474225997924805,0.0013474225997924805,2.0
data_023,0,0,0.7844296097755432,0.0,0.0,0.0,0.0,0.0,0.0,0.0013474225997924805,0.0013474225997924805,2.0
data_024,0,1,,,,,,,,,,
data_024,0,1,,,,,,,,,,
data_024,0,0,0.8823548555374146,0.0,0.0,0.11531668901443481,0.11531668901443481,0.0,0.0,0.11531668901443481,0.11531668901443481,2.0
data_024,0,0,0.6580109000205994,0.11531668901443481,0.1568627450980392,0.11531668901443481,0.11531668901443481,0.11531668901443481,0.1568627450980392,0.11531668901443481,0.11531668901443481,2.0
data_024,0,0,0.8133669495582581,0.0,0.0,0.0,0.0,0.0,0.0,0.0,0.0,2.0
data_024,1,0,0.5953620672225952,0.0,0.0,0.0,0.0,0.0,0.0,0.0,0.0,2.0
data_024,0,0,0.7622435092926025,0.0,0.0,0.06078159809112549,0.06078159809112549,0.0,0.0,0.06078159809112549,0.06078159809112549,2.0
data_024,0,0,0.6363462805747986,0.06078159809112549,0.3709677419354839,0.06078159809112549,0.06078159809112549,0.06078159809112549,0.3709677419354839,0.06078159809112549,0.06078159809112549,2.0
data_024,1,0,0.4689815938472748,0.0,0.0,0.0,0.0,0.13194245100021362,0.1724137931034483,0.13194245100021362,0.13194245100021362,2.0
data_024,0,0,0.7713145017623901,0.0,0.0,0.0,0.0,0.0,0.0,0.13194245100021362,0.13194245100021362,2.0
data_024,0,0,0.6999870538711548,0.2093440294265747,0.8181818181818182,0.2093440294265747,0.2093440294265747,0.0,0.0,0.0,0.0,2.0
data_024,0,0,0.792729914188385,0.0,0.0,0.2093440294265747,0.2093440294265747,0.0,0.0,0.0,0.0,2.0
data_024,0,0,0.7565165758132935,0.0,0.0,0.0171048641204834,0.0171048641204834,0.0,0.0,0.0171048641204834,0.0171048641204834,2.0
data_024,1,0,0.6626947522163391,0.0171048641204834,0.691358024691358,0.0171048641204834,0.0171048641204834,0.0171048641204834,0.691358024691358,0.0171048641204834,0.0171048641204834,2.0
data_025,0,0,0.43942442536354065,0.09000787138938904,0.7884615384615384,0.09000787138938904,0.09000787138938904,0.0,0.0,0.06840288639068604,0.06840288639068604,3.0
data_025,0,0,0.4589737355709076,0.0,0.0,0.021604984998703003,0.09000787138938904,0.0,0.0,0.0,0.06840288639068604,3.0
data_025,0,0,0.5022000670433044,0.0,0.0,0.0,0.09000787138938904,0.06840288639068604,0.07692307692307693,0.06840288639068604,0.06840288639068604,3.0
data_025,0,0,0.5791444778442383,0.0,0.0,0.0,0.0,0.0,0.0,0.0,0.0,2.0
data_025,1,0,0.4644365608692169,0.0,0.0,0.0,0.0,0.0,0.0,0.0,0.0,2.0
data_025,0,0,0.7308446764945984,0.0,0.0,0.1273787021636963,0.19869917631149292,0.2882319390773773,0.2833333333333333,0.2882319390773773,0.2882319390773773,3.0
data_025,0,0,0.7218300700187683,0.19869917631149292,0.03333333333333333,0.19869917631149292,0.19869917631149292,0.0,0.0,0.2094070017337799,0.2882319390773773,3.0
data_025,0,0,0.7403653264045715,0.0,0.0,0.19869917631149292,0.19869917631149292,0.0,0.0,0.2169114649295807,0.2882319390773773,3.0
data_025,0,0,0.6412205100059509,0.0,0.0,0.009406328201293945,0.009406328201293945,0.0,0.0,0.009406328201293945,0.009406328201293945,2.0
data_025,0,0,0.522616982460022,0.009406328201293945,0.2235294117647059,0.009406328201293945,0.009406328201293945,0.009406328201293945,0.2235294117647059,0.009406328201293945,0.009406328201293945,2.0
data_025,0,0,0.6943249702453613,0.0,0.0,0.0,0.0,0.0,0.0,0.002320319414138794,0.002320319414138794,2.0
data_025,0,0,0.460735559463501,0.0,0.0,0.0,0.0,0.002320319414138794,0.3157894736842105,0.002320319414138794,0.002320319414138794,2.0
data_025,0,0,0.6704009771347046,0.034489452838897705,0.3939393939393939,0.034489452838897705,0.034489452838897705,0.034489452838897705,0.3939393939393939,0.034489452838897705,0.034489452838897705,2.0
data_025,1,0,0.5764004588127136,0.0,0.0,0.034489452838897705,0.034489452838897705,0.0,0.0,0.034489452838897705,0.034489452838897705,2.0
data_025,0,0,0.8308092951774597,0.0,0.0,0.0,0.0,0.0,0.0,0.0,0.0,2.0
data_025,0,0,0.635823130607605,0.0,0.0,0.0,0.0,0.0,0.0,0.0,0.0,2.0
data_025,0,1,,,,,,,,,,
data_025,0,1,,,,,,,,,,
data_026,1,1,,,,,,,,,,
data_026,1,1,,,,,,,,,,
data_026,0,1,,,,,,,,,,
data_026,0,1,,,,,,,,,,
data_026,1,1,,,,,,,,,,
data_026,0,0,0.8322526812553406,0.02445697784423828,0.6756756756756757,0.02445697784423828,0.02445697784423828,0.0,0.0,0.0,0.5795742869377136,5.0
data_026,0,0,0.747013509273529,0.0,0.0,0.0,0.02445697784423828,0.12778931856155396,0.7837837837837838,0.12778931856155396,0.5795742869377136,5.0
data_026,0,0,0.962691605091095,0.0,0.0,0.0,0.02445697784423828,0.45178496837615967,0.6891891891891891,0.45178496837615967,0.5795742869377136,5.0
data_026,0,0,0.7738824486732483,0.0,0.0,0.0,0.02445697784423828,0.0,0.0,0.07641875743865967,0.5795742869377136,5.0
data_026,0,0,0.9632323384284973,0.0,0.0,0.0,0.02445697784423828,0.0,0.0,0.12478792667388916,0.5795742869377136,5.0
data_026,0,0,0.7329054474830627,0.0,0.0,0.0,0.0,0.08926600217819214,0.38,0.08926600217819214,0.4718697667121887,5.0
data_026,0,0,0.8712608814239502,0.0,0.0,0.0,0.0,0.0,0.0,0.10433906316757202,0.4718697667121887,5.0
data_026,0,0,0.8943774700164795,0.0,0.0,0.0,0.0,0.0,0.0,0.10022825002670288,0.4718697667121887,5.0
data_026,0,0,0.8912116289138794,0.0,0.0,0.0,0.0,0.0,0.0,0.03297322988510132,0.4718697667121887,5.0
data_026,0,0,0.913893461227417,0.0,0.0,0.0,0.0,0.3826037645339966,0.22,0.3826037645339966,0.4718697667121887,5.0
data_026,0,0,0.8627740144729614,0.0,0.0,0.22784394025802612,0.22784394025802612,0.0,0.0,0.16568052768707275,0.16568052768707275,3.0
data_026,0,0,0.9148156046867371,0.169333815574646,0.16666666666666666,0.169333815574646,0.22784394025802612,0.10717040300369263,0.4166666666666667,0.10717040300369263,0.16568052768707275,3.0
data_026,1,0,0.6906797289848328,0.05851012468338013,0.2916666666666667,0.1206735372543335,0.22784394025802612,0.05851012468338013,0.2916666666666667,0.05851012468338013,0.16568052768707275,3.0
data_026,0,0,0.6725141406059265,0.0,0.0,0.0,0.027934730052947998,0.0,0.0,0.0,0.0,3.0
data_026,0,0,0.6975787281990051,0.027934730052947998,0.26666666666666666,0.027934730052947998,0.027934730052947998,0.0,0.0,0.0,0.0,3.0
data_026,0,0,0.7860326766967773,0.0,0.0,0.027934730052947998,0.027934730052947998,0.0,0.0,0.0,0.0,3.0
data_026,0,0,0.7172471880912781,0.0,0.0,0.0,0.0,0.0,0.0,0.0,0.14139020442962646,4.0
data_026,0,0,0.6704144477844238,0.0,0.0,0.0,0.0,0.14139020442962646,0.39473684210526316,0.14139020442962646,0.14139020442962646,4.0
data_026,0,0,0.6415314078330994,0.0,0.0,0.0,0.0,0.0,0.0,0.0,0.14139020442962646,4.0
data_026,0,0,0.8077461123466492,0.0,0.0,0.0,0.0,0.0,0.0,0.07466936111450195,0.14139020442962646,4.0
data_026,0,0,0.8022119998931885,0.01841437816619873,0.5689655172413793,0.01841437816619873,0.01841437816619873,0.01841437816619873,0.5689655172413793,0.01841437816619873,0.1791439652442932,4.0
data_026,0,0,0.86501145362854,0.0,0.0,0.0,0.01841437816619873,0.0,0.0,0.11604315042495728,0.1791439652442932,4.0
data_026,0,0,0.8039429187774658,0.0,0.0,0.0,0.01841437816619873,0.16072958707809448,0.3620689655172414,0.16072958707809448,0.1791439652442932,4.0
data_026,0,0,0.7685792446136475,0.0,0.0,0.0,0.01841437816619873,0.0,0.0,0.0,0.1791439652442932,4.0
data_026,1,0,0.7384240627288818,0.035688161849975586,0.5353535353535354,0.09919273853302002,0.3544226884841919,0.0,0.0,0.0,0.2552299499511719,4.0
data_026,0,0,0.6654617190361023,0.008575737476348877,0.21212121212121213,0.20327574014663696,0.3544226884841919,0.2552299499511719,0.5454545454545454,0.2552299499511719,0.2552299499511719,4.0
data_026,0,0,0.8898937702178955,0.31015878915786743,0.23232323232323232,0.31015878915786743,0.3544226884841919,0.0,0.0,0.246654212474823,0.2552299499511719,4.0
data_026,0,0,0.7324915528297424,0.0,0.0,0.0,0.3544226884841919,0.0,0.0,0.0,0.2552299499511719,4.0
data_027,0,1,,,,,,,,,,
data_027,0,1,,,,,,,,,,
data_027,0,1,,,,,,,,,,
data_027,0,0,0.8063839077949524,0.0,0.0,0.0,0.0,0.05445295572280884,0.031914893617021274,0.05445295572280884,0.06039339303970337,3.0
data_027,1,0,0.7492661476135254,0.0,0.0,0.0,0.0,0.0,0.0,0.05445295572280884,0.06039339303970337,3.0
data_027,1,0,0.6874246001243591,0.0,0.0,0.0,0.0,0.005940437316894531,0.2127659574468085,0.005940437316894531,0.06039339303970337,3.0
data_027,0,0,0.8443284630775452,0.020154237747192383,0.6046511627906976,0.020154237747192383,0.020154237747192383,0.020154237747192383,0.6046511627906976,0.020154237747192383,0.1496981382369995,3.0
data_027,1,0,0.5740283131599426,0.0,0.0,0.020154237747192383,0.020154237747192383,0.0,0.0,0.1496981382369995,0.1496981382369995,3.0
data_027,0,0,0.71982342004776,0.0,0.0,0.0,0.020154237747192383,0.12954390048980713,0.6046511627906976,0.12954390048980713,0.1496981382369995,3.0
data_027,0,0,0.75215744972229,0.0,0.0,0.0,0.004097342491149902,0.0,0.0,0.0,0.004097342491149902,3.0
data_027,0,0,0.738481342792511,0.0,0.0,0.0,0.004097342491149902,0.0,0.0,0.0,0.004097342491149902,3.0
data_027,0,0,0.6488732695579529,0.004097342491149902,0.8909774436090225,0.004097342491149902,0.004097342491149902,0.004097342491149902,0.8909774436090225,0.004097342491149902,0.004097342491149902,3.0
data_027,0,0,0.6592584252357483,0.10187506675720215,0.37719298245614036,0.10187506675720215,0.10361713171005249,0.0,0.0,0.007174074649810791,0.007174074649810791,3.0
data_027,1,0,0.6604433059692383,0.0017420649528503418,0.4298245614035088,0.0017420649528503418,0.10361713171005249,0.007174074649810791,0.3333333333333333,0.007174074649810791,0.007174074649810791,3.0
data_027,0,0,0.686928391456604,0.0,0.0,0.10361713171005249,0.10361713171005249,0.0,0.0,0.005432009696960449,0.007174074649810791,3.0
data_028,0,1,,,,,,,,,,
data_028,0,1,,,,,,,,,,
data_028,0,1,,,,,,,,,,
data_028,0,1,,,,,,,,,,
data_028,0,1,,,,,,,,,,
data_028,0,0,0.7803593873977661,0.0,0.0,0.0,0.0,0.2691959738731384,0.72,0.2691959738731384,0.2691959738731384,3.0
data_028,0,0,0.7851385474205017,0.0,0.0,0.0,0.0,0.0,0.0,0.0,0.2691959738731384,3.0
data_028,0,0,0.7848096489906311,0.0,0.0,0.0,0.0,0.0,0.0,0.0,0.2691959738731384,3.0
data_028,0,0,0.5527798533439636,0.0,0.0,0.0,0.0,0.056683897972106934,0.4117647058823529,0.056683897972106934,0.08792144060134888,4.0
data_028,0,0,0.9619433283805847,0.0,0.0,0.0,0.0,0.0,0.0,0.0,0.08792144060134888,4.0
data_028,0,0,0.9792991280555725,0.0,0.0,0.0,0.0,0.0,0.0,0.02497321367263794,0.08792144060134888,4.0
data_028,0,0,0.8703138828277588,0.0,0.0,0.0,0.0,0.031237542629241943,0.7058823529411765,0.031237542629241943,0.08792144060134888,4.0
data_028,0,0,0.8434517979621887,0.0,0.0,0.0,0.010478496551513672,0.1255614161491394,0.12,0.1255614161491394,0.6442992687225342,5.0
data_028,0,0,0.8436089754104614,0.0,0.0,0.0,0.010478496551513672,0.3302904963493347,0.64,0.3302904963493347,0.6442992687225342,5.0
data_028,0,0,0.7462922930717468,0.0,0.0,0.0,0.010478496551513672,0.1779688596725464,0.62,0.284856379032135,0.6442992687225342,5.0
data_028,0,0,0.8986706733703613,0.0,0.0,0.0,0.010478496551513672,0.0,0.0,0.6442992687225342,0.6442992687225342,5.0
data_028,0,0,0.5017792582511902,0.010478496551513672,0.42,0.010478496551513672,0.010478496551513672,0.010478496551513672,0.42,0.010478496551513672,0.6442992687225342,5.0
data_028,0,0,0.9433099627494812,0.0,0.0,0.0,0.19474244117736816,0.0,0.0,0.0,0.01474115252494812,5.0
data_028,0,0,0.8525775074958801,0.1813402771949768,0.15789473684210525,0.1813402771949768,0.19474244117736816,0.0,0.0,0.0,0.01474115252494812,5.0
data_028,0,0,0.6490383744239807,0.013402163982391357,0.3333333333333333,0.013402163982391357,0.19474244117736816,0.0,0.0,0.0,0.01474115252494812,5.0
data_028,0,0,0.5523802042007446,0.0,0.0,0.18000128865242004,0.19474244117736816,0.0,0.0,0.0,0.01474115252494812,5.0
data_028,1,0,0.4819585978984833,0.0,0.0,0.0,0.19474244117736816,0.01474115252494812,0.42105263157894735,0.01474115252494812,0.01474115252494812,5.0
data_028,0,0,0.7508615851402283,0.0,0.0,0.0,0.012017905712127686,0.19845157861709595,0.4166666666666667,0.19845157861709595,0.28550976514816284,4.0
data_028,0,0,0.8303765654563904,0.0,0.0,0.0,0.012017905712127686,0.0406801700592041,0.12037037037037036,0.13225150108337402,0.28550976514816284,4.0
data_028,0,0,0.7091062664985657,0.012017905712127686,0.2037037037037037,0.012017905712127686,0.012017905712127686,0.0,0.0,0.0,0.28550976514816284,4.0
data_028,0,0,0.7873530387878418,0.0,0.0,0.012017905712127686,0.012017905712127686,0.04637801647186279,0.35185185185185186,0.11650902032852173,0.28550976514816284,4.0
data_028,0,0,0.9425773620605469,0.0,0.0,0.0,0.02643805742263794,0.0,0.0,0.11731389164924622,0.13853612542152405,4.0
data_028,0,0,0.8567550778388977,0.0,0.0,0.0,0.02643805742263794,0.0,0.0,0.13853612542152405,0.13853612542152405,4.0
data_028,0,0,0.514132559299469,0.0,0.0,0.02643805742263794,0.02643805742263794,0.0,0.0,0.0,0.13853612542152405,4.0
data_028,0,0,0.5121400356292725,0.02643805742263794,0.25,0.02643805742263794,0.02643805742263794,0.13853612542152405,0.25,0.13853612542152405,0.13853612542152405,4.0
data_029,0,1,,,,,,,,,,
data_029,1,1,,,,,,,,,,
data_029,0,1,,,,,,,,,,
data_029,0,1,,,,,,,,,,
data_029,0,1,,,,,,,,,,
data_029,0,1,,,,,,,,,,
data_029,0,0,0.6696859002113342,0.03597801923751831,0.26582278481012656,0.03597801923751831,0.03597801923751831,0.03597801923751831,0.26582278481012656,0.03597801923751831,0.03597801923751831,3.0
data_029,0,0,0.5986347198486328,0.0,0.0,0.03597801923751831,0.03597801923751831,0.0,0.0,0.03597801923751831,0.03597801923751831,3.0
data_029,0,0,0.7362035512924194,0.0,0.0,0.004594206809997559,0.03597801923751831,0.0,0.0,0.004594206809997559,0.03597801923751831,3.0
data_029,0,0,0.6723244190216064,0.0,0.0,0.0,0.007251441478729248,0.015015065670013428,0.38095238095238093,0.016862094402313232,0.016862094402313232,3.0
data_029,0,0,0.7112858295440674,0.007251441478729248,0.07142857142857142,0.007251441478729248,0.007251441478729248,0.0,0.0,0.0,0.016862094402313232,3.0
data_029,1,0,0.5406152009963989,0.0,0.0,0.007251441478729248,0.007251441478729248,0.0018470287322998047,0.2619047619047619,0.016862094402313232,0.016862094402313232,3.0
data_029,0,0,0.7398188710212708,0.0,0.0,0.0,0.0,0.0,0.0,0.0,0.0,3.0
data_029,0,0,0.615978479385376,0.0,0.0,0.0,0.0,0.0,0.0,0.0,0.0,3.0
data_029,0,0,0.6025391221046448,0.0,0.0,0.0,0.0,0.0,0.0,0.0,0.0,3.0
data_029,0,0,0.7528361082077026,0.0,0.0,0.0,0.0,0.0,0.0,0.11147212982177734,0.11147212982177734,3.0
data_029,0,0,0.830365777015686,0.0,0.0,0.0,0.0,0.0,0.0,0.00699007511138916,0.11147212982177734,3.0
data_029,0,0,0.7043687701225281,0.0,0.0,0.0,0.0,0.11147212982177734,0.024390243902439025,0.11147212982177734,0.11147212982177734,3.0
data_029,1,0,0.6175032258033752,0.0,0.0,0.0,0.0,0.006258547306060791,0.3939393939393939,0.0077912211418151855,0.17727220058441162,3.0
data_029,0,0,0.7461893558502197,0.0,0.0,0.0,0.0,0.0015326738357543945,0.2727272727272727,0.053423792123794556,0.17727220058441162,3.0
data_029,0,0,0.8253850340843201,0.0,0.0,0.0,0.0,0.16948097944259644,0.45454545454545453,0.17727220058441162,0.17727220058441162,3.0
data_030,0,1,,,,,,,,,,
data_030,0,0,0.8135637044906616,0.10146677494049072,0.6923076923076923,0.10146677494049072,0.10146677494049072,0.12404197454452515,0.5897435897435898,0.12404197454452515,0.12404197454452515,4.0
data_030,0,0,0.7093614935874939,0.0,0.0,0.0,0.10146677494049072,0.0,0.0,0.022575199604034424,0.12404197454452515,4.0
data_030,0,0,0.8857852816581726,0.0,0.0,0.0,0.10146677494049072,0.0,0.0,0.0,0.12404197454452515,4.0
data_030,1,0,0.689429759979248,0.0,0.0,0.0,0.10146677494049072,0.0,0.0,0.0,0.12404197454452515,4.0
data_030,0,0,0.7765790820121765,0.0,0.0,0.0,0.05940425395965576,0.114693284034729,0.8125,0.114693284034729,0.114693284034729,3.0
data_030,0,0,0.7706098556518555,0.0,0.0,0.05940425395965576,0.05940425395965576,0.0,0.0,0.0,0.114693284034729,3.0
data_030,0,0,0.7547849416732788,0.05940425395965576,0.25,0.05940425395965576,0.05940425395965576,0.0,0.0,0.0,0.114693284034729,3.0
data_030,0,0,0.7021181583404541,0.0,0.0,0.0,0.0,0.0,0.0,0.03229498863220215,0.22261971235275269,3.0
data_030,0,0,0.7511638402938843,0.0,0.0,0.0,0.0,0.0,0.0,0.1609821319580078,0.22261971235275269,3.0
data_030,0,0,0.7714839577674866,0.0,0.0,0.0,0.0,0.22261971235275269,0.7872340425531915,0.22261971235275269,0.22261971235275269,3.0
data_030,0,0,0.6588804125785828,0.037186622619628906,0.7708333333333334,0.037186622619628906,0.037186622619628906,0.0,0.0,0.0,0.03304743766784668,3.0
data_030,0,0,0.7213584184646606,0.0,0.0,0.01757657527923584,0.037186622619628906,0.03304743766784668,0.7291666666666666,0.03304743766784668,0.03304743766784668,3.0
data_030,0,0,0.8699837923049927,0.0,0.0,0.0041391849517822266,0.037186622619628906,0.0,0.0,0.0,0.03304743766784668,3.0
data_030,0,0,0.7134975790977478,0.0,0.0,0.0,0.0,0.0,0.0,0.0,0.14435672760009766,3.0
data_030,0,0,0.8830124735832214,0.0,0.0,0.0,0.0,0.0,0.0,0.1138191819190979,0.14435672760009766,3.0
data_030,0,0,0.7554001808166504,0.0,0.0,0.0,0.0,0.14435672760009766,0.5161290322580645,0.14435672760009766,0.14435672760009766,3.0
data_031,1,1,,,,,,,,,,
data_031,1,1,,,,,,,,,,
data_031,1,1,,,,,,,,,,
data_031,1,1,,,,,,,,,,
data_031,0,1,,,,,,,,,,
data_031,1,1,,,,,,,,,,
data_031,1,1,,,,,,,,,,
data_031,0,1,,,,,,,,,,
data_031,0,0,0.7731189727783203,0.0,0.0,0.023115575313568115,0.023115575313568115,0.190210223197937,0.8493150684931506,0.190210223197937,0.21419668197631836,4.0
data_031,0,0,0.6414950489997864,0.023115575313568115,0.3561643835616438,0.023115575313568115,0.023115575313568115,0.023986458778381348,0.9315068493150684,0.023986458778381348,0.21419668197631836,4.0
data_031,0,0,0.7643923759460449,0.0,0.0,0.016444027423858643,0.023115575313568115,0.0,0.0,0.0,0.21419668197631836,4.0
data_031,0,0,0.7110985517501831,0.0,0.0,0.0,0.023115575313568115,0.0,0.0,0.07839947938919067,0.21419668197631836,4.0
data_031,0,0,0.8411460518836975,0.0,0.0,0.0,0.1586211919784546,0.0733603835105896,0.2535211267605634,0.0733603835105896,0.2319815754890442,4.0
data_031,0,0,0.8035299181938171,0.05523413419723511,0.49295774647887325,0.05523413419723511,0.1586211919784546,0.05523413419723511,0.49295774647887325,0.05523413419723511,0.2319815754890442,4.0
data_031,0,0,0.7300928235054016,0.10338705778121948,0.49295774647887325,0.10338705778121948,0.1586211919784546,0.10338705778121948,0.49295774647887325,0.10338705778121948,0.2319815754890442,4.0
data_031,0,0,0.7711673974990845,0.0,0.0,0.1586211919784546,0.1586211919784546,0.0,0.0,0.07949095964431763,0.2319815754890442,4.0
data_031,0,0,0.7703051567077637,0.0,0.0,0.0,0.22047936916351318,0.0,0.0,0.12195438146591187,0.34025001525878906,4.0
data_031,0,0,0.6564481258392334,0.0,0.0,0.05735069513320923,0.22047936916351318,0.2182956337928772,0.8059701492537313,0.2182956337928772,0.34025001525878906,4.0
data_031,0,0,0.7108869552612305,0.12195438146591187,0.44776119402985076,0.12195438146591187,0.22047936916351318,0.12195438146591187,0.44776119402985076,0.12195438146591187,0.34025001525878906,4.0
data_031,0,0,0.6685373783111572,0.09852498769760132,0.7313432835820896,0.09852498769760132,0.22047936916351318,0.0,0.0,0.04310920834541321,0.34025001525878906,4.0
data_031,0,0,0.8988595604896545,0.0,0.0,0.0,0.0,0.0,0.0,0.0,0.011589765548706055,4.0
data_031,0,0,0.7789692878723145,0.0,0.0,0.0,0.0,0.0,0.0,0.011589765548706055,0.011589765548706055,4.0
data_031,0,0,0.7944250106811523,0.0,0.0,0.0,0.0,0.011589765548706055,0.3972602739726027,0.011589765548706055,0.011589765548706055,4.0
data_031,0,0,0.6710016131401062,0.0,0.0,0.0,0.0,0.0,0.0,0.0,0.011589765548706055,4.0
data_031,0,0,0.567736029624939,0.001783609390258789,0.7111111111111111,0.001783609390258789,0.026032567024230957,0.0,0.0,0.1200198233127594,0.1200198233127594,4.0
data_031,0,0,0.7313028573989868,0.0,0.0,0.0,0.026032567024230957,0.01835489273071289,0.32222222222222224,0.05221205949783325,0.1200198233127594,4.0
data_031,1,0,0.5335726737976074,0.0,0.0,0.022378504276275635,0.026032567024230957,0.10166493058204651,0.3111111111111111,0.10166493058204651,0.1200198233127594,4.0
data_031,0,0,0.4901709258556366,0.024248957633972168,0.14444444444444443,0.024248957633972168,0.026032567024230957,0.0,0.0,0.11823621392250061,0.1200198233127594,4.0
data_032,1,1,,,,,,,,,,
data_032,1,1,,,,,,,,,,
data_032,0,1,,,,,,,,,,
data_032,0,1,,,,,,,,,,
data_032,1,1,,,,,,,,,,
data_032,1,1,,,,,,,,,,
data_032,0,0,0.8475445508956909,0.0,0.0,0.0,0.0,0.0,0.0,0.01029515266418457,0.01029515266418457,3.0
data_032,0,0,0.7593322992324829,0.0,0.0,0.0,0.0,0.01029515266418457,0.19047619047619047,0.01029515266418457,0.01029515266418457,3.0
data_032,0,0,0.86490797996521,0.0,0.0,0.0,0.0,0.0,0.0,0.0,0.01029515266418457,3.0
data_032,0,0,0.7589669227600098,0.0072637200355529785,0.029850746268656716,0.0072637200355529785,0.0072637200355529785,0.0072637200355529785,0.029850746268656716,0.0072637200355529785,0.0072637200355529785,3.0
data_032,1,0,0.7774670124053955,0.0,0.0,0.0072637200355529785,0.0072637200355529785,0.0,0.0,0.0072637200355529785,0.0072637200355529785,3.0
data_032,0,0,0.816236674785614,0.0,0.0,0.0,0.0072637200355529785,0.0,0.0,0.0,0.0072637200355529785,3.0
data_032,0,0,0.6932650208473206,0.02562648057937622,0.4339622641509434,0.02562648057937622,0.02562648057937622,0.02562648057937622,0.4339622641509434,0.02562648057937622,0.02562648057937622,3.0
data_032,0,0,0.8205646276473999,0.0,0.0,0.0,0.02562648057937622,0.0,0.0,0.0,0.02562648057937622,3.0
data_032,0,0,0.82787024974823,0.0,0.0,0.0,0.02562648057937622,0.0,0.0,0.0,0.02562648057937622,3.0
data_032,1,0,0.8793308734893799,0.0,0.0,0.0,0.0,0.0,0.0,0.090298593044281,0.090298593044281,3.0
data_032,0,0,0.7341139912605286,0.0,0.0,0.0,0.0,0.090298593044281,0.3488372093023256,0.090298593044281,0.090298593044281,3.0
data_032,1,0,0.7191203832626343,0.0,0.0,0.0,0.0,0.0,0.0,0.0,0.090298593044281,3.0
data_033,0,1,,,,,,,,,,
data_033,0,1,,,,,,,,,,
data_033,0,1,,,,,,,,,,
data_033,0,1,,,,,,,,,,
data_033,0,0,0.7525911331176758,0.10324859619140625,0.3855421686746988,0.10324859619140625,0.10324859619140625,0.07517695426940918,0.20481927710843373,0.07517695426940918,0.1515689492225647,4.0
data_033,0,0,0.5918450951576233,0.0,0.0,0.02807164192199707,0.10324859619140625,0.07639199495315552,0.1686746987951807,0.07639199495315552,0.1515689492225647,4.0
data_033,0,0,0.6015525460243225,0.0,0.0,0.0,0.10324859619140625,0.0,0.0,0.04832035303115845,0.1515689492225647,4.0
data_033,0,0,0.840602457523346,0.0,0.0,0.0,0.10324859619140625,0.0,0.0,0.12639373540878296,0.1515689492225647,4.0
data_033,0,0,0.5244894623756409,0.028509557247161865,0.59375,0.028509557247161865,0.1440436840057373,0.0863155722618103,0.234375,0.0863155722618103,0.16582828760147095,4.0
data_033,0,0,0.6834139823913574,0.11553412675857544,0.3125,0.11553412675857544,0.1440436840057373,0.0,0.0,0.0863155722618103,0.16582828760147095,4.0
data_033,0,0,0.7170009613037109,0.0,0.0,0.09438097476959229,0.1440436840057373,0.07951271533966064,0.34375,0.11999768018722534,0.16582828760147095,4.0
data_033,1,0,0.4457476735115051,0.0,0.0,0.036021411418914795,0.1440436840057373,0.0,0.0,0.05780601501464844,0.16582828760147095,4.0
data_033,0,0,0.7442929744720459,0.0,0.0,0.0,0.0,0.015838563442230225,0.35714285714285715,0.0748780369758606,0.16735625267028809,4.0
data_033,0,0,0.6737159490585327,0.0,0.0,0.0,0.0,0.09657901525497437,0.08571428571428572,0.15151768922805786,0.16735625267028809,4.0
data_033,0,0,0.707882285118103,0.0,0.0,0.0,0.0,0.0,0.0,0.0,0.16735625267028809,4.0
data_033,0,0,0.555302083492279,0.0,0.0,0.0,0.0,0.054938673973083496,0.08571428571428572,0.15151768922805786,0.16735625267028809,4.0
data_033,0,0,0.6144673228263855,0.0,0.0,0.0,0.0,0.0,0.0,0.001882791519165039,0.001882791519165039,3.0
data_033,0,0,0.7086047530174255,0.0,0.0,0.0,0.0,0.001882791519165039,0.14035087719298245,0.001882791519165039,0.001882791519165039,3.0
data_033,0,0,0.6537583470344543,0.0,0.0,0.0,0.0,0.0,0.0,0.0,0.001882791519165039,3.0
data_033,0,0,0.7639959454536438,0.0,0.0,0.0,0.0,0.0,0.0,0.1405523717403412,0.15130022168159485,3.0
data_033,1,0,0.681870698928833,0.0,0.0,0.0,0.0,0.0,0.0,0.0845014750957489,0.15130022168159485,3.0
data_033,0,0,0.5184717774391174,0.0,0.0,0.0,0.0,0.15130022168159485,0.3119266055045872,0.15130022168159485,0.15130022168159485,3.0
data_034,0,1,,,,,,,,,,
data_034,0,1,,,,,,,,,,
data_034,0,1,,,,,,,,,,
data_034,0,0,0.6795267462730408,0.006396830081939697,0.8163265306122449,0.006396830081939697,0.006396830081939697,0.006396830081939697,0.8163265306122449,0.006396830081939697,0.006396830081939697,4.0
data_034,0,0,0.7883915901184082,0.0,0.0,0.0,0.006396830081939697,0.0,0.0,0.0,0.006396830081939697,4.0
data_034,0,0,0.7090879678726196,0.0,0.0,0.0,0.006396830081939697,0.0,0.0,0.0,0.006396830081939697,4.0
data_034,0,0,0.8112438321113586,0.0,0.0,0.0,0.006396830081939697,0.0,0.0,0.0,0.006396830081939697,4.0
data_034,0,0,0.4936850965023041,0.039416730403900146,0.7375,0.039416730403900146,0.039416730403900146,0.039416730403900146,0.7375,0.039416730403900146,0.039416730403900146,3.0
data_034,0,0,0.7809106111526489,0.0,0.0,0.0,0.039416730403900146,0.0,0.0,0.0,0.039416730403900146,3.0
data_034,0,0,0.7212072014808655,0.0,0.0,0.0,0.039416730403900146,0.0,0.0,0.0,0.039416730403900146,3.0
data_034,0,0,0.6355310082435608,0.0,0.0,0.0,0.0,0.01976335048675537,0.8777777777777778,0.16569209098815918,0.22936832904815674,3.0
data_034,0,0,0.6324396729469299,0.0,0.0,0.0,0.0,0.20960497856140137,0.6888888888888889,0.20960497856140137,0.22936832904815674,3.0
data_034,0,0,0.7653392553329468,0.0,0.0,0.0,0.0,0.0,0.0,0.22936832904815674,0.22936832904815674,3.0
data_034,0,0,0.7463412284851074,0.10186690092086792,0.7961165048543689,0.10186690092086792,0.10186690092086792,0.007901549339294434,0.009708737864077669,0.007901549339294434,0.007901549339294434,3.0
data_034,0,0,0.7469272017478943,0.0,0.0,0.09396535158157349,0.10186690092086792,0.0,0.0,0.0,0.007901549339294434,3.0
data_034,0,0,0.7635539174079895,0.0,0.0,0.0,0.10186690092086792,0.0,0.0,0.007901549339294434,0.007901549339294434,3.0
data_034,0,1,,,,,,,,,,
data_034,0,1,,,,,,,,,,
data_034,0,1,,,,,,,,,,
data_035,0,0,0.8436916470527649,0.17368066310882568,0.8444444444444444,0.17368066310882568,0.17368066310882568,0.0,0.0,0.0,0.0,3.0
data_035,0,0,0.9002788066864014,0.0,0.0,0.0,0.17368066310882568,0.0,0.0,0.0,0.0,3.0
data_035,0,0,0.6542801260948181,0.0,0.0,0.0,0.17368066310882568,0.0,0.0,0.0,0.0,3.0
data_035,1,1,,,,,,,,,,
data_035,0,1,,,,,,,,,,
data_035,0,0,0.8070752024650574,0.0,0.0,0.025728344917297363,0.025728344917297363,0.0,0.0,0.0,0.0,3.0
data_035,0,0,0.6650345325469971,0.025728344917297363,0.40816326530612246,0.025728344917297363,0.025728344917297363,0.0,0.0,0.0,0.0,3.0
data_035,0,0,0.8843712210655212,0.0,0.0,0.018611490726470947,0.025728344917297363,0.0,0.0,0.0,0.0,3.0
data_035,1,0,0.6219205260276794,0.0,0.0,0.0,0.0,0.0,0.0,0.05382540822029114,0.12545886635780334,3.0
data_035,1,0,0.5154240727424622,0.0,0.0,0.0,0.0,0.0,0.0,0.0,0.12545886635780334,3.0
data_035,0,0,0.5971410274505615,0.0,0.0,0.0,0.0,0.12545886635780334,0.6727272727272727,0.12545886635780334,0.12545886635780334,3.0
data_035,0,0,0.7940210700035095,0.0,0.0,0.0,0.0,0.0,0.0,0.0,0.0,2.0
data_035,0,0,0.678004801273346,0.0,0.0,0.0,0.0,0.0,0.0,0.0,0.0,2.0
data_035,0,0,0.8529018759727478,0.0,0.0,0.15230226516723633,0.15230226516723633,0.0,0.0,0.15230226516723633,0.15230226516723633,2.0
data_035,1,0,0.645901620388031,0.15230226516723633,0.7916666666666666,0.15230226516723633,0.15230226516723633,0.15230226516723633,0.7916666666666666,0.15230226516723633,0.15230226516723633,2.0
data_035,0,0,0.7890934348106384,0.0,0.0,0.0,0.0,0.0,0.0,0.10802316665649414,0.10802316665649414,2.0
data_035,0,0,0.6700093746185303,0.0,0.0,0.0,0.0,0.10802316665649414,0.52,0.10802316665649414,0.10802316665649414,2.0
data_036,0,1,,,,,,,,,,
data_036,0,1,,,,,,,,,,
data_036,1,0,0.4724096357822418,0.0,0.0,0.0,0.033223241567611694,0.01852858066558838,0.3333333333333333,0.01852858066558838,0.01852858066558838,4.0
data_036,1,0,0.27855023741722107,0.031243592500686646,0.3333333333333333,0.031243592500686646,0.033223241567611694,0.0,0.0,0.004239916801452637,0.01852858066558838,4.0
data_036,1,0,0.26485881209373474,0.001979649066925049,0.4166666666666667,0.033223241567611694,0.033223241567611694,0.0,0.0,0.0,0.01852858066558838,4.0
data_036,1,0,0.34383609890937805,0.0,0.0,0.033223241567611694,0.033223241567611694,0.0,0.0,0.0,0.01852858066558838,4.0
data_036,0,0,0.9019742012023926,0.0,0.0,0.0,0.0,0.0,0.0,0.0,0.0,2.0
data_036,0,0,0.6547976732254028,0.0,0.0,0.0,0.0,0.0,0.0,0.0,0.0,2.0
data_036,0,0,0.7652730345726013,0.0,0.0,0.0,0.0,0.04991412162780762,0.6296296296296297,0.04991412162780762,0.04991412162780762,2.0
data_036,0,0,0.8021552562713623,0.0,0.0,0.0,0.0,0.0,0.0,0.04991412162780762,0.04991412162780762,2.0
data_036,1,0,0.6141574382781982,0.0,0.0,0.016115933656692505,0.016115933656692505,0.0,0.0,0.0,0.0,2.0
data_036,1,0,0.4216822385787964,0.016115933656692505,0.13636363636363635,0.016115933656692505,0.016115933656692505,0.0,0.0,0.0,0.0,2.0
data_036,1,0,0.5849195122718811,0.0,0.0,0.0,0.0,0.03366732597351074,0.6935483870967742,0.03366732597351074,0.03366732597351074,2.0
data_036,0,0,0.8348920345306396,0.0,0.0,0.0,0.0,0.0,0.0,0.03366732597351074,0.03366732597351074,2.0
data_036,1,0,0.8491469025611877,0.0,0.0,0.12799286842346191,0.12799286842346191,0.0,0.0,0.0,0.0,2.0
data_036,0,0,0.7587565183639526,0.12799286842346191,0.3404255319148936,0.12799286842346191,0.12799286842346191,0.0,0.0,0.0,0.0,2.0
data_037,0,1,,,,,,,,,,
data_037,0,1,,,,,,,,,,
data_037,0,1,,,,,,,,,,
data_037,0,0,0.8051416277885437,0.0,0.0,0.004341185092926025,0.1524220108985901,0.0,0.0,0.0,0.05564767122268677,5.0
data_037,0,0,0.8515089154243469,0.004341185092926025,0.03314917127071823,0.004341185092926025,0.1524220108985901,0.011449933052062988,0.6906077348066298,0.011449933052062988,0.05564767122268677,5.0
data_037,0,0,0.8626749515533447,0.11557960510253906,0.09944751381215469,0.11557960510253906,0.1524220108985901,0.0,0.0,0.01169651746749878,0.05564767122268677,5.0
data_037,0,0,0.7349811792373657,0.0,0.0,0.11557960510253906,0.1524220108985901,0.0,0.0,0.016507387161254883,0.05564767122268677,5.0
data_037,0,0,0.7693766355514526,0.032501220703125,0.6906077348066298,0.032501220703125,0.1524220108985901,0.04419773817062378,0.13259668508287292,0.04419773817062378,0.05564767122268677,5.0
data_037,0,0,0.8999392986297607,0.15305954217910767,0.17708333333333334,0.15305954217910767,0.4041929244995117,0.15305954217910767,0.17708333333333334,0.15305954217910767,0.4041929244995117,4.0
data_037,0,0,0.9355579614639282,0.11633652448654175,0.3541666666666667,0.2693960666656494,0.4041929244995117,0.11633652448654175,0.3541666666666667,0.2693960666656494,0.4041929244995117,4.0
data_037,0,0,0.72156822681427,0.0,0.0,0.2627107501029968,0.4041929244995117,0.0,0.0,0.2627107501029968,0.4041929244995117,4.0
data_037,0,0,0.7815794348716736,0.1347968578338623,0.0625,0.1347968578338623,0.4041929244995117,0.1347968578338623,0.0625,0.1347968578338623,0.4041929244995117,4.0
data_037,1,0,0.696941614151001,0.06452691555023193,0.42857142857142855,0.06452691555023193,0.06452691555023193,0.0,0.0,0.0,0.0,2.0
data_037,0,0,0.7698563933372498,0.0,0.0,0.06452691555023193,0.06452691555023193,0.0,0.0,0.0,0.0,2.0
data_037,0,0,0.7495656609535217,0.0,0.0,0.1063004732131958,0.1063004732131958,0.0,0.0,0.0,0.05662178993225098,3.0
data_037,0,0,0.6258854866027832,0.1063004732131958,0.28888888888888886,0.1063004732131958,0.1063004732131958,0.05662178993225098,0.4222222222222222,0.05662178993225098,0.05662178993225098,3.0
data_037,0,0,0.7207180261611938,0.0,0.0,0.049678683280944824,0.1063004732131958,0.0,0.0,0.0,0.05662178993225098,3.0
data_038,0,1,,,,,,,,,,
data_038,0,1,,,,,,,,,,
data_038,0,0,0.3009122312068939,,,,,,,,,
data_038,1,0,0.3161866068840027,,,,,,,,,
data_038,0,0,0.8714843988418579,0.0,0.0,0.0,0.0,0.37580034136772156,0.7647058823529411,0.37580034136772156,0.37580034136772156,2.0
data_038,0,0,0.8231219053268433,0.0,0.0,0.0,0.0,0.0,0.0,0.37580034136772156,0.37580034136772156,2.0
data_038,0,0,0.7460426092147827,0.0,0.0,0.0,0.0,0.0,0.0,0.0,0.0,2.0
data_038,0,0,0.822068452835083,0.0,0.0,0.0,0.0,0.0,0.0,0.0,0.0,2.0
data_038,0,0,0.6668652296066284,0.0,0.0,0.03467816114425659,0.03467816114425659,0.0,0.0,0.0,0.0,2.0
data_038,0,0,0.784131646156311,0.03467816114425659,0.25806451612903225,0.03467816114425659,0.03467816114425659,0.0,0.0,0.0,0.0,2.0
data_038,0,0,0.8129282593727112,0.020491182804107666,0.5531914893617021,0.020491182804107666,0.020491182804107666,0.020491182804107666,0.5531914893617021,0.020491182804107666,0.020491182804107666,2.0
data_038,0,0,0.6036909818649292,0.0,0.0,0.020491182804107666,0.020491182804107666,0.0,0.0,0.020491182804107666,0.020491182804107666,2.0
data_038,0,0,0.6720111966133118,0.0,0.0,0.0,0.0,0.0,0.0,0.0,0.0,2.0
data_038,0,0,0.7622562646865845,0.0,0.0,0.0,0.0,0.0,0.0,0.0,0.0,2.0
data_038,0,0,0.6372265219688416,0.0,0.0,0.0038678646087646484,0.0038678646087646484,0.0,0.0,0.0038678646087646484,0.0038678646087646484,2.0
data_038,0,0,0.5804039835929871,0.0038678646087646484,0.5217391304347826,0.0038678646087646484,0.0038678646087646484,0.0038678646087646484,0.5217391304347826,0.0038678646087646484,0.0038678646087646484,2.0
data_039,0,1,,,,,,,,,,
data_039,0,0,0.7288453578948975,0.0,0.0,0.0,0.0,0.0,0.0,0.0,0.13221591711044312,3.0
data_039,0,0,0.6652200222015381,0.0,0.0,0.0,0.0,0.13221591711044312,0.39361702127659576,0.13221591711044312,0.13221591711044312,3.0
data_039,0,0,0.8022838830947876,0.0,0.0,0.0,0.0,0.0,0.0,0.13221591711044312,0.13221591711044312,3.0
data_039,0,0,0.7197996973991394,0.018352806568145752,0.3300970873786408,0.018352806568145752,0.018352806568145752,0.018352806568145752,0.3300970873786408,0.09367305040359497,0.18454933166503906,3.0
data_039,0,0,0.7182700037956238,0.0,0.0,0.018352806568145752,0.018352806568145752,0.0,0.0,0.09367305040359497,0.18454933166503906,3.0
data_039,0,0,0.7266876101493835,0.0,0.0,0.0,0.018352806568145752,0.1661965250968933,0.3786407766990291,0.1661965250968933,0.18454933166503906,3.0
data_039,0,0,0.8951771259307861,0.0,0.0,0.0,0.0,0.16681426763534546,0.07258064516129033,0.2671946883201599,0.2671946883201599,3.0
data_039,0,0,0.9230537414550781,0.0,0.0,0.0,0.0,0.0,0.0,0.08816832304000854,0.2671946883201599,3.0
data_039,0,0,0.5907742977142334,0.0,0.0,0.0,0.0,0.10038042068481445,0.13709677419354838,0.10038042068481445,0.2671946883201599,3.0
data_039,0,0,0.876645028591156,0.0,0.0,0.0,0.0,0.1606479287147522,0.26141078838174275,0.23083502054214478,0.23083502054214478,3.0
data_039,0,0,0.6574928760528564,0.0,0.0,0.0,0.0,0.07018709182739258,0.23236514522821577,0.07018709182739258,0.23083502054214478,3.0
data_039,0,0,0.7268820405006409,0.0,0.0,0.0,0.0,0.0,0.0,0.23083502054214478,0.23083502054214478,3.0
data_039,0,0,0.8677234053611755,0.0,0.0,0.0,0.07467639446258545,0.0,0.0,0.0,0.0,4.0
data_039,0,0,0.7920313477516174,0.0,0.0,0.07467639446258545,0.07467639446258545,0.0,0.0,0.0,0.0,4.0
data_039,0,0,0.8209459781646729,0.07467639446258545,0.06321839080459771,0.07467639446258545,0.07467639446258545,0.0,0.0,0.0,0.0,4.0
data_039,0,0,0.6962035894393921,0.0,0.0,0.0,0.07467639446258545,0.0,0.0,0.0,0.0,4.0
data_040,0,1,,,,,,,,,,
data_040,0,1,,,,,,,,,,
data_040,0,0,0.8188223838806152,0.0,0.0,0.0,0.0,0.0,0.0,0.0,0.20015329122543335,4.0
data_040,0,0,0.8351324200630188,0.0,0.0,0.0,0.0,0.08663266897201538,0.14150943396226415,0.08663266897201538,0.20015329122543335,4.0
data_040,0,0,0.8798151016235352,0.0,0.0,0.0,0.0,0.0,0.0,0.11352062225341797,0.20015329122543335,4.0
data_040,0,0,0.8253872990608215,0.0,0.0,0.0,0.0,0.11352062225341797,0.14622641509433962,0.11352062225341797,0.20015329122543335,4.0
data_040,0,0,0.847393810749054,0.0,0.0,0.0,0.050702452659606934,0.0,0.0,0.0,0.050702452659606934,3.0
data_040,0,0,0.7521155476570129,0.050702452659606934,0.16883116883116883,0.050702452659606934,0.050702452659606934,0.050702452659606934,0.16883116883116883,0.050702452659606934,0.050702452659606934,3.0
data_040,0,0,0.8375334739685059,0.0,0.0,0.050702452659606934,0.050702452659606934,0.0,0.0,0.050702452659606934,0.050702452659606934,3.0
data_040,0,0,0.7229965925216675,0.0,0.0,0.0,0.0,0.07969290018081665,0.23214285714285715,0.07969290018081665,0.07969290018081665,3.0
data_040,0,0,0.8894903063774109,0.0,0.0,0.0,0.0,0.0,0.0,0.07969290018081665,0.07969290018081665,3.0
data_040,0,0,0.9289932250976562,0.0,0.0,0.0,0.0,0.0,0.0,0.0,0.07969290018081665,3.0
data_040,0,0,0.7516022324562073,0.008275091648101807,0.42424242424242425,0.008275091648101807,0.008275091648101807,0.0,0.0,0.0,0.0,2.0
data_040,0,0,0.8372625708580017,0.0,0.0,0.008275091648101807,0.008275091648101807,0.0,0.0,0.0,0.0,2.0
data_040,0,0,0.7238016128540039,0.0,0.0,0.0,0.0,0.0,0.0,0.0,0.0,3.0
data_040,0,0,0.6932923197746277,0.0,0.0,0.0,0.0,0.0,0.0,0.0,0.0,3.0
data_040,1,0,0.6569909453392029,0.0,0.0,0.0,0.0,0.0,0.0,0.0,0.0,3.0
data_040,0,0,0.8097660541534424,0.0,0.0,0.0,0.0,0.0,0.0,0.0,0.02436155080795288,3.0
data_040,0,0,0.731009304523468,0.0,0.0,0.0,0.0,0.02436155080795288,0.13414634146341464,0.02436155080795288,0.02436155080795288,3.0
data_040,0,0,0.8519013524055481,0.0,0.0,0.0,0.0,0.0,0.0,0.02436155080795288,0.02436155080795288,3.0
data_041,0,1,,,,,,,,,,
data_041,0,1,,,,,,,,,,
data_041,0,1,,,,,,,,,,
data_041,0,0,0.8085654973983765,0.0,0.0,0.0,0.0,0.0,0.0,0.0,0.0,3.0
data_041,0,0,0.9085415601730347,0.0,0.0,0.0,0.0,0.0,0.0,0.0,0.0,3.0
data_041,0,0,0.8531640768051147,0.0,0.0,0.0,0.0,0.0,0.0,0.0,0.0,3.0
data_041,0,0,0.9999989867210388,0.0,0.0,0.0,0.0,0.0,0.0,0.0,0.0,3.0
data_041,0,0,0.7809504866600037,0.0,0.0,0.0,0.0,0.0,0.0,0.0,0.0,3.0
data_041,0,0,0.9158591032028198,0.0,0.0,0.0,0.0,0.0,0.0,0.0,0.0,3.0
data_041,0,0,0.6602810621261597,0.0,0.0,0.0,0.0,0.016163408756256104,0.45,0.016163408756256104,0.1618397831916809,3.0
data_041,0,0,0.8575241565704346,0.0,0.0,0.0,0.0,0.1456763744354248,0.725,0.1456763744354248,0.1618397831916809,3.0
data_041,0,0,0.7636116147041321,0.0,0.0,0.0,0.0,0.0,0.0,0.1618397831916809,0.1618397831916809,3.0
data_041,0,0,0.8435565829277039,0.0,0.0,0.0,0.0,0.0,0.0,0.0,0.19567358493804932,3.0
data_041,0,0,0.77538001537323,0.0,0.0,0.0,0.0,0.0,0.0,0.19567358493804932,0.19567358493804932,3.0
data_041,0,0,0.6846907734870911,0.0,0.0,0.0,0.0,0.19567358493804932,0.6428571428571429,0.19567358493804932,0.19567358493804932,3.0
data_041,0,0,0.6036896705627441,0.03261291980743408,0.125,0.03261291980743408,0.03261291980743408,0.0,0.0,0.0065100789070129395,0.02506798505783081,3.0
data_041,0,0,0.8266401886940002,0.0,0.0,0.03261291980743408,0.03261291980743408,0.02506798505783081,0.5795454545454546,0.02506798505783081,0.02506798505783081,3.0
data_041,0,0,0.7023844718933105,0.0,0.0,0.0075449347496032715,0.03261291980743408,0.0,0.0,0.0,0.02506798505783081,3.0
data_041,0,0,0.8564889430999756,0.0,0.0,0.0,0.0,0.0,0.0,0.0,0.0,3.0
data_041,0,0,0.8029807209968567,0.0,0.0,0.0,0.0,0.0,0.0,0.0,0.0,3.0
data_041,0,0,0.8215000629425049,0.0,0.0,0.0,0.0,0.0,0.0,0.0,0.0,3.0
data_042,0,1,,,,,,,,,,
data_042,0,1,,,,,,,,,,
data_042,0,0,0.7893635034561157,0.0,0.0,0.0,0.0,0.13086700439453125,0.7735849056603774,0.13086700439453125,0.13086700439453125,3.0
data_042,0,0,0.8472496271133423,0.0,0.0,0.0,0.0,0.0,0.0,0.0,0.13086700439453125,3.0
data_042,0,0,0.7162862420082092,0.0,0.0,0.0,0.0,0.0,0.0,0.0,0.13086700439453125,3.0
data_042,0,0,0.6246774196624756,0.0,0.0,0.0,0.0,0.0,0.0,0.0,0.0,3.0
data_042,0,0,0.629927396774292,0.0,0.0,0.0,0.0,0.0,0.0,0.0,0.0,3.0
data_042,0,0,0.8648033142089844,0.0,0.0,0.0,0.0,0.0,0.0,0.0,0.0,3.0
data_042,0,0,0.7094069719314575,0.0,0.0,0.0,0.0,0.0,0.0,0.060350894927978516,0.060350894927978516,2.0
data_042,0,0,0.792644739151001,0.0,0.0,0.0,0.0,0.060350894927978516,0.37037037037037035,0.060350894927978516,0.060350894927978516,2.0
data_042,0,0,0.8296164870262146,0.0,0.0,0.0,0.0,0.0,0.0,0.0,0.13426506519317627,3.0
data_042,0,0,0.7419627904891968,0.0,0.0,0.0,0.0,0.13426506519317627,0.49122807017543857,0.13426506519317627,0.13426506519317627,3.0
data_042,1,0,0.8010367155075073,0.0,0.0,0.0,0.0,0.0,0.0,0.13426506519317627,0.13426506519317627,3.0
data_042,0,0,0.6621490716934204,0.015114247798919678,0.36231884057971014,0.015114247798919678,0.015114247798919678,0.0,0.0,0.0,0.0,2.0
data_042,0,0,0.6576278209686279,0.0,0.0,0.015114247798919678,0.015114247798919678,0.0,0.0,0.0,0.0,2.0
data_042,0,0,0.48553895950317383,0.0,0.0,0.0,0.08581537008285522,0.037053316831588745,0.7847222222222222,0.037053316831588745,0.12286868691444397,3.0
data_042,0,0,0.6236871480941772,0.0,0.0,0.0,0.08581537008285522,0.0,0.0,0.037053316831588745,0.12286868691444397,3.0
data_042,0,0,0.6928133964538574,0.08581537008285522,0.9444444444444444,0.08581537008285522,0.08581537008285522,0.08581537008285522,0.9444444444444444,0.08581537008285522,0.12286868691444397,3.0
data_043,0,1,,,,,,,,,,
data_043,0,1,,,,,,,,,,
data_043,0,1,,,,,,,,,,
data_043,1,0,0.6011209487915039,0.0,0.0,0.0,0.0,0.0,0.0,0.0,0.0,2.0
data_043,0,0,0.5166770815849304,0.0,0.0,0.0,0.0,0.0,0.0,0.0,0.0,2.0
data_043,0,0,0.4347214102745056,0.008944571018218994,0.3880597014925373,0.008944571018218994,0.008944571018218994,0.008944571018218994,0.3880597014925373,0.008944571018218994,0.008944571018218994,2.0
data_043,0,0,0.49596545100212097,0.0,0.0,0.008944571018218994,0.008944571018218994,0.0,0.0,0.008944571018218994,0.008944571018218994,2.0
data_043,0,0,0.7426030039787292,0.0,0.0,0.0,0.0,0.0,0.0,0.0,0.06674575805664062,3.0
data_043,0,0,0.7448330521583557,0.0,0.0,0.0,0.0,0.06674575805664062,0.5842696629213483,0.06674575805664062,0.06674575805664062,3.0
data_043,0,0,0.7411113381385803,0.0,0.0,0.0,0.0,0.0,0.0,0.06674575805664062,0.06674575805664062,3.0
data_043,0,0,0.6178138256072998,0.0,0.0,0.0,0.0,0.1133418083190918,0.5203252032520326,0.1133418083190918,0.1133418083190918,3.0
data_043,0,0,0.6611776351928711,0.0,0.0,0.0,0.0,0.0,0.0,0.1133418083190918,0.1133418083190918,3.0
data_043,1,0,0.6530312299728394,0.0,0.0,0.0,0.0,0.0,0.0,0.0396844744682312,0.1133418083190918,3.0
data_043,0,0,0.7764987349510193,0.0,0.0,0.0,0.0,0.0,0.0,0.0,0.061441779136657715,3.0
data_043,0,0,0.7931413054466248,0.0,0.0,0.0,0.0,0.0,0.0,0.0,0.061441779136657715,3.0
data_043,0,0,0.6712056398391724,0.0,0.0,0.0,0.0,0.061441779136657715,0.6060606060606061,0.061441779136657715,0.061441779136657715,3.0
data_043,1,0,0.6217073798179626,0.0,0.0,0.0,0.0,0.00255662202835083,0.05747126436781609,0.00255662202835083,0.00255662202835083,3.0
data_043,0,0,0.841308057308197,0.0,0.0,0.0,0.0,0.0,0.0,0.00255662202835083,0.00255662202835083,3.0
data_043,0,0,0.6644403338432312,0.0,0.0,0.0,0.0,0.0,0.0,0.0,0.00255662202835083,3.0
data_044,0,1,,,,,,,,,,
data_044,0,1,,,,,,,,,,
data_044,0,0,0.9430980682373047,0.0,0.0,0.045499563217163086,0.1664685606956482,0.0,0.0,0.07885247468948364,0.07885247468948364,3.0
data_044,0,0,0.7349391579627991,0.0,0.0,0.057591766119003296,0.1664685606956482,0.07885247468948364,0.15789473684210525,0.07885247468948364,0.07885247468948364,3.0
data_044,0,0,0.6062857508659363,0.1664685606956482,0.5263157894736842,0.1664685606956482,0.1664685606956482,0.0,0.0,0.0,0.07885247468948364,3.0
data_044,1,0,0.7006765007972717,0.02294778823852539,0.9119496855345912,0.02294778823852539,0.0277099609375,0.0,0.0,0.0,0.01187986135482788,4.0
data_044,0,0,0.631147027015686,0.0,0.0,0.0,0.0277099609375,0.01187986135482788,0.9119496855345912,0.01187986135482788,0.01187986135482788,4.0
data_044,0,0,0.7260745167732239,0.0,0.0,0.01106792688369751,0.0277099609375,0.0,0.0,0.009904444217681885,0.01187986135482788,4.0
data_044,0,0,0.5547184348106384,0.004762172698974609,0.8679245283018868,0.004762172698974609,0.0277099609375,0.0,0.0,0.007113814353942871,0.01187986135482788,4.0
data_044,0,0,0.7495851516723633,0.0,0.0,0.0,0.0,0.02278292179107666,0.5542857142857143,0.02278292179107666,0.051540911197662354,3.0
data_044,0,0,0.6439655423164368,0.0,0.0,0.0,0.0,0.028757989406585693,0.49714285714285716,0.028757989406585693,0.051540911197662354,3.0
data_044,0,0,0.6643824577331543,0.0,0.0,0.0,0.0,0.0,0.0,0.051540911197662354,0.051540911197662354,3.0
data_044,1,0,0.6470969319343567,0.0,0.0,0.0,0.10159599781036377,0.0,0.0,0.0,0.0,3.0
data_044,0,0,0.7572650909423828,0.0,0.0,0.05182760953903198,0.10159599781036377,0.0,0.0,0.0,0.0,3.0
data_044,0,0,0.8357168436050415,0.10159599781036377,0.6938775510204082,0.10159599781036377,0.10159599781036377,0.0,0.0,0.0,0.0,3.0
data_044,0,0,0.6625145673751831,0.0,0.0,0.0,0.0,0.0,0.0,0.02985745668411255,0.20264345407485962,3.0
data_044,0,0,0.7743926644325256,0.0,0.0,0.0,0.0,0.20264345407485962,0.7258064516129032,0.20264345407485962,0.20264345407485962,3.0
data_044,0,0,0.8146349191665649,0.0,0.0,0.0,0.0,0.0,0.0,0.20264345407485962,0.20264345407485962,3.0
data_044,0,0,0.6392361521720886,0.0,0.0,0.0,0.004703521728515625,0.0,0.0,0.0,0.0,3.0
data_044,0,0,0.7278845310211182,0.0,0.0,0.0,0.004703521728515625,0.0,0.0,0.0,0.0,3.0
data_044,0,0,0.666424036026001,0.004703521728515625,0.6,0.004703521728515625,0.004703521728515625,0.0,0.0,0.0,0.0,3.0
data_045,0,0,0.7512140870094299,0.0,0.0,0.0,0.030818581581115723,0.0,0.0,0.0,0.06357431411743164,6.0
data_045,0,0,0.9843066930770874,0.0,0.0,0.0,0.030818581581115723,0.0,0.0,0.0,0.06357431411743164,6.0
data_045,0,0,0.7863209843635559,0.0,0.0,0.0,0.030818581581115723,0.05793851613998413,0.15461847389558234,0.05793851613998413,0.06357431411743164,6.0
data_045,1,0,0.7729219794273376,0.030818581581115723,0.9511378848728246,0.030818581581115723,0.030818581581115723,0.00563579797744751,0.8855421686746988,0.00563579797744751,0.06357431411743164,6.0
data_045,0,0,0.7403668165206909,0.0,0.0,0.025182783603668213,0.030818581581115723,0.0,0.0,0.0,0.06357431411743164,6.0
data_045,0,0,0.850171685218811,0.0,0.0,0.0,0.030818581581115723,0.0,0.0,0.00427323579788208,0.06357431411743164,6.0
data_045,0,0,0.5695581436157227,0.040872037410736084,0.7982300884955752,0.040872037410736084,0.08544284105300903,0.040872037410736084,0.7982300884955752,0.040872037410736084,0.23269933462142944,4.0
data_045,0,0,0.6723634004592896,0.04457080364227295,0.14690265486725665,0.04457080364227295,0.08544284105300903,0.0,0.0,0.0,0.23269933462142944,4.0
data_045,0,0,0.8840368390083313,0.0,0.0,0.04457080364227295,0.08544284105300903,0.19182729721069336,0.4300884955752212,0.19182729721069336,0.23269933462142944,4.0
data_045,0,0,0.7037180662155151,0.0,0.0,0.0,0.08544284105300903,0.0,0.0,0.1472564935684204,0.23269933462142944,4.0
data_046,0,0,0.6383571624755859,0.01369410753250122,0.7642276422764228,0.01369410753250122,0.11894100904464722,0.01369410753250122,0.7642276422764228,0.01369410753250122,0.3132033348083496,5.0
data_046,0,0,0.6243228912353516,0.09528011083602905,0.2926829268292683,0.105246901512146,0.11894100904464722,0.0387234091758728,0.22764227642276422,0.0387234091758728,0.3132033348083496,5.0
data_046,0,0,0.7677517533302307,0.009966790676116943,0.07317073170731707,0.009966790676116943,0.11894100904464722,0.1273522973060608,0.8861788617886179,0.1273522973060608,0.3132033348083496,5.0
data_046,1,0,0.6335251927375793,0.023773372173309326,0.23404255319148937,0.023773372173309326,0.023773372173309326,0.023773372173309326,0.23404255319148937,0.023773372173309326,0.023773372173309326,2.0
data_046,0,0,0.7528218030929565,0.0,0.0,0.023773372173309326,0.023773372173309326,0.0,0.0,0.023773372173309326,0.023773372173309326,2.0
data_046,0,0,0.7379475235939026,0.0,0.0,0.0,0.0,0.0,0.0,0.0,0.16376829147338867,3.0
data_046,0,0,0.9615808129310608,0.0,0.0,0.0,0.0,0.0,0.0,0.08959841728210449,0.16376829147338867,3.0
data_046,0,0,0.6919158101081848,0.0,0.0,0.0,0.0,0.16376829147338867,0.22580645161290322,0.16376829147338867,0.16376829147338867,3.0
data_046,0,0,0.8129373788833618,0.0,0.0,0.007805228233337402,0.11894100904464722,0.1334335207939148,0.21138211382113822,0.1334335207939148,0.3132033348083496,5.0
data_046,0,0,0.8344345688819885,0.0,0.0,0.0,0.11894100904464722,0.0,0.0,0.1942623257637024,0.3132033348083496,5.0
data_046,0,0,0.8260964751243591,0.02126014232635498,0.794392523364486,0.02126014232635498,0.02126014232635498,0.11268597841262817,0.8504672897196262,0.11268597841262817,0.18478518724441528,3.0
data_046,0,0,0.8416367173194885,0.0,0.0,0.0,0.02126014232635498,0.0,0.0,0.1635250449180603,0.18478518724441528,3.0
data_046,0,0,0.7892502546310425,0.0,0.0,0.0,0.02126014232635498,0.07209920883178711,0.14953271028037382,0.1635250449180603,0.18478518724441528,3.0
data_046,0,0,0.7296006679534912,0.0,0.0,0.0,0.0,0.0,0.0,0.0,0.0,2.0
data_046,0,0,0.7214420437812805,0.0,0.0,0.0,0.0,0.0,0.0,0.0,0.0,2.0
data_046,0,0,0.8469772338867188,0.0,0.0,0.0,0.0,0.0,0.0,0.10793125629425049,0.10793125629425049,2.0
data_046,0,0,0.6840302348136902,0.0,0.0,0.0,0.0,0.10793125629425049,0.05063291139240506,0.10793125629425049,0.10793125629425049,2.0
data_047,0,0,0.8395678400993347,0.0,0.0,0.0,0.0,0.14774459600448608,0.45751633986928103,0.14774459600448608,0.4939813017845154,6.0
data_047,0,0,0.8036381602287292,0.0,0.0,0.0,0.0,0.0,0.0,0.0,0.4939813017845154,6.0
data_047,0,0,0.9129908680915833,0.0,0.0,0.0,0.0,0.3462367057800293,0.5294117647058824,0.3462367057800293,0.4939813017845154,6.0
data_047,0,0,0.6975579857826233,0.0,0.0,0.0,0.0,0.0,0.0,0.0,0.4939813017845154,6.0
data_047,0,0,0.8478344082832336,0.0,0.0,0.0,0.0,0.0,0.0,0.0,0.4939813017845154,6.0
data_047,0,0,0.6875442266464233,0.0,0.0,0.0,0.0,0.0,0.0,0.0,0.4939813017845154,6.0
data_047,0,0,0.8455507159233093,0.0,0.0,0.0,0.0,0.0,0.0,0.3338210880756378,0.3338210880756378,2.0
data_047,0,0,0.7333869338035583,0.0,0.0,0.0,0.0,0.3338210880756378,0.625,0.3338210880756378,0.3338210880756378,2.0
data_047,0,0,0.7383854389190674,0.0,0.0,0.0,0.0,0.0,0.0,0.11981558799743652,0.222251296043396,3.0
data_047,0,0,0.6657186150550842,0.0,0.0,0.0,0.0,0.0,0.0,0.0,0.222251296043396,3.0
data_047,0,0,0.6679143905639648,0.0,0.0,0.0,0.0,0.222251296043396,0.5652173913043478,0.222251296043396,0.222251296043396,3.0
data_047,0,0,0.7914779782295227,0.0,0.0,0.0,0.0,0.0,0.0,0.0,0.0,2.0
data_047,0,0,0.7207854986190796,0.0,0.0,0.0,0.0,0.0,0.0,0.0,0.0,2.0
data_047,0,0,0.7535473108291626,0.0,0.0,0.0,0.0,0.09363698959350586,0.4583333333333333,0.09363698959350586,0.09363698959350586,3.0
data_047,0,0,0.8067137598991394,0.0,0.0,0.0,0.0,0.0,0.0,0.09363698959350586,0.09363698959350586,3.0
data_047,0,0,0.47828835248947144,0.0,0.0,0.0,0.0,0.0,0.0,0.0,0.09363698959350586,3.0
data_047,0,0,0.8488075137138367,0.0,0.0,0.0,0.0,0.0,0.0,0.0,0.0,2.0
data_047,0,0,0.7595342993736267,0.0,0.0,0.0,0.0,0.0,0.0,0.0,0.0,2.0
data_047,0,0,0.5635560154914856,0.0,0.0,0.0,0.0,0.0,0.0,0.0,0.0,2.0
data_047,0,0,0.8456555008888245,0.0,0.0,0.0,0.0,0.0,0.0,0.0,0.0,2.0
data_047,0,0,0.8437049388885498,0.0,0.0,0.0,0.0,0.0,0.0,0.0,0.0,2.0
data_047,0,0,0.7300592064857483,0.0,0.0,0.0,0.0,0.0,0.0,0.0,0.0,2.0
data_048,0,0,0.6840558648109436,0.012932181358337402,0.28125,0.012932181358337402,0.0446774959564209,0.0,0.0,0.012112259864807129,0.012112259864807129,3.0
data_048,1,0,0.6520916819572449,0.031745314598083496,0.34375,0.031745314598083496,0.0446774959564209,0.012112259864807129,0.21875,0.012112259864807129,0.012112259864807129,3.0
data_048,0,0,0.7126592397689819,0.0,0.0,0.0446774959564209,0.0446774959564209,0.0,0.0,0.0,0.012112259864807129,3.0
data_048,0,0,0.9070764780044556,0.08141040802001953,0.5526315789473685,0.08141040802001953,0.22095352411270142,0.08141040802001953,0.5526315789473685,0.10247910022735596,0.10247910022735596,3.0
data_048,0,0,0.7141964435577393,0.11847442388534546,0.15789473684210525,0.11847442388534546,0.22095352411270142,0.0,0.0,0.0,0.10247910022735596,3.0
data_048,0,0,0.635971188545227,0.021068692207336426,0.3157894736842105,0.13954311609268188,0.22095352411270142,0.021068692207336426,0.3157894736842105,0.021068692207336426,0.10247910022735596,3.0
data_048,0,0,0.6047364473342896,0.0,0.0,0.0,0.0,0.0,0.0,0.0,0.0,2.0
data_048,0,0,0.8444890379905701,0.0,0.0,0.0,0.0,0.0,0.0,0.0,0.0,2.0
data_048,1,0,0.6668568849563599,0.0,0.0,0.0,0.0,0.10214322805404663,0.4153846153846154,0.10214322805404663,0.10214322805404663,2.0
data_048,0,0,0.7925913333892822,0.0,0.0,0.0,0.0,0.0,0.0,0.10214322805404663,0.10214322805404663,2.0
data_048,1,0,0.581967294216156,0.0,0.0,0.0,0.0,0.0,0.0,0.028549671173095703,0.028549671173095703,2.0
data_048,0,0,0.8092677593231201,0.0,0.0,0.0,0.0,0.028549671173095703,0.23529411764705882,0.028549671173095703,0.028549671173095703,2.0
data_048,1,0,0.6242937445640564,,,,,,,,,
data_048,1,0,0.5075064897537231,,,,,,,,,
data_048,1,0,0.5557622313499451,0.0,0.0,0.0,0.0,0.0,0.0,0.06597822904586792,0.06597822904586792,2.0
data_048,0,0,0.6937935948371887,0.0,0.0,0.0,0.0,0.06597822904586792,0.7721518987341772,0.06597822904586792,0.06597822904586792,2.0
data_049,0,1,,,,,,,,,,
data_049,0,1,,,,,,,,,,
data_049,0,1,,,,,,,,,,
data_049,0,1,,,,,,,,,,
data_049,0,1,,,,,,,,,,
data_049,0,1,,,,,,,,,,
data_049,0,0,0.8922265768051147,0.0,0.0,0.0,0.0515059232711792,0.0,0.0,0.0,0.18187862634658813,4.0
data_049,0,0,0.6924047470092773,0.0,0.0,0.0515059232711792,0.0515059232711792,0.0,0.0,0.04186689853668213,0.18187862634658813,4.0
data_049,0,0,0.8553746342658997,0.0515059232711792,0.25925925925925924,0.0515059232711792,0.0515059232711792,0.18187862634658813,0.8296296296296296,0.18187862634658813,0.18187862634658813,4.0
data_049,0,0,0.7864311337471008,0.0,0.0,0.0,0.0515059232711792,0.0,0.0,0.13037270307540894,0.18187862634658813,4.0
data_049,0,0,0.8221389055252075,0.0,0.0,0.0,0.0,0.16870611906051636,0.3617021276595745,0.16870611906051636,0.2307717204093933,3.0
data_049,0,0,0.6619657874107361,0.0,0.0,0.0,0.0,0.0,0.0,0.06206560134887695,0.2307717204093933,3.0
data_049,1,0,0.6756188869476318,0.0,0.0,0.0,0.0,0.06206560134887695,0.1276595744680851,0.06206560134887695,0.2307717204093933,3.0
data_049,0,0,0.7175434827804565,0.0,0.0,0.09272423386573792,0.09272423386573792,0.12050837278366089,0.46956521739130436,0.12050837278366089,0.1215437650680542,3.0
data_049,0,0,0.6884503960609436,0.0010353922843933105,0.5391304347826087,0.09272423386573792,0.09272423386573792,0.0010353922843933105,0.5391304347826087,0.0010353922843933105,0.1215437650680542,3.0
data_049,0,0,0.5886280536651611,0.0916888415813446,0.3565217391304348,0.0916888415813446,0.09272423386573792,0.0,0.0,0.12050837278366089,0.1215437650680542,3.0
data_049,0,0,0.6028975248336792,0.0,0.0,0.06133738160133362,0.06133738160133362,0.0,0.0,0.06133738160133362,0.06133738160133362,3.0
data_049,1,0,0.5433632135391235,0.06133738160133362,0.2413793103448276,0.06133738160133362,0.06133738160133362,0.06133738160133362,0.2413793103448276,0.06133738160133362,0.06133738160133362,3.0
data_049,0,0,0.8285619020462036,0.0,0.0,0.0,0.06133738160133362,0.0,0.0,0.0,0.06133738160133362,3.0
data_049,0,0,0.7847780585289001,0.02286607027053833,0.8695652173913043,0.02286607027053833,0.02286607027053833,0.0,0.0,0.16757643222808838,0.16757643222808838,3.0
data_049,0,0,0.6959252953529358,0.0,0.0,0.0,0.02286607027053833,0.0,0.0,0.14471036195755005,0.16757643222808838,3.0
data_049,0,0,0.5711448192596436,0.0,0.0,0.0,0.02286607027053833,0.16757643222808838,0.391304347826087,0.16757643222808838,0.16757643222808838,3.0
data_049,0,0,0.7581350803375244,0.0,0.0,0.0,0.0,0.43550577759742737,0.8214285714285714,0.43550577759742737,0.43550577759742737,3.0
data_049,0,0,0.5693066120147705,0.0,0.0,0.0,0.0,0.0,0.0,0.19322922825813293,0.43550577759742737,3.0
data_049,0,0,0.5560425519943237,0.0,0.0,0.0,0.0,0.0,0.0,0.09220816195011139,0.43550577759742737,3.0
data_050,0,1,,,,,,,,,,
data_050,0,0,0.6427925825119019,0.0,0.0,0.016951560974121094,0.03797745704650879,0.2507108747959137,0.22580645161290322,0.2507108747959137,0.2507108747959137,3.0
data_050,0,0,0.6272796988487244,0.03797745704650879,0.12903225806451613,0.03797745704650879,0.03797745704650879,0.0,0.0,0.001904904842376709,0.2507108747959137,3.0
data_050,0,0,0.8144883513450623,0.0,0.0,0.03797745704650879,0.03797745704650879,0.0,0.0,0.2507108747959137,0.2507108747959137,3.0
data_050,0,0,0.8535317182540894,0.0,0.0,0.0,0.0,0.046506643295288086,0.7333333333333333,0.058437466621398926,0.058437466621398926,3.0
data_050,0,0,0.5592799782752991,0.0,0.0,0.0,0.0,0.0,0.0,0.0,0.058437466621398926,3.0
data_050,0,0,0.5399824976921082,0.0,0.0,0.0,0.0,0.01193082332611084,0.3111111111111111,0.01193082332611084,0.058437466621398926,3.0
data_050,0,1,,,,,,,,,,
data_050,0,1,,,,,,,,,,
data_050,0,1,,,,,,,,,,
data_050,0,0,0.7683113217353821,0.0,0.0,0.0,0.0,0.0,0.0,0.11425524950027466,0.23369145393371582,3.0
data_050,0,0,0.7098889350891113,0.0,0.0,0.0,0.0,0.0,0.0,0.061830103397369385,0.23369145393371582,3.0
data_050,0,0,0.6615228652954102,0.0,0.0,0.0,0.0,0.23369145393371582,0.7923076923076923,0.23369145393371582,0.23369145393371582,3.0
data_050,0,0,0.6792722344398499,0.0,0.0,0.003852546215057373,0.003852546215057373,0.043813467025756836,0.68,0.043813467025756836,0.07818365097045898,3.0
data_050,0,0,0.7415639758110046,0.003852546215057373,0.2866666666666667,0.003852546215057373,0.003852546215057373,0.003852546215057373,0.2866666666666667,0.03437018394470215,0.07818365097045898,3.0
data_050,0,0,0.6391186118125916,0.0,0.0,0.0,0.003852546215057373,0.030517637729644775,0.24666666666666667,0.07818365097045898,0.07818365097045898,3.0
data_050,1,0,0.5177788138389587,0.15068018436431885,0.9259259259259259,0.15068018436431885,0.19268137216567993,0.0,0.0,0.0,0.042001187801361084,3.0
data_050,0,0,0.6893828511238098,0.042001187801361084,0.5185185185185185,0.042001187801361084,0.19268137216567993,0.042001187801361084,0.5185185185185185,0.042001187801361084,0.042001187801361084,3.0
data_050,0,0,0.8056769967079163,0.0,0.0,0.042001187801361084,0.19268137216567993,0.0,0.0,0.042001187801361084,0.042001187801361084,3.0
data_050,0,0,0.5440225005149841,0.0,0.0,0.0,0.0,0.16763046383857727,0.2222222222222222,0.16763046383857727,0.16763046383857727,2.0
data_050,0,0,0.7419552206993103,0.0,0.0,0.0,0.0,0.0,0.0,0.16763046383857727,0.16763046383857727,2.0
data_051,0,1,,,,,,,,,,
data_051,0,1,,,,,,,,,,
data_051,0,1,,,,,,,,,,
data_051,0,1,,,,,,,,,,
data_051,0,0,0.9194047451019287,0.0,0.0,0.0,0.0,0.0,0.0,0.0,0.0,2.0
data_051,0,0,0.6422439813613892,0.0,0.0,0.0,0.0,0.0,0.0,0.0,0.0,2.0
data_051,0,0,0.7552982568740845,0.0,0.0,0.0,0.011642992496490479,0.0,0.0,0.0,0.0,3.0
data_051,0,0,0.6702238917350769,0.0,0.0,0.011642992496490479,0.011642992496490479,0.0,0.0,0.0,0.0,3.0
data_051,0,0,0.7501797676086426,0.011642992496490479,0.6029411764705882,0.011642992496490479,0.011642992496490479,0.0,0.0,0.0,0.0,3.0
data_051,0,0,0.649339497089386,0.0,0.0,0.0,0.0,0.14369088411331177,0.8636363636363636,0.14369088411331177,0.28027233481407166,3.0
data_051,0,0,0.7345079183578491,0.0,0.0,0.0,0.0,0.04821997880935669,0.056818181818181816,0.1392817497253418,0.28027233481407166,3.0
data_051,1,0,0.47046011686325073,0.0,0.0,0.0,0.0,0.0883614718914032,0.3409090909090909,0.1365814507007599,0.28027233481407166,3.0
data_051,0,0,0.8476852774620056,0.0,0.0,0.0,0.1917647123336792,0.0,0.0,0.0,0.1917647123336792,3.0
data_051,0,0,0.7534739375114441,0.1917647123336792,0.6271186440677966,0.1917647123336792,0.1917647123336792,0.1917647123336792,0.6271186440677966,0.1917647123336792,0.1917647123336792,3.0
data_051,0,0,0.812540590763092,0.0,0.0,0.1917647123336792,0.1917647123336792,0.0,0.0,0.1917647123336792,0.1917647123336792,3.0
data_051,0,0,0.7071269154548645,0.04915350675582886,0.35714285714285715,0.04915350675582886,0.04915350675582886,0.0,0.0,0.0,0.0,3.0
data_051,0,0,0.8011379837989807,0.0,0.0,0.0,0.04915350675582886,0.0,0.0,0.0,0.0,3.0
data_051,0,0,0.8581103682518005,0.0,0.0,0.0,0.04915350675582886,0.0,0.0,0.0,0.0,3.0
data_052,0,1,,,,,,,,,,
data_052,0,1,,,,,,,,,,
data_052,0,1,,,,,,,,,,
data_052,0,0,0.8338444232940674,0.0,0.0,0.0,0.0,0.29058778285980225,0.7687861271676301,0.32125794887542725,0.5945889353752136,4.0
data_052,0,0,0.7895252108573914,0.0,0.0,0.0,0.0,0.3040011525154114,0.6358381502890174,0.3040011525154114,0.5945889353752136,4.0
data_052,0,0,0.8460464477539062,0.0,0.0,0.0,0.0,0.0,0.0,0.11042958498001099,0.5945889353752136,4.0
data_052,0,0,0.7252564430236816,0.0,0.0,0.0,0.0,0.0,0.0,0.17435675859451294,0.5945889353752136,4.0
data_052,0,0,0.811213493347168,0.07804620265960693,0.6850393700787402,0.10846346616744995,0.2318476438522339,0.0,0.0,0.11126142740249634,0.23464560508728027,3.0
data_052,1,0,0.7459489107131958,0.0,0.0,0.10390955209732056,0.2318476438522339,0.0,0.0,0.10670751333236694,0.23464560508728027,3.0
data_052,0,0,0.812993586063385,0.15380144119262695,0.7086614173228346,0.15380144119262695,0.2318476438522339,0.23464560508728027,0.7716535433070866,0.23464560508728027,0.23464560508728027,3.0
data_052,0,0,0.8088542819023132,0.0,0.0,0.0,0.0,0.0,0.0,0.0,0.0,3.0
data_052,0,0,0.7392191290855408,0.0,0.0,0.0,0.0,0.0,0.0,0.0,0.0,3.0
data_052,0,0,0.6157554984092712,0.0,0.0,0.0,0.0,0.0,0.0,0.0,0.0,3.0
data_052,0,0,0.6962084770202637,0.03343743085861206,0.6410256410256411,0.03343743085861206,0.03343743085861206,0.0,0.0,0.0,0.0,3.0
data_052,0,0,0.7354112863540649,0.0,0.0,0.016203343868255615,0.03343743085861206,0.0,0.0,0.0,0.0,3.0
data_052,0,0,0.7100096344947815,0.0,0.0,0.0,0.03343743085861206,0.0,0.0,0.0,0.0,3.0
data_052,0,0,0.6801987290382385,0.0,0.0,0.0,0.0,0.0,0.0,0.016530126333236694,0.043632954359054565,3.0
data_052,0,0,0.6474528908729553,0.0,0.0,0.0,0.0,0.0,0.0,0.043632954359054565,0.043632954359054565,3.0
data_052,0,0,0.4723784029483795,0.0,0.0,0.0,0.0,0.043632954359054565,0.26881720430107525,0.043632954359054565,0.043632954359054565,3.0
data_053,0,0,0.7042771577835083,0.0,0.0,0.0,0.007812678813934326,0.11712241172790527,0.05,0.2213035225868225,0.2213035225868225,5.0
data_053,0,0,0.7252623438835144,0.0,0.0,0.0,0.007812678813934326,0.10418111085891724,0.1,0.2213035225868225,0.2213035225868225,5.0
data_053,0,0,0.8281177878379822,0.0,0.0,0.0,0.007812678813934326,0.0,0.0,0.0,0.2213035225868225,5.0
data_053,0,0,0.6615176796913147,0.0,0.0,0.007812678813934326,0.007812678813934326,0.0,0.0,0.0,0.2213035225868225,5.0
data_053,0,0,0.7074540853500366,0.007812678813934326,0.15,0.007812678813934326,0.007812678813934326,0.0,0.0,0.0,0.2213035225868225,5.0
data_053,0,0,0.7991121411323547,0.0,0.0,0.0,0.0,0.09208095073699951,0.045454545454545456,0.10464990139007568,0.3853698968887329,4.0
data_053,0,0,0.7518256902694702,0.0,0.0,0.0,0.0,0.0,0.0,0.1050463318824768,0.3853698968887329,4.0
data_053,0,0,0.7935591340065002,0.0,0.0,0.0,0.0,0.1653556227684021,0.42424242424242425,0.1653556227684021,0.3853698968887329,4.0
data_053,0,0,0.7758302688598633,0.0,0.0,0.0,0.0,0.1279333233833313,0.42424242424242425,0.15720492601394653,0.3853698968887329,4.0
data_053,0,0,0.7230688333511353,0.0,0.0,0.0,0.0636981725692749,0.07992571592330933,0.42857142857142855,0.07992571592330933,0.14362388849258423,3.0
data_053,0,0,0.6736610531806946,0.0636981725692749,0.03296703296703297,0.0636981725692749,0.0636981725692749,0.0636981725692749,0.03296703296703297,0.0636981725692749,0.14362388849258423,3.0
data_053,0,0,0.8732380867004395,0.0,0.0,0.0636981725692749,0.0636981725692749,0.0,0.0,0.0636981725692749,0.14362388849258423,3.0
data_053,0,0,0.9193847179412842,0.0,0.0,0.039017319679260254,0.039017319679260254,0.0,0.0,0.017279624938964844,0.07354885339736938,3.0
data_053,0,0,0.7021040320396423,0.039017319679260254,0.6956521739130435,0.039017319679260254,0.039017319679260254,0.039017319679260254,0.6956521739130435,0.039017319679260254,0.07354885339736938,3.0
data_053,0,0,0.8208889365196228,0.0,0.0,0.0,0.039017319679260254,0.03453153371810913,0.41304347826086957,0.03453153371810913,0.07354885339736938,3.0
data_053,0,0,0.8668729066848755,0.0,0.0,0.0,0.0,0.0,0.0,0.20126527547836304,0.20126527547836304,3.0
data_053,0,0,0.785854160785675,0.0,0.0,0.0,0.0,0.20126527547836304,0.23529411764705882,0.20126527547836304,0.20126527547836304,3.0
data_053,0,0,0.7360799312591553,0.0,0.0,0.0,0.0,0.0,0.0,0.0,0.20126527547836304,3.0
data_053,1,0,0.2561136484146118,0.0,0.0,0.0,0.0,0.0,0.0,0.0,0.0,2.0
data_053,1,0,0.37030038237571716,0.0,0.0,0.0,0.0,0.0,0.0,0.0,0.0,2.0
data_053,1,0,0.3650101125240326,0.0,0.0,0.0,2.9802322387695312e-08,0.0,0.0,0.0,2.9802322387695312e-08,3.0
data_053,1,0,0.18115544319152832,2.9802322387695312e-08,1.0,2.9802322387695312e-08,2.9802322387695312e-08,2.9802322387695312e-08,1.0,2.9802322387695312e-08,2.9802322387695312e-08,3.0
data_053,1,0,0.27199944853782654,0.0,0.0,2.9802322387695312e-08,2.9802322387695312e-08,0.0,0.0,2.9802322387695312e-08,2.9802322387695312e-08,3.0
data_053,0,1,,,,,,,,,,
data_053,0,1,,,,,,,,,,
data_053,0,1,,,,,,,,,,
data_054,0,1,,,,,,,,,,
data_054,1,1,,,,,,,,,,
data_054,0,1,,,,,,,,,,
data_054,1,1,,,,,,,,,,
data_054,0,0,0.8851341009140015,0.0,0.0,0.0,0.15179485082626343,0.23275858163833618,0.7424242424242424,0.23275858163833618,0.5645036101341248,5.0
data_054,0,0,0.8096567988395691,0.0,0.0,0.0,0.15179485082626343,0.17995017766952515,0.5757575757575758,0.17995017766952515,0.5645036101341248,5.0
data_054,1,0,0.7733227014541626,0.0,0.0,0.0,0.15179485082626343,0.0,0.0,0.11381125450134277,0.5645036101341248,5.0
data_054,0,0,0.8692328929901123,0.0,0.0,0.15179485082626343,0.15179485082626343,0.0,0.0,0.24549508094787598,0.5645036101341248,5.0
data_054,0,0,0.7440832853317261,0.15179485082626343,0.16666666666666666,0.15179485082626343,0.15179485082626343,0.15179485082626343,0.16666666666666666,0.17592114210128784,0.5645036101341248,5.0
data_054,0,0,0.7471616864204407,0.1689552664756775,0.7870370370370371,0.1689552664756775,0.1689552664756775,0.1689552664756775,0.7870370370370371,0.1689552664756775,0.42525747418403625,6.0
data_054,0,0,0.8064844608306885,0.0,0.0,0.0,0.1689552664756775,0.0,0.0,0.06720635294914246,0.42525747418403625,6.0
data_054,0,0,0.6608389616012573,0.0,0.0,0.0,0.1689552664756775,0.0,0.0,0.0,0.42525747418403625,6.0
data_054,0,0,0.7359274625778198,0.0,0.0,0.0,0.1689552664756775,0.0,0.0,0.0,0.42525747418403625,6.0
data_054,0,0,0.7424774765968323,0.0,0.0,0.0,0.1689552664756775,0.25630220770835876,0.4722222222222222,0.25630220770835876,0.42525747418403625,6.0
data_054,0,0,0.605096161365509,0.0,0.0,0.0,0.1689552664756775,0.0,0.0,0.0,0.42525747418403625,6.0
data_054,0,0,0.8070409297943115,0.0,0.0,0.0,0.0,0.0,0.0,0.0,0.0,2.0
data_054,0,0,0.6548861861228943,0.0,0.0,0.0,0.0,0.0,0.0,0.0,0.0,2.0
data_055,0,1,,,,,,,,,,
data_055,0,1,,,,,,,,,,
data_055,0,1,,,,,,,,,,
data_055,1,1,,,,,,,,,,
data_055,0,0,0.8338283896446228,0.0,0.0,0.0,0.01912134885787964,0.2602441906929016,0.7796610169491526,0.2602441906929016,0.4571729898452759,4.0
data_055,0,0,0.7826715707778931,0.0,0.0,0.0,0.01912134885787964,0.17780745029449463,0.6949152542372882,0.17780745029449463,0.4571729898452759,4.0
data_055,0,0,0.7722060084342957,0.0,0.0,0.0,0.01912134885787964,0.0,0.0,0.40902411937713623,0.4571729898452759,4.0
data_055,0,0,0.6862084269523621,0.01912134885787964,0.7627118644067796,0.01912134885787964,0.01912134885787964,0.01912134885787964,0.7627118644067796,0.022583484649658203,0.4571729898452759,4.0
data_055,0,0,0.8620228171348572,0.0,0.0,0.0,0.12323427200317383,0.0,0.0,0.0,0.011597216129302979,4.0
data_055,0,0,0.6438357830047607,0.0,0.0,0.0,0.12323427200317383,0.0,0.0,0.011597216129302979,0.011597216129302979,4.0
data_055,1,0,0.5901601910591125,0.0,0.0,0.11163705587387085,0.12323427200317383,0.0,0.0,0.0,0.011597216129302979,4.0
data_055,0,0,0.7096133232116699,0.12323427200317383,0.5,0.12323427200317383,0.12323427200317383,0.011597216129302979,0.29545454545454547,0.011597216129302979,0.011597216129302979,4.0
data_055,0,0,0.8542203307151794,0.0,0.0,0.0,0.057431817054748535,0.047241806983947754,0.025,0.11139518022537231,0.3323959708213806,4.0
data_055,0,0,0.7229084372520447,0.057431817054748535,0.025,0.057431817054748535,0.057431817054748535,0.0,0.0,0.05204826593399048,0.3323959708213806,4.0
data_055,0,0,0.7977048754692078,0.0,0.0,0.057431817054748535,0.057431817054748535,0.0,0.0,0.047241806983947754,0.3323959708213806,4.0
data_055,0,0,0.8337114453315735,0.0,0.0,0.031109988689422607,0.057431817054748535,0.28515416383743286,0.225,0.28515416383743286,0.3323959708213806,4.0
data_055,0,0,0.6269760131835938,0.06775248050689697,0.7,0.06775248050689697,0.0866895318031311,0.0,0.0,0.0,0.0,4.0
data_055,1,0,0.5983735918998718,0.01893705129623413,0.7,0.043690621852874756,0.0866895318031311,0.0,0.0,0.0,0.0,4.0
data_055,0,0,0.7130930423736572,0.0,0.0,0.055734872817993164,0.0866895318031311,0.0,0.0,0.0,0.0,4.0
data_055,1,0,0.5387076139450073,0.0,0.0,0.0,0.0866895318031311,0.0,0.0,0.0,0.0,4.0
data_055,0,0,0.7646075487136841,0.0,0.0,0.0,0.0,0.0,0.0,0.0,0.0,3.0
data_055,1,0,0.6201151013374329,0.0,0.0,0.0,0.0,0.0,0.0,0.0,0.0,3.0
data_055,0,0,0.6201211810112,0.0,0.0,0.0,0.0,0.0,0.0,0.0,0.0,3.0
data_056,0,1,,,,,,,,,,
data_056,0,1,,,,,,,,,,
data_056,1,1,,,,,,,,,,
data_056,0,0,0.7710610628128052,0.0,0.0,0.0,0.0,0.20614635944366455,0.5886524822695035,0.20614635944366455,0.4306033253669739,4.0
data_056,0,0,0.6891143918037415,0.0,0.0,0.0,0.0,0.0,0.0,0.11446225643157959,0.4306033253669739,4.0
data_056,0,0,0.7893862128257751,0.0,0.0,0.0,0.0,0.22445696592330933,0.5390070921985816,0.22445696592330933,0.4306033253669739,4.0
data_056,0,0,0.7194277048110962,0.0,0.0,0.0,0.0,0.0,0.0,0.23806315660476685,0.4306033253669739,4.0
data_056,0,0,0.5515013337135315,0.0,0.0,0.0,0.0,0.004169344902038574,0.5555555555555556,0.004169344902038574,0.004169344902038574,3.0
data_056,0,0,0.9598475098609924,0.0,0.0,0.0,0.0,0.0,0.0,0.0,0.004169344902038574,3.0
data_056,0,0,0.6743366122245789,0.0,0.0,0.0,0.0,0.0,0.0,0.0,0.004169344902038574,3.0
data_056,0,0,0.6666629910469055,0.0,0.0,0.0,0.0,0.0,0.0,0.0,0.034386515617370605,3.0
data_056,0,0,0.8833659291267395,0.0,0.0,0.0,0.0,0.0,0.0,0.034386515617370605,0.034386515617370605,3.0
data_056,0,0,0.720604419708252,0.0,0.0,0.0,0.0,0.034386515617370605,0.3558282208588957,0.034386515617370605,0.034386515617370605,3.0
data_056,0,0,0.42454421520233154,0.055107951164245605,0.7653061224489796,0.055107951164245605,0.055107951164245605,0.055107951164245605,0.7653061224489796,0.055107951164245605,0.055107951164245605,3.0
data_056,0,0,0.6273837685585022,0.0,0.0,0.0,0.055107951164245605,0.0,0.0,0.0,0.055107951164245605,3.0
data_056,0,0,0.6389334201812744,0.0,0.0,0.0,0.055107951164245605,0.0,0.0,0.0,0.055107951164245605,3.0
data_056,0,0,0.7915288209915161,0.0,0.0,0.0,0.06415379047393799,0.19773811101913452,0.58,0.19773811101913452,0.19773811101913452,3.0
data_056,0,0,0.7752121686935425,0.06415379047393799,0.34,0.06415379047393799,0.06415379047393799,0.0,0.0,0.0,0.19773811101913452,3.0
data_056,0,0,0.8669266104698181,0.0,0.0,0.06415379047393799,0.06415379047393799,0.0,0.0,0.19773811101913452,0.19773811101913452,3.0
data_057,0,0,0.6410112977027893,0.0,0.0,0.0,0.0,0.0,0.0,0.019672781229019165,0.019672781229019165,2.0
data_057,0,0,0.38562893867492676,0.0,0.0,0.0,0.0,0.019672781229019165,0.15,0.019672781229019165,0.019672781229019165,2.0
data_057,0,1,,,,,,,,,,
data_057,0,1,,,,,,,,,,
data_057,0,0,0.884122371673584,0.0,0.0,0.0,0.0,0.0,0.0,0.0,0.0,3.0
data_057,0,0,0.9255542755126953,0.0,0.0,0.0,0.0,0.0,0.0,0.0,0.0,3.0
data_057,0,0,0.7881151437759399,0.0,0.0,0.0,0.0,0.0,0.0,0.0,0.0,3.0
data_057,0,0,0.6112937331199646,0.01818162202835083,0.047619047619047616,0.06018334627151489,0.06018334627151489,0.02736985683441162,0.5,0.02736985683441162,0.02736985683441162,3.0
data_057,0,0,0.5236124992370605,0.04200172424316406,0.047619047619047616,0.06018334627151489,0.06018334627151489,0.0,0.0,0.0,0.02736985683441162,3.0
data_057,0,0,0.6214113831520081,0.0,0.0,0.0,0.06018334627151489,0.0,0.0,0.02736985683441162,0.02736985683441162,3.0
data_057,0,0,0.8420191407203674,0.0,0.0,0.0,0.0,0.0,0.0,0.0,0.0,3.0
data_057,1,0,0.5793637037277222,0.0,0.0,0.0,0.0,0.0,0.0,0.0,0.0,3.0
data_057,0,0,0.8399051427841187,0.0,0.0,0.0,0.0,0.0,0.0,0.0,0.0,3.0
data_057,0,0,0.6222348213195801,0.12274226546287537,0.8620689655172413,0.12274226546287537,0.12274226546287537,0.0,0.0,0.0,0.0,3.0
data_057,0,0,0.6289888024330139,0.0,0.0,0.12274226546287537,0.12274226546287537,0.0,0.0,0.0,0.0,3.0
data_057,0,0,0.634654700756073,0.0,0.0,0.0,0.12274226546287537,0.0,0.0,0.0,0.0,3.0
data_057,0,0,0.7617039680480957,0.07710397243499756,0.14,0.07710397243499756,0.07710397243499756,0.07710397243499756,0.14,0.07710397243499756,0.07710397243499756,2.0
data_057,0,0,0.847245991230011,0.0,0.0,0.07710397243499756,0.07710397243499756,0.0,0.0,0.07710397243499756,0.07710397243499756,2.0
data_057,1,0,0.7842201590538025,0.0,0.0,0.0,0.0,0.0,0.0,0.0004993081092834473,0.043045103549957275,3.0
data_057,0,0,0.7976669669151306,0.0,0.0,0.0,0.0,0.0,0.0,0.043045103549957275,0.043045103549957275,3.0
data_057,1,0,0.6905556321144104,0.0,0.0,0.0,0.0,0.043045103549957275,0.2857142857142857,0.043045103549957275,0.043045103549957275,3.0
data_057,0,0,0.6725395917892456,0.0,0.0,0.0,0.2039731740951538,0.03309345245361328,0.35294117647058826,0.03309345245361328,0.03309345245361328,3.0
data_057,0,0,0.7248681783676147,0.0,0.0,0.2039731740951538,0.2039731740951538,0.0,0.0,0.0,0.03309345245361328,3.0
data_057,0,0,0.8268684148788452,0.2039731740951538,0.23529411764705882,0.2039731740951538,0.2039731740951538,0.0,0.0,0.03309345245361328,0.03309345245361328,3.0
data_057,0,0,0.776663601398468,0.0,0.0,0.0,0.0,0.0,0.0,0.01882404088973999,0.10756731033325195,3.0
data_057,0,0,0.763883650302887,0.0,0.0,0.0,0.0,0.0,0.0,0.0,0.10756731033325195,3.0
data_057,0,0,0.5942512154579163,0.0,0.0,0.0,0.0,0.10756731033325195,0.24705882352941178,0.10756731033325195,0.10756731033325195,3.0
data_058,0,1,,,,,,,,,,
data_058,0,1,,,,,,,,,,
data_058,1,1,,,,,,,,,,
data_058,0,0,0.8800308704376221,0.0,0.0,0.0,0.11433732509613037,0.06380820274353027,0.09444444444444444,0.11106431484222412,0.5036084055900574,6.0
data_058,0,0,0.7482287883758545,0.0,0.0,0.0,0.11433732509613037,0.0,0.0,0.07813942432403564,0.5036084055900574,6.0
data_058,0,0,0.8433679342269897,0.0,0.0,0.0,0.11433732509613037,0.0,0.0,0.16867321729660034,0.5036084055900574,6.0
data_058,0,0,0.8177518844604492,0.0,0.0,0.06498479843139648,0.11433732509613037,0.24049949645996094,0.25,0.24049949645996094,0.5036084055900574,6.0
data_058,0,0,0.7488899827003479,0.11433732509613037,0.2388888888888889,0.11433732509613037,0.11433732509613037,0.04811018705368042,0.7722222222222223,0.04811018705368042,0.5036084055900574,6.0
data_058,0,0,0.6565289497375488,0.0,0.0,0.06622713804244995,0.11433732509613037,0.15119051933288574,0.5277777777777778,0.15119051933288574,0.5036084055900574,6.0
data_058,1,0,0.6156541705131531,0.0,0.0,0.09813928604125977,0.09813928604125977,0.0,0.0,0.0,0.09813928604125977,3.0
data_058,0,0,0.6791930198669434,0.09813928604125977,0.3333333333333333,0.09813928604125977,0.09813928604125977,0.09813928604125977,0.3333333333333333,0.09813928604125977,0.09813928604125977,3.0
data_058,1,0,0.5630323886871338,0.0,0.0,0.0,0.09813928604125977,0.0,0.0,0.0,0.09813928604125977,3.0
data_058,0,0,0.7883511781692505,0.0299646258354187,0.175,0.0299646258354187,0.06156778335571289,0.0,0.0,0.06538134813308716,0.06538134813308716,4.0
data_058,0,0,0.7542140483856201,0.0,0.0,0.0299646258354187,0.06156778335571289,0.0,0.0,0.014798879623413086,0.06538134813308716,4.0
data_058,0,0,0.7619233131408691,0.03160315752029419,0.475,0.03160315752029419,0.06156778335571289,0.0,0.0,0.0,0.06538134813308716,4.0
data_058,0,0,0.7013115882873535,0.0,0.0,0.03160315752029419,0.06156778335571289,0.06538134813308716,0.1375,0.06538134813308716,0.06538134813308716,4.0
data_058,0,0,0.8188744187355042,0.0,0.0,0.0,0.0,0.0,0.0,0.1037130355834961,0.1037130355834961,2.0
data_058,0,0,0.6299140453338623,0.0,0.0,0.0,0.0,0.1037130355834961,0.8085106382978723,0.1037130355834961,0.1037130355834961,2.0
data_058,0,0,0.7198589444160461,0.0,0.0,0.0,0.0,0.0,0.0,0.09239381551742554,0.2892943024635315,3.0
data_058,0,0,0.912467360496521,0.0,0.0,0.0,0.0,0.0,0.0,0.22781848907470703,0.2892943024635315,3.0
data_058,0,0,0.8056955337524414,0.0,0.0,0.0,0.0,0.2892943024635315,0.3613861386138614,0.2892943024635315,0.2892943024635315,3.0
data_059,0,1,,,,,,,,,,
data_059,0,1,,,,,,,,,,
data_059,0,1,,,,,,,,,,
data_059,0,0,0.729270339012146,0.0,0.0,0.0,5.5789947509765625e-05,0.0,0.0,0.0,5.5789947509765625e-05,3.0
data_059,0,0,0.8677379488945007,0.0,0.0,5.5789947509765625e-05,5.5789947509765625e-05,0.0,0.0,5.5789947509765625e-05,5.5789947509765625e-05,3.0
data_059,0,0,0.6585516929626465,5.5789947509765625e-05,0.3541666666666667,5.5789947509765625e-05,5.5789947509765625e-05,5.5789947509765625e-05,0.3541666666666667,5.5789947509765625e-05,5.5789947509765625e-05,3.0
data_059,0,0,0.7959235310554504,0.0,0.0,0.0,0.04774928092956543,0.0,0.0,0.2767565846443176,0.32450586557388306,3.0
data_059,0,0,0.8499649167060852,0.0,0.0,0.0,0.04774928092956543,0.32450586557388306,0.14035087719298245,0.32450586557388306,0.32450586557388306,3.0
data_059,0,0,0.6944111585617065,0.04774928092956543,0.5087719298245614,0.04774928092956543,0.04774928092956543,0.0,0.0,0.03879624605178833,0.32450586557388306,3.0
data_059,0,0,0.7279760837554932,0.0,0.0,0.0,0.0,0.0,0.0,0.0,0.0,3.0
data_059,0,0,0.45724400877952576,0.0,0.0,0.0,0.0,0.0,0.0,0.0,0.0,3.0
data_059,0,0,0.5862143635749817,0.0,0.0,0.0,0.0,0.0,0.0,0.0,0.0,3.0
data_059,0,0,0.7220990657806396,0.07487690448760986,0.6222222222222222,0.07487690448760986,0.07487690448760986,0.0,0.0,0.0,0.0,3.0
data_059,0,0,0.7964388728141785,0.0,0.0,0.07487690448760986,0.07487690448760986,0.0,0.0,0.0,0.0,3.0
data_059,0,0,0.6780195236206055,0.0,0.0,0.0,0.07487690448760986,0.0,0.0,0.0,0.0,3.0
data_059,0,0,0.5102434754371643,0.0,0.0,0.04826933145523071,0.09818744659423828,0.10267907381057739,0.49056603773584906,0.10267907381057739,0.15259718894958496,3.0
data_059,1,0,0.7854278683662415,0.09818744659423828,0.18867924528301888,0.09818744659423828,0.09818744659423828,0.04991811513900757,0.5094339622641509,0.04991811513900757,0.15259718894958496,3.0
data_059,0,0,0.7903729677200317,0.0,0.0,0.09818744659423828,0.09818744659423828,0.0,0.0,0.10267907381057739,0.15259718894958496,3.0
data_059,0,0,0.5672427415847778,0.010025203227996826,0.4067796610169492,0.010025203227996826,0.0879623293876648,0.010025203227996826,0.4067796610169492,0.010025203227996826,0.0879623293876648,3.0
data_059,0,0,0.667985200881958,0.07793712615966797,0.7288135593220338,0.07793712615966797,0.0879623293876648,0.07793712615966797,0.7288135593220338,0.07793712615966797,0.0879623293876648,3.0
data_059,0,0,0.7331214547157288,0.0,0.0,0.0879623293876648,0.0879623293876648,0.0,0.0,0.010025203227996826,0.0879623293876648,3.0
data_060,0,1,,,,,,,,,,
data_060,0,1,,,,,,,,,,
data_060,0,1,,,,,,,,,,
data_060,0,1,,,,,,,,,,
data_060,0,0,0.77833092212677,0.3403691053390503,0.021739130434782608,0.3403691053390503,0.3403691053390503,0.0,0.0,0.0,0.3454034924507141,4.0
data_060,0,0,0.9213871955871582,0.0,0.0,0.3403691053390503,0.3403691053390503,0.25107014179229736,0.6956521739130435,0.25107014179229736,0.3454034924507141,4.0
data_060,0,0,0.8202993273735046,0.0,0.0,0.0,0.3403691053390503,0.0,0.0,0.09433335065841675,0.3454034924507141,4.0
data_060,0,0,0.8401399850845337,0.0,0.0,0.0,0.3403691053390503,0.09433335065841675,0.08695652173913043,0.09433335065841675,0.3454034924507141,4.0
data_060,0,0,0.7682270407676697,0.0,0.0,0.0,0.0,0.0043656229972839355,0.27722772277227725,0.01978844404220581,0.01978844404220581,2.0
data_060,0,0,0.7736563086509705,0.0,0.0,0.0,0.0,0.015422821044921875,0.7722772277227723,0.01978844404220581,0.01978844404220581,2.0
data_060,0,0,0.7911399602890015,0.0,0.0,0.0,0.0,0.25154393911361694,0.6666666666666666,0.25154393911361694,0.3517129421234131,3.0
data_060,0,0,0.7727134823799133,0.0,0.0,0.0,0.0,0.0,0.0,0.1685665249824524,0.3517129421234131,3.0
data_060,0,0,0.7678471803665161,0.0,0.0,0.0,0.0,0.10016900300979614,0.5757575757575758,0.13321340084075928,0.3517129421234131,3.0
data_060,0,0,0.7079208493232727,0.0,0.0,0.0,0.0,0.08763742446899414,0.936,0.08763742446899414,0.08763742446899414,2.0
data_060,1,0,0.5948576927185059,0.0,0.0,0.0,0.0,0.0,0.0,0.08763742446899414,0.08763742446899414,2.0
data_060,1,0,0.8173844218254089,0.0,0.0,0.0,0.0,0.0,0.0,0.1759539246559143,0.1759539246559143,2.0
data_060,0,0,0.6002273559570312,0.0,0.0,0.0,0.0,0.1759539246559143,0.759493670886076,0.1759539246559143,0.1759539246559143,2.0
data_060,0,0,0.8124427795410156,0.0,0.0,0.0,0.0,0.02239084243774414,0.2978723404255319,0.07093846797943115,0.07093846797943115,2.0
data_060,0,0,0.7489032745361328,0.0,0.0,0.0,0.0,0.04854762554168701,0.3617021276595745,0.07093846797943115,0.07093846797943115,2.0
data_061,0,1,,,,,,,,,,
data_061,0,1,,,,,,,,,,
data_061,0,1,,,,,,,,,,
data_061,1,1,,,,,,,,,,
data_061,0,0,0.7997322678565979,0.058821916580200195,0.03669724770642202,0.058821916580200195,0.058821916580200195,0.13457363843917847,0.6697247706422018,0.13457363843917847,0.13457363843917847,4.0
data_061,0,0,0.9151089191436768,0.0,0.0,0.058821916580200195,0.058821916580200195,0.0,0.0,0.0,0.13457363843917847,4.0
data_061,0,0,0.8264987468719482,0.0,0.0,0.0,0.058821916580200195,0.0,0.0,0.0,0.13457363843917847,4.0
data_061,0,0,0.6509861946105957,0.0,0.0,0.0,0.058821916580200195,0.0,0.0,0.0,0.13457363843917847,4.0
data_061,0,0,0.6876358985900879,0.0,0.0,0.0,0.03010338544845581,0.0,0.0,0.0,0.017545104026794434,4.0
data_061,0,0,0.8184484243392944,0.0,0.0,0.017545104026794434,0.03010338544845581,0.0,0.0,0.017545104026794434,0.017545104026794434,4.0
data_061,0,0,0.7237542271614075,0.017545104026794434,0.17894736842105263,0.017545104026794434,0.03010338544845581,0.017545104026794434,0.17894736842105263,0.017545104026794434,0.017545104026794434,4.0
data_061,0,0,0.6590156555175781,0.012558281421661377,0.28421052631578947,0.012558281421661377,0.03010338544845581,0.0,0.0,0.0,0.017545104026794434,4.0
data_061,0,0,0.7269408702850342,0.0,0.0,0.0,0.028210043907165527,0.18103575706481934,0.7037037037037037,0.18103575706481934,0.2721809148788452,4.0
data_061,0,0,0.5845896601676941,0.028210043907165527,0.18518518518518517,0.028210043907165527,0.028210043907165527,0.0,0.0,0.0,0.2721809148788452,4.0
data_061,0,0,0.5120143294334412,0.0,0.0,0.028210043907165527,0.028210043907165527,0.0,0.0,0.0,0.2721809148788452,4.0
data_061,0,0,0.6574044227600098,0.0,0.0,0.0,0.028210043907165527,0.09114515781402588,0.3333333333333333,0.09114515781402588,0.2721809148788452,4.0
data_061,0,0,0.930524468421936,0.0,0.0,0.0,0.00751185417175293,0.0,0.0,0.0,0.12222510576248169,4.0
data_061,0,0,0.6040977835655212,0.00751185417175293,0.25,0.00751185417175293,0.00751185417175293,0.0,0.0,0.0,0.12222510576248169,4.0
data_061,0,0,0.8377795219421387,0.0,0.0,0.00751185417175293,0.00751185417175293,0.0,0.0,0.0,0.12222510576248169,4.0
data_061,0,0,0.8161764144897461,0.0,0.0,0.0,0.00751185417175293,0.12222510576248169,0.09375,0.12222510576248169,0.12222510576248169,4.0
data_062,0,1,,,,,,,,,,
data_062,0,1,,,,,,,,,,
data_062,0,1,,,,,,,,,,
data_062,0,0,0.7379401326179504,0.0,0.0,0.0,0.0933915376663208,0.3673534393310547,0.7538461538461538,0.3673534393310547,0.6198564171791077,4.0
data_062,1,0,0.677866518497467,0.0,0.0,0.0,0.0933915376663208,0.15911144018173218,0.2923076923076923,0.15911144018173218,0.6198564171791077,4.0
data_062,1,0,0.6428138017654419,0.0933915376663208,0.09230769230769231,0.0933915376663208,0.0933915376663208,0.0933915376663208,0.09230769230769231,0.0933915376663208,0.6198564171791077,4.0
data_062,0,0,0.9333164095878601,0.0,0.0,0.0933915376663208,0.0933915376663208,0.0,0.0,0.09659606218338013,0.6198564171791077,4.0
data_062,0,0,0.7439457178115845,0.0,0.0,0.0,0.0,0.15292125940322876,0.5203252032520326,0.17938709259033203,0.3238556385040283,4.0
data_062,0,0,0.645244836807251,0.0,0.0,0.0,0.0,0.0,0.0,0.0,0.3238556385040283,4.0
data_062,0,0,0.615731418132782,0.0,0.0,0.0,0.0,0.09962928295135498,0.21138211382113822,0.09962928295135498,0.3238556385040283,4.0
data_062,0,0,0.6132873892784119,0.0,0.0,0.0,0.0,0.07130509614944458,0.43902439024390244,0.12808477878570557,0.3238556385040283,4.0
data_062,0,0,0.9197626113891602,0.0,0.0,0.0,0.0,0.0,0.0,0.09826284646987915,0.1202651858329773,3.0
data_062,0,0,0.72939532995224,0.0,0.0,0.0,0.0,0.0,0.0,0.0,0.1202651858329773,3.0
data_062,0,0,0.7393696904182434,0.0,0.0,0.0,0.0,0.1202651858329773,0.13513513513513514,0.1202651858329773,0.1202651858329773,3.0
data_062,0,0,0.6588730812072754,0.0,0.0,0.0,0.06462353467941284,0.0,0.0,0.03337901830673218,0.03337901830673218,3.0
data_062,0,0,0.581813395023346,0.031244516372680664,0.23076923076923078,0.031244516372680664,0.06462353467941284,0.0,0.0,0.0,0.03337901830673218,3.0
data_062,1,0,0.5427875518798828,0.03337901830673218,0.5384615384615384,0.06462353467941284,0.06462353467941284,0.03337901830673218,0.5384615384615384,0.03337901830673218,0.03337901830673218,3.0
data_062,0,0,0.7107498049736023,0.0,0.0,0.0,0.0,0.09736520051956177,0.5641025641025641,0.09736520051956177,0.09736520051956177,3.0
data_062,0,0,0.877936840057373,0.0,0.0,0.0,0.0,0.0,0.0,0.0,0.09736520051956177,3.0
data_062,0,0,0.9035062193870544,0.0,0.0,0.0,0.0,0.0,0.0,0.0,0.09736520051956177,3.0
data_062,0,0,0.6916157007217407,0.0,0.0,0.0,0.0,0.0,0.0,0.0,0.10442745685577393,3.0
data_062,0,0,0.6060324907302856,0.0,0.0,0.0,0.0,0.0,0.0,0.10442745685577393,0.10442745685577393,3.0
data_062,0,0,0.6071648001670837,0.0,0.0,0.0,0.0,0.10442745685577393,0.15789473684210525,0.10442745685577393,0.10442745685577393,3.0
data_063,0,1,,,,,,,,,,
data_063,1,1,,,,,,,,,,
data_063,0,1,,,,,,,,,,
data_063,0,0,0.8502190709114075,0.0,0.0,0.0,0.0,0.22302031517028809,0.5428571428571428,0.22814738750457764,0.4956844449043274,4.0
data_063,0,0,0.8170719146728516,0.0,0.0,0.0,0.0,0.0,0.0,0.24348753690719604,0.4956844449043274,4.0
data_063,0,0,0.7277501225471497,0.0,0.0,0.0,0.0,0.06390941143035889,0.3142857142857143,0.25039345026016235,0.4956844449043274,4.0
data_063,0,0,0.7759451866149902,0.0,0.0,0.0,0.0,0.20875471830368042,0.24285714285714285,0.20875471830368042,0.4956844449043274,4.0
data_063,0,0,0.6690908074378967,0.08317685127258301,0.28346456692913385,0.08317685127258301,0.08317685127258301,0.0,0.0,0.019463539123535156,0.20604419708251953,3.0
data_063,0,0,0.7087046504020691,0.0,0.0,0.08317685127258301,0.08317685127258301,0.14686816930770874,0.7952755905511811,0.20604419708251953,0.20604419708251953,3.0
data_063,0,0,0.7135132551193237,0.0,0.0,0.0,0.08317685127258301,0.05917602777481079,0.29133858267716534,0.12286734580993652,0.20604419708251953,3.0
data_063,0,0,0.7620455622673035,0.0,0.0,0.0,0.04384046792984009,0.0,0.0,0.09559071063995361,0.1394311785697937,3.0
data_063,0,0,0.6807244420051575,0.0,0.0,0.04384046792984009,0.04384046792984009,0.1394311785697937,0.6531531531531531,0.1394311785697937,0.1394311785697937,3.0
data_063,0,0,0.6157407164573669,0.04384046792984009,0.44144144144144143,0.04384046792984009,0.04384046792984009,0.0,0.0,0.011117815971374512,0.1394311785697937,3.0
data_063,0,0,0.609483003616333,0.0,0.0,0.0,0.0,0.0,0.0,0.24832451343536377,0.24832451343536377,3.0
data_063,0,0,0.7637762427330017,0.0,0.0,0.0,0.0,0.0,0.0,0.05342668294906616,0.24832451343536377,3.0
data_063,0,0,0.8510016798973083,0.0,0.0,0.0,0.0,0.24832451343536377,0.5866666666666667,0.24832451343536377,0.24832451343536377,3.0
data_063,0,0,0.6563529372215271,0.0,0.0,0.028613507747650146,0.028613507747650146,0.0,0.0,0.13074156641960144,0.13074156641960144,3.0
data_063,1,0,0.5666828751564026,0.028613507747650146,0.025974025974025976,0.028613507747650146,0.028613507747650146,0.0,0.0,0.03905123472213745,0.13074156641960144,3.0
data_063,1,0,0.5480852127075195,0.0,0.0,0.0,0.028613507747650146,0.13074156641960144,0.012987012987012988,0.13074156641960144,0.13074156641960144,3.0
data_064,0,1,,,,,,,,,,
data_064,0,1,,,,,,,,,,
data_064,1,1,,,,,,,,,,
data_064,0,1,,,,,,,,,,
data_064,0,0,0.9898855686187744,0.0,0.0,0.0,0.03542810678482056,0.0,0.0,0.21174770593643188,0.24717581272125244,3.0
data_064,0,0,0.8609813451766968,0.0,0.0,0.03542810678482056,0.03542810678482056,0.24717581272125244,0.4411764705882353,0.24717581272125244,0.24717581272125244,3.0
data_064,0,0,0.7830955982208252,0.03542810678482056,0.14705882352941177,0.03542810678482056,0.03542810678482056,0.0,0.0,0.0,0.24717581272125244,3.0
data_064,0,0,0.7226571440696716,0.0,0.0,0.0,0.0,0.07407224178314209,0.15853658536585366,0.07407224178314209,0.07407224178314209,3.0
data_064,0,0,0.7850646376609802,0.0,0.0,0.0,0.0,0.0,0.0,0.07407224178314209,0.07407224178314209,3.0
data_064,1,0,0.819586455821991,0.0,0.0,0.0,0.0,0.0,0.0,0.0,0.07407224178314209,3.0
data_064,0,0,0.6227105259895325,0.0,0.0,0.0,0.0,0.0,0.0,0.0,0.0,2.0
data_064,0,0,0.7557294964790344,0.0,0.0,0.0,0.0,0.0,0.0,0.0,0.0,2.0
data_064,0,0,0.8539882898330688,0.0,0.0,0.0,0.0,0.2292919158935547,0.9,0.2292919158935547,0.2292919158935547,2.0
data_064,0,0,0.7177978754043579,0.0,0.0,0.0,0.0,0.0,0.0,0.2292919158935547,0.2292919158935547,2.0
data_064,0,0,0.9322327971458435,0.0,0.0,0.0,0.0,0.0,0.0,0.0,0.0,2.0
data_064,0,0,0.7792118191719055,0.0,0.0,0.0,0.0,0.0,0.0,0.0,0.0,2.0
data_064,0,0,0.6094909906387329,0.0,0.0,0.0,0.0,0.0,0.0,0.0,0.0,2.0
data_064,1,0,0.4155041575431824,0.0,0.0,0.0,0.0,0.0,0.0,0.0,0.0,2.0
data_064,0,0,0.7030963897705078,0.0,0.0,0.0,0.0,0.0,0.0,0.0,0.0,2.0
data_064,0,0,0.6548201441764832,0.0,0.0,0.0,0.0,0.0,0.0,0.0,0.0,2.0
data_064,0,0,0.606450617313385,0.008624017238616943,0.22727272727272727,0.008624017238616943,0.008624017238616943,0.008624017238616943,0.22727272727272727,0.008624017238616943,0.008624017238616943,2.0
data_064,0,0,0.8193296790122986,0.0,0.0,0.008624017238616943,0.008624017238616943,0.0,0.0,0.008624017238616943,0.008624017238616943,2.0
data_065,0,1,,,,,,,,,,
data_065,0,1,,,,,,,,,,
data_065,0,1,,,,,,,,,,
data_065,0,0,0.5886293053627014,0.08260327577590942,0.5849056603773585,0.08260327577590942,0.08260327577590942,0.0,0.0,0.0,0.023098230361938477,3.0
data_065,1,0,0.547722339630127,0.0,0.0,0.026243925094604492,0.08260327577590942,0.0,0.0,0.023098230361938477,0.023098230361938477,3.0
data_065,0,0,0.42866209149360657,0.0,0.0,0.03178146481513977,0.08260327577590942,0.023098230361938477,0.2641509433962264,0.023098230361938477,0.023098230361938477,3.0
data_065,0,1,,,,,,,,,,
data_065,0,1,,,,,,,,,,
data_065,1,1,,,,,,,,,,
data_065,0,0,0.5946349501609802,0.0,0.0,0.07701718807220459,0.07701718807220459,0.0,0.0,0.07701718807220459,0.07701718807220459,2.0
data_065,1,0,0.6610778570175171,0.07701718807220459,0.648936170212766,0.07701718807220459,0.07701718807220459,0.07701718807220459,0.648936170212766,0.07701718807220459,0.07701718807220459,2.0
data_065,0,0,0.6742495894432068,0.0,0.0,0.0,0.0,0.0,0.0,0.0,0.19242340326309204,3.0
data_065,0,0,0.8114561438560486,0.0,0.0,0.0,0.0,0.0,0.0,0.19242340326309204,0.19242340326309204,3.0
data_065,1,0,0.7187404036521912,0.0,0.0,0.0,0.0,0.19242340326309204,0.18421052631578946,0.19242340326309204,0.19242340326309204,3.0
data_065,0,0,0.764636218547821,0.0,0.0,0.0,0.0,0.2532671093940735,0.21951219512195122,0.2532671093940735,0.2532671093940735,2.0
data_065,0,0,0.7879845499992371,0.0,0.0,0.0,0.0,0.0,0.0,0.2532671093940735,0.2532671093940735,2.0
data_065,1,0,0.6859808564186096,0.0,0.0,0.06330519914627075,0.06330519914627075,0.0,0.0,0.06330519914627075,0.06330519914627075,2.0
data_065,0,0,0.7264506220817566,0.06330519914627075,0.25301204819277107,0.06330519914627075,0.06330519914627075,0.06330519914627075,0.25301204819277107,0.06330519914627075,0.06330519914627075,2.0
data_065,1,0,0.6911343932151794,0.028545379638671875,0.40425531914893614,0.028545379638671875,0.028545379638671875,0.028545379638671875,0.40425531914893614,0.028545379638671875,0.028545379638671875,2.0
data_065,1,0,0.6447048187255859,0.0,0.0,0.028545379638671875,0.028545379638671875,0.0,0.0,0.028545379638671875,0.028545379638671875,2.0
data_066,0,1,,,,,,,,,,
data_066,0,1,,,,,,,,,,
data_066,0,1,,,,,,,,,,
data_066,1,1,,,,,,,,,,
data_066,1,1,,,,,,,,,,
data_066,0,0,0.6253795623779297,0.0,0.0,0.0,0.14638078212738037,0.0,0.0,0.05014079809188843,0.2440294623374939,4.0
data_066,0,0,0.6848155856132507,0.0,0.0,0.14638078212738037,0.14638078212738037,0.0,0.0,0.14638078212738037,0.2440294623374939,4.0
data_066,1,0,0.7398569583892822,0.14638078212738037,0.2702702702702703,0.14638078212738037,0.14638078212738037,0.14638078212738037,0.2702702702702703,0.14638078212738037,0.2440294623374939,4.0
data_066,1,0,0.6551814675331116,0.0,0.0,0.0,0.14638078212738037,0.09764868021011353,0.4864864864864865,0.09764868021011353,0.2440294623374939,4.0
data_066,0,0,0.7034670114517212,0.07322573661804199,0.5822784810126582,0.07322573661804199,0.24555093050003052,0.0,0.0,0.0,0.17232519388198853,4.0
data_066,0,0,0.6288936734199524,0.0,0.0,0.048393964767456055,0.24555093050003052,0.0,0.0,0.048393964767456055,0.17232519388198853,4.0
data_066,1,0,0.7482771873474121,0.17232519388198853,0.4050632911392405,0.17232519388198853,0.24555093050003052,0.17232519388198853,0.4050632911392405,0.17232519388198853,0.17232519388198853,4.0
data_066,0,0,0.771949052810669,0.0,0.0,0.17232519388198853,0.24555093050003052,0.0,0.0,0.17232519388198853,0.17232519388198853,4.0
data_066,0,0,0.6602092981338501,0.053054749965667725,0.5714285714285714,0.053054749965667725,0.053054749965667725,0.053054749965667725,0.5714285714285714,0.053054749965667725,0.053054749965667725,2.0
data_066,0,0,0.6033233404159546,0.0,0.0,0.053054749965667725,0.053054749965667725,0.0,0.0,0.053054749965667725,0.053054749965667725,2.0
data_066,1,0,0.7235791683197021,0.0,0.0,0.030774712562561035,0.030774712562561035,0.0,0.0,0.0,0.0,2.0
data_066,1,0,0.5576165914535522,0.030774712562561035,0.4513888888888889,0.030774712562561035,0.030774712562561035,0.0,0.0,0.0,0.0,2.0
data_066,0,0,0.8541760444641113,0.0,0.0,0.0,0.042000412940979004,0.0,0.0,0.07098150253295898,0.1426277756690979,4.0
data_066,0,0,0.6901715993881226,0.0,0.0,0.0,0.042000412940979004,0.0,0.0,0.0,0.1426277756690979,4.0
data_066,1,0,0.6093258261680603,0.042000412940979004,0.668141592920354,0.042000412940979004,0.042000412940979004,0.0,0.0,0.0,0.1426277756690979,4.0
data_066,0,0,0.6342126131057739,0.0,0.0,0.042000412940979004,0.042000412940979004,0.1426277756690979,0.336283185840708,0.1426277756690979,0.1426277756690979,4.0
data_067,0,1,,,,,,,,,,
data_067,0,1,,,,,,,,,,
data_067,0,1,,,,,,,,,,
data_067,0,1,,,,,,,,,,
data_067,0,0,0.7702410221099854,0.0,0.0,0.0,0.0,0.23738056421279907,0.16666666666666666,0.23738056421279907,0.4568023085594177,5.0
data_067,0,0,0.7442039251327515,0.0,0.0,0.0,0.0,0.0,0.0,0.0591275691986084,0.4568023085594177,5.0
data_067,0,0,0.7218343019485474,0.0,0.0,0.0,0.0,0.0,0.0,0.17590278387069702,0.4568023085594177,5.0
data_067,0,0,0.7774790525436401,0.0,0.0,0.0,0.0,0.0,0.0,0.23738056421279907,0.4568023085594177,5.0
data_067,0,0,0.8153674602508545,0.0,0.0,0.0,0.0,0.21942174434661865,0.1875,0.21942174434661865,0.4568023085594177,5.0
data_067,0,0,0.5768253207206726,0.0,0.0,0.0,0.0,0.013227522373199463,0.68,0.013227522373199463,0.17373430728912354,4.0
data_067,0,0,0.557267427444458,0.0,0.0,0.0,0.0,0.0,0.0,0.0,0.17373430728912354,4.0
data_067,0,0,0.7026481032371521,0.0,0.0,0.0,0.0,0.16050678491592407,0.44,0.16050678491592407,0.17373430728912354,4.0
data_067,0,0,0.6489827632904053,0.0,0.0,0.0,0.0,0.0,0.0,0.16050678491592407,0.17373430728912354,4.0
data_067,0,0,0.6153470277786255,0.004483699798583984,0.08823529411764706,0.004483699798583984,0.004483699798583984,0.0,0.0,0.012392103672027588,0.012392103672027588,3.0
data_067,0,0,0.5296986103057861,0.0,0.0,0.004483699798583984,0.004483699798583984,0.0,0.0,0.0,0.012392103672027588,3.0
data_067,0,0,0.5426483750343323,0.0,0.0,0.0,0.004483699798583984,0.012392103672027588,0.23529411764705882,0.012392103672027588,0.012392103672027588,3.0
data_067,0,0,0.6780926585197449,0.0,0.0,0.012570172548294067,0.012570172548294067,0.0,0.0,0.0,0.0,2.0
data_067,1,0,0.45303428173065186,0.012570172548294067,0.42857142857142855,0.012570172548294067,0.012570172548294067,0.0,0.0,0.0,0.0,2.0
data_067,0,0,0.6925376653671265,0.0,0.0,0.0,0.0,0.0,0.0,0.0,0.0,3.0
data_067,0,0,0.8161669969558716,0.0,0.0,0.0,0.0,0.0,0.0,0.0,0.0,3.0
data_067,0,0,0.8150277733802795,0.0,0.0,0.0,0.0,0.0,0.0,0.0,0.0,3.0
data_068,0,1,,,,,,,,,,
data_068,0,1,,,,,,,,,,
data_068,0,0,0.825348436832428,0.023009538650512695,0.19852941176470587,0.023009538650512695,0.023009538650512695,0.15286588668823242,0.15441176470588236,0.16837072372436523,0.3725634813308716,5.0
data_068,0,0,0.8409262299537659,0.0,0.0,0.0,0.023009538650512695,0.16651654243469238,0.21323529411764705,0.16651654243469238,0.3725634813308716,5.0
data_068,0,0,0.9924117922782898,0.0,0.0,0.0,0.023009538650512695,0.0,0.0,0.16651654243469238,0.3725634813308716,5.0
data_068,0,0,0.6436823606491089,0.0,0.0,0.0,0.023009538650512695,0.0,0.0,0.0,0.3725634813308716,5.0
data_068,0,0,0.7916818261146545,0.0,0.0,0.0,0.023009538650512695,0.05318105220794678,0.19117647058823528,0.09993338584899902,0.3725634813308716,5.0
data_068,0,0,0.7061190605163574,0.0,0.0,0.0,0.0,0.0,0.0,0.0,0.0,3.0
data_068,0,0,0.7818379998207092,0.0,0.0,0.0,0.0,0.0,0.0,0.0,0.0,3.0
data_068,0,0,0.789306104183197,0.0,0.0,0.0,0.0,0.0,0.0,0.0,0.0,3.0
data_068,0,0,0.6871470808982849,0.0015023350715637207,0.574468085106383,0.0015023350715637207,0.0015023350715637207,0.09357267618179321,0.2553191489361702,0.09357267618179321,0.09357267618179321,3.0
data_068,0,0,0.8876085877418518,0.0,0.0,0.0,0.0015023350715637207,0.0,0.0,0.09207034111022949,0.09357267618179321,3.0
data_068,1,0,0.6884231567382812,0.0,0.0,0.0,0.0015023350715637207,0.0,0.0,0.09357267618179321,0.09357267618179321,3.0
data_068,0,0,0.7972645163536072,0.0,0.0,0.0,0.0,0.07660132646560669,0.5283018867924528,0.07660132646560669,0.07660132646560669,3.0
data_068,0,0,0.8391327857971191,0.0,0.0,0.0,0.0,0.0,0.0,0.0,0.07660132646560669,3.0
data_068,0,0,0.740967869758606,0.0,0.0,0.0,0.0,0.0,0.0,0.0,0.07660132646560669,3.0
data_068,1,0,0.6563023924827576,0.021856486797332764,0.5120481927710844,0.021856486797332764,0.1377044916152954,0.021904587745666504,0.09036144578313253,0.021904587745666504,0.13775259256362915,3.0
data_068,0,0,0.6965942978858948,0.11584800481796265,0.2469879518072289,0.11584800481796265,0.1377044916152954,0.11584800481796265,0.2469879518072289,0.11589610576629639,0.13775259256362915,3.0
data_068,0,0,0.8743410110473633,0.0,0.0,0.1377044916152954,0.1377044916152954,0.0,0.0,0.13775259256362915,0.13775259256362915,3.0
data_068,0,0,0.9033403396606445,0.0,0.0,0.0,0.0,0.0,0.0,0.19094082713127136,0.19094082713127136,3.0
data_068,0,0,0.6865090131759644,0.0,0.0,0.0,0.0,0.19094082713127136,0.2898550724637681,0.19094082713127136,0.19094082713127136,3.0
data_068,0,0,0.6595699787139893,0.0,0.0,0.0,0.0,0.0,0.0,0.0,0.19094082713127136,3.0
data_068,0,0,0.957805871963501,0.0,0.0,0.0,0.0,0.0,0.0,0.16706129908561707,0.16706129908561707,2.0
data_068,0,0,0.6240326166152954,0.0,0.0,0.0,0.0,0.16706129908561707,0.5,0.16706129908561707,0.16706129908561707,2.0
data_069,0,1,,,,,,,,,,
data_069,0,1,,,,,,,,,,
data_069,0,1,,,,,,,,,,
data_069,0,0,0.7422242760658264,0.0,0.0,0.0,0.04193854331970215,0.0,0.0,0.0,0.18849468231201172,4.0
data_069,1,0,0.7410861253738403,0.0,0.0,0.04193854331970215,0.04193854331970215,0.0,0.0,0.0,0.18849468231201172,4.0
data_069,0,0,0.823152482509613,0.04193854331970215,0.4423076923076923,0.04193854331970215,0.04193854331970215,0.04193854331970215,0.4423076923076923,0.04193854331970215,0.18849468231201172,4.0
data_069,0,0,0.8029724955558777,0.0,0.0,0.0,0.04193854331970215,0.14655613899230957,0.5384615384615384,0.14655613899230957,0.18849468231201172,4.0
data_069,0,0,0.8979121446609497,0.09946084022521973,0.10344827586206896,0.09946084022521973,0.09946084022521973,0.0693698525428772,0.4482758620689655,0.17277830839157104,0.17277830839157104,3.0
data_069,0,0,0.8930538892745972,0.0,0.0,0.09946084022521973,0.09946084022521973,0.0,0.0,0.057287633419036865,0.17277830839157104,3.0
data_069,0,0,0.8006348013877869,0.0,0.0,0.0,0.09946084022521973,0.10340845584869385,0.3793103448275862,0.17277830839157104,0.17277830839157104,3.0
data_069,0,0,0.8067010045051575,0.0,0.0,0.0,0.11170193552970886,0.1051100492477417,0.5625,0.1051100492477417,0.1051100492477417,3.0
data_069,0,0,0.5342540740966797,0.09585562348365784,0.225,0.11170193552970886,0.11170193552970886,0.0,0.0,0.0,0.1051100492477417,3.0
data_069,0,0,0.7448195815086365,0.015846312046051025,0.0125,0.11170193552970886,0.11170193552970886,0.0,0.0,0.1051100492477417,0.1051100492477417,3.0
data_069,0,0,0.6684308648109436,0.0,0.0,0.0,0.0692937970161438,0.0,0.0,0.06527209281921387,0.06527209281921387,3.0
data_069,0,0,0.7393743991851807,0.0,0.0,0.0692937970161438,0.0692937970161438,0.0,0.0,0.0,0.06527209281921387,3.0
data_069,0,0,0.6014914512634277,0.0692937970161438,0.4594594594594595,0.0692937970161438,0.0692937970161438,0.06527209281921387,0.08108108108108109,0.06527209281921387,0.06527209281921387,3.0
data_069,0,0,0.8687540292739868,0.0,0.0,0.0,0.004785597324371338,0.0,0.0,0.0,0.0,3.0
data_069,0,0,0.7405441403388977,0.0,0.0,0.004785597324371338,0.004785597324371338,0.0,0.0,0.0,0.0,3.0
data_069,0,0,0.6923845410346985,0.004785597324371338,0.5128205128205128,0.004785597324371338,0.004785597324371338,0.0,0.0,0.0,0.0,3.0
data_069,0,0,0.6548600792884827,0.0,0.0,0.0,0.030960440635681152,0.0,0.0,0.0025077462196350098,0.0025077462196350098,3.0
data_069,0,0,0.7736073732376099,0.0,0.0,0.030960440635681152,0.030960440635681152,0.0,0.0,0.0,0.0025077462196350098,3.0
data_069,0,0,0.5985226035118103,0.030960440635681152,0.2916666666666667,0.030960440635681152,0.030960440635681152,0.0025077462196350098,0.08333333333333333,0.0025077462196350098,0.0025077462196350098,3.0
data_070,0,0,0.40899115800857544,0.0,0.0,0.0,0.0,0.006728708744049072,1.0,0.006728708744049072,0.006728708744049072,3.0
data_070,0,0,0.17070452868938446,0.0,0.0,0.0,0.0,0.0,0.0,0.0,0.006728708744049072,3.0
data_070,0,0,0.18529753386974335,0.0,0.0,0.0,0.0,0.0,0.0,0.006728708744049072,0.006728708744049072,3.0
data_070,0,1,,,,,,,,,,
data_070,0,1,,,,,,,,,,
data_070,1,1,,,,,,,,,,
data_070,0,0,0.6534176468849182,0.0,0.0,0.0,0.0,0.01925945281982422,0.6,0.01925945281982422,0.01925945281982422,3.0
data_070,0,0,0.7071661353111267,0.0,0.0,0.0,0.0,0.0,0.0,0.0,0.01925945281982422,3.0
data_070,0,0,0.6908596754074097,0.0,0.0,0.0,0.0,0.0,0.0,0.0,0.01925945281982422,3.0
data_070,0,0,0.699287474155426,0.029256820678710938,0.7164179104477612,0.029256820678710938,0.029256820678710938,0.10842162370681763,0.6567164179104478,0.10842162370681763,0.10842162370681763,3.0
data_070,0,0,0.8492134809494019,0.0,0.0,0.0,0.029256820678710938,0.0,0.0,0.07916480302810669,0.10842162370681763,3.0
data_070,0,0,0.9634320139884949,0.0,0.0,0.0,0.029256820678710938,0.0,0.0,0.10842162370681763,0.10842162370681763,3.0
data_070,0,0,0.6637986898422241,0.0,0.0,0.0,0.12571364641189575,0.0,0.0,0.0,0.0,3.0
data_070,0,0,0.7755230665206909,0.0,0.0,0.12571364641189575,0.12571364641189575,0.0,0.0,0.0,0.0,3.0
data_070,0,0,0.6559990644454956,0.12571364641189575,0.28888888888888886,0.12571364641189575,0.12571364641189575,0.0,0.0,0.0,0.0,3.0
data_070,0,0,0.6550536751747131,0.0,0.0,0.0,0.0,0.0,0.0,0.012089073657989502,0.24323004484176636,3.0
data_070,0,0,0.807470977306366,0.0,0.0,0.0,0.0,0.0,0.0,0.003937423229217529,0.24323004484176636,3.0
data_070,0,0,0.8596963882446289,0.0,0.0,0.0,0.0,0.24323004484176636,0.9259259259259259,0.24323004484176636,0.24323004484176636,3.0
data_070,0,0,0.6910252571105957,0.0,0.0,0.0,0.0,0.0,0.0,0.06916758418083191,0.19583067297935486,3.0
data_070,0,0,0.7635970711708069,0.0,0.0,0.0,0.0,0.028072476387023926,0.23880597014925373,0.028072476387023926,0.19583067297935486,3.0
data_070,0,0,0.6419013738632202,0.0,0.0,0.0,0.0,0.16775819659233093,0.4925373134328358,0.16775819659233093,0.19583067297935486,3.0
data_071,0,1,,,,,,,,,,
data_071,0,1,,,,,,,,,,
data_071,0,1,,,,,,,,,,
data_071,0,1,,,,,,,,,,
data_071,0,0,0.8117075562477112,0.0,0.0,0.0,0.17932462692260742,0.0,0.0,0.2096889317035675,0.5054522454738617,4.0
data_071,0,0,0.8715898990631104,0.0,0.0,0.17932462692260742,0.17932462692260742,0.0,0.0,0.0,0.5054522454738617,4.0
data_071,0,0,0.692280113697052,0.17932462692260742,0.3333333333333333,0.17932462692260742,0.17932462692260742,0.11413842439651489,0.20833333333333334,0.11413842439651489,0.5054522454738617,4.0
data_071,0,0,0.7996050715446472,0.0,0.0,0.06361645460128784,0.17932462692260742,0.3913138210773468,0.6666666666666666,0.3913138210773468,0.5054522454738617,4.0
data_071,0,0,0.6628759503364563,0.024331271648406982,0.14655172413793102,0.05643022060394287,0.05643022060394287,0.024331271648406982,0.14655172413793102,0.024331271648406982,0.024331271648406982,4.0
data_071,1,0,0.6737425327301025,0.03209894895553589,0.10344827586206896,0.03209894895553589,0.05643022060394287,0.0,0.0,0.0,0.024331271648406982,4.0
data_071,0,0,0.8292095065116882,0.0,0.0,0.0,0.05643022060394287,0.0,0.0,0.024331271648406982,0.024331271648406982,4.0
data_071,0,0,0.784614622592926,0.0,0.0,0.0,0.05643022060394287,0.0,0.0,0.0,0.024331271648406982,4.0
data_071,0,0,0.6405911445617676,0.0,0.0,0.0,0.24446040391921997,0.0,0.0,0.04517519474029541,0.2896355986595154,4.0
data_071,0,0,0.6669239401817322,0.24446040391921997,0.046511627906976744,0.24446040391921997,0.24446040391921997,0.2896355986595154,0.3023255813953488,0.2896355986595154,0.2896355986595154,4.0
data_071,0,0,0.7757646441459656,0.0,0.0,0.24446040391921997,0.24446040391921997,0.0,0.0,0.1959601640701294,0.2896355986595154,4.0
data_071,0,0,0.6352584958076477,0.0,0.0,0.022829711437225342,0.24446040391921997,0.0,0.0,0.0,0.2896355986595154,4.0
data_071,0,0,0.7041885256767273,0.05469560623168945,0.5828571428571429,0.05469560623168945,0.05469560623168945,0.0,0.0,0.10270726680755615,0.2354317307472229,4.0
data_071,0,0,0.8380849361419678,0.0,0.0,0.0,0.05469560623168945,0.13272446393966675,0.3657142857142857,0.19280165433883667,0.2354317307472229,4.0
data_071,0,0,0.764775812625885,0.0,0.0,0.0,0.05469560623168945,0.0,0.0,0.19280165433883667,0.2354317307472229,4.0
data_071,0,0,0.6964128613471985,0.0,0.0,0.0,0.05469560623168945,0.10270726680755615,0.33714285714285713,0.10270726680755615,0.2354317307472229,4.0
data_072,0,1,,,,,,,,,,
data_072,0,1,,,,,,,,,,
data_072,0,1,,,,,,,,,,
data_072,0,0,0.8159148097038269,0.0,0.0,0.0,0.0,0.22860121726989746,0.4791666666666667,0.22860121726989746,0.40845251083374023,4.0
data_072,0,0,0.8458797931671143,0.0,0.0,0.0,0.0,0.0,0.0,0.0,0.40845251083374023,4.0
data_072,0,0,0.8327605724334717,0.0,0.0,0.0,0.0,0.17985129356384277,0.3333333333333333,0.17985129356384277,0.40845251083374023,4.0
data_072,0,0,0.712855339050293,0.0,0.0,0.0,0.0,0.0,0.0,0.19058918952941895,0.40845251083374023,4.0
data_072,0,0,0.8952888250350952,0.0,0.0,0.0,0.0,0.4549548923969269,0.5138888888888888,0.4549548923969269,0.4549548923969269,3.0
data_072,0,0,0.7968113422393799,0.0,0.0,0.0,0.0,0.0,0.0,0.1357586681842804,0.4549548923969269,3.0
data_072,0,0,0.6581693887710571,0.0,0.0,0.0,0.0,0.0,0.0,0.19887837767601013,0.4549548923969269,3.0
data_072,0,0,0.838742196559906,0.0,0.0,0.0,0.0,0.21380650997161865,0.20754716981132076,0.21380650997161865,0.21380650997161865,4.0
data_072,0,0,0.7953212261199951,0.0,0.0,0.0,0.0,0.0,0.0,0.0,0.21380650997161865,4.0
data_072,0,0,0.7980294227600098,0.0,0.0,0.0,0.0,0.0,0.0,0.0,0.21380650997161865,4.0
data_072,0,0,0.8390748500823975,0.0,0.0,0.0,0.0,0.0,0.0,0.03420853614807129,0.21380650997161865,4.0
data_072,0,0,0.6516559720039368,0.08747071027755737,0.21428571428571427,0.08747071027755737,0.08747071027755737,0.05801200866699219,0.42857142857142855,0.05801200866699219,0.05801200866699219,3.0
data_072,0,0,0.7582901120185852,0.0,0.0,0.08747071027755737,0.08747071027755737,0.0,0.0,0.0,0.05801200866699219,3.0
data_072,0,0,0.6711866855621338,0.0,0.0,0.0,0.08747071027755737,0.0,0.0,0.05801200866699219,0.05801200866699219,3.0
data_072,0,0,0.9636520743370056,0.0,0.0,0.0,0.0,0.0,0.0,0.122744619846344,0.2382436990737915,3.0
data_072,0,0,0.7756617069244385,0.0,0.0,0.0,0.0,0.0,0.0,0.008509159088134766,0.2382436990737915,3.0
data_072,0,0,0.7564544081687927,0.0,0.0,0.0,0.0,0.2382436990737915,0.45054945054945056,0.2382436990737915,0.2382436990737915,3.0
data_072,0,0,0.8018501996994019,0.0,0.0,0.0,0.0,0.3211964964866638,0.2391304347826087,0.3211964964866638,0.3211964964866638,3.0
data_072,0,0,0.8824061751365662,0.0,0.0,0.0,0.0,0.0,0.0,0.1283777356147766,0.3211964964866638,3.0
data_072,0,0,0.7327264547348022,0.0,0.0,0.0,0.0,0.0,0.0,0.0,0.3211964964866638,3.0
data_073,0,1,,,,,,,,,,
data_073,1,1,,,,,,,,,,
data_073,1,0,0.7382579445838928,0.0,0.0,0.0,0.0,0.0,0.0,0.0,0.0,3.0
data_073,0,0,0.7800639271736145,0.0,0.0,0.0,0.0,0.0,0.0,0.0,0.0,3.0
data_073,0,0,0.6749078631401062,0.0,0.0,0.0,0.0,0.0,0.0,0.0,0.0,3.0
data_073,0,0,0.5884296894073486,0.23405474424362183,0.14285714285714285,0.23405474424362183,0.23405474424362183,0.0,0.0,0.25793689489364624,0.32324928045272827,3.0
data_073,0,0,0.8412519693374634,0.0,0.0,0.23405474424362183,0.23405474424362183,0.25793689489364624,0.46938775510204084,0.25793689489364624,0.32324928045272827,3.0
data_073,0,0,0.7061414122581482,0.0,0.0,0.0,0.23405474424362183,0.06531238555908203,0.14285714285714285,0.08919453620910645,0.32324928045272827,3.0
data_073,0,0,0.4207528233528137,0.02611425518989563,0.95,0.02611425518989563,0.02611425518989563,0.0,0.0,0.0,0.0,3.0
data_073,0,0,0.8073530793190002,0.0,0.0,0.02611425518989563,0.02611425518989563,0.0,0.0,0.0,0.0,3.0
data_073,0,0,0.8332198262214661,0.0,0.0,0.0,0.02611425518989563,0.0,0.0,0.0,0.0,3.0
data_073,0,0,0.8239220380783081,0.0,0.0,0.0,0.005352497100830078,0.0,0.0,0.0,0.005352497100830078,3.0
data_073,0,0,0.7681044936180115,0.005352497100830078,0.39603960396039606,0.005352497100830078,0.005352497100830078,0.005352497100830078,0.39603960396039606,0.005352497100830078,0.005352497100830078,3.0
data_073,0,0,0.7025642395019531,0.0,0.0,0.005352497100830078,0.005352497100830078,0.0,0.0,0.005352497100830078,0.005352497100830078,3.0
data_073,0,0,0.8128852248191833,0.0,0.0,0.0,0.0,0.0,0.0,0.0,0.0,3.0
data_073,0,0,0.6864636540412903,0.0,0.0,0.0,0.0,0.0,0.0,0.0,0.0,3.0
data_073,0,0,0.6849956512451172,0.0,0.0,0.0,0.0,0.0,0.0,0.0,0.0,3.0
data_073,0,0,0.6724367737770081,0.007479369640350342,0.8267716535433071,0.007479369640350342,0.029839277267456055,0.006675899028778076,0.5669291338582677,0.006675899028778076,0.02903580665588379,3.0
data_073,0,0,0.7098714709281921,0.022359907627105713,0.4645669291338583,0.02316337823867798,0.029839277267456055,0.022359907627105713,0.4645669291338583,0.022359907627105713,0.02903580665588379,3.0
data_073,0,0,0.8176664113998413,0.0,0.0,0.02316337823867798,0.029839277267456055,0.0,0.0,0.02903580665588379,0.02903580665588379,3.0
data_073,0,0,0.8299043774604797,0.0,0.0,0.0,0.12544605135917664,0.0,0.0,0.0,0.12544605135917664,3.0
data_073,0,0,0.7412360310554504,0.0,0.0,0.0,0.12544605135917664,0.0,0.0,0.0,0.12544605135917664,3.0
data_073,1,0,0.5316266417503357,0.12544605135917664,0.5476190476190477,0.12544605135917664,0.12544605135917664,0.12544605135917664,0.5476190476190477,0.12544605135917664,0.12544605135917664,3.0
data_074,0,1,,,,,,,,,,
data_074,1,1,,,,,,,,,,
data_074,0,0,0.5892877578735352,0.0,0.0,0.0,0.05973851680755615,0.11340227723121643,0.4864864864864865,0.11340227723121643,0.25139716267585754,5.0
data_074,0,0,0.6317733526229858,0.0,0.0,0.0,0.05973851680755615,0.0,0.0,0.0,0.25139716267585754,5.0
data_074,0,0,0.8082040548324585,0.05973851680755615,0.1891891891891892,0.05973851680755615,0.05973851680755615,0.0,0.0,0.1494010090827942,0.25139716267585754,5.0
data_074,0,0,0.6866216659545898,0.0,0.0,0.05973851680755615,0.05973851680755615,0.0,0.0,0.0,0.25139716267585754,5.0
data_074,0,0,0.7100597620010376,0.0,0.0,0.0,0.05973851680755615,0.1379948854446411,0.35135135135135137,0.1379948854446411,0.25139716267585754,5.0
data_074,0,0,0.8821684122085571,0.0,0.0,0.0,0.07181018590927124,0.0,0.0,0.017523616552352905,0.24502617120742798,4.0
data_074,0,0,0.7630223035812378,0.07181018590927124,0.46153846153846156,0.07181018590927124,0.07181018590927124,0.14082038402557373,0.48717948717948717,0.14082038402557373,0.24502617120742798,4.0
data_074,0,0,0.8657199740409851,0.0,0.0,0.07181018590927124,0.07181018590927124,0.0,0.0,0.19747930765151978,0.24502617120742798,4.0
data_074,0,0,0.6362120509147644,0.0,0.0,0.0,0.07181018590927124,0.10420578718185425,0.5128205128205128,0.10420578718185425,0.24502617120742798,4.0
data_074,0,1,,,,,,,,,,
data_074,0,1,,,,,,,,,,
data_074,0,1,,,,,,,,,,
data_074,1,1,,,,,,,,,,
data_074,1,1,,,,,,,,,,
data_074,1,1,,,,,,,,,,
data_074,0,0,0.89490807056427,0.0,0.0,0.0,0.0,0.3472985029220581,0.8888888888888888,0.3472985029220581,0.3472985029220581,4.0
data_074,0,0,0.8167620301246643,0.0,0.0,0.0,0.0,0.0,0.0,0.0,0.3472985029220581,4.0
data_074,0,0,0.8248324394226074,0.0,0.0,0.0,0.0,0.0,0.0,0.0,0.3472985029220581,4.0
data_074,0,0,0.8443424701690674,0.0,0.0,0.0,0.0,0.0,0.0,0.0,0.3472985029220581,4.0
data_074,0,0,0.8722832798957825,0.0,0.0,0.0,0.0,0.13708657026290894,0.8301886792452831,0.13708657026290894,0.13708657026290894,3.0
data_074,0,0,0.7438263297080994,0.0,0.0,0.0,0.0,0.0,0.0,0.0,0.13708657026290894,3.0
data_074,0,0,0.9325441718101501,0.0,0.0,0.0,0.0,0.0,0.0,0.11868518590927124,0.13708657026290894,3.0
data_074,0,0,0.8354767560958862,0.0,0.0,0.0,0.0,0.06362909078598022,0.6153846153846154,0.06773537397384644,0.30490976572036743,3.0
data_074,0,0,0.6818409562110901,0.0,0.0,0.0,0.0,0.2412806749343872,0.3076923076923077,0.2412806749343872,0.30490976572036743,3.0
data_074,0,0,0.8433244228363037,0.0,0.0,0.0,0.0,0.0,0.0,0.2412806749343872,0.30490976572036743,3.0
data_074,0,0,0.8107917904853821,0.0,0.0,0.0,0.0,0.06369578838348389,0.7230769230769231,0.22199761867523193,0.22199761867523193,3.0
data_074,0,0,0.7526005506515503,0.0,0.0,0.0,0.0,0.0,0.0,0.06109619140625,0.22199761867523193,3.0
data_074,0,0,0.7351521849632263,0.0,0.0,0.0,0.0,0.15830183029174805,0.09230769230769231,0.15830183029174805,0.22199761867523193,3.0
data_074,0,0,0.759580135345459,0.0,0.0,0.0,0.0,0.0,0.0,0.0,0.08425283432006836,3.0
data_074,0,0,0.6044922471046448,0.0,0.0,0.0,0.0,0.0,0.0,0.08425283432006836,0.08425283432006836,3.0
data_074,0,0,0.6467617154121399,0.0,0.0,0.0,0.0,0.08425283432006836,0.509090909090909,0.08425283432006836,0.08425283432006836,3.0
data_075,0,1,,,,,,,,,,
data_075,0,0,0.7830777168273926,0.0,0.0,0.0,0.0,0.04794633388519287,0.140625,0.04794633388519287,0.04794633388519287,3.0
data_075,0,0,0.7197641730308533,0.0,0.0,0.0,0.0,0.0,0.0,0.04794633388519287,0.04794633388519287,3.0
data_075,0,0,0.7514289021492004,0.0,0.0,0.0,0.0,0.0,0.0,0.026869595050811768,0.04794633388519287,3.0
data_075,0,0,0.7875328660011292,0.0,0.0,0.0,0.0,0.1649530529975891,0.4827586206896552,0.1649530529975891,0.1649530529975891,3.0
data_075,0,0,0.8995428085327148,0.0,0.0,0.0,0.0,0.0,0.0,0.1649530529975891,0.1649530529975891,3.0
data_075,0,0,0.6423628926277161,0.0,0.0,0.0,0.0,0.0,0.0,0.0,0.1649530529975891,3.0
data_075,0,0,0.7508549690246582,0.07822680473327637,0.3225806451612903,0.07822680473327637,0.07822680473327637,0.0,0.0,0.0,0.08334124088287354,3.0
data_075,0,0,0.7702595591545105,0.0,0.0,0.07822680473327637,0.07822680473327637,0.08334124088287354,0.5161290322580645,0.08334124088287354,0.08334124088287354,3.0
data_075,0,0,0.821056067943573,0.0,0.0,0.0,0.07822680473327637,0.0,0.0,0.005114436149597168,0.08334124088287354,3.0
data_075,0,0,0.8089317083358765,0.0,0.0,0.0,0.04150599241256714,0.0,0.0,0.0,0.0,3.0
data_075,0,0,0.7380619049072266,0.0,0.0,0.04150599241256714,0.04150599241256714,0.0,0.0,0.0,0.0,3.0
data_075,0,0,0.6869749426841736,0.04150599241256714,0.8,0.04150599241256714,0.04150599241256714,0.0,0.0,0.0,0.0,3.0
data_075,0,0,0.7648450136184692,0.0,0.0,0.0,0.0,0.0,0.0,0.06873464584350586,0.06873464584350586,2.0
data_075,0,0,0.7272759675979614,0.0,0.0,0.0,0.0,0.06873464584350586,0.3,0.06873464584350586,0.06873464584350586,2.0
data_075,0,0,0.6839230060577393,0.0,0.0,0.0,0.0,0.0,0.0,0.0,0.0,2.0
data_075,0,0,0.6827870607376099,0.0,0.0,0.0,0.0,0.0,0.0,0.0,0.0,2.0
data_075,0,0,0.5167005658149719,0.0,0.0,0.020314931869506836,0.020314931869506836,0.0,0.0,0.020314931869506836,0.020314931869506836,2.0
data_075,0,0,0.6386013627052307,0.020314931869506836,0.6666666666666666,0.020314931869506836,0.020314931869506836,0.020314931869506836,0.6666666666666666,0.020314931869506836,0.020314931869506836,2.0
data_075,0,0,0.6917779445648193,0.0,0.0,0.0,0.0,0.018745839595794678,0.75,0.018745839595794678,0.018745839595794678,3.0
data_075,0,0,0.7043952345848083,0.0,0.0,0.0,0.0,0.0,0.0,0.0,0.018745839595794678,3.0
data_075,0,0,0.7058326601982117,0.0,0.0,0.0,0.0,0.0,0.0,0.0,0.018745839595794678,3.0
data_075,0,0,0.7169538736343384,0.08733522891998291,0.41025641025641024,0.08733522891998291,0.08733522891998291,0.0,0.0,0.0,0.0,2.0
data_075,0,0,0.5819649696350098,0.0,0.0,0.08733522891998291,0.08733522891998291,0.0,0.0,0.0,0.0,2.0
data_075,1,0,0.769829273223877,0.0,0.0,0.0,0.0,0.10296475887298584,0.3157894736842105,0.10296475887298584,0.10296475887298584,2.0
data_075,0,0,0.7300673127174377,0.0,0.0,0.0,0.0,0.0,0.0,0.10296475887298584,0.10296475887298584,2.0
data_075,0,0,0.6635198593139648,0.0,0.0,0.0,0.0,0.0,0.0,0.0,0.0,2.0
data_075,0,0,0.7951858639717102,0.0,0.0,0.0,0.0,0.0,0.0,0.0,0.0,2.0
data_075,0,0,0.6940393447875977,0.0,0.0,0.0,0.0,0.0,0.0,0.05578315258026123,0.05578315258026123,2.0
data_075,0,0,0.6075246334075928,0.0,0.0,0.0,0.0,0.05578315258026123,0.24,0.05578315258026123,0.05578315258026123,2.0
data_076,0,1,,,,,,,,,,
data_076,0,1,,,,,,,,,,
data_076,0,0,0.8149086236953735,0.08061152696609497,0.1956521739130435,0.08061152696609497,0.08061152696609497,0.08061152696609497,0.1956521739130435,0.08061152696609497,0.08061152696609497,3.0
data_076,0,0,0.7921255230903625,0.0,0.0,0.08061152696609497,0.08061152696609497,0.0,0.0,0.08061152696609497,0.08061152696609497,3.0
data_076,0,0,0.7594788670539856,0.0,0.0,0.0,0.08061152696609497,0.0,0.0,0.0,0.08061152696609497,3.0
data_076,0,0,0.7237440943717957,0.0,0.0,0.0,0.0,0.0,0.0,0.0,0.0,2.0
data_076,0,0,0.7417767643928528,0.0,0.0,0.0,0.0,0.0,0.0,0.0,0.0,2.0
data_076,0,0,0.7190059423446655,0.0,0.0,0.0,0.0,0.0,0.0,0.0,0.0,2.0
data_076,0,0,0.67112135887146,0.0,0.0,0.0,0.0,0.0,0.0,0.0,0.0,2.0
data_076,0,0,0.7519806027412415,0.02263033390045166,0.819672131147541,0.02263033390045166,0.02263033390045166,0.0,0.0,0.0,0.0,2.0
data_076,0,0,0.7527000308036804,0.0,0.0,0.02263033390045166,0.02263033390045166,0.0,0.0,0.0,0.0,2.0
data_076,0,0,0.6665535569190979,0.0,0.0,0.0,0.0,0.15428906679153442,0.5113636363636364,0.15428906679153442,0.15428906679153442,2.0
data_076,0,0,0.8104020357131958,0.0,0.0,0.0,0.0,0.0,0.0,0.15428906679153442,0.15428906679153442,2.0
data_076,0,0,0.7737608551979065,0.0,0.0,0.0,0.0,0.3347969949245453,0.5,0.3347969949245453,0.3347969949245453,2.0
data_076,0,0,0.8149456977844238,0.0,0.0,0.0,0.0,0.0,0.0,0.3347969949245453,0.3347969949245453,2.0
data_076,0,0,0.4667825400829315,0.0,0.0,0.0,0.0,0.0,0.0,0.03827911615371704,0.03827911615371704,2.0
data_076,0,0,0.5418499112129211,0.0,0.0,0.0,0.0,0.03827911615371704,0.18181818181818182,0.03827911615371704,0.03827911615371704,2.0
data_076,0,0,0.7456015348434448,0.2336328625679016,0.3870967741935484,0.2336328625679016,0.2336328625679016,0.2336328625679016,0.3870967741935484,0.2336328625679016,0.2336328625679016,2.0
data_076,0,0,0.7322924733161926,0.0,0.0,0.2336328625679016,0.2336328625679016,0.0,0.0,0.2336328625679016,0.2336328625679016,2.0
data_076,0,0,0.6894091367721558,0.026981234550476074,0.45901639344262296,0.026981234550476074,0.026981234550476074,0.0,0.0,0.0,0.0,2.0
data_076,0,0,0.8176628947257996,0.0,0.0,0.026981234550476074,0.026981234550476074,0.0,0.0,0.0,0.0,2.0
data_077,0,1,,,,,,,,,,
data_077,0,1,,,,,,,,,,
data_077,0,1,,,,,,,,,,
data_077,1,1,,,,,,,,,,
data_077,0,1,,,,,,,,,,
data_077,0,0,0.7543823719024658,0.0,0.0,0.015859007835388184,0.1753634810447693,0.0,0.0,0.0,0.29676955938339233,5.0
data_077,0,0,0.6690484881401062,0.03265100717544556,0.5256410256410257,0.03265100717544556,0.1753634810447693,0.1540570855140686,0.34935897435897434,0.1540570855140686,0.29676955938339233,5.0
data_077,0,0,0.8753151297569275,0.0,0.0,0.009292304515838623,0.1753634810447693,0.0,0.0,0.13069838285446167,0.29676955938339233,5.0
data_077,0,0,0.7074025273323059,0.0,0.0,0.14271247386932373,0.1753634810447693,0.0,0.0,0.1739194393157959,0.29676955938339233,5.0
data_077,0,0,0.8315456509590149,0.14271247386932373,0.08974358974358974,0.14271247386932373,0.1753634810447693,0.14271247386932373,0.08974358974358974,0.29676955938339233,0.29676955938339233,5.0
data_077,1,0,0.6671338677406311,0.0,0.0,0.0,0.14533758163452148,0.16292321681976318,0.3181818181818182,0.16292321681976318,0.30826079845428467,5.0
data_077,0,0,0.8104257583618164,0.0,0.0,0.0,0.14533758163452148,0.0,0.0,0.16292321681976318,0.30826079845428467,5.0
data_077,0,0,0.7749316692352295,0.14533758163452148,0.5378787878787878,0.14533758163452148,0.14533758163452148,0.14533758163452148,0.5378787878787878,0.17202359437942505,0.30826079845428467,5.0
data_077,0,0,0.702172577381134,0.0,0.0,0.0,0.14533758163452148,0.0,0.0,0.0,0.30826079845428467,5.0
data_077,0,0,0.8229947686195374,0.0,0.0,0.0,0.14533758163452148,0.0,0.0,0.05688607692718506,0.30826079845428467,5.0
data_077,0,0,0.6321749687194824,0.03666561841964722,0.8468468468468469,0.1066662073135376,0.30020129680633545,0.0,0.0,0.0,0.24681121110916138,5.0
data_077,0,0,0.5946300625801086,0.07000058889389038,0.04954954954954955,0.1066662073135376,0.30020129680633545,0.1377394199371338,0.8648648648648649,0.1377394199371338,0.24681121110916138,5.0
data_077,0,0,0.8021815419197083,0.0,0.0,0.12673139572143555,0.30020129680633545,0.0,0.0,0.0,0.24681121110916138,5.0
data_077,0,0,0.7035927772521973,0.08446329832077026,0.0045045045045045045,0.08446329832077026,0.30020129680633545,0.0,0.0,0.1377394199371338,0.24681121110916138,5.0
data_077,0,0,0.71349036693573,0.10907179117202759,0.2702702702702703,0.1416671872138977,0.30020129680633545,0.10907179117202759,0.2702702702702703,0.10907179117202759,0.24681121110916138,5.0
data_078,0,0,0.1373656690120697,0.05465107411146164,0.6666666666666666,0.05465107411146164,0.05465107411146164,0.0,0.0,0.0021576732397079468,0.0021576732397079468,3.0
data_078,0,0,0.02049257420003414,0.0,0.0,0.05249340087175369,0.05465107411146164,0.0,0.0,0.0,0.0021576732397079468,3.0
data_078,0,0,0.22609780728816986,0.0,0.0,0.0,0.05465107411146164,0.0021576732397079468,0.3333333333333333,0.0021576732397079468,0.0021576732397079468,3.0
data_078,0,0,0.6423314213752747,0.0,0.0,0.0,0.0,0.0,0.0,0.010613054037094116,0.25953611731529236,3.0
data_078,0,0,0.8659694194793701,0.0,0.0,0.0,0.0,0.0,0.0,0.09974440932273865,0.25953611731529236,3.0
data_078,1,0,0.6790030598640442,0.0,0.0,0.0,0.0,0.25953611731529236,0.296875,0.25953611731529236,0.25953611731529236,3.0
data_078,0,0,0.7148674726486206,0.0,0.0,0.0,0.1233554482460022,0.07069933414459229,0.17786561264822134,0.07069933414459229,0.07069933414459229,3.0
data_078,0,0,0.7536926865577698,0.0,0.0,0.05265611410140991,0.1233554482460022,0.0,0.0,0.0,0.07069933414459229,3.0
data_078,0,0,0.673842191696167,0.1233554482460022,0.7549407114624506,0.1233554482460022,0.1233554482460022,0.0,0.0,0.07069933414459229,0.07069933414459229,3.0
data_078,0,0,0.7151084542274475,0.0,0.0,0.0,0.0,0.0,0.0,0.0,0.00034862756729125977,3.0
data_078,0,0,0.7032808065414429,0.0,0.0,0.0,0.0,0.0,0.0,0.00034862756729125977,0.00034862756729125977,3.0
data_078,0,0,0.7018960118293762,0.0,0.0,0.0,0.0,0.00034862756729125977,0.28688524590163933,0.00034862756729125977,0.00034862756729125977,3.0
data_078,0,0,0.5884987711906433,0.0,0.0,0.0,0.0,0.0,0.0,0.0,0.0,3.0
data_078,1,0,0.787450909614563,0.0,0.0,0.0,0.0,0.0,0.0,0.0,0.0,3.0
data_078,0,0,0.5200899243354797,0.0,0.0,0.0,0.0,0.0,0.0,0.0,0.0,3.0
data_079,0,1,,,,,,,,,,
data_079,0,1,,,,,,,,,,
data_079,1,0,0.7760939598083496,0.0,0.0,0.0,0.0,0.0,0.0,0.08895564079284668,0.08895564079284668,2.0
data_079,0,0,0.6981752514839172,0.0,0.0,0.0,0.0,0.08895564079284668,0.07086614173228346,0.08895564079284668,0.08895564079284668,2.0
data_079,0,0,0.8041020631790161,0.0,0.0,0.0,0.0,0.0,0.0,0.13156741857528687,0.27788466215133667,3.0
data_079,0,0,0.8233799338340759,0.0,0.0,0.0,0.0,0.0,0.0,0.06465780735015869,0.27788466215133667,3.0
data_079,0,0,0.6972953677177429,0.0,0.0,0.0,0.0,0.27788466215133667,0.19811320754716982,0.27788466215133667,0.27788466215133667,3.0
data_079,0,0,0.7524107694625854,0.0,0.0,0.0,0.0,0.10443896055221558,0.9056603773584906,0.10443896055221558,0.10443896055221558,3.0
data_079,0,0,0.8726299405097961,0.0,0.0,0.0,0.0,0.0,0.0,0.0,0.10443896055221558,3.0
data_079,0,0,0.7474716305732727,0.0,0.0,0.0,0.0,0.0,0.0,0.0,0.10443896055221558,3.0
data_079,0,0,0.7206262946128845,0.0,0.0,0.0,0.0,0.0,0.0,0.0,0.0,2.0
data_079,0,0,0.8530359268188477,0.0,0.0,0.0,0.0,0.0,0.0,0.0,0.0,2.0
data_079,0,0,0.6180142760276794,0.0,0.0,0.0,0.000896453857421875,0.1022489070892334,0.7755102040816326,0.1022489070892334,0.10314536094665527,3.0
data_079,0,0,0.6436415314674377,0.000896453857421875,0.40816326530612246,0.000896453857421875,0.000896453857421875,0.000896453857421875,0.40816326530612246,0.000896453857421875,0.10314536094665527,3.0
data_079,0,0,0.7763823866844177,0.0,0.0,0.000896453857421875,0.000896453857421875,0.0,0.0,0.030276894569396973,0.10314536094665527,3.0
data_079,0,0,0.7903226017951965,0.0,0.0,0.0,0.0,0.14920026063919067,0.21739130434782608,0.14920026063919067,0.14920026063919067,3.0
data_079,0,0,0.7599553465843201,0.0,0.0,0.0,0.0,0.0,0.0,0.14920026063919067,0.14920026063919067,3.0
data_079,0,0,0.703201413154602,0.0,0.0,0.0,0.0,0.0,0.0,0.0,0.14920026063919067,3.0
data_080,0,1,,,,,,,,,,
data_080,0,1,,,,,,,,,,
data_080,0,1,,,,,,,,,,
data_080,0,0,0.7086760997772217,0.0,0.0,0.0,0.0038927197456359863,0.0578458309173584,0.6,0.0968669056892395,0.18599051237106323,4.0
data_080,1,0,0.674465537071228,0.0038927197456359863,0.3333333333333333,0.0038927197456359863,0.0038927197456359863,0.0,0.0,0.005815267562866211,0.18599051237106323,4.0
data_080,0,0,0.780804455280304,0.0,0.0,0.0038927197456359863,0.0038927197456359863,0.0,0.0,0.0,0.18599051237106323,4.0
data_080,0,0,0.7607002258300781,0.0,0.0,0.0,0.0038927197456359863,0.12814468145370483,0.03333333333333333,0.12814468145370483,0.18599051237106323,4.0
data_080,1,0,0.7095528244972229,0.0,0.0,0.0,0.08652657270431519,0.0,0.0,0.04906439781188965,0.13559097051620483,3.0
data_080,0,0,0.8168885111808777,0.08652657270431519,0.6923076923076923,0.08652657270431519,0.08652657270431519,0.13559097051620483,0.8846153846153846,0.13559097051620483,0.13559097051620483,3.0
data_080,0,0,0.7066765427589417,0.0,0.0,0.08652657270431519,0.08652657270431519,0.0,0.0,0.08066266775131226,0.13559097051620483,3.0
data_080,0,0,0.5980258584022522,0.0,0.0,0.0,0.0,0.059109270572662354,0.4,0.059109270572662354,0.059109270572662354,3.0
data_080,0,0,0.7510365843772888,0.0,0.0,0.0,0.0,0.0,0.0,0.059109270572662354,0.059109270572662354,3.0
data_080,0,0,0.6506872177124023,0.0,0.0,0.0,0.0,0.0,0.0,0.0,0.059109270572662354,3.0
data_080,0,0,0.647237241268158,0.029538333415985107,0.48148148148148145,0.029538333415985107,0.029538333415985107,0.029538333415985107,0.48148148148148145,0.029538333415985107,0.029538333415985107,2.0
data_080,0,0,0.7310424447059631,0.0,0.0,0.029538333415985107,0.029538333415985107,0.0,0.0,0.029538333415985107,0.029538333415985107,2.0
data_080,0,0,0.6643621921539307,0.02789360284805298,0.6666666666666666,0.02789360284805298,0.02789360284805298,0.05412852764129639,0.4074074074074074,0.10226371884346008,0.2403416633605957,3.0
data_080,0,0,0.6243901252746582,0.0,0.0,0.0,0.02789360284805298,0.0,0.0,0.2403416633605957,0.2403416633605957,3.0
data_080,0,0,0.8113772869110107,0.0,0.0,0.0,0.02789360284805298,0.18621313571929932,0.2222222222222222,0.21244806051254272,0.2403416633605957,3.0
data_080,0,0,0.9284331202507019,0.0,0.0,0.06420886516571045,0.06420886516571045,0.0,0.0,0.0,0.0,2.0
data_080,0,0,0.748060941696167,0.06420886516571045,0.2413793103448276,0.06420886516571045,0.06420886516571045,0.0,0.0,0.0,0.0,2.0
data_080,0,0,0.8813078999519348,0.0,0.0,0.0,0.0,0.0,0.0,0.0,0.21170872449874878,3.0
data_080,0,0,0.7747359871864319,0.0,0.0,0.0,0.0,0.08295804262161255,0.3611111111111111,0.21170872449874878,0.21170872449874878,3.0
data_080,0,0,0.845895528793335,0.0,0.0,0.0,0.0,0.12875068187713623,0.3333333333333333,0.21170872449874878,0.21170872449874878,3.0
data_080,0,0,0.9431106448173523,0.0,0.0,0.0,0.0,0.0,0.0,0.167157381772995,0.167157381772995,2.0
data_080,0,0,0.6554772853851318,0.0,0.0,0.0,0.0,0.167157381772995,0.0625,0.167157381772995,0.167157381772995,2.0
data_080,0,0,0.6732979416847229,0.0,0.0,0.0,0.0,0.0,0.0,0.0,0.0,3.0
data_080,0,0,0.7951688766479492,0.0,0.0,0.0,0.0,0.0,0.0,0.0,0.0,3.0
data_080,1,0,0.7788549065589905,0.0,0.0,0.0,0.0,0.0,0.0,0.0,0.0,3.0
data_080,0,0,0.8358176946640015,0.0,0.0,0.0,0.0,0.0,0.0,0.0,0.18414932489395142,3.0
data_080,0,0,0.8477813601493835,0.0,0.0,0.0,0.0,0.18414932489395142,0.3870967741935484,0.18414932489395142,0.18414932489395142,3.0
data_080,0,0,0.6805579662322998,0.0,0.0,0.0,0.0,0.0,0.0,0.18414932489395142,0.18414932489395142,3.0
data_081,0,1,,,,,,,,,,
data_081,0,1,,,,,,,,,,
data_081,0,0,0.6744146347045898,0.058059871196746826,0.49242424242424243,0.058059871196746826,0.058059871196746826,0.0,0.0,0.03249821066856384,0.2889637053012848,4.0
data_081,0,0,0.6619576811790466,0.0,0.0,0.0,0.058059871196746826,0.08300125598907471,0.30303030303030304,0.08300125598907471,0.2889637053012848,4.0
data_081,1,0,0.7009796500205994,0.0,0.0,0.0,0.058059871196746826,0.0,0.0,0.20596244931221008,0.2889637053012848,4.0
data_081,0,0,0.6633833050727844,0.0,0.0,0.0,0.058059871196746826,0.20596244931221008,0.3181818181818182,0.20596244931221008,0.2889637053012848,4.0
data_081,0,0,0.6657041907310486,0.0,0.0,0.0,0.0,0.0,0.0,0.0,0.0,2.0
data_081,1,0,0.6201665997505188,0.0,0.0,0.0,0.0,0.0,0.0,0.0,0.0,2.0
data_081,0,0,0.7093844413757324,0.0,0.0,0.0,0.0,0.0527762770652771,0.8041958041958042,0.0527762770652771,0.21996837854385376,4.0
data_081,0,0,0.63168865442276,0.0,0.0,0.0,0.0,0.00579833984375,0.6573426573426573,0.00579833984375,0.21996837854385376,4.0
data_081,1,0,0.7344842553138733,0.0,0.0,0.0,0.0,0.16139376163482666,0.4825174825174825,0.16139376163482666,0.21996837854385376,4.0
data_081,0,0,0.6802757978439331,0.0,0.0,0.0,0.0,0.0,0.0,0.16139376163482666,0.21996837854385376,4.0
data_081,1,0,0.6451636552810669,0.0,0.0,0.0,0.0034846067428588867,0.09945869445800781,0.8023255813953488,0.09945869445800781,0.09945869445800781,3.0
data_081,0,0,0.797319769859314,0.0,0.0,0.0,0.0034846067428588867,0.0,0.0,0.09945869445800781,0.09945869445800781,3.0
data_081,0,0,0.7460507750511169,0.0034846067428588867,0.7558139534883721,0.0034846067428588867,0.0034846067428588867,0.0,0.0,0.0,0.09945869445800781,3.0
data_081,0,0,0.7289645671844482,0.0,0.0,0.0,0.0,0.0,0.0,0.0,0.0,3.0
data_081,0,0,0.7037145495414734,0.0,0.0,0.0,0.0,0.0,0.0,0.0,0.0,3.0
data_081,0,0,0.7199623584747314,0.0,0.0,0.0,0.0,0.0,0.0,0.0,0.0,3.0
data_082,0,1,,,,,,,,,,
data_082,0,1,,,,,,,,,,
data_082,0,1,,,,,,,,,,
data_082,1,0,0.5834988355636597,0.0,0.0,0.11041134595870972,0.11041134595870972,0.0,0.0,0.0710914134979248,0.0710914134979248,3.0
data_082,1,0,0.7197537422180176,0.11041134595870972,0.9038461538461539,0.11041134595870972,0.11041134595870972,0.0,0.0,0.0,0.0710914134979248,3.0
data_082,0,0,0.6800507307052612,0.0,0.0,0.0,0.11041134595870972,0.0710914134979248,0.9038461538461539,0.0710914134979248,0.0710914134979248,3.0
data_082,0,0,0.8081540465354919,0.0,0.0,0.0,0.05977737903594971,0.06513917446136475,0.55,0.06513917446136475,0.06513917446136475,3.0
data_082,0,0,0.7202004194259644,0.0,0.0,0.05977737903594971,0.05977737903594971,0.0,0.0,0.016682922840118408,0.06513917446136475,3.0
data_082,0,0,0.7256829142570496,0.05977737903594971,0.075,0.05977737903594971,0.05977737903594971,0.0,0.0,0.0,0.06513917446136475,3.0
data_082,0,0,0.7931972146034241,0.12932181358337402,0.6862745098039216,0.12932181358337402,0.12932181358337402,0.0,0.0,0.0,0.0,3.0
data_082,0,0,0.7070029973983765,0.0,0.0,0.0762561559677124,0.12932181358337402,0.0,0.0,0.0,0.0,3.0
data_082,0,0,0.6382649540901184,0.0,0.0,0.0,0.12932181358337402,0.0,0.0,0.0,0.0,3.0
data_082,0,0,0.8382238745689392,0.0,0.0,0.11906614899635315,0.11906614899635315,0.0,0.0,0.11906614899635315,0.11906614899635315,3.0
data_082,0,0,0.552500307559967,0.07714727520942688,0.7192982456140351,0.07714727520942688,0.11906614899635315,0.07714727520942688,0.7192982456140351,0.07714727520942688,0.11906614899635315,3.0
data_082,0,0,0.5872814059257507,0.04191887378692627,0.47368421052631576,0.04191887378692627,0.11906614899635315,0.04191887378692627,0.47368421052631576,0.04191887378692627,0.11906614899635315,3.0
data_082,0,0,0.6757382750511169,0.0,0.0,0.08046793937683105,0.08046793937683105,0.0,0.0,0.0,0.08167344331741333,3.0
data_082,0,0,0.7323959469795227,0.08046793937683105,0.5185185185185185,0.08046793937683105,0.08046793937683105,0.03222048282623291,0.2777777777777778,0.03222048282623291,0.08167344331741333,3.0
data_082,1,0,0.5646312236785889,0.0,0.0,0.0,0.08046793937683105,0.04945296049118042,0.5555555555555556,0.08167344331741333,0.08167344331741333,3.0
data_083,0,1,,,,,,,,,,
data_083,0,1,,,,,,,,,,
data_083,0,1,,,,,,,,,,
data_083,0,1,,,,,,,,,,
data_083,0,1,,,,,,,,,,
data_083,0,0,0.8063329458236694,0.0,0.0,0.1286817193031311,0.1286817193031311,0.0,0.0,0.1286817193031311,0.1286817193031311,2.0
data_083,0,0,0.7442375421524048,0.1286817193031311,0.8979591836734694,0.1286817193031311,0.1286817193031311,0.1286817193031311,0.8979591836734694,0.1286817193031311,0.1286817193031311,2.0
data_083,1,0,0.6066545844078064,0.0,0.0,0.0,0.0,0.0,0.0,0.006995677947998047,0.006995677947998047,2.0
data_083,1,0,0.5558124780654907,0.0,0.0,0.0,0.0,0.006995677947998047,0.175,0.006995677947998047,0.006995677947998047,2.0
data_084,0,1,,,,,,,,,,
data_084,0,1,,,,,,,,,,
data_084,0,1,,,,,,,,,,
data_084,0,1,,,,,,,,,,
data_084,0,1,,,,,,,,,,
data_084,0,0,0.7469343543052673,0.0,0.0,0.0,0.052178382873535156,0.0,0.0,0.0,0.15858209133148193,5.0
data_084,0,0,0.6975567936897278,0.052178382873535156,0.09090909090909091,0.052178382873535156,0.052178382873535156,0.06379091739654541,0.07954545454545454,0.06379091739654541,0.15858209133148193,5.0
data_084,0,0,0.7673121690750122,0.0,0.0,0.052178382873535156,0.052178382873535156,0.09479117393493652,0.6477272727272727,0.09479117393493652,0.15858209133148193,5.0
data_084,0,0,0.6759657263755798,0.0,0.0,0.0,0.052178382873535156,0.0,0.0,0.06379091739654541,0.15858209133148193,5.0
data_084,0,0,0.8518735766410828,0.0,0.0,0.0,0.052178382873535156,0.0,0.0,0.0,0.15858209133148193,5.0
data_084,1,0,0.6707983016967773,0.0,0.0,0.043148040771484375,0.08923125267028809,0.0,0.0,0.0,0.0,5.0
data_084,1,0,0.5248793959617615,0.08923125267028809,0.05,0.08923125267028809,0.08923125267028809,0.0,0.0,0.0,0.0,5.0
data_084,1,0,0.5270266532897949,0.0,0.0,0.015300333499908447,0.08923125267028809,0.0,0.0,0.0,0.0,5.0
data_084,1,0,0.578342854976654,0.0,0.0,0.0,0.08923125267028809,0.0,0.0,0.0,0.0,5.0
data_084,1,0,0.5823643207550049,0.0,0.0,0.0,0.08923125267028809,0.0,0.0,0.0,0.0,5.0
data_084,0,0,0.9470921754837036,0.0,0.0,0.0,0.3004012703895569,0.0,0.0,0.30723631381988525,0.41611844301223755,5.0
data_084,0,0,0.6668329834938049,0.0,0.0,0.1499834656715393,0.3004012703895569,0.0,0.0,0.0,0.41611844301223755,5.0
data_084,0,0,0.8145421743392944,0.0,0.0,0.2261972427368164,0.3004012703895569,0.2523121237754822,0.7558139534883721,0.2523121237754822,0.41611844301223755,5.0
data_084,0,0,0.6052584052085876,0.21077746152877808,0.19767441860465115,0.21077746152877808,0.3004012703895569,0.16380631923675537,0.6162790697674418,0.16380631923675537,0.41611844301223755,5.0
data_084,0,0,0.6992928385734558,0.08962380886077881,0.3372093023255814,0.08962380886077881,0.3004012703895569,0.0,0.0,0.0,0.41611844301223755,5.0
data_084,0,0,0.7985569834709167,0.0,0.0,0.0,0.005248129367828369,0.10271584987640381,0.1368421052631579,0.1635313630104065,0.41348516941070557,5.0
data_084,0,0,0.6130682229995728,0.0,0.0,0.0,0.005248129367828369,0.0,0.0,0.04442179203033447,0.41348516941070557,5.0
data_084,0,0,0.6813035011291504,0.005248129367828369,0.5263157894736842,0.005248129367828369,0.005248129367828369,0.06886464357376099,0.7578947368421053,0.06886464357376099,0.41348516941070557,5.0
data_084,0,0,0.7212747931480408,0.0,0.0,0.0,0.005248129367828369,0.09840011596679688,0.37894736842105264,0.09840011596679688,0.41348516941070557,5.0
data_084,1,0,0.6950977444648743,0.0,0.0,0.0,0.005248129367828369,0.1435045599937439,0.42105263157894735,0.1435045599937439,0.41348516941070557,5.0
data_084,0,0,0.7554823756217957,0.06322276592254639,0.24731182795698925,0.06322276592254639,0.10114848613739014,0.0,0.0,0.0004373788833618164,0.012107253074645996,5.0
data_084,1,0,0.7213611602783203,0.0,0.0,0.06322276592254639,0.10114848613739014,0.0,0.0,0.0,0.012107253074645996,5.0
data_084,0,0,0.6166136860847473,0.03792572021484375,0.40860215053763443,0.03792572021484375,0.10114848613739014,0.01166987419128418,0.6881720430107527,0.01166987419128418,0.012107253074645996,5.0
data_084,0,0,0.6892534494400024,0.0,0.0,0.0,0.10114848613739014,0.0004373788833618164,0.053763440860215055,0.0004373788833618164,0.012107253074645996,5.0
data_084,1,0,0.6348233222961426,0.0,0.0,0.0,0.10114848613739014,0.0,0.0,0.0,0.012107253074645996,5.0
data_085,0,1,,,,,,,,,,
data_085,0,1,,,,,,,,,,
data_085,0,1,,,,,,,,,,
data_085,0,1,,,,,,,,,,
data_085,0,0,0.9188742637634277,0.0,0.0,0.0,0.0,0.0,0.0,0.28319835662841797,0.3577823042869568,5.0
data_085,0,0,0.7856162786483765,0.0,0.0,0.0,0.0,0.28319835662841797,0.05970149253731343,0.28319835662841797,0.3577823042869568,5.0
data_085,0,0,0.7496669888496399,0.0,0.0,0.0,0.0,0.0,0.0,0.0,0.3577823042869568,5.0
data_085,0,0,0.85423743724823,0.0,0.0,0.0,0.0,0.07458394765853882,0.5671641791044776,0.07458394765853882,0.3577823042869568,5.0
data_085,0,0,0.7654682993888855,0.0,0.0,0.0,0.0,0.0,0.0,0.07458394765853882,0.3577823042869568,5.0
data_085,0,0,0.7318019866943359,0.0,0.0,0.0,0.09433573484420776,0.09697526693344116,0.7638190954773869,0.11475992202758789,0.37378138303756714,5.0
data_085,0,0,0.8278290033340454,0.0,0.0,0.0,0.09433573484420776,0.10128772258758545,0.5326633165829145,0.10128772258758545,0.37378138303756714,5.0
data_085,0,0,0.8525155186653137,0.09433573484420776,0.39195979899497485,0.09433573484420776,0.09433573484420776,0.0,0.0,0.04340338706970215,0.37378138303756714,5.0
data_085,0,0,0.8038133978843689,0.0,0.0,0.0,0.09433573484420776,0.0,0.0,0.17551839351654053,0.37378138303756714,5.0
data_085,0,0,0.7895744442939758,0.0,0.0,0.0,0.09433573484420776,0.17551839351654053,0.36180904522613067,0.17551839351654053,0.37378138303756714,5.0
data_085,0,0,0.738820493221283,0.0,0.0,0.0,0.0,0.0,0.0,0.06292968988418579,0.06292968988418579,5.0
data_085,0,0,0.6845645904541016,0.0,0.0,0.0,0.0,0.06292968988418579,0.24598930481283424,0.06292968988418579,0.06292968988418579,5.0
data_085,0,0,0.8627235889434814,0.0,0.0,0.0,0.0,0.0,0.0,0.0,0.06292968988418579,5.0
data_085,0,0,0.8532158136367798,0.0,0.0,0.0,0.0,0.0,0.0,0.0,0.06292968988418579,5.0
data_085,0,0,0.9481576681137085,0.0,0.0,0.0,0.0,0.0,0.0,0.0,0.06292968988418579,5.0
data_085,0,0,0.7242076992988586,0.0,0.0,0.0,0.0,0.04782134294509888,0.5363636363636364,0.04782134294509888,0.39993345737457275,5.0
data_085,0,0,0.7390755414962769,0.0,0.0,0.0,0.0,0.19470477104187012,0.5272727272727272,0.25706911087036133,0.39993345737457275,5.0
data_085,0,0,0.7223497629165649,0.0,0.0,0.0,0.0,0.15740734338760376,0.35454545454545455,0.15740734338760376,0.39993345737457275,5.0
data_085,0,0,0.743952751159668,0.0,0.0,0.0,0.0,0.0,0.0,0.15007621049880981,0.39993345737457275,5.0
data_085,0,0,0.8136072754859924,0.0,0.0,0.0,0.0,0.0,0.0,0.0,0.39993345737457275,5.0
data_085,0,0,0.8953385353088379,0.0,0.0,0.0,0.0,0.0,0.0,0.08750885725021362,0.08750885725021362,4.0
data_085,0,0,0.803146243095398,0.0,0.0,0.0,0.0,0.08750885725021362,0.09375,0.08750885725021362,0.08750885725021362,4.0
data_085,0,0,0.7867096662521362,0.0,0.0,0.0,0.0,0.0,0.0,0.0,0.08750885725021362,4.0
data_085,0,0,0.7655290961265564,0.0,0.0,0.0,0.0,0.0,0.0,0.0,0.08750885725021362,4.0
data_086,0,1,,,,,,,,,,
data_086,0,1,,,,,,,,,,
data_086,1,0,0.6018288135528564,0.0,0.0,0.0,0.0,0.0,0.0,0.0,0.0,2.0
data_086,0,0,0.7504770159721375,0.0,0.0,0.0,0.0,0.0,0.0,0.0,0.0,2.0
data_086,0,0,0.6685748100280762,0.0,0.0,0.0,0.0,0.0,0.0,0.0,0.0,2.0
data_086,0,0,0.6883291006088257,0.0,0.0,0.0,0.0,0.0,0.0,0.0,0.0,2.0
data_086,0,0,0.6488269567489624,0.1681126356124878,0.45161290322580644,0.1681126356124878,0.1681126356124878,0.0,0.0,0.0,0.0,2.0
data_086,0,0,0.7013239860534668,0.0,0.0,0.1681126356124878,0.1681126356124878,0.0,0.0,0.0,0.0,2.0
data_086,0,0,0.8418723940849304,0.0,0.0,0.049835264682769775,0.049835264682769775,0.0,0.0,0.0,0.0,2.0
data_086,0,0,0.7308819890022278,0.049835264682769775,0.7236842105263158,0.049835264682769775,0.049835264682769775,0.0,0.0,0.0,0.0,2.0
data_086,0,0,0.7714817523956299,0.05579698085784912,0.5673076923076923,0.05579698085784912,0.05579698085784912,0.0,0.0,0.0,0.0,2.0
data_086,0,0,0.714593231678009,0.0,0.0,0.05579698085784912,0.05579698085784912,0.0,0.0,0.0,0.0,2.0
data_087,0,1,,,,,,,,,,
data_087,0,1,,,,,,,,,,
data_087,0,0,0.7356394529342651,0.0,0.0,0.0,0.0,0.05350309610366821,0.8333333333333334,0.05350309610366821,0.05350309610366821,2.0
data_087,0,0,0.6011393070220947,0.0,0.0,0.0,0.0,0.0,0.0,0.05350309610366821,0.05350309610366821,2.0
data_087,0,0,0.5829818248748779,0.0,0.0,0.0,0.0,0.010600447654724121,0.59375,0.05959576368331909,0.14441800117492676,3.0
data_087,0,0,0.7430436015129089,0.0,0.0,0.0,0.0,0.13381755352020264,0.6875,0.13381755352020264,0.14441800117492676,3.0
data_087,0,0,0.7426002025604248,0.0,0.0,0.0,0.0,0.0,0.0,0.14441800117492676,0.14441800117492676,3.0
data_087,1,0,0.5768854022026062,0.09401407837867737,0.4696969696969697,0.09401407837867737,0.09401407837867737,0.09401407837867737,0.4696969696969697,0.09401407837867737,0.09401407837867737,2.0
data_087,0,0,0.7462381720542908,0.0,0.0,0.09401407837867737,0.09401407837867737,0.0,0.0,0.09401407837867737,0.09401407837867737,2.0
data_087,1,0,0.6663698554039001,0.0,0.0,0.006932556629180908,0.006932556629180908,0.0,0.0,0.0,0.0,2.0
data_087,1,0,0.6792720556259155,0.006932556629180908,0.09809264305177112,0.006932556629180908,0.006932556629180908,0.0,0.0,0.0,0.0,2.0
data_087,0,0,0.7447864413261414,0.0,0.0,0.0,0.0,0.0,0.0,0.13715916872024536,0.13715916872024536,2.0
data_087,0,0,0.7445760369300842,0.0,0.0,0.0,0.0,0.13715916872024536,0.796875,0.13715916872024536,0.13715916872024536,2.0
data_087,0,0,0.7424221634864807,,,,,,,,,
data_087,0,0,0.6074985861778259,0.0,0.0,0.0,0.0,0.0,0.0,0.0,0.0,2.0
data_087,0,0,0.6464579701423645,0.0,0.0,0.0,0.0,0.0,0.0,0.0,0.0,2.0
data_088,1,0,0.6574181914329529,0.1854560375213623,0.23809523809523808,0.1854560375213623,0.30342531204223633,0.08896172046661377,0.2619047619047619,0.12274345755577087,0.3037623465061188,5.0
data_088,0,0,0.5890358686447144,0.0,0.0,0.10202431678771973,0.30342531204223633,0.15092524886131287,0.27380952380952384,0.204025000333786,0.3037623465061188,5.0
data_088,0,0,0.6351416110992432,0.054093897342681885,0.21428571428571427,0.054093897342681885,0.30342531204223633,0.0,0.0,0.0,0.3037623465061188,5.0
data_088,0,0,0.6106491088867188,0.06387537717819214,0.6488095238095238,0.06387537717819214,0.30342531204223633,0.06387537717819214,0.6488095238095238,0.06387537717819214,0.3037623465061188,5.0
data_088,0,0,0.6667969226837158,0.0,0.0,0.11796927452087402,0.30342531204223633,0.0,0.0,0.0,0.3037623465061188,5.0
data_088,0,0,0.7305087447166443,0.0,0.0,0.0,0.19204866886138916,0.0,0.0,0.0,0.0,3.0
data_088,0,0,0.7734544277191162,0.19204866886138916,0.5254237288135594,0.19204866886138916,0.19204866886138916,0.0,0.0,0.0,0.0,3.0
data_088,0,0,0.838408887386322,0.0,0.0,0.19204866886138916,0.19204866886138916,0.0,0.0,0.0,0.0,3.0
data_088,0,0,0.8307749629020691,0.0,0.0,0.0,0.0,0.0,0.0,0.08529317378997803,0.08529317378997803,3.0
data_088,0,0,0.586951732635498,0.0,0.0,0.0,0.0,0.08529317378997803,0.38461538461538464,0.08529317378997803,0.08529317378997803,3.0
data_088,0,0,0.7165095210075378,0.0,0.0,0.0,0.0,0.0,0.0,0.0,0.08529317378997803,3.0
data_088,0,0,0.6334157586097717,0.09865385293960571,0.17391304347826086,0.09865385293960571,0.10624569654464722,0.09865385293960571,0.17391304347826086,0.09865385293960571,0.10624569654464722,3.0
data_088,0,0,0.8117784857749939,0.0,0.0,0.09865385293960571,0.10624569654464722,0.0,0.0,0.09865385293960571,0.10624569654464722,3.0
data_088,1,0,0.6711732149124146,0.007591843605041504,0.6086956521739131,0.007591843605041504,0.10624569654464722,0.007591843605041504,0.6086956521739131,0.007591843605041504,0.10624569654464722,3.0
data_088,0,0,0.9120171666145325,0.0,0.0,0.0,0.005706191062927246,0.0,0.0,0.17180675268173218,0.17180675268173218,3.0
data_088,0,0,0.6603291034698486,0.005706191062927246,0.4766355140186916,0.005706191062927246,0.005706191062927246,0.0,0.0,0.0,0.17180675268173218,3.0
data_088,0,0,0.6839699745178223,0.0,0.0,0.005706191062927246,0.005706191062927246,0.17180675268173218,0.6542056074766355,0.17180675268173218,0.17180675268173218,3.0
data_089,0,1,,,,,,,,,,
data_089,0,1,,,,,,,,,,
data_089,0,1,,,,,,,,,,
data_089,0,1,,,,,,,,,,
data_089,0,0,0.7961426973342896,0.0,0.0,0.0,0.0,0.0,0.0,0.10064256191253662,0.21312379837036133,4.0
data_089,0,0,0.728520393371582,0.0,0.0,0.0,0.0,0.10064256191253662,0.367816091954023,0.10064256191253662,0.21312379837036133,4.0
data_089,0,0,0.7134672999382019,0.0,0.0,0.0,0.0,0.11248123645782471,0.39080459770114945,0.11248123645782471,0.21312379837036133,4.0
data_089,0,0,0.802325427532196,0.0,0.0,0.0,0.0,0.0,0.0,0.11248123645782471,0.21312379837036133,4.0
data_089,0,0,0.7573527693748474,0.0,0.0,0.0,0.0,0.21568083763122559,0.40625,0.21568083763122559,0.21568083763122559,3.0
data_089,0,0,0.8132109045982361,0.0,0.0,0.0,0.0,0.0,0.0,0.21568083763122559,0.21568083763122559,3.0
data_089,0,0,0.9191944599151611,0.0,0.0,0.0,0.0,0.0,0.0,0.0,0.21568083763122559,3.0
data_089,0,0,0.7923221588134766,0.0,0.0,0.0,0.0,0.15079915523529053,0.22093023255813954,0.15079915523529053,0.22836309671401978,3.0
data_089,0,0,0.841528594493866,0.0,0.0,0.0,0.0,0.0,0.0,0.03881710767745972,0.22836309671401978,3.0
data_089,0,0,0.750141441822052,0.0,0.0,0.0,0.0,0.07756394147872925,0.5813953488372093,0.07756394147872925,0.22836309671401978,3.0
data_089,0,0,0.7880280613899231,0.27577364444732666,0.14864864864864866,0.27577364444732666,0.27577364444732666,0.16985803842544556,0.3108108108108108,0.16985803842544556,0.16985803842544556,3.0
data_089,0,0,0.692425549030304,0.0,0.0,0.27577364444732666,0.27577364444732666,0.0,0.0,0.07472878694534302,0.16985803842544556,3.0
data_089,0,0,0.8043927550315857,0.0,0.0,0.0,0.27577364444732666,0.0,0.0,0.16985803842544556,0.16985803842544556,3.0
data_089,0,0,0.7152779698371887,0.06428229808807373,0.8333333333333334,0.06428229808807373,0.06428229808807373,0.0,0.0,0.0,0.0,2.0
data_089,0,0,0.8106951713562012,0.0,0.0,0.06428229808807373,0.06428229808807373,0.0,0.0,0.0,0.0,2.0
data_089,0,0,0.8086338043212891,0.0,0.0,0.0,0.0,0.0,0.0,0.0,0.0,3.0
data_089,1,0,0.7031970024108887,0.0,0.0,0.0,0.0,0.0,0.0,0.0,0.0,3.0
data_089,0,0,0.7277277112007141,0.0,0.0,0.0,0.0,0.0,0.0,0.0,0.0,3.0
data_090,0,1,,,,,,,,,,
data_090,1,1,,,,,,,,,,
data_090,1,0,0.7007272243499756,0.0,0.0,0.03965646028518677,0.03965646028518677,0.0,0.0,0.0,0.0,2.0
data_090,0,0,0.6575586199760437,0.03965646028518677,0.5333333333333333,0.03965646028518677,0.03965646028518677,0.0,0.0,0.0,0.0,2.0
data_090,0,0,0.9901638627052307,0.0,0.0,0.0,0.0,0.22002989053726196,0.4588235294117647,0.23912328481674194,0.41582340002059937,3.0
data_090,0,0,0.8892697691917419,0.0,0.0,0.0,0.0,0.0,0.0,0.1957935094833374,0.41582340002059937,3.0
data_090,0,0,0.7929487228393555,0.0,0.0,0.0,0.0,0.1957935094833374,0.24705882352941178,0.1957935094833374,0.41582340002059937,3.0
data_090,0,0,0.8502628207206726,0.0,0.0,0.0,0.0,0.007938265800476074,0.68,0.007938265800476074,0.007938265800476074,3.0
data_090,0,0,0.6937126517295837,0.0,0.0,0.0,0.0,0.0,0.0,0.007938265800476074,0.007938265800476074,3.0
data_090,0,0,0.8383585214614868,0.0,0.0,0.0,0.0,0.0,0.0,0.0,0.007938265800476074,3.0
data_090,0,0,0.8352657556533813,0.0,0.0,0.004267513751983643,0.004267513751983643,0.0,0.0,0.004267513751983643,0.004267513751983643,2.0
data_090,0,0,0.6721487641334534,0.004267513751983643,0.5,0.004267513751983643,0.004267513751983643,0.004267513751983643,0.5,0.004267513751983643,0.004267513751983643,2.0
data_090,0,0,0.7926075458526611,0.18539822101593018,0.6610169491525424,0.18539822101593018,0.18539822101593018,0.18539822101593018,0.6610169491525424,0.18539822101593018,0.18539822101593018,2.0
data_090,0,0,0.8674954175949097,0.0,0.0,0.18539822101593018,0.18539822101593018,0.0,0.0,0.18539822101593018,0.18539822101593018,2.0
data_090,0,0,0.6429250240325928,0.10317450761795044,0.6712328767123288,0.10317450761795044,0.10995155572891235,0.027611076831817627,0.589041095890411,0.027611076831817627,0.027611076831817627,3.0
data_090,0,0,0.8374279141426086,0.006777048110961914,0.7671232876712328,0.08234047889709473,0.10995155572891235,0.0,0.0,0.0,0.027611076831817627,3.0
data_090,0,0,0.6396480798721313,0.0,0.0,0.10995155572891235,0.10995155572891235,0.0,0.0,0.027611076831817627,0.027611076831817627,3.0
data_091,0,1,,,,,,,,,,
data_091,0,1,,,,,,,,,,
data_091,0,1,,,,,,,,,,
data_091,0,1,,,,,,,,,,
data_091,0,1,,,,,,,,,,
data_091,0,0,0.850127637386322,0.0,0.0,0.0,0.0,0.0,0.0,0.25355929136276245,0.4097976088523865,3.0
data_091,0,0,0.6991299390792847,0.0,0.0,0.0,0.0,0.0,0.0,0.09307736158370972,0.4097976088523865,3.0
data_091,1,0,0.7926020622253418,0.0,0.0,0.0,0.0,0.4097976088523865,0.5490196078431373,0.4097976088523865,0.4097976088523865,3.0
data_091,0,0,0.7443163394927979,0.0,0.0,0.0,0.0,0.12697023153305054,0.6629213483146067,0.1945425271987915,0.1945425271987915,3.0
data_091,0,0,0.7755879759788513,0.0,0.0,0.0,0.0,0.0,0.0,0.1945425271987915,0.1945425271987915,3.0
data_091,0,0,0.7223140597343445,0.0,0.0,0.0,0.0,0.06757229566574097,0.07303370786516854,0.06757229566574097,0.1945425271987915,3.0
data_091,0,0,0.8914526700973511,0.0,0.0,0.0,0.0,0.0,0.0,0.0,0.0557747483253479,3.0
data_091,0,0,0.7051832675933838,0.0,0.0,0.0,0.0,0.0557747483253479,0.14864864864864866,0.0557747483253479,0.0557747483253479,3.0
data_091,0,0,0.6535897254943848,0.0,0.0,0.0,0.0,0.0,0.0,0.0557747483253479,0.0557747483253479,3.0
data_091,0,0,0.5787155628204346,0.0,0.0,0.0,0.0,0.0,0.0,0.0,0.0,3.0
data_091,0,0,0.7367048859596252,0.0,0.0,0.0,0.0,0.0,0.0,0.0,0.0,3.0
data_091,0,0,0.5821920037269592,0.0,0.0,0.0,0.0,0.0,0.0,0.0,0.0,3.0
data_091,0,0,0.6653811931610107,0.0,0.0,0.0,0.0,0.0,0.0,0.06281906366348267,0.06281906366348267,3.0
data_091,0,0,0.6639713644981384,0.0,0.0,0.0,0.0,0.06281906366348267,0.6078431372549019,0.06281906366348267,0.06281906366348267,3.0
data_091,0,0,0.8107720017433167,0.0,0.0,0.0,0.0,0.0,0.0,0.03738671541213989,0.06281906366348267,3.0
data_091,0,0,0.75126051902771,0.0,0.0,0.0,0.0,0.0,0.0,0.0,0.0,2.0
data_091,0,0,0.5617274641990662,0.0,0.0,0.0,0.0,0.0,0.0,0.0,0.0,2.0
data_092,0,0,0.9157084822654724,0.0,0.0,0.0,0.05515885353088379,0.23030507564544678,0.8137254901960784,0.23030507564544678,0.3432527780532837,4.0
data_092,0,0,0.8490661978721619,0.0,0.0,0.0,0.05515885353088379,0.0,0.0,0.11294770240783691,0.3432527780532837,4.0
data_092,0,0,0.9804825186729431,0.0,0.0,0.05515885353088379,0.05515885353088379,0.0,0.0,0.00791025161743164,0.3432527780532837,4.0
data_092,0,0,0.8082520365715027,0.05515885353088379,0.16666666666666666,0.05515885353088379,0.05515885353088379,0.11294770240783691,0.09803921568627451,0.11294770240783691,0.3432527780532837,4.0
data_092,0,0,0.9765724539756775,0.0,0.0,0.0,0.05135899782180786,0.0,0.0,0.3219003677368164,0.3219003677368164,3.0
data_092,0,0,0.7428420782089233,0.05135899782180786,0.47058823529411764,0.05135899782180786,0.05135899782180786,0.17317461967468262,0.6029411764705882,0.17317461967468262,0.3219003677368164,3.0
data_092,0,0,0.6915683150291443,0.0,0.0,0.05135899782180786,0.05135899782180786,0.1487257480621338,0.2647058823529412,0.1487257480621338,0.3219003677368164,3.0
data_092,1,0,0.6081964373588562,0.0,0.0,0.0,0.06874769926071167,0.0,0.0,0.0,0.06874769926071167,3.0
data_092,0,0,0.6323230862617493,0.06874769926071167,0.34782608695652173,0.06874769926071167,0.06874769926071167,0.06874769926071167,0.34782608695652173,0.06874769926071167,0.06874769926071167,3.0
data_092,0,0,0.6353574395179749,0.0,0.0,0.06874769926071167,0.06874769926071167,0.0,0.0,0.06874769926071167,0.06874769926071167,3.0
data_092,0,0,0.8911945819854736,0.0,0.0,0.0,0.0,0.19301193952560425,0.4024390243902439,0.19301193952560425,0.19301193952560425,3.0
data_092,0,0,0.9389013051986694,0.0,0.0,0.0,0.0,0.0,0.0,0.10384267568588257,0.19301193952560425,3.0
data_092,0,0,0.741664707660675,0.0,0.0,0.0,0.0,0.0,0.0,0.03736799955368042,0.19301193952560425,3.0
data_092,0,0,0.6028521060943604,0.0,0.0,0.0,0.0,0.0,0.0,0.1503032147884369,0.1868424117565155,3.0
data_092,0,0,0.7615208029747009,0.0,0.0,0.0,0.0,0.0,0.0,0.1456325352191925,0.1868424117565155,3.0
data_092,0,0,0.6060819625854492,0.0,0.0,0.0,0.0,0.1868424117565155,0.16279069767441862,0.1868424117565155,0.1868424117565155,3.0
data_093,0,1,,,,,,,,,,
data_093,0,1,,,,,,,,,,
data_093,0,0,0.7845450639724731,0.0,0.0,0.0,0.0,0.0,0.0,0.0,0.14767450094223022,3.0
data_093,0,0,0.8488887548446655,0.0,0.0,0.0,0.0,0.0,0.0,0.14767450094223022,0.14767450094223022,3.0
data_093,0,0,0.7170978784561157,0.0,0.0,0.0,0.0,0.14767450094223022,0.0625,0.14767450094223022,0.14767450094223022,3.0
data_093,0,0,0.8086739182472229,0.0,0.0,0.0,0.0,0.07605117559432983,0.591304347826087,0.07605117559432983,0.19998836517333984,3.0
data_093,0,0,0.7464665174484253,0.0,0.0,0.0,0.0,0.12393718957901001,0.391304347826087,0.12393718957901001,0.19998836517333984,3.0
data_093,0,0,0.7628490328788757,0.0,0.0,0.0,0.0,0.0,0.0,0.14874500036239624,0.19998836517333984,3.0
data_093,0,0,0.8788964748382568,0.0,0.0,0.032040178775787354,0.032040178775787354,0.0,0.0,0.0,0.0,3.0
data_093,0,0,0.7571679353713989,0.032040178775787354,0.2897196261682243,0.032040178775787354,0.032040178775787354,0.0,0.0,0.0,0.0,3.0
data_093,0,0,0.8114986419677734,0.0,0.0,0.0,0.032040178775787354,0.0,0.0,0.0,0.0,3.0
data_093,0,0,0.8090846538543701,0.04590761661529541,0.3087248322147651,0.04590761661529541,0.09116935729980469,0.0,0.0,0.08648312091827393,0.1317448616027832,3.0
data_093,0,0,0.6313597559928894,0.04526174068450928,0.4563758389261745,0.04526174068450928,0.09116935729980469,0.04526174068450928,0.4563758389261745,0.08583724498748779,0.1317448616027832,3.0
data_093,0,0,0.7325760722160339,0.0,0.0,0.09116935729980469,0.09116935729980469,0.08648312091827393,0.0738255033557047,0.08648312091827393,0.1317448616027832,3.0
data_094,0,1,,,,,,,,,,
data_094,0,1,,,,,,,,,,
data_094,0,1,,,,,,,,,,
data_094,1,0,0.7754958271980286,0.0,0.0,0.0,0.023098528385162354,1.9371509552001953e-05,0.3719512195121951,1.9371509552001953e-05,1.9371509552001953e-05,3.0
data_094,0,0,0.8169800639152527,0.0,0.0,0.02307915687561035,0.023098528385162354,0.0,0.0,0.0,1.9371509552001953e-05,3.0
data_094,0,0,0.8309376835823059,0.023098528385162354,0.5792682926829268,0.023098528385162354,0.023098528385162354,0.0,0.0,1.9371509552001953e-05,1.9371509552001953e-05,3.0
data_094,0,0,0.721347451210022,0.13860809803009033,0.63,0.16562974452972412,0.24225842952728271,0.0,0.0,0.0,0.0,3.0
data_094,0,0,0.8312384486198425,0.10365033149719238,0.08,0.10365033149719238,0.24225842952728271,0.0,0.0,0.0,0.0,3.0
data_094,0,0,0.9564899206161499,0.0,0.0,0.10365033149719238,0.24225842952728271,0.0,0.0,0.0,0.0,3.0
data_094,0,0,0.6440436840057373,0.0,0.0,0.0,0.0,0.023919403553009033,0.125,0.023919403553009033,0.023919403553009033,2.0
data_094,0,0,0.688205897808075,0.0,0.0,0.0,0.0,0.0,0.0,0.023919403553009033,0.023919403553009033,2.0
data_094,1,0,0.8744160532951355,0.0,0.0,0.0,0.0,0.06261491775512695,0.68,0.06261491775512695,0.06261491775512695,3.0
data_094,0,0,0.8274544477462769,0.0,0.0,0.0,0.0,0.0,0.0,0.0,0.06261491775512695,3.0
data_094,0,0,0.551555871963501,0.0,0.0,0.0,0.0,0.0,0.0,0.0,0.06261491775512695,3.0
data_095,0,1,,,,,,,,,,
data_095,0,1,,,,,,,,,,
data_095,0,1,,,,,,,,,,
data_095,0,1,,,,,,,,,,
data_095,0,0,0.5840243697166443,0.007885396480560303,0.2542372881355932,0.007885396480560303,0.007885396480560303,0.009041070938110352,0.5084745762711864,0.009041070938110352,0.14390712976455688,4.0
data_095,0,0,0.816228985786438,0.0,0.0,0.007885396480560303,0.007885396480560303,0.0,0.0,0.0,0.14390712976455688,4.0
data_095,0,0,0.7705748081207275,0.0,0.0,0.0,0.007885396480560303,0.0,0.0,0.009041070938110352,0.14390712976455688,4.0
data_095,0,0,0.7112632989883423,0.0,0.0,0.0,0.007885396480560303,0.13486605882644653,0.5254237288135594,0.13486605882644653,0.14390712976455688,4.0
data_095,0,0,0.8273295760154724,0.0,0.0,0.0,0.0,0.0,0.0,0.0,0.1708429455757141,3.0
data_095,0,0,0.7520686984062195,0.0,0.0,0.0,0.0,0.1708429455757141,0.3137254901960784,0.1708429455757141,0.1708429455757141,3.0
data_095,0,0,0.7947484850883484,0.0,0.0,0.0,0.0,0.0,0.0,0.1708429455757141,0.1708429455757141,3.0
data_095,0,0,0.7837422490119934,0.0,0.0,0.0,0.0,0.0,0.0,0.07186144590377808,0.14813905954360962,3.0
data_095,0,0,0.7130758166313171,0.0,0.0,0.0,0.0,0.0,0.0,0.14813905954360962,0.14813905954360962,3.0
data_095,0,0,0.7880073189735413,0.0,0.0,0.0,0.0,0.14813905954360962,0.125,0.14813905954360962,0.14813905954360962,3.0
data_095,0,0,0.8475394248962402,0.0,0.0,0.14690303802490234,0.14690303802490234,0.0,0.0,0.21617072820663452,0.21617072820663452,3.0
data_095,0,0,0.8007397651672363,0.14690303802490234,0.45714285714285713,0.14690303802490234,0.14690303802490234,0.0,0.0,0.0,0.21617072820663452,3.0
data_095,0,0,0.86796635389328,0.0,0.0,0.0,0.14690303802490234,0.21617072820663452,0.5571428571428572,0.21617072820663452,0.21617072820663452,3.0
data_095,0,0,0.7800060510635376,0.0,0.0,0.0,0.0,0.15076065063476562,0.8571428571428571,0.15076065063476562,0.15076065063476562,3.0
data_095,0,0,0.669279932975769,0.0,0.0,0.0,0.0,0.0,0.0,0.15076065063476562,0.15076065063476562,3.0
data_095,0,0,0.7683677673339844,0.0,0.0,0.0,0.0,0.0,0.0,0.0,0.15076065063476562,3.0
data_095,0,0,0.9229407906532288,0.0,0.0,0.023639023303985596,0.023639023303985596,0.16256076097488403,0.4444444444444444,0.16256076097488403,0.2492821216583252,3.0
data_095,0,0,0.7196519374847412,0.023639023303985596,0.5432098765432098,0.023639023303985596,0.023639023303985596,0.08672136068344116,0.7777777777777778,0.1505163311958313,0.2492821216583252,3.0
data_095,0,0,0.8711397647857666,0.0,0.0,0.0,0.023639023303985596,0.0,0.0,0.2492821216583252,0.2492821216583252,3.0
data_096,0,1,,,,,,,,,,
data_096,0,1,,,,,,,,,,
data_096,0,1,,,,,,,,,,
data_096,0,0,0.7631857395172119,0.0034020543098449707,0.37948717948717947,0.0034020543098449707,0.0034020543098449707,0.0034020543098449707,0.37948717948717947,0.0034020543098449707,0.0034020543098449707,3.0
data_096,0,0,0.8173701763153076,0.0,0.0,0.0,0.0034020543098449707,0.0,0.0,0.0,0.0034020543098449707,3.0
data_096,0,0,0.7641669511795044,0.0,0.0,0.0,0.0034020543098449707,0.0,0.0,0.0,0.0034020543098449707,3.0
data_096,0,0,0.7309223413467407,0.0,0.0,0.0,0.0,0.035785794258117676,0.7987012987012987,0.035785794258117676,0.06754535436630249,3.0
data_096,0,0,0.7561248540878296,0.0,0.0,0.0,0.0,0.031759560108184814,0.5194805194805194,0.031759560108184814,0.06754535436630249,3.0
data_096,0,0,0.7830696105957031,0.0,0.0,0.0,0.0,0.0,0.0,0.050462424755096436,0.06754535436630249,3.0
data_096,0,0,0.8331435918807983,0.0,0.0,0.0,0.1309206485748291,0.10049420595169067,0.6470588235294118,0.12429016828536987,0.12429016828536987,3.0
data_096,0,0,0.7721970081329346,0.1309206485748291,0.7983193277310925,0.1309206485748291,0.1309206485748291,0.0237959623336792,0.44537815126050423,0.0237959623336792,0.12429016828536987,3.0
data_096,0,0,0.8850162029266357,0.0,0.0,0.1309206485748291,0.1309206485748291,0.0,0.0,0.0,0.12429016828536987,3.0
data_096,0,0,0.6966503858566284,0.11401605606079102,0.43356643356643354,0.11401605606079102,0.13831257820129395,0.11401605606079102,0.43356643356643354,0.11401605606079102,0.13831257820129395,3.0
data_096,0,0,0.5874488949775696,0.02429652214050293,0.8881118881118881,0.07411748170852661,0.13831257820129395,0.02429652214050293,0.8881118881118881,0.07411748170852661,0.13831257820129395,3.0
data_096,1,0,0.5434755682945251,0.0,0.0,0.13831257820129395,0.13831257820129395,0.0,0.0,0.13831257820129395,0.13831257820129395,3.0
data_096,0,0,0.700556755065918,0.06791740655899048,0.3050847457627119,0.06791740655899048,0.06791740655899048,0.0,0.0,0.0,0.05161017179489136,3.0
data_096,0,0,0.8899903297424316,0.0,0.0,0.06791740655899048,0.06791740655899048,0.0,0.0,0.0,0.05161017179489136,3.0
data_096,0,0,0.6514650583267212,0.0,0.0,0.0,0.06791740655899048,0.05161017179489136,0.4576271186440678,0.05161017179489136,0.05161017179489136,3.0
data_096,0,0,0.8704851865768433,0.0,0.0,0.0,0.06370353698730469,0.0,0.0,0.07822471857070923,0.14192825555801392,3.0
data_096,0,0,0.8493242263793945,0.0,0.0,0.06370353698730469,0.06370353698730469,0.14192825555801392,0.6063829787234043,0.14192825555801392,0.14192825555801392,3.0
data_096,0,0,0.7761427760124207,0.06370353698730469,0.5319148936170213,0.06370353698730469,0.06370353698730469,0.0,0.0,0.0,0.14192825555801392,3.0
data_097,1,1,,,,,,,,,,
data_097,0,1,,,,,,,,,,
data_097,1,1,,,,,,,,,,
data_097,1,1,,,,,,,,,,
data_097,0,0,0.7455347776412964,0.0,0.0,0.0,0.0,0.0,0.0,0.0,0.12117940187454224,3.0
data_097,0,0,0.7612367272377014,0.0,0.0,0.0,0.0,0.0,0.0,0.12117940187454224,0.12117940187454224,3.0
data_097,0,0,0.7374982833862305,0.0,0.0,0.0,0.0,0.12117940187454224,0.04918032786885246,0.12117940187454224,0.12117940187454224,3.0
data_097,1,0,0.6486392021179199,0.0,0.0,0.0,0.0,0.0,0.0,0.0,0.0,3.0
data_097,0,0,0.6605620980262756,0.0,0.0,0.0,0.0,0.0,0.0,0.0,0.0,3.0
data_097,1,0,0.6075478792190552,0.0,0.0,0.0,0.0,0.0,0.0,0.0,0.0,3.0
data_097,0,0,0.7984493970870972,0.0,0.0,0.0,0.0,0.0,0.0,0.0,0.0,2.0
data_097,0,0,0.7696450352668762,0.0,0.0,0.0,0.0,0.0,0.0,0.0,0.0,2.0
data_097,1,0,0.6288135647773743,0.00985419750213623,0.5853658536585366,0.00985419750213623,0.07077616453170776,0.0,0.0,0.0,0.0,3.0
data_097,1,0,0.6827784180641174,0.0,0.0,0.06092196702957153,0.07077616453170776,0.0,0.0,0.0,0.0,3.0
data_097,1,0,0.6091471910476685,0.06092196702957153,0.5658536585365853,0.06092196702957153,0.07077616453170776,0.0,0.0,0.0,0.0,3.0
data_097,0,0,0.8313368558883667,0.0,0.0,0.0,0.0,0.0,0.0,0.0,0.0,2.0
data_097,0,0,0.7326474189758301,0.0,0.0,0.0,0.0,0.0,0.0,0.0,0.0,2.0
data_098,0,1,,,,,,,,,,
data_098,0,1,,,,,,,,,,
data_098,0,1,,,,,,,,,,
data_098,0,0,0.6868376135826111,0.0,0.0,0.0,0.0,0.0,0.0,0.2213645577430725,0.22833406925201416,3.0
data_098,0,0,0.8151156902313232,0.0,0.0,0.0,0.0,0.2213645577430725,0.5098039215686274,0.2213645577430725,0.22833406925201416,3.0
data_098,0,0,0.7474398612976074,0.0,0.0,0.0,0.0,0.00696951150894165,0.6666666666666666,0.00696951150894165,0.22833406925201416,3.0
data_098,0,0,0.8754666447639465,0.0,0.0,0.0,0.0,0.0,0.0,0.15887892246246338,0.30178338289260864,3.0
data_098,0,0,0.7141254544258118,0.0,0.0,0.0,0.0,0.0,0.0,0.013587713241577148,0.30178338289260864,3.0
data_098,0,0,0.8058268427848816,0.0,0.0,0.0,0.0,0.30178338289260864,0.5365853658536586,0.30178338289260864,0.30178338289260864,3.0
data_098,1,0,0.7507086396217346,0.008742690086364746,0.2708333333333333,0.008742690086364746,0.008742690086364746,0.008742690086364746,0.2708333333333333,0.008742690086364746,0.008742690086364746,3.0
data_098,0,0,0.7107845544815063,0.0,0.0,0.008742690086364746,0.008742690086364746,0.0,0.0,0.008742690086364746,0.008742690086364746,3.0
data_098,0,0,0.698311984539032,0.0,0.0,0.0,0.008742690086364746,0.0,0.0,0.0,0.008742690086364746,3.0
data_098,0,0,0.7561901211738586,0.0,0.0,0.0,0.0,0.0983344316482544,0.4482758620689655,0.0983344316482544,0.0983344316482544,3.0
data_098,0,0,0.6287155747413635,0.0,0.0,0.0,0.0,0.0,0.0,0.0983344316482544,0.0983344316482544,3.0
data_098,0,0,0.8083703517913818,0.0,0.0,0.0,0.0,0.0,0.0,0.0,0.0983344316482544,3.0
data_098,0,0,0.8436324000358582,0.2303904891014099,0.6666666666666666,0.2303904891014099,0.2303904891014099,0.0,0.0,0.017369627952575684,0.19471651315689087,3.0
data_098,0,0,0.8333003520965576,0.0,0.0,0.060025691986083984,0.2303904891014099,0.19471651315689087,0.6444444444444445,0.19471651315689087,0.19471651315689087,3.0
data_098,0,0,0.7708178162574768,0.0,0.0,0.03567397594451904,0.2303904891014099,0.0,0.0,0.0,0.19471651315689087,3.0
data_098,0,0,0.7161005139350891,0.03128081560134888,0.391304347826087,0.03128081560134888,0.03128081560134888,0.0,0.0,0.0,0.0,2.0
data_098,0,0,0.7319298982620239,0.0,0.0,0.03128081560134888,0.03128081560134888,0.0,0.0,0.0,0.0,2.0
data_098,0,0,0.6990903615951538,0.0,0.0,0.0,0.0,0.0,0.0,0.0,0.0,3.0
data_098,0,0,0.8532664775848389,0.0,0.0,0.0,0.0,0.0,0.0,0.0,0.0,3.0
data_098,0,0,0.719417929649353,0.0,0.0,0.0,0.0,0.0,0.0,0.0,0.0,3.0
data_098,0,0,0.8160961270332336,0.0,0.0,0.0,0.0,0.0,0.0,0.0,0.0,2.0
data_098,0,0,0.7447277307510376,0.0,0.0,0.0,0.0,0.0,0.0,0.0,0.0,2.0
data_099,0,1,,,,,,,,,,
data_099,1,1,,,,,,,,,,
data_099,0,0,0.6996809244155884,0.0280153751373291,0.23809523809523808,0.0280153751373291,0.0280153751373291,0.0,0.0,0.0,0.0,2.0
data_099,0,0,0.7235479950904846,0.0,0.0,0.0280153751373291,0.0280153751373291,0.0,0.0,0.0,0.0,2.0
data_099,0,0,0.22356286644935608,,,,,,,,,
data_099,0,0,0.21514572203159332,,,,,,,,,
data_099,0,0,0.7275844216346741,0.0,0.0,0.0,0.0,0.0,0.0,0.0,0.0,2.0
data_099,0,0,0.6660635471343994,0.0,0.0,0.0,0.0,0.0,0.0,0.0,0.0,2.0
data_099,0,0,0.7043424844741821,0.0,0.0,0.0,0.0,0.0,0.0,0.05380815267562866,0.05380815267562866,2.0
data_099,0,0,0.6721475720405579,0.0,0.0,0.0,0.0,0.05380815267562866,0.32432432432432434,0.05380815267562866,0.05380815267562866,2.0
data_099,1,0,0.6781612038612366,0.0,0.0,0.0,0.0,0.0,0.0,0.0320470929145813,0.0320470929145813,2.0
data_099,1,0,0.5658120512962341,0.0,0.0,0.0,0.0,0.0320470929145813,0.910958904109589,0.0320470929145813,0.0320470929145813,2.0
data_099,0,0,0.781174898147583,0.0,0.0,0.0,0.0,0.0,0.0,0.0,0.0,2.0
data_099,0,0,0.7798058986663818,0.0,0.0,0.0,0.0,0.0,0.0,0.0,0.0,2.0
data_099,1,0,0.5473618507385254,,,,,,,,,
data_100,0,1,,,,,,,,,,
data_100,1,1,,,,,,,,,,
data_100,1,1,,,,,,,,,,
data_100,0,0,0.7556053996086121,0.0,0.0,0.0,0.0,0.29642975330352783,0.8571428571428571,0.29642975330352783,0.6482483148574829,4.0
data_100,0,0,0.8076131939888,0.0,0.0,0.0,0.0,0.3518185615539551,0.42857142857142855,0.3518185615539551,0.6482483148574829,4.0
data_100,0,0,0.7336565852165222,0.0,0.0,0.0,0.0,0.0,0.0,0.3518185615539551,0.6482483148574829,4.0
data_100,0,0,0.8168514966964722,0.0,0.0,0.0,0.0,0.0,0.0,0.16565412282943726,0.6482483148574829,4.0
data_100,0,0,0.6393609642982483,0.1762154996395111,0.8258706467661692,0.1762154996395111,0.1762154996395111,0.0,0.0,0.0,0.10158807039260864,3.0
data_100,0,0,0.6472801566123962,0.0,0.0,0.0808582603931427,0.1762154996395111,0.10158807039260864,0.5572139303482587,0.10158807039260864,0.10158807039260864,3.0
data_100,1,0,0.71048504114151,0.0,0.0,0.0,0.1762154996395111,0.0,0.0,0.10158807039260864,0.10158807039260864,3.0
data_100,0,0,0.7725645899772644,0.27202457189559937,0.9078014184397163,0.27202457189559937,0.27202457189559937,0.1415652632713318,0.8865248226950354,0.1415652632713318,0.1415652632713318,3.0
data_100,0,0,0.8357787728309631,0.0,0.0,0.13045930862426758,0.27202457189559937,0.0,0.0,0.0,0.1415652632713318,3.0
data_100,0,0,0.7961439490318298,0.0,0.0,0.0,0.27202457189559937,0.0,0.0,0.1415652632713318,0.1415652632713318,3.0
data_100,0,0,0.8960844278335571,0.0,0.0,0.026719897985458374,0.2854098379611969,0.13773763179779053,0.13592233009708737,0.14306950569152832,0.14306950569152832,3.0
data_100,0,0,0.7448253035545349,0.0,0.0,0.14234033226966858,0.2854098379611969,0.0,0.0,0.0,0.14306950569152832,3.0
data_100,1,0,0.6919037103652954,0.2854098379611969,0.23300970873786409,0.2854098379611969,0.2854098379611969,0.005331873893737793,0.20388349514563106,0.14306950569152832,0.14306950569152832,3.0
data_100,0,0,0.9601559638977051,0.0,0.0,0.0,0.0,0.0,0.0,0.0,0.0,3.0
data_100,0,0,0.7797510027885437,0.0,0.0,0.0,0.0,0.0,0.0,0.0,0.0,3.0
data_100,0,0,0.881117045879364,0.0,0.0,0.0,0.0,0.0,0.0,0.0,0.0,3.0
data_100,0,0,0.8772872090339661,0.0,0.0,0.0,0.0,0.0,0.0,0.0,0.0,2.0
data_100,0,0,0.7897863984107971,0.0,0.0,0.0,0.0,0.0,0.0,0.0,0.0,2.0
data_100,0,1,,,,,,,,,,
data_100,0,1,,,,,,,,,,
data_101,0,0,0.6775626540184021,0.016487836837768555,0.21666666666666667,0.016487836837768555,0.016487836837768555,0.016487836837768555,0.21666666666666667,0.016487836837768555,0.10532745718955994,5.0
data_101,0,0,0.8552200198173523,0.0,0.0,0.0,0.016487836837768555,0.0,0.0,0.0,0.10532745718955994,5.0
data_101,0,0,0.5771214962005615,0.0,0.0,0.0,0.016487836837768555,0.08883962035179138,0.6666666666666666,0.08883962035179138,0.10532745718955994,5.0
data_101,0,0,0.8281248211860657,0.0,0.0,0.0,0.016487836837768555,0.0,0.0,0.0,0.10532745718955994,5.0
data_101,0,0,0.8245502710342407,0.0,0.0,0.0,0.016487836837768555,0.0,0.0,0.0,0.10532745718955994,5.0
data_101,0,0,0.9004234671592712,0.0,0.0,0.0,0.0,0.0,0.0,0.1737687587738037,0.5773613154888153,3.0
data_101,0,0,0.744381308555603,0.0,0.0,0.0,0.0,0.0,0.0,0.0,0.5773613154888153,3.0
data_101,0,0,0.8879343271255493,0.0,0.0,0.0,0.0,0.5773613154888153,0.6190476190476191,0.5773613154888153,0.5773613154888153,3.0
data_101,0,0,0.872349739074707,0.027309417724609375,0.13043478260869565,0.03419160842895508,0.03419160842895508,0.027309417724609375,0.13043478260869565,0.03419160842895508,0.03419160842895508,2.0
data_101,1,0,0.7801945805549622,0.006882190704345703,0.1956521739130435,0.03419160842895508,0.03419160842895508,0.006882190704345703,0.1956521739130435,0.03419160842895508,0.03419160842895508,2.0
data_101,0,0,0.685350775718689,0.0,0.0,0.0,0.0,0.0,0.0,0.0,0.0,3.0
data_101,0,0,0.7317463755607605,0.0,0.0,0.0,0.0,0.0,0.0,0.0,0.0,3.0
data_101,0,0,0.6351203918457031,0.0,0.0,0.0,0.0,0.0,0.0,0.0,0.0,3.0
data_101,0,0,0.665876030921936,0.0,0.0,0.12975528836250305,0.12975528836250305,0.0,0.0,0.0,0.052130162715911865,3.0
data_101,1,0,0.5805267691612244,0.08144879341125488,0.7083333333333334,0.08144879341125488,0.12975528836250305,0.052130162715911865,0.125,0.052130162715911865,0.052130162715911865,3.0
data_101,1,0,0.5226479768753052,0.04830649495124817,0.5833333333333334,0.04830649495124817,0.12975528836250305,0.0,0.0,0.052130162715911865,0.052130162715911865,3.0
data_101,0,0,0.5250983238220215,0.10008710622787476,0.3620689655172414,0.10008710622787476,0.10008710622787476,0.0,0.0,0.0599517822265625,0.35946542024612427,3.0
data_101,0,0,0.664761483669281,0.0,0.0,0.04746842384338379,0.10008710622787476,0.3068467378616333,0.39655172413793105,0.3068467378616333,0.35946542024612427,3.0
data_101,0,0,0.7249332070350647,0.0,0.0,0.0,0.10008710622787476,0.05261868238449097,0.2413793103448276,0.2593783140182495,0.35946542024612427,3.0
data_101,0,0,0.68783038854599,0.0,0.0,0.0,0.0,0.0,0.0,0.08035141229629517,0.12522625923156738,3.0
data_101,1,0,0.6036238670349121,0.0,0.0,0.0,0.0,0.0,0.0,0.0,0.12522625923156738,3.0
data_101,1,0,0.6637444496154785,0.0,0.0,0.0,0.0,0.12522625923156738,0.35106382978723405,0.12522625923156738,0.12522625923156738,3.0
data_102,1,0,0.4665225148200989,0.0,0.0,0.0,0.0,0.0,0.0,0.0,0.0,3.0
data_102,0,0,0.434711754322052,0.0,0.0,0.0,0.0,0.0,0.0,0.0,0.0,3.0
data_102,0,0,0.5424976348876953,0.0,0.0,0.0,0.0,0.0,0.0,0.0,0.0,3.0
data_102,0,0,0.7374732494354248,0.0,0.0,0.0,0.0,0.0,0.0,0.0,0.028713881969451904,3.0
data_102,0,0,0.7208147644996643,0.0,0.0,0.0,0.0,0.028713881969451904,0.49230769230769234,0.028713881969451904,0.028713881969451904,3.0
data_102,0,0,0.63042813539505,0.0,0.0,0.0,0.0,0.0,0.0,0.028713881969451904,0.028713881969451904,3.0
data_102,0,0,0.910638689994812,0.0,0.0,0.0,0.1350114345550537,0.2790965437889099,0.7333333333333333,0.2790965437889099,0.2790965437889099,3.0
data_102,0,0,0.8498737215995789,0.0,0.0,0.1350114345550537,0.1350114345550537,0.0,0.0,0.14292925596237183,0.2790965437889099,3.0
data_102,0,0,0.8083690404891968,0.1350114345550537,0.3,0.1350114345550537,0.1350114345550537,0.0,0.0,0.04756897687911987,0.2790965437889099,3.0
data_102,0,0,0.8301771879196167,0.0,0.0,0.0,0.0,0.0,0.0,0.0,0.0,3.0
data_102,0,0,0.7778322696685791,0.0,0.0,0.0,0.0,0.0,0.0,0.0,0.0,3.0
data_102,0,0,0.7318233251571655,0.0,0.0,0.0,0.0,0.0,0.0,0.0,0.0,3.0
data_102,0,0,0.8318192958831787,0.21137595176696777,0.25,0.21137595176696777,0.21137595176696777,0.0,0.0,0.0,0.0,3.0
data_102,0,0,0.8212549090385437,0.0,0.0,0.21137595176696777,0.21137595176696777,0.0,0.0,0.0,0.0,3.0
data_102,0,0,0.8004087805747986,0.0,0.0,0.03686648607254028,0.21137595176696777,0.0,0.0,0.0,0.0,3.0
data_103,0,1,,,,,,,,,,
data_103,0,1,,,,,,,,,,
data_103,0,0,0.6268169283866882,0.0,0.0,0.0,0.1565181016921997,0.0,0.0,0.0,0.409426212310791,6.0
data_103,0,0,0.7417570352554321,0.015438675880432129,0.40188383045525905,0.015438675880432129,0.1565181016921997,0.06480354070663452,0.35949764521193095,0.20004773139953613,0.409426212310791,6.0
data_103,0,0,0.775677502155304,0.0,0.0,0.0,0.1565181016921997,0.10081154108047485,0.8634222919937206,0.20555508136749268,0.409426212310791,6.0
data_103,0,0,0.6828319430351257,0.14107942581176758,0.6059654631083202,0.14107942581176758,0.1565181016921997,0.0,0.0,0.20004773139953613,0.409426212310791,6.0
data_103,0,0,0.6650678515434265,0.0,0.0,0.0,0.1565181016921997,0.24381113052368164,0.7205651491365777,0.24381113052368164,0.409426212310791,6.0
data_103,1,0,0.7042760848999023,0.0,0.0,0.1033831238746643,0.1565181016921997,0.0,0.0,0.147995263338089,0.409426212310791,6.0
data_103,0,0,0.5842181444168091,0.0,0.0,0.0,0.0,0.048780739307403564,0.5434782608695652,0.15985965728759766,0.15985965728759766,3.0
data_103,0,0,0.7222765684127808,0.0,0.0,0.0,0.0,0.0,0.0,0.15985965728759766,0.15985965728759766,3.0
data_103,0,0,0.6980175971984863,0.0,0.0,0.0,0.0,0.11107891798019409,0.1956521739130435,0.11107891798019409,0.15985965728759766,3.0
data_103,0,0,0.7052015662193298,0.0,0.0,0.0,0.0,0.0,0.0,0.0,0.0,2.0
data_103,0,0,0.6423604488372803,0.0,0.0,0.0,0.0,0.0,0.0,0.0,0.0,2.0
data_103,0,0,0.7528331279754639,0.0,0.0,0.0,0.0,0.3754895031452179,0.7741935483870968,0.3754895031452179,0.3754895031452179,2.0
data_103,0,0,0.7027270197868347,0.0,0.0,0.0,0.0,0.0,0.0,0.3754895031452179,0.3754895031452179,2.0
data_103,0,0,0.6322301030158997,0.0,0.0,0.0,0.0,0.0,0.0,0.0,0.0,2.0
data_103,0,0,0.6966481804847717,0.0,0.0,0.0,0.0,0.0,0.0,0.0,0.0,2.0
data_103,0,0,0.6943039894104004,0.006056606769561768,0.7045454545454546,0.006056606769561768,0.006056606769561768,0.0,0.0,0.0,0.0,2.0
data_103,0,0,0.8283430337905884,0.0,0.0,0.006056606769561768,0.006056606769561768,0.0,0.0,0.0,0.0,2.0
data_104,0,1,,,,,,,,,,
data_104,0,1,,,,,,,,,,
data_104,1,1,,,,,,,,,,
data_104,0,0,0.8526855111122131,0.0,0.0,0.0,0.0,0.23157888650894165,0.12307692307692308,0.267098069190979,0.267098069190979,3.0
data_104,0,0,0.8057421445846558,0.0,0.0,0.0,0.0,0.0,0.0,0.267098069190979,0.267098069190979,3.0
data_104,0,0,0.6221712827682495,0.0,0.0,0.0,0.0,0.035519182682037354,0.4307692307692308,0.035519182682037354,0.267098069190979,3.0
data_104,0,0,0.8028610348701477,0.0,0.0,0.02934873104095459,0.0314752459526062,0.0,0.0,0.0,0.0021265149116516113,3.0
data_104,1,0,0.6958507299423218,0.0,0.0,0.0,0.0314752459526062,0.0021265149116516113,0.40384615384615385,0.0021265149116516113,0.0021265149116516113,3.0
data_104,1,0,0.7745857238769531,0.0314752459526062,0.5576923076923077,0.0314752459526062,0.0314752459526062,0.0,0.0,0.0,0.0021265149116516113,3.0
data_104,0,0,0.9239912629127502,0.0,0.0,0.0,0.0,0.0,0.0,0.13800692558288574,0.2929067611694336,3.0
data_104,0,0,0.8000208735466003,0.0,0.0,0.0,0.0,0.13800692558288574,0.48484848484848486,0.13800692558288574,0.2929067611694336,3.0
data_104,0,0,0.7357963919639587,0.0,0.0,0.0,0.0,0.15489983558654785,0.8939393939393939,0.16422802209854126,0.2929067611694336,3.0
data_104,0,0,0.7035627365112305,0.0,0.0,0.0,0.07508015632629395,0.18008524179458618,0.5151515151515151,0.18008524179458618,0.18008524179458618,3.0
data_104,0,0,0.678779661655426,0.0,0.0,0.0,0.07508015632629395,0.0,0.0,0.18008524179458618,0.18008524179458618,3.0
data_104,0,0,0.6943292617797852,0.07508015632629395,0.6666666666666666,0.07508015632629395,0.07508015632629395,0.0,0.0,0.0,0.18008524179458618,3.0
data_105,0,1,,,,,,,,,,
data_105,0,1,,,,,,,,,,
data_105,0,1,,,,,,,,,,
data_105,0,1,,,,,,,,,,
data_105,0,0,0.7593653202056885,0.0,0.0,0.0,0.007974565029144287,0.44074323773384094,0.9726027397260274,0.44074323773384094,0.49505576491355896,5.0
data_105,0,0,0.8754618167877197,0.0,0.0,0.0,0.007974565029144287,0.0,0.0,0.0,0.49505576491355896,5.0
data_105,0,0,0.6463059782981873,0.007974565029144287,0.136986301369863,0.007974565029144287,0.007974565029144287,0.0,0.0,0.0,0.49505576491355896,5.0
data_105,0,0,0.859033465385437,0.0,0.0,0.007974565029144287,0.007974565029144287,0.0,0.0,0.0,0.49505576491355896,5.0
data_105,0,0,0.6589656472206116,0.0,0.0,0.0,0.007974565029144287,0.05431252717971802,0.6301369863013698,0.05431252717971802,0.49505576491355896,5.0
data_105,0,0,0.863547146320343,0.05740177631378174,0.5,0.05740177631378174,0.05740177631378174,0.05740177631378174,0.5,0.05740177631378174,0.361896276473999,4.0
data_105,0,0,0.6387202739715576,0.0,0.0,0.0,0.05740177631378174,0.1043960452079773,0.24074074074074073,0.1043960452079773,0.361896276473999,4.0
data_105,0,0,0.8441718816757202,0.0,0.0,0.0,0.05740177631378174,0.20009845495224,0.37037037037037035,0.20009845495224,0.361896276473999,4.0
data_105,0,0,0.9352766871452332,0.0,0.0,0.0,0.05740177631378174,0.0,0.0,0.3044945001602173,0.361896276473999,4.0
data_105,0,0,0.814582109451294,0.10462194681167603,0.24242424242424243,0.10462194681167603,0.10462194681167603,0.10462194681167603,0.24242424242424243,0.10462194681167603,0.10462194681167603,3.0
data_105,0,0,0.8401056528091431,0.0,0.0,0.05704981088638306,0.10462194681167603,0.0,0.0,0.05704981088638306,0.10462194681167603,3.0
data_105,0,0,0.7607648968696594,0.0,0.0,0.0,0.10462194681167603,0.0,0.0,0.0,0.10462194681167603,3.0
data_105,1,0,0.8944178223609924,0.0,0.0,0.0,0.0,0.05853831768035889,0.07216494845360824,0.05853831768035889,0.05853831768035889,3.0
data_105,0,0,0.7221385836601257,0.0,0.0,0.0,0.0,0.0,0.0,0.05853831768035889,0.05853831768035889,3.0
data_105,0,0,0.6195813417434692,0.0,0.0,0.0,0.0,0.0,0.0,0.0,0.05853831768035889,3.0
data_105,0,0,0.6601582765579224,0.0,0.0,0.0,0.0,0.0,0.0,0.0,0.12443864345550537,3.0
data_105,0,0,0.8720781803131104,0.0,0.0,0.0,0.0,0.12443864345550537,0.34,0.12443864345550537,0.12443864345550537,3.0
data_105,0,0,0.7950170040130615,0.0,0.0,0.0,0.0,0.0,0.0,0.12443864345550537,0.12443864345550537,3.0
data_105,0,0,0.7812609672546387,0.09012657403945923,0.34210526315789475,0.09012657403945923,0.09012657403945923,0.0,0.0,0.0,0.0,2.0
data_105,0,0,0.6439952254295349,0.0,0.0,0.09012657403945923,0.09012657403945923,0.0,0.0,0.0,0.0,2.0
data_106,0,1,,,,,,,,,,
data_106,0,1,,,,,,,,,,
data_106,0,0,0.7338970303535461,0.0,0.0,0.0,0.0,0.0622868537902832,0.13253012048192772,0.0622868537902832,0.0622868537902832,4.0
data_106,0,0,0.8110408782958984,0.0,0.0,0.0,0.0,0.0,0.0,0.0622868537902832,0.0622868537902832,4.0
data_106,0,0,0.7130250930786133,0.0,0.0,0.0,0.0,0.0,0.0,0.0,0.0622868537902832,4.0
data_106,0,0,0.7065885663032532,0.0,0.0,0.0,0.0,0.0,0.0,0.0,0.0622868537902832,4.0
data_106,0,0,0.640169620513916,0.0,0.0,0.0,0.0029169321060180664,0.0,0.0,0.06235814094543457,0.06235814094543457,3.0
data_106,0,0,0.6513685584068298,0.0,0.0,0.0029169321060180664,0.0029169321060180664,0.0,0.0,0.03830456733703613,0.06235814094543457,3.0
data_106,0,0,0.7029399871826172,0.0029169321060180664,0.31666666666666665,0.0029169321060180664,0.0029169321060180664,0.06235814094543457,0.36666666666666664,0.06235814094543457,0.06235814094543457,3.0
data_106,0,0,0.7924507856369019,0.0608363151550293,0.8282608695652174,0.0608363151550293,0.08041155338287354,0.0,0.0,0.0,0.09409457445144653,4.0
data_106,1,0,0.7303968667984009,0.0,0.0,0.01957523822784424,0.08041155338287354,0.0382426381111145,0.5043478260869565,0.06762456893920898,0.09409457445144653,4.0
data_106,1,0,0.6688214540481567,0.01957523822784424,0.2608695652173913,0.01957523822784424,0.08041155338287354,0.01957523822784424,0.2608695652173913,0.05585193634033203,0.09409457445144653,4.0
data_106,1,0,0.5813104510307312,0.0,0.0,0.0,0.08041155338287354,0.03627669811248779,0.2956521739130435,0.09409457445144653,0.09409457445144653,4.0
data_106,1,0,0.6637885570526123,0.0353776216506958,0.05223880597014925,0.0353776216506958,0.03711980581283569,0.0,0.0,0.0,0.0017421841621398926,3.0
data_106,1,0,0.7203426957130432,0.0017421841621398926,0.9552238805970149,0.03711980581283569,0.03711980581283569,0.0017421841621398926,0.9552238805970149,0.0017421841621398926,0.0017421841621398926,3.0
data_106,0,0,0.7698088884353638,0.0,0.0,0.03711980581283569,0.03711980581283569,0.0,0.0,0.0,0.0017421841621398926,3.0
data_107,1,1,,,,,,,,,,
data_107,0,1,,,,,,,,,,
data_107,0,1,,,,,,,,,,
data_107,0,1,,,,,,,,,,
data_107,0,0,0.7692347168922424,0.0,0.0,0.0,0.0,0.0,0.0,0.0,0.3053399920463562,4.0
data_107,0,0,0.6381672620773315,0.0,0.0,0.0,0.0,0.21800270676612854,0.047058823529411764,0.3053399920463562,0.3053399920463562,4.0
data_107,0,0,0.696386456489563,0.0,0.0,0.0,0.0,0.0,0.0,0.1961982548236847,0.3053399920463562,4.0
data_107,0,0,0.5840249061584473,0.0,0.0,0.0,0.0,0.08733728528022766,0.011764705882352941,0.08733728528022766,0.3053399920463562,4.0
data_107,0,0,0.6952880620956421,0.18341386318206787,0.8160919540229885,0.3066467046737671,0.6127318441867828,0.14565014839172363,0.3448275862068966,0.14565014839172363,0.4052494168281555,4.0
data_107,0,0,0.7475419044494629,0.42931798100471497,0.7931034482758621,0.42931798100471497,0.6127318441867828,0.2595992684364319,0.5977011494252874,0.2595992684364319,0.4052494168281555,4.0
data_107,0,0,0.7660892605781555,0.0,0.0,0.23808026313781738,0.6127318441867828,0.0,0.0,0.0,0.4052494168281555,4.0
data_107,1,0,0.6737496852874756,0.0,0.0,0.10016012191772461,0.6127318441867828,0.0,0.0,0.14565014839172363,0.4052494168281555,4.0
data_107,0,0,0.5813062787055969,0.1947230100631714,0.6142857142857143,0.1947230100631714,0.3740115165710449,0.0,0.0,0.0,0.17928850650787354,3.0
data_107,0,0,0.6963852047920227,0.17928850650787354,0.37142857142857144,0.17928850650787354,0.3740115165710449,0.17928850650787354,0.37142857142857144,0.17928850650787354,0.17928850650787354,3.0
data_107,0,0,0.6590834259986877,0.0,0.0,0.27197763323783875,0.3740115165710449,0.0,0.0,0.17928850650787354,0.17928850650787354,3.0
data_107,1,0,0.5124350190162659,0.009047925472259521,0.011695906432748537,0.009047925472259521,0.009047925472259521,0.01971641182899475,0.4152046783625731,0.01971641182899475,0.10143724083900452,3.0
data_107,1,0,0.6129158735275269,0.0,0.0,0.009047925472259521,0.009047925472259521,0.058765411376953125,0.4269005847953216,0.058765411376953125,0.10143724083900452,3.0
data_107,1,0,0.47670307755470276,0.0,0.0,0.0,0.009047925472259521,0.02295541763305664,0.25146198830409355,0.10143724083900452,0.10143724083900452,3.0
data_108,0,1,,,,,,,,,,
data_108,1,1,,,,,,,,,,
data_108,0,1,,,,,,,,,,
data_108,0,0,0.4384371340274811,0.0,0.0,0.0,0.0,0.0,0.0,0.0,0.0,2.0
data_108,0,0,0.40969118475914,0.0,0.0,0.0,0.0,0.0,0.0,0.0,0.0,2.0
data_108,0,0,0.7544265985488892,0.0,0.0,0.0,0.0,0.10066014528274536,0.23076923076923078,0.10066014528274536,0.10066014528274536,3.0
data_108,0,0,0.6558018326759338,0.0,0.0,0.0,0.0,0.0,0.0,0.10066014528274536,0.10066014528274536,3.0
data_108,0,0,0.5795515179634094,0.0,0.0,0.0,0.0,0.0,0.0,0.0,0.10066014528274536,3.0
data_108,0,0,0.6037228107452393,0.0,0.0,0.0,0.036011457443237305,0.0,0.0,0.0,0.0,3.0
data_108,0,0,0.5761433243751526,0.036011457443237305,0.5568181818181818,0.036011457443237305,0.036011457443237305,0.0,0.0,0.0,0.0,3.0
data_108,1,0,0.48972147703170776,0.0,0.0,0.036011457443237305,0.036011457443237305,0.0,0.0,0.0,0.0,3.0
data_108,0,0,0.1903502196073532,0.0,0.0,0.0,0.0,0.0,0.0,0.0,0.0,3.0
data_108,0,0,0.3875371217727661,0.0,0.0,0.0,0.0,0.0,0.0,0.0,0.0,3.0
data_108,1,0,0.16794686019420624,0.0,0.0,0.0,0.0,0.0,0.0,0.0,0.0,3.0
data_108,0,0,0.553821325302124,0.040444016456604004,0.8,0.040444016456604004,0.040444016456604004,0.040444016456604004,0.8,0.040444016456604004,0.040444016456604004,2.0
data_108,0,0,0.6547700762748718,0.0,0.0,0.040444016456604004,0.040444016456604004,0.0,0.0,0.040444016456604004,0.040444016456604004,2.0
data_108,1,0,0.5129379034042358,0.0,0.0,0.0,0.16388177871704102,0.003401458263397217,0.10714285714285714,0.003401458263397217,0.16728323698043823,3.0
data_108,0,0,0.7392703890800476,0.1332283616065979,0.6607142857142857,0.1332283616065979,0.16388177871704102,0.1332283616065979,0.6607142857142857,0.16728323698043823,0.16728323698043823,3.0
data_108,0,0,0.6308505535125732,0.030653417110443115,0.125,0.16388177871704102,0.16388177871704102,0.030653417110443115,0.125,0.030653417110443115,0.16728323698043823,3.0
data_109,0,1,,,,,,,,,,
data_109,0,1,,,,,,,,,,
data_109,0,0,0.8064967393875122,0.12790226936340332,0.16881028938906753,0.12790226936340332,0.1692667007446289,0.0,0.0,0.0,0.02939814329147339,4.0
data_109,0,0,0.6895179152488708,0.0,0.0,0.07875329256057739,0.1692667007446289,0.0,0.0,0.0,0.02939814329147339,4.0
data_109,0,0,0.5347532629966736,0.041364431381225586,0.0932475884244373,0.041364431381225586,0.1692667007446289,0.02939814329147339,0.7958199356913184,0.02939814329147339,0.02939814329147339,4.0
data_109,0,0,0.8152726292610168,0.0,0.0,0.10854989290237427,0.1692667007446289,0.0,0.0,0.0,0.02939814329147339,4.0
data_109,1,0,0.7293092608451843,,,,,,,,,
data_109,0,0,0.5351550579071045,0.0,0.0,0.0,0.0,0.0,0.0,0.0,0.0,2.0
data_109,0,0,0.7402376532554626,0.0,0.0,0.0,0.0,0.0,0.0,0.0,0.0,2.0
data_109,0,0,0.7650420665740967,0.0,0.0,0.0,0.0,0.0,0.0,0.0769842267036438,0.0769842267036438,2.0
data_109,0,0,0.7164844274520874,0.0,0.0,0.0,0.0,0.0769842267036438,0.689922480620155,0.0769842267036438,0.0769842267036438,2.0
data_110,0,1,,,,,,,,,,
data_110,0,1,,,,,,,,,,
data_110,0,1,,,,,,,,,,
data_110,0,0,0.921973705291748,0.0,0.0,0.0,0.0,0.2668505907058716,0.46153846153846156,0.2668505907058716,0.2668505907058716,3.0
data_110,0,0,0.7812215089797974,0.0,0.0,0.0,0.0,0.0,0.0,0.2668505907058716,0.2668505907058716,3.0
data_110,0,0,0.6077085733413696,0.0,0.0,0.0,0.0,0.0,0.0,0.0,0.2668505907058716,3.0
data_110,0,0,0.8747603297233582,0.0,0.0,0.0,0.09504693746566772,0.03285282850265503,0.17647058823529413,0.1521710753440857,0.24721801280975342,3.0
data_110,0,0,0.8863367438316345,0.0,0.0,0.09504693746566772,0.09504693746566772,0.2143651843070984,0.6176470588235294,0.24721801280975342,0.24721801280975342,3.0
data_110,0,0,0.7720142602920532,0.09504693746566772,0.45588235294117646,0.09504693746566772,0.09504693746566772,0.0,0.0,0.14622843265533447,0.24721801280975342,3.0
data_110,0,0,0.6499846577644348,0.0,0.0,0.0,0.0,0.1077953577041626,0.603448275862069,0.1077953577041626,0.1077953577041626,3.0
data_110,0,0,0.631222128868103,0.0,0.0,0.0,0.0,0.0,0.0,0.06816220283508301,0.1077953577041626,3.0
data_110,0,0,0.7890363335609436,0.0,0.0,0.0,0.0,0.0,0.0,0.08837705850601196,0.1077953577041626,3.0
data_110,1,0,0.7366313338279724,0.0,0.0,0.0,0.03163713216781616,0.06313145160675049,0.7368421052631579,0.06313145160675049,0.09476858377456665,3.0
data_110,0,0,0.8023239374160767,0.0,0.0,0.03163713216781616,0.03163713216781616,0.0,0.0,0.03163713216781616,0.09476858377456665,3.0
data_110,0,0,0.7043287754058838,0.03163713216781616,0.06140350877192982,0.03163713216781616,0.03163713216781616,0.03163713216781616,0.06140350877192982,0.03163713216781616,0.09476858377456665,3.0
data_110,0,0,0.7237672209739685,0.0,0.0,0.0001391768455505371,0.0001391768455505371,0.0,0.0,0.08329296112060547,0.0965912938117981,3.0
data_110,0,0,0.7047803401947021,0.0001391768455505371,0.6129032258064516,0.0001391768455505371,0.0001391768455505371,0.0001391768455505371,0.6129032258064516,0.0965912938117981,0.0965912938117981,3.0
data_110,0,0,0.8312904238700867,0.0,0.0,0.0,0.0001391768455505371,0.09645211696624756,0.16129032258064516,0.09645211696624756,0.0965912938117981,3.0
data_110,0,0,0.7304922342300415,0.0,0.0,0.0,0.009113848209381104,0.0,0.0,0.0679662823677063,0.0679662823677063,3.0
data_110,1,0,0.7266009449958801,0.0,0.0,0.0,0.009113848209381104,0.0679662823677063,0.5447154471544715,0.0679662823677063,0.0679662823677063,3.0
data_110,0,0,0.6311853528022766,0.009113848209381104,0.6422764227642277,0.009113848209381104,0.009113848209381104,0.0,0.0,0.0,0.0679662823677063,3.0
data_110,1,0,0.19998520612716675,0.0,0.0,0.0,0.0,0.0,0.0,0.0,0.0,3.0
data_110,1,0,0.10707305371761322,0.0,0.0,0.0,0.0,0.0,0.0,0.0,0.0,3.0
data_110,1,0,0.2855074405670166,0.0,1.0,0.0,0.0,0.0,1.0,0.0,0.0,3.0
data_110,0,0,0.9463682174682617,0.0,0.0,0.0,0.0,0.0,0.0,0.2984241843223572,0.2984241843223572,3.0
data_110,0,0,0.7495090961456299,0.0,0.0,0.0,0.0,0.0,0.0,0.0,0.2984241843223572,3.0
data_110,0,0,0.7380247712135315,0.0,0.0,0.0,0.0,0.2984241843223572,0.3953488372093023,0.2984241843223572,0.2984241843223572,3.0
data_110,0,0,0.6713213920593262,0.0,0.0,0.0,0.0,0.03890275955200195,0.7843137254901961,0.03890275955200195,0.03890275955200195,3.0
data_110,0,0,0.6065630912780762,0.0,0.0,0.0,0.0,0.0,0.0,0.0,0.03890275955200195,3.0
data_110,0,0,0.6142604947090149,0.0,0.0,0.0,0.0,0.0,0.0,0.0,0.03890275955200195,3.0
data_111,1,0,0.27231791615486145,0.0,0.0,0.0,0.0,0.0,0.0,0.0,0.0,5.0
data_111,1,0,0.1626099795103073,0.0,0.0,0.0,0.0,0.0,0.0,0.0,0.0,5.0
data_111,1,0,0.26790186762809753,0.0,0.0,0.0,0.0,0.0,0.0,0.0,0.0,5.0
data_111,1,0,0.19311803579330444,0.0,0.0,0.0,0.0,0.0,0.0,0.0,0.0,5.0
data_111,1,0,0.21407528221607208,0.0,0.0,0.0,0.0,0.0,0.0,0.0,0.0,5.0
data_111,1,0,0.18474780023097992,0.0,0.0,0.0,1.4901161193847656e-08,0.0,0.0,0.0,0.0,4.0
data_111,1,0,0.13477881252765656,0.0,0.0,0.0,1.4901161193847656e-08,0.0,0.0,0.0,0.0,4.0
data_111,1,0,0.08429890125989914,1.4901161193847656e-08,1.0,1.4901161193847656e-08,1.4901161193847656e-08,0.0,0.0,0.0,0.0,4.0
data_111,1,0,0.20898930728435516,0.0,0.0,0.0,1.4901161193847656e-08,0.0,0.0,0.0,0.0,4.0
data_111,1,0,0.4145004153251648,5.960464477539063e-08,1.0,5.960464477539063e-08,5.960464477539063e-08,0.0,0.0,1.4901161193847656e-08,1.043081283569336e-07,4.0
data_111,1,0,0.18450242280960083,0.0,0.0,0.0,5.960464477539063e-08,2.9802322387695312e-08,1.0,2.9802322387695312e-08,1.043081283569336e-07,4.0
data_111,1,0,0.2276381403207779,0.0,0.0,2.9802322387695312e-08,5.960464477539063e-08,7.450580596923828e-08,1.0,7.450580596923828e-08,1.043081283569336e-07,4.0
data_111,1,0,0.4112088680267334,0.0,0.0,0.0,5.960464477539063e-08,0.0,0.0,4.470348358154297e-08,1.043081283569336e-07,4.0
data_111,1,0,0.15892240405082703,0.0,0.0,0.0,0.0,0.0,0.0,0.0,0.0,3.0
data_111,1,0,0.12524285912513733,0.0,0.0,0.0,0.0,0.0,0.0,0.0,0.0,3.0
data_111,1,0,0.2967980206012726,0.0,0.0,0.0,0.0,0.0,0.0,0.0,0.0,3.0
data_112,0,1,,,,,,,,,,
data_112,0,1,,,,,,,,,,
data_112,0,1,,,,,,,,,,
data_112,0,0,0.7383191585540771,0.0,0.0,0.22679513692855835,0.22679513692855835,0.10242658853530884,0.3333333333333333,0.10242658853530884,0.10242658853530884,3.0
data_112,0,0,0.690290629863739,0.22679513692855835,0.5652173913043478,0.22679513692855835,0.22679513692855835,0.0,0.0,0.08917778730392456,0.10242658853530884,3.0
data_112,0,0,0.682887852191925,0.0,0.0,0.0,0.22679513692855835,0.0,0.0,0.10242658853530884,0.10242658853530884,3.0
data_112,0,0,0.6938772797584534,0.0,0.0,0.0,0.0,0.0,0.0,0.0,0.0,3.0
data_112,0,0,0.7535620927810669,0.0,0.0,0.0,0.0,0.0,0.0,0.0,0.0,3.0
data_112,0,0,0.667491614818573,0.0,0.0,0.0,0.0,0.0,0.0,0.0,0.0,3.0
data_112,0,0,0.5151209235191345,0.0,0.0,0.0,0.0,0.0,0.0,0.0,0.0,3.0
data_112,0,0,0.7246931195259094,0.0,0.0,0.0,0.0,0.0,0.0,0.0,0.0,3.0
data_112,0,0,0.666679322719574,0.0,0.0,0.0,0.0,0.0,0.0,0.0,0.0,3.0
data_112,0,0,0.6009078025817871,0.0,0.0,0.0,0.0,0.0,0.0,0.0,0.0,2.0
data_112,0,0,0.7297284603118896,0.0,0.0,0.0,0.0,0.0,0.0,0.0,0.0,2.0
data_112,0,0,0.7964884638786316,0.0,0.0,0.0,0.0,0.0,0.0,0.0,0.0,2.0
data_112,0,0,0.7011897563934326,0.0,0.0,0.0,0.0,0.0,0.0,0.0,0.0,2.0
data_112,0,0,0.7357025742530823,0.0,0.0,0.0,0.0,0.0,0.0,0.0,0.0,2.0
data_112,0,0,0.7864745855331421,0.0,0.0,0.0,0.0,0.0,0.0,0.0,0.0,2.0
data_112,0,0,0.6192936301231384,0.0,0.0,0.0,0.0,0.22412800788879395,0.5,0.22412800788879395,0.22412800788879395,2.0
data_112,0,0,0.7813026309013367,0.0,0.0,0.0,0.0,0.0,0.0,0.22412800788879395,0.22412800788879395,2.0
data_112,0,0,0.7272642254829407,0.0,0.0,0.0,0.0,0.0,0.0,0.0,0.0,2.0
data_112,0,0,0.7839699983596802,0.0,0.0,0.0,0.0,0.0,0.0,0.0,0.0,2.0
data_113,0,1,,,,,,,,,,
data_113,0,1,,,,,,,,,,
data_113,0,1,,,,,,,,,,
data_113,1,1,,,,,,,,,,
data_113,0,1,,,,,,,,,,
data_113,0,1,,,,,,,,,,
data_113,0,0,0.7721482515335083,0.0,0.0,0.0,0.0,0.0,0.0,0.0,0.05064910650253296,3.0
data_113,0,0,0.6804909110069275,0.0,0.0,0.0,0.0,0.0,0.0,0.0,0.05064910650253296,3.0
data_113,0,0,0.7767060399055481,0.0,0.0,0.0,0.0,0.05064910650253296,0.22764227642276422,0.05064910650253296,0.05064910650253296,3.0
data_113,0,0,0.7586220502853394,0.0,0.0,0.0,0.0,0.0,0.0,0.0,0.0,3.0
data_113,0,0,0.7753797173500061,0.0,0.0,0.0,0.0,0.0,0.0,0.0,0.0,3.0
data_113,0,0,0.7932636141777039,0.0,0.0,0.0,0.0,0.0,0.0,0.0,0.0,3.0
data_113,0,0,0.6325438618659973,0.0,0.0,0.017464667558670044,0.017464667558670044,0.0,0.0,0.017464667558670044,0.017464667558670044,2.0
data_113,1,0,0.4708500802516937,0.017464667558670044,0.35294117647058826,0.017464667558670044,0.017464667558670044,0.017464667558670044,0.35294117647058826,0.017464667558670044,0.017464667558670044,2.0
data_113,0,0,0.6894046068191528,,,,,,,,,
data_114,0,1,,,,,,,,,,
data_114,0,1,,,,,,,,,,
data_114,0,1,,,,,,,,,,
data_114,0,1,,,,,,,,,,
data_114,0,0,0.6749134063720703,0.006108522415161133,0.4,0.006108522415161133,0.006108522415161133,0.006108522415161133,0.4,0.06594717502593994,0.4549451470375061,3.0
data_114,0,0,0.7186537981033325,0.0,0.0,0.006108522415161133,0.006108522415161133,0.0,0.0,0.4549451470375061,0.4549451470375061,3.0
data_114,0,0,0.762626588344574,0.0,0.0,0.0,0.006108522415161133,0.44883662462234497,0.52,0.44883662462234497,0.4549451470375061,3.0
data_114,0,0,0.8236857056617737,0.0,0.0,0.0,0.07553362846374512,0.047611355781555176,0.3048780487804878,0.047611355781555176,0.047611355781555176,3.0
data_114,0,0,0.8636876940727234,0.07553362846374512,0.0975609756097561,0.07553362846374512,0.07553362846374512,0.0,0.0,0.0,0.047611355781555176,3.0
data_114,0,0,0.8744390606880188,0.0,0.0,0.07553362846374512,0.07553362846374512,0.0,0.0,0.0,0.047611355781555176,3.0
data_114,1,0,0.4679708778858185,0.010203808546066284,0.4666666666666667,0.07834121584892273,0.07834121584892273,0.010203808546066284,0.4666666666666667,0.010203808546066284,0.019310027360916138,3.0
data_114,1,0,0.7630545496940613,0.009106218814849854,0.68,0.009106218814849854,0.07834121584892273,0.009106218814849854,0.68,0.019310027360916138,0.019310027360916138,3.0
data_114,0,0,0.7291473746299744,0.05903118848800659,0.7333333333333333,0.05903118848800659,0.07834121584892273,0.0,0.0,0.0,0.019310027360916138,3.0
data_114,0,0,0.7159888744354248,0.0017524361610412598,0.33695652173913043,0.18120872974395752,0.18120872974395752,0.0,0.0,0.0,0.03233116865158081,3.0
data_114,0,0,0.7134125232696533,0.17945629358291626,0.17391304347826086,0.17945629358291626,0.18120872974395752,0.03233116865158081,0.6413043478260869,0.03233116865158081,0.03233116865158081,3.0
data_114,0,0,0.8700228333473206,0.0,0.0,0.1488775610923767,0.18120872974395752,0.0,0.0,0.0,0.03233116865158081,3.0
data_114,1,0,0.6972644925117493,,,,,,,,,
data_115,0,0,0.933966338634491,0.0,0.0,0.0,0.05507397651672363,0.0,0.0,0.19422143697738647,0.316589891910553,4.0
data_115,0,0,0.8531754612922668,0.0,0.0,0.0,0.05507397651672363,0.19422143697738647,0.1450381679389313,0.19422143697738647,0.316589891910553,4.0
data_115,0,0,0.9077836871147156,0.006431281566619873,0.7022900763358778,0.006431281566619873,0.05507397651672363,0.0,0.0,0.1223684549331665,0.316589891910553,4.0
data_115,1,0,0.7377042770385742,0.04864269495010376,0.45038167938931295,0.04864269495010376,0.05507397651672363,0.1223684549331665,0.3511450381679389,0.1223684549331665,0.316589891910553,4.0
data_115,1,0,0.5994347333908081,0.0,0.0,0.05247366428375244,0.05247366428375244,0.0,0.0,0.05247366428375244,0.05247366428375244,2.0
data_115,0,0,0.6775461435317993,0.05247366428375244,0.373134328358209,0.05247366428375244,0.05247366428375244,0.05247366428375244,0.373134328358209,0.05247366428375244,0.05247366428375244,2.0
data_115,0,0,0.7512390613555908,0.0,0.0,0.0,0.0,0.0,0.0,0.020063340663909912,0.020063340663909912,2.0
data_115,0,0,0.5328820943832397,0.0,0.0,0.0,0.0,0.020063340663909912,0.07167235494880546,0.020063340663909912,0.020063340663909912,2.0
data_115,0,0,0.8121532201766968,0.0,0.0,0.0,0.0,0.0,0.0,0.0,0.0,2.0
data_115,0,0,0.7899768948554993,0.0,0.0,0.0,0.0,0.0,0.0,0.0,0.0,2.0
data_115,0,0,0.7363302111625671,0.0,0.0,0.0,0.0,0.0,0.0,0.0,0.0,2.0
data_115,0,0,0.7198895215988159,0.0,0.0,0.0,0.0,0.0,0.0,0.0,0.0,2.0
data_115,0,1,,,,,,,,,,
data_115,0,1,,,,,,,,,,
data_115,0,0,0.689577579498291,0.0,0.0,0.0,0.0,0.19211739301681519,0.4666666666666667,0.19211739301681519,0.19211739301681519,2.0
data_115,0,0,0.7636456489562988,0.0,0.0,0.0,0.0,0.0,0.0,0.19211739301681519,0.19211739301681519,2.0
data_116,0,1,,,,,,,,,,
data_116,0,1,,,,,,,,,,
data_116,0,0,0.8124710917472839,0.0,0.0,0.0,0.0,0.13400602340698242,0.14457831325301204,0.13400602340698242,0.2816796898841858,5.0
data_116,0,0,0.5417893528938293,0.0,0.0,0.0,0.0,0.0,0.0,0.0,0.2816796898841858,5.0
data_116,0,0,0.8446511626243591,0.0,0.0,0.0,0.0,0.0,0.0,0.0,0.2816796898841858,5.0
data_116,0,0,0.7298046946525574,0.0,0.0,0.0,0.0,0.0,0.0,0.08090919256210327,0.2816796898841858,5.0
data_116,0,0,0.7856919765472412,0.0,0.0,0.0,0.0,0.14767366647720337,0.608433734939759,0.14767366647720337,0.2816796898841858,5.0
data_116,0,0,0.6454839706420898,0.0,0.0,0.0,0.0,0.0,0.0,0.0,0.0,2.0
data_116,0,0,0.6234344840049744,0.0,0.0,0.0,0.0,0.0,0.0,0.0,0.0,2.0
data_116,0,0,0.691768229007721,0.0,0.0,0.04015231132507324,0.04015231132507324,0.0,0.0,0.0,0.0,2.0
data_116,0,0,0.6515086889266968,0.04015231132507324,0.3333333333333333,0.04015231132507324,0.04015231132507324,0.0,0.0,0.0,0.0,2.0
data_116,0,0,0.6674286127090454,0.0,0.0,0.0,0.0,0.23496678471565247,0.375,0.23496678471565247,0.23496678471565247,4.0
data_116,0,0,0.8859272003173828,0.0,0.0,0.0,0.0,0.0,0.0,0.23496678471565247,0.23496678471565247,4.0
data_116,0,0,0.7989086508750916,0.0,0.0,0.0,0.0,0.0,0.0,0.0,0.23496678471565247,4.0
data_116,0,0,0.7354260683059692,0.0,0.0,0.0,0.0,0.0,0.0,0.0,0.23496678471565247,4.0
data_116,0,0,0.7528514266014099,0.0,0.0,0.02434217929840088,0.02434217929840088,0.0,0.0,0.0,0.0,2.0
data_116,0,0,0.5307400226593018,0.02434217929840088,0.2222222222222222,0.02434217929840088,0.02434217929840088,0.0,0.0,0.0,0.0,2.0
data_116,0,0,0.6854649782180786,0.0,0.0,0.0,0.0,0.0,0.0,0.0,0.1873050034046173,3.0
data_116,0,0,0.800517737865448,0.0,0.0,0.0,0.0,0.0,0.0,0.1873050034046173,0.1873050034046173,3.0
data_116,0,0,0.679103434085846,0.0,0.0,0.0,0.0,0.1873050034046173,0.8181818181818182,0.1873050034046173,0.1873050034046173,3.0
data_116,0,0,0.6049408316612244,0.0,0.0,0.0,0.0,0.0,0.0,0.0,0.0,2.0
data_116,0,0,0.722930908203125,0.0,0.0,0.0,0.0,0.0,0.0,0.0,0.0,2.0
data_116,0,0,0.8760926723480225,0.0,0.0,0.0,0.0,0.0,0.0,0.2967005670070648,0.2967005670070648,2.0
data_116,0,0,0.7165887951850891,0.0,0.0,0.0,0.0,0.2967005670070648,0.3125,0.2967005670070648,0.2967005670070648,2.0
data_116,0,0,0.7042734622955322,0.0,0.0,0.0,0.0,0.0,0.0,0.0,0.0,2.0
data_116,0,0,0.6903423070907593,0.0,0.0,0.0,0.0,0.0,0.0,0.0,0.0,2.0
data_117,0,1,,,,,,,,,,
data_117,1,1,,,,,,,,,,
data_117,0,0,0.9999997615814209,0.0,0.0,0.0,0.0,0.33667951822280884,0.6226415094339622,0.34161341190338135,0.4109082818031311,4.0
data_117,0,0,0.5490466356277466,0.0,0.0,0.0,0.0,0.02905571460723877,0.8349056603773585,0.04647094011306763,0.4109082818031311,4.0
data_117,0,0,0.7160748839378357,0.0,0.0,0.0,0.0,0.045173048973083496,0.41037735849056606,0.08824235200881958,0.4109082818031311,4.0
data_117,0,0,0.8815171122550964,0.0,0.0,0.0,0.0,0.0,0.0,0.20407319068908691,0.4109082818031311,4.0
data_117,0,0,0.8688440322875977,0.0,0.0,0.0,0.0,0.0,0.0,0.0,0.0,2.0
data_117,0,0,0.9704037308692932,0.0,0.0,0.0,0.0,0.0,0.0,0.0,0.0,2.0
data_117,1,0,0.8858804702758789,0.0,0.0,0.0,0.0,0.0,0.0,0.4799678921699524,0.4799678921699524,3.0
data_117,0,0,0.7620912790298462,0.0,0.0,0.0,0.0,0.4799678921699524,0.3504273504273504,0.4799678921699524,0.4799678921699524,3.0
data_117,0,0,0.9519782066345215,0.0,0.0,0.0,0.0,0.0,0.0,0.02791762351989746,0.4799678921699524,3.0
data_117,0,0,0.6141732335090637,0.0,0.0,0.0,0.0,0.0,0.0,0.0,0.0,2.0
data_117,0,0,0.8802046775817871,0.0,0.0,0.0,0.0,0.0,0.0,0.0,0.0,2.0
data_117,0,0,0.8712033033370972,0.0,0.0,0.0,0.0,0.0,0.0,0.0,0.0,3.0
data_117,0,0,0.8165693283081055,0.0,0.0,0.0,0.0,0.0,0.0,0.0,0.0,3.0
data_117,0,0,0.8894898295402527,0.0,0.0,0.0,0.0,0.0,0.0,0.0,0.0,3.0
data_117,0,0,0.6042042970657349,0.0,0.0,0.0,0.0,0.0,0.0,0.0,0.0,2.0
data_117,0,0,0.8644497990608215,0.0,0.0,0.0,0.0,0.0,0.0,0.0,0.0,2.0
data_118,0,1,,,,,,,,,,
data_118,0,1,,,,,,,,,,
data_118,0,0,0.8441857099533081,0.0,0.0,0.0,0.26888027787208557,0.08339911699295044,0.03642384105960265,0.11358064413070679,0.2796786427497864,5.0
data_118,0,0,0.8300644755363464,0.08621889352798462,0.5960264900662252,0.14805400371551514,0.26888027787208557,0.11640042066574097,0.6357615894039735,0.2796786427497864,0.2796786427497864,5.0
data_118,0,0,0.6013452410697937,0.10278227925300598,0.09602649006622517,0.10278227925300598,0.26888027787208557,0.0,0.0,0.0,0.2796786427497864,5.0
data_118,0,0,0.587051510810852,0.07987910509109497,0.08609271523178808,0.1422196328639984,0.26888027787208557,0.07987910509109497,0.08609271523178808,0.07987910509109497,0.2796786427497864,5.0
data_118,0,0,0.7078070044517517,0.0,0.0,0.02206823229789734,0.26888027787208557,0.0,0.0,0.0,0.2796786427497864,5.0
data_118,0,0,0.7591148018836975,0.0,0.0,0.0,0.0,0.0,0.0,0.0,0.07831472158432007,3.0
data_118,0,0,0.8441540002822876,0.0,0.0,0.0,0.0,0.0,0.0,0.0,0.07831472158432007,3.0
data_118,0,0,0.4818577170372009,0.0,0.0,0.0,0.0,0.07831472158432007,0.21311475409836064,0.07831472158432007,0.07831472158432007,3.0
data_118,0,0,0.5613199472427368,0.0,0.0,0.0,0.0,0.01099938154220581,0.8055555555555556,0.01099938154220581,0.01099938154220581,2.0
data_118,0,0,0.5949581265449524,0.0,0.0,0.0,0.0,0.0,0.0,0.01099938154220581,0.01099938154220581,2.0
data_118,0,0,0.652036190032959,0.0,0.0,0.0,0.0,0.0,0.0,0.0,0.0,2.0
data_118,1,0,0.6348757743835449,0.0,0.0,0.0,0.0,0.0,0.0,0.0,0.0,2.0
data_118,0,0,0.7880811095237732,0.0,0.0,0.0,0.0,0.0,0.0,0.1296408772468567,0.1296408772468567,2.0
data_118,0,0,0.6762102842330933,0.0,0.0,0.0,0.0,0.1296408772468567,0.5526315789473685,0.1296408772468567,0.1296408772468567,2.0
data_118,0,0,0.7068703174591064,0.0,0.0,0.0,0.0,0.18959075212478638,0.2,0.34573066234588623,0.34573066234588623,3.0
data_118,0,0,0.6763482093811035,0.0,0.0,0.0,0.0,0.0,0.0,0.06023088097572327,0.34573066234588623,3.0
data_118,0,0,0.5320450663566589,0.0,0.0,0.0,0.0,0.15613991022109985,0.55,0.15613991022109985,0.34573066234588623,3.0
data_119,0,1,,,,,,,,,,
data_119,0,1,,,,,,,,,,
data_119,0,1,,,,,,,,,,
data_119,0,0,0.8937600255012512,0.0,0.0,0.0,0.0,0.1385994553565979,0.23376623376623376,0.1385994553565979,0.28435540199279785,4.0
data_119,0,0,0.6795538663864136,0.0,0.0,0.0,0.0,0.0,0.0,0.1385994553565979,0.28435540199279785,4.0
data_119,0,0,0.7562295198440552,0.0,0.0,0.0,0.0,0.050270020961761475,0.23376623376623376,0.050270020961761475,0.28435540199279785,4.0
data_119,0,0,0.6556093096733093,0.0,0.0,0.0,0.0,0.09548592567443848,0.2597402597402597,0.09548592567443848,0.28435540199279785,4.0
data_119,0,0,0.9493061304092407,0.0,0.0,0.0,0.0,0.0,0.0,0.5453564524650574,0.6823521256446838,4.0
data_119,0,0,0.8218571543693542,0.0,0.0,0.0,0.0,0.0,0.0,0.08511629700660706,0.6823521256446838,4.0
data_119,0,0,0.8940054178237915,0.0,0.0,0.0,0.0,0.6823521256446838,0.2753623188405797,0.6823521256446838,0.6823521256446838,4.0
data_119,0,0,0.6539050936698914,0.0,0.0,0.0,0.0,0.0,0.0,0.0,0.6823521256446838,4.0
data_119,0,0,0.7244372367858887,0.0,0.0,0.0,0.0,0.0,0.0,0.0,0.0006723999977111816,3.0
data_119,0,0,0.6658991575241089,0.0,0.0,0.0,0.0,0.0006723999977111816,0.08403361344537816,0.0006723999977111816,0.0006723999977111816,3.0
data_119,0,0,0.5513185858726501,0.0,0.0,0.0,0.0,0.0,0.0,0.0006723999977111816,0.0006723999977111816,3.0
data_119,0,0,0.8203036189079285,0.0,0.0,0.04950988292694092,0.050007402896881104,0.20485138893127441,0.45652173913043476,0.20485138893127441,0.20485138893127441,3.0
data_119,0,0,0.6625469923019409,0.050007402896881104,0.17391304347826086,0.050007402896881104,0.050007402896881104,0.0,0.0,0.0,0.20485138893127441,3.0
data_119,0,0,0.874950110912323,0.0,0.0,0.050007402896881104,0.050007402896881104,0.0,0.0,0.20435386896133423,0.20485138893127441,3.0
data_119,0,0,0.6467834115028381,0.0,0.0,0.03444826602935791,0.03444826602935791,0.0,0.0,0.03444826602935791,0.03444826602935791,2.0
data_119,0,0,0.7447211146354675,0.03444826602935791,0.16071428571428573,0.03444826602935791,0.03444826602935791,0.03444826602935791,0.16071428571428573,0.03444826602935791,0.03444826602935791,2.0
data_119,0,0,0.5706004500389099,0.00580364465713501,0.13043478260869565,0.00580364465713501,0.00580364465713501,0.00580364465713501,0.13043478260869565,0.00580364465713501,0.00580364465713501,2.0
data_119,0,0,0.6781269311904907,0.0,0.0,0.00580364465713501,0.00580364465713501,0.0,0.0,0.00580364465713501,0.00580364465713501,2.0
data_119,0,0,0.6668760776519775,0.0,0.0,0.0,0.0,0.10297054052352905,0.6561264822134387,0.10297054052352905,0.10297054052352905,4.0
data_119,0,0,0.7512826323509216,0.0,0.0,0.0,0.0,0.0,0.0,0.0,0.10297054052352905,4.0
data_119,0,0,0.5939893126487732,0.0,0.0,0.0,0.0,0.0,0.0,0.0,0.10297054052352905,4.0
data_119,0,0,0.7845853567123413,0.0,0.0,0.0,0.0,0.0,0.0,0.0,0.10297054052352905,4.0
data_120,1,0,0.8774486184120178,0.0,0.0,0.0,0.0,0.10747498273849487,0.841025641025641,0.10747498273849487,0.45685720443725586,5.0
data_120,0,0,0.9285019040107727,0.0,0.0,0.0,0.0,0.349382221698761,0.8461538461538461,0.349382221698761,0.45685720443725586,5.0
data_120,0,0,0.864619791507721,0.0,0.0,0.0,0.0,0.0,0.0,0.02835303544998169,0.45685720443725586,5.0
data_120,0,0,0.8570627570152283,0.0,0.0,0.0,0.0,0.0,0.0,0.0,0.45685720443725586,5.0
data_120,1,0,0.7660192847251892,0.0,0.0,0.0,0.0,0.0,0.0,0.0,0.45685720443725586,5.0
data_120,0,0,0.8055222034454346,0.0,0.0,0.017387092113494873,0.08485108613967896,0.0,0.0,0.07909104228019714,0.2833721339702606,4.0
data_120,0,0,0.585743248462677,0.08485108613967896,0.26704545454545453,0.08485108613967896,0.08485108613967896,0.08485108613967896,0.26704545454545453,0.08485108613967896,0.2833721339702606,4.0
data_120,0,0,0.7421911358833313,0.0,0.0,0.07803446054458618,0.08485108613967896,0.0,0.0,0.12905892729759216,0.2833721339702606,4.0
data_120,0,0,0.5622804760932922,0.0,0.0,0.0,0.08485108613967896,0.19852104783058167,0.22727272727272727,0.19852104783058167,0.2833721339702606,4.0
data_120,0,0,0.8375081419944763,0.0,0.0,0.0,0.021423041820526123,0.1924169659614563,0.6049382716049383,0.1924169659614563,0.23446184396743774,5.0
data_120,0,0,0.7475778460502625,0.0,0.0,0.0,0.021423041820526123,0.020621836185455322,0.5555555555555556,0.020621836185455322,0.23446184396743774,5.0
data_120,0,0,0.8381150364875793,0.0,0.0,0.0,0.021423041820526123,0.0,0.0,0.06020265817642212,0.23446184396743774,5.0
data_120,0,0,0.8085117936134338,0.021423041820526123,0.20987654320987653,0.021423041820526123,0.021423041820526123,0.021423041820526123,0.20987654320987653,0.021423041820526123,0.23446184396743774,5.0
data_120,0,0,0.8617305755615234,0.0,0.0,0.0,0.021423041820526123,0.0,0.0,0.17196333408355713,0.23446184396743774,5.0
data_120,0,0,0.6864755749702454,0.039454877376556396,0.3515625,0.039454877376556396,0.039454877376556396,0.0,0.0,0.0,0.059528648853302,4.0
data_120,0,0,0.5758700370788574,0.0,0.0,0.039454877376556396,0.039454877376556396,0.059528648853302,0.3046875,0.059528648853302,0.059528648853302,4.0
data_120,0,0,0.9065826535224915,0.0,0.0,0.0,0.039454877376556396,0.0,0.0,0.020073771476745605,0.059528648853302,4.0
data_120,0,0,0.678652286529541,0.0,0.0,0.0,0.039454877376556396,0.0,0.0,0.0,0.059528648853302,4.0
data_120,0,0,0.820508599281311,0.0,0.0,0.0,0.0,0.0,0.0,0.09679418802261353,0.29982471466064453,4.0
data_120,0,0,0.7666728496551514,0.0,0.0,0.0,0.0,0.017598748207092285,0.5975609756097561,0.017598748207092285,0.29982471466064453,4.0
data_120,0,0,0.7723671197891235,0.0,0.0,0.0,0.0,0.0,0.0,0.11030375957489014,0.29982471466064453,4.0
data_120,0,0,0.7857553362846375,0.0,0.0,0.0,0.0,0.28222596645355225,0.7926829268292683,0.28222596645355225,0.29982471466064453,4.0
data_121,0,1,,,,,,,,,,
data_121,0,1,,,,,,,,,,
data_121,1,1,,,,,,,,,,
data_121,0,0,0.824752688407898,0.0,0.0,0.0,0.0,0.0,0.0,0.16906321048736572,0.2812487483024597,4.0
data_121,0,0,0.6556254625320435,0.0,0.0,0.0,0.0,0.16906321048736572,0.09523809523809523,0.16906321048736572,0.2812487483024597,4.0
data_121,0,0,0.8140460252761841,0.0,0.0,0.0,0.0,0.0,0.0,0.0,0.2812487483024597,4.0
data_121,0,0,0.7544184327125549,0.0,0.0,0.0,0.0,0.112185537815094,0.3238095238095238,0.112185537815094,0.2812487483024597,4.0
data_121,0,0,0.909820020198822,0.0,0.0,0.0,0.0,0.5138114392757416,0.6785714285714286,0.5138114392757416,0.673757404088974,4.0
data_121,0,0,0.7127763032913208,0.0,0.0,0.0,0.0,0.0,0.0,0.1309722661972046,0.673757404088974,4.0
data_121,0,0,0.6656192541122437,0.0,0.0,0.0,0.0,0.0,0.0,0.07610851526260376,0.673757404088974,4.0
data_121,0,0,0.7299261689186096,0.0,0.0,0.0,0.0,0.15994596481323242,0.7142857142857143,0.15994596481323242,0.673757404088974,4.0
data_121,0,0,0.725730836391449,0.022974133491516113,0.047619047619047616,0.022974133491516113,0.022974133491516113,0.0023379921913146973,0.42857142857142855,0.0023379921913146973,0.19950157403945923,4.0
data_121,0,0,0.8632672429084778,0.0,0.0,0.022974133491516113,0.022974133491516113,0.11790013313293457,0.5,0.11790013313293457,0.19950157403945923,4.0
data_121,0,0,0.7296990156173706,0.0,0.0,0.0,0.022974133491516113,0.07926344871520996,0.47619047619047616,0.07926344871520996,0.19950157403945923,4.0
data_121,0,0,0.8252182006835938,0.0,0.0,0.0,0.022974133491516113,0.0,0.0,0.17652744054794312,0.19950157403945923,4.0
data_121,0,0,0.8110349774360657,0.0,0.0,0.0,0.0879216194152832,0.392225056886673,0.75,0.392225056886673,0.6096730530261993,4.0
data_121,0,0,0.9474457502365112,0.0,0.0,0.0,0.0879216194152832,0.09191715717315674,0.2916666666666667,0.20690742135047913,0.6096730530261993,4.0
data_121,0,0,0.8520309925079346,0.0,0.0,0.0879216194152832,0.0879216194152832,0.10299265384674072,0.20833333333333334,0.12553083896636963,0.6096730530261993,4.0
data_121,1,0,0.6933918595314026,0.0879216194152832,0.25,0.0879216194152832,0.0879216194152832,0.022538185119628906,0.041666666666666664,0.022538185119628906,0.6096730530261993,4.0
data_121,0,0,0.757079541683197,0.18381017446517944,0.6029411764705882,0.18381017446517944,0.18381017446517944,0.18381017446517944,0.6029411764705882,0.18381017446517944,0.3693034052848816,4.0
data_121,0,0,0.6726836562156677,0.0,0.0,0.005238473415374756,0.18381017446517944,0.1649680733680725,0.6470588235294118,0.1907317042350769,0.3693034052848816,4.0
data_121,1,0,0.7261515855789185,0.0,0.0,0.018842101097106934,0.18381017446517944,0.0,0.0,0.18381017446517944,0.3693034052848816,4.0
data_121,0,0,0.7605494856834412,0.0,0.0,0.0,0.18381017446517944,0.02052515745162964,0.23529411764705882,0.0762975811958313,0.3693034052848816,4.0
data_121,0,1,,,,,,,,,,
data_121,0,1,,,,,,,,,,
data_121,0,1,,,,,,,,,,
data_121,0,1,,,,,,,,,,
data_122,0,1,,,,,,,,,,
data_122,0,1,,,,,,,,,,
data_122,0,1,,,,,,,,,,
data_122,0,0,0.8167873620986938,0.0,0.0,0.0,0.06006580591201782,0.1712263822555542,0.390715667311412,0.17535638809204102,0.23542219400405884,4.0
data_122,1,0,0.6064985394477844,0.0,0.0,0.0,0.06006580591201782,0.0,0.0,0.0,0.23542219400405884,4.0
data_122,0,0,0.8096096515655518,0.0,0.0,0.013461053371429443,0.06006580591201782,0.0,0.0,0.0,0.23542219400405884,4.0
data_122,1,0,0.70345139503479,0.06006580591201782,0.2746615087040619,0.06006580591201782,0.06006580591201782,0.06419581174850464,0.5686653771760155,0.06419581174850464,0.23542219400405884,4.0
data_122,0,0,0.7316725850105286,0.0,0.0,0.0,0.0,0.0,0.0,0.0,0.0,2.0
data_122,0,0,0.7050527930259705,0.0,0.0,0.0,0.0,0.0,0.0,0.0,0.0,2.0
data_122,0,0,0.7254610657691956,0.0,0.0,0.0,0.0,0.20124953985214233,0.18181818181818182,0.20124953985214233,0.20124953985214233,3.0
data_122,0,0,0.640828013420105,0.0,0.0,0.0,0.0,0.0,0.0,0.20124953985214233,0.20124953985214233,3.0
data_122,0,0,0.639971911907196,0.0,0.0,0.0,0.0,0.0,0.0,0.0,0.20124953985214233,3.0
data_122,0,0,0.5582020878791809,0.0,0.0,0.0,0.0,0.15763229131698608,0.3142857142857143,0.15763229131698608,0.15763229131698608,2.0
data_122,0,0,0.6473448276519775,0.0,0.0,0.0,0.0,0.0,0.0,0.15763229131698608,0.15763229131698608,2.0
data_123,0,0,0.794807493686676,0.0,0.0,0.0,0.0,0.0,0.0,0.0,0.0,3.0
data_123,0,0,0.5510233640670776,0.0,0.0,0.0,0.0,0.0,0.0,0.0,0.0,3.0
data_123,0,0,0.6020578145980835,0.0,0.0,0.0,0.0,0.0,0.0,0.0,0.0,3.0
data_123,1,0,0.7564196586608887,0.0,0.0,0.0,0.0,0.0,0.0,0.0,0.21997112035751343,3.0
data_123,0,0,0.8206493854522705,0.0,0.0,0.0,0.0,0.08818167448043823,0.052941176470588235,0.21997112035751343,0.21997112035751343,3.0
data_123,0,0,0.7983157634735107,0.0,0.0,0.0,0.0,0.1317894458770752,0.5647058823529412,0.21997112035751343,0.21997112035751343,3.0
data_123,0,0,0.7007970809936523,0.0,0.0,0.0,0.0,0.02025008201599121,0.45454545454545453,0.02025008201599121,0.02025008201599121,2.0
data_123,1,0,0.4916350245475769,0.0,0.0,0.0,0.0,0.0,0.0,0.02025008201599121,0.02025008201599121,2.0
data_123,0,0,0.7099794149398804,0.010429918766021729,0.6829268292682927,0.010429918766021729,0.010429918766021729,0.0,0.0,0.0,0.0,2.0
data_123,0,0,0.7587581276893616,0.0,0.0,0.010429918766021729,0.010429918766021729,0.0,0.0,0.0,0.0,2.0
data_123,0,0,0.7560929656028748,,,,,,,,,
data_124,0,0,0.8846611976623535,0.3374251127243042,0.06382978723404255,0.3374251127243042,0.3374251127243042,0.0,0.0,0.2504613399505615,0.874126136302948,5.0
data_124,0,0,0.7530003190040588,0.0,0.0,0.0,0.3374251127243042,0.22163176536560059,0.6666666666666666,0.23824208974838257,0.874126136302948,5.0
data_124,0,0,0.8971661329269409,0.0,0.0,0.07383209466934204,0.3374251127243042,0.3579856753349304,0.7659574468085106,0.39822691679000854,0.874126136302948,5.0
data_124,0,0,0.7845630049705505,0.0,0.0,0.0,0.3374251127243042,0.0,0.0,0.1944185495376587,0.874126136302948,5.0
data_124,0,0,0.8336184024810791,0.0,0.0,0.0,0.3374251127243042,0.294508695602417,0.5815602836879432,0.3574678897857666,0.874126136302948,5.0
data_124,0,1,,,,,,,,,,
data_124,0,1,,,,,,,,,,
data_124,0,0,0.8054287433624268,0.0,0.0,0.0,0.03559708595275879,0.0,0.0,0.0,0.14806103706359863,5.0
data_124,0,0,0.8866710662841797,0.0,0.0,0.03559708595275879,0.03559708595275879,0.0,0.0,0.07293874025344849,0.14806103706359863,5.0
data_124,1,0,0.6953626871109009,0.021923959255218506,0.2956989247311828,0.021923959255218506,0.03559708595275879,0.09486269950866699,0.15053763440860216,0.09486269950866699,0.14806103706359863,5.0
data_124,0,0,0.5845773816108704,0.013673126697540283,0.41397849462365593,0.013673126697540283,0.03559708595275879,0.0,0.0,0.09486269950866699,0.14806103706359863,5.0
data_124,0,0,0.6205021142959595,0.0,0.0,0.0,0.03559708595275879,0.05319833755493164,0.7096774193548387,0.09014689922332764,0.14806103706359863,5.0
data_124,0,0,0.5095427632331848,0.06919354200363159,0.4166666666666667,0.07522940635681152,0.07522940635681152,0.0,0.0,0.0,0.0,2.0
data_124,1,0,0.6082218885421753,0.006035864353179932,0.13333333333333333,0.07522940635681152,0.07522940635681152,0.0,0.0,0.0,0.0,2.0
data_124,0,0,0.7636386752128601,0.0,0.0,0.0,0.0,0.011755228042602539,0.32142857142857145,0.011755228042602539,0.011755228042602539,2.0
data_124,0,0,0.9199270009994507,0.0,0.0,0.0,0.0,0.0,0.0,0.011755228042602539,0.011755228042602539,2.0
data_125,0,1,,,,,,,,,,
data_125,0,1,,,,,,,,,,
data_125,0,1,,,,,,,,,,
data_125,0,1,,,,,,,,,,
data_125,0,1,,,,,,,,,,
data_125,0,0,0.8214109539985657,0.0,0.0,0.0,0.08617162704467773,0.05726057291030884,0.796875,0.0841149389743805,0.17028656601905823,4.0
data_125,0,0,0.7965327501296997,0.010776758193969727,0.0625,0.010776758193969727,0.08617162704467773,0.0,0.0,0.0,0.17028656601905823,4.0
data_125,0,0,0.9276172518730164,0.0,0.0,0.02596813440322876,0.08617162704467773,0.0,0.0,0.11008307337760925,0.17028656601905823,4.0
data_125,0,0,0.6019282937049866,0.07539486885070801,0.671875,0.07539486885070801,0.08617162704467773,0.11302599310874939,0.6875,0.11302599310874939,0.17028656601905823,4.0
data_125,0,0,0.888336718082428,0.0,0.0,0.0,0.004903256893157959,0.0,0.0,0.0,0.10877120494842529,4.0
data_125,0,0,0.7625336050987244,0.004903256893157959,0.6,0.004903256893157959,0.004903256893157959,0.10877120494842529,0.3090909090909091,0.10877120494842529,0.10877120494842529,4.0
data_125,0,0,0.7841928005218506,0.0,0.0,0.0,0.004903256893157959,0.0,0.0,0.10386794805526733,0.10877120494842529,4.0
data_125,0,0,0.8535103797912598,0.0,0.0,0.0,0.004903256893157959,0.0,0.0,0.10877120494842529,0.10877120494842529,4.0
data_125,0,0,0.7879549264907837,0.0,0.0,0.0,0.0,0.0,0.0,0.0,0.0,3.0
data_125,0,0,0.822008490562439,0.0,0.0,0.0,0.0,0.0,0.0,0.0,0.0,3.0
data_125,0,0,0.7739364504814148,0.0,0.0,0.0,0.0,0.0,0.0,0.0,0.0,3.0
data_125,0,0,0.8368788957595825,0.0,0.0,0.0,0.011010885238647461,0.1278567910194397,0.5454545454545454,0.25561410188674927,0.25561410188674927,3.0
data_125,0,0,0.808794379234314,0.0,0.0,0.011010885238647461,0.011010885238647461,0.12775731086730957,0.2159090909090909,0.13366252183914185,0.25561410188674927,3.0
data_125,0,0,0.8420320153236389,0.011010885238647461,0.5340909090909091,0.011010885238647461,0.011010885238647461,0.0,0.0,0.07270073890686035,0.25561410188674927,3.0
data_125,1,0,0.7221038937568665,0.006494641304016113,0.48484848484848486,0.006494641304016113,0.16982513666152954,0.0,0.0,0.0,0.16333049535751343,3.0
data_125,0,0,0.7780506014823914,0.16333049535751343,0.5151515151515151,0.16333049535751343,0.16982513666152954,0.16333049535751343,0.5151515151515151,0.16333049535751343,0.16333049535751343,3.0
data_125,0,0,0.7962354421615601,0.0,0.0,0.16982513666152954,0.16982513666152954,0.0,0.0,0.12397366762161255,0.16333049535751343,3.0
data_126,0,1,,,,,,,,,,
data_126,0,1,,,,,,,,,,
data_126,0,0,0.7828870415687561,0.0,0.0,0.0,0.0,0.0,0.0,0.0,0.0,3.0
data_126,0,0,0.5706652998924255,0.0,0.0,0.0,0.0,0.0,0.0,0.0,0.0,3.0
data_126,0,0,0.44583845138549805,0.0,0.0,0.0,0.0,0.0,0.0,0.0,0.0,3.0
data_126,0,0,0.8581483364105225,0.0,0.0,0.07434862852096558,0.1101788878440857,0.0,0.0,0.08778470754623413,0.09067845344543457,4.0
data_126,0,0,0.6477012634277344,0.0,0.0,0.1101788878440857,0.1101788878440857,0.07627737522125244,0.03076923076923077,0.08778470754623413,0.09067845344543457,4.0
data_126,0,0,0.6334448456764221,0.1101788878440857,0.2153846153846154,0.1101788878440857,0.1101788878440857,0.01150733232498169,0.27692307692307694,0.01150733232498169,0.09067845344543457,4.0
data_126,0,0,0.6804807782173157,0.0,0.0,0.0,0.1101788878440857,0.0028937458992004395,0.6153846153846154,0.0028937458992004395,0.09067845344543457,4.0
data_126,0,0,0.4895947575569153,0.0,0.0,0.0,0.0,0.0,0.0,0.0,0.0,3.0
data_126,0,0,0.6353994607925415,0.0,0.0,0.0,0.0,0.0,0.0,0.0,0.0,3.0
data_126,0,0,0.5682214498519897,0.0,0.0,0.0,0.0,0.0,0.0,0.0,0.0,3.0
data_126,0,0,0.6872882843017578,0.0,0.0,0.0,0.01917213201522827,0.23505085706710815,0.40425531914893614,0.23505085706710815,0.2542229890823364,3.0
data_126,0,0,0.727013349533081,0.0,0.0,0.01917213201522827,0.01917213201522827,0.0,0.0,0.2542229890823364,0.2542229890823364,3.0
data_126,0,0,0.6855251789093018,0.01917213201522827,0.2978723404255319,0.01917213201522827,0.01917213201522827,0.01917213201522827,0.2978723404255319,0.13466531038284302,0.2542229890823364,3.0
data_126,0,0,0.6199125051498413,0.009030520915985107,0.4673913043478261,0.009030520915985107,0.1171920895576477,0.009030520915985107,0.4673913043478261,0.009030520915985107,0.1171920895576477,3.0
data_126,0,0,0.6636699438095093,0.1081615686416626,0.717391304347826,0.1171920895576477,0.1171920895576477,0.1081615686416626,0.717391304347826,0.1171920895576477,0.1171920895576477,3.0
data_126,0,0,0.6965968608856201,0.0,0.0,0.1171920895576477,0.1171920895576477,0.0,0.0,0.1171920895576477,0.1171920895576477,3.0
data_126,0,0,0.6103556752204895,0.015231788158416748,0.2727272727272727,0.015231788158416748,0.09463286399841309,0.015231788158416748,0.2727272727272727,0.015231788158416748,0.015231788158416748,3.0
data_126,0,0,0.4587929844856262,0.0,0.0,0.06218057870864868,0.09463286399841309,0.0,0.0,0.015231788158416748,0.015231788158416748,3.0
data_126,1,0,0.6234305500984192,0.07940107583999634,0.3333333333333333,0.07940107583999634,0.09463286399841309,0.0,0.0,0.0,0.015231788158416748,3.0
data_126,1,0,0.572437584400177,0.0,0.0,0.0,0.0,0.0,0.0,0.0,0.0,2.0
data_126,0,0,0.7068154811859131,0.0,0.0,0.0,0.0,0.0,0.0,0.0,0.0,2.0
data_126,0,0,0.6125473976135254,0.1272563934326172,0.582089552238806,0.1272563934326172,0.1272563934326172,0.0,0.0,0.0,0.14163458347320557,3.0
data_126,1,0,0.6775317192077637,0.0,0.0,0.05009692907333374,0.1272563934326172,0.14163458347320557,0.44776119402985076,0.14163458347320557,0.14163458347320557,3.0
data_126,0,0,0.6936209201812744,0.0,0.0,0.0,0.1272563934326172,0.0,0.0,0.14163458347320557,0.14163458347320557,3.0
data_126,0,0,0.6581685543060303,0.0,0.0,0.0016842484474182129,0.0016842484474182129,0.0,0.0,0.0,0.05872064828872681,3.0
data_126,0,0,0.6178935170173645,0.0016842484474182129,0.17204301075268819,0.0016842484474182129,0.0016842484474182129,0.010500788688659668,0.45161290322580644,0.05872064828872681,0.05872064828872681,3.0
data_126,0,0,0.6699512600898743,0.0,0.0,0.0,0.0016842484474182129,0.04821985960006714,0.11827956989247312,0.057036399841308594,0.05872064828872681,3.0
data_127,0,0,0.6166715025901794,0.0,0.0,0.0,1.6689300537109375e-05,0.0,0.0,1.6689300537109375e-05,1.6689300537109375e-05,3.0
data_127,0,0,0.7681978344917297,0.0,0.0,0.0,1.6689300537109375e-05,0.0,0.0,0.0,1.6689300537109375e-05,3.0
data_127,0,0,0.7804392576217651,1.6689300537109375e-05,0.13333333333333333,1.6689300537109375e-05,1.6689300537109375e-05,1.6689300537109375e-05,0.13333333333333333,1.6689300537109375e-05,1.6689300537109375e-05,3.0
data_127,1,1,,,,,,,,,,
data_127,1,1,,,,,,,,,,
data_127,1,1,,,,,,,,,,
data_127,0,0,0.8705030679702759,0.0,0.0,0.0,0.0,0.0,0.0,0.0,0.0,2.0
data_127,0,0,0.8121216297149658,0.0,0.0,0.0,0.0,0.0,0.0,0.0,0.0,2.0
data_127,0,0,0.4922802448272705,0.019150465726852417,0.21238938053097345,0.019150465726852417,0.019150465726852417,0.019150465726852417,0.21238938053097345,0.019150465726852417,0.185196191072464,3.0
data_127,0,0,0.9747387766838074,0.0,0.0,0.0,0.019150465726852417,0.16604572534561157,0.23008849557522124,0.16604572534561157,0.185196191072464,3.0
data_127,0,0,0.8860343098640442,0.0,0.0,0.0,0.019150465726852417,0.0,0.0,0.16604572534561157,0.185196191072464,3.0
data_127,0,0,0.819489061832428,0.0,0.0,0.0,0.0,0.16580742597579956,0.5217391304347826,0.16580742597579956,0.16580742597579956,3.0
data_127,0,0,0.77205890417099,0.0,0.0,0.0,0.0,0.0,0.0,0.0,0.16580742597579956,3.0
data_127,0,0,0.7973679304122925,0.0,0.0,0.0,0.0,0.0,0.0,0.0,0.16580742597579956,3.0
data_127,1,0,0.5779841542243958,0.0,0.0,0.0,0.0,0.0,0.0,0.0,0.0,2.0
data_127,1,0,0.7210841178894043,0.0,0.0,0.0,0.0,0.0,0.0,0.0,0.0,2.0
data_127,1,0,0.6051109433174133,0.007522106170654297,0.2727272727272727,0.007522106170654297,0.007522106170654297,0.0,0.0,0.0,0.0,2.0
data_127,1,0,0.7816967368125916,0.0,0.0,0.007522106170654297,0.007522106170654297,0.0,0.0,0.0,0.0,2.0
data_128,0,1,,,,,,,,,,
data_128,0,1,,,,,,,,,,
data_128,0,1,,,,,,,,,,
data_128,0,0,0.8337112665176392,0.0,0.0,0.0,0.3695327937602997,0.25459569692611694,0.3559322033898305,0.2731926739215851,0.6427254676818848,3.0
data_128,0,0,0.9731482863426208,0.0,0.0,0.3695327937602997,0.3695327937602997,0.3881297707557678,0.2711864406779661,0.3881297707557678,0.6427254676818848,3.0
data_128,0,0,0.794605553150177,0.3695327937602997,0.3220338983050847,0.3695327937602997,0.3695327937602997,0.0,0.0,0.3681795001029968,0.6427254676818848,3.0
data_128,0,0,0.7735481262207031,0.0,0.0,0.0,0.0,0.0,0.0,0.0,0.08734172582626343,3.0
data_128,0,0,0.9209941625595093,0.0,0.0,0.0,0.0,0.0,0.0,0.0,0.08734172582626343,3.0
data_128,0,0,0.7172648906707764,0.0,0.0,0.0,0.0,0.08734172582626343,0.3953488372093023,0.08734172582626343,0.08734172582626343,3.0
data_128,0,0,0.7512251734733582,0.0,0.0,0.0,0.07054716348648071,0.24508273601531982,0.76,0.24508273601531982,0.24508273601531982,3.0
data_128,0,0,0.8350750207901001,0.07054716348648071,0.62,0.07054716348648071,0.07054716348648071,0.0,0.0,0.0017146468162536621,0.24508273601531982,3.0
data_128,0,0,0.927057683467865,0.0,0.0,0.07054716348648071,0.07054716348648071,0.0,0.0,0.0,0.24508273601531982,3.0
data_128,0,0,0.9732469320297241,0.0,0.0,0.0,0.0,0.2523539662361145,0.14,0.2755182385444641,0.2755182385444641,3.0
data_128,0,0,0.8301335573196411,0.0,0.0,0.0,0.0,0.0,0.0,0.09083056449890137,0.2755182385444641,3.0
data_128,0,0,0.789282500743866,0.0,0.0,0.0,0.0,0.02316427230834961,0.8,0.16576135158538818,0.2755182385444641,3.0
data_128,0,0,0.835378885269165,0.0,0.0,0.0,0.026311039924621582,0.0,0.0,0.0,0.0,3.0
data_128,0,0,0.808398962020874,0.0,0.0,0.0,0.026311039924621582,0.0,0.0,0.0,0.0,3.0
data_128,0,0,0.7712022066116333,0.026311039924621582,0.62,0.026311039924621582,0.026311039924621582,0.0,0.0,0.0,0.0,3.0
data_128,0,0,0.8736234903335571,0.0,0.0,0.0,0.0,0.0,0.0,0.0,0.2319355010986328,3.0
data_128,0,0,0.9147278070449829,0.0,0.0,0.0,0.0,0.20529305934906006,0.6533333333333333,0.2319355010986328,0.2319355010986328,3.0
data_128,0,0,0.8050230145454407,0.0,0.0,0.0,0.0,0.026642441749572754,0.48,0.2319355010986328,0.2319355010986328,3.0
data_129,0,0,0.8301817178726196,0.0,0.0,0.0,0.13050389289855957,0.09395694732666016,0.5873015873015873,0.23576003313064575,0.23576003313064575,4.0
data_129,0,0,0.5046941637992859,0.015358984470367432,0.8095238095238095,0.015358984470367432,0.13050389289855957,0.0,0.0,0.0,0.23576003313064575,4.0
data_129,0,0,0.6626384854316711,0.0,0.0,0.11514490842819214,0.13050389289855957,0.1418030858039856,0.09523809523809523,0.1418030858039856,0.23576003313064575,4.0
data_129,0,0,0.7124892473220825,0.11514490842819214,0.49206349206349204,0.11514490842819214,0.13050389289855957,0.0,0.0,0.016397953033447266,0.23576003313064575,4.0
data_129,0,0,0.891913115978241,0.03249937295913696,0.8165137614678899,0.03411245346069336,0.2492765188217163,0.0,0.0,0.0,0.17692315578460693,4.0
data_129,0,0,0.6773125529289246,0.03985399007797241,0.231651376146789,0.03985399007797241,0.2492765188217163,0.0,0.0,0.0,0.17692315578460693,4.0
data_129,0,0,0.8275560736656189,0.036748528480529785,0.555045871559633,0.17692315578460693,0.2492765188217163,0.036748528480529785,0.555045871559633,0.13868224620819092,0.17692315578460693,4.0
data_129,0,0,0.9380514025688171,0.14017462730407715,0.31422018348623854,0.21677714586257935,0.2492765188217163,0.14017462730407715,0.31422018348623854,0.14017462730407715,0.17692315578460693,4.0
data_129,0,0,0.7685309052467346,0.001217961311340332,0.5161290322580645,0.1621602177619934,0.1621602177619934,0.1282283067703247,0.5806451612903226,0.1282283067703247,0.14028877019882202,3.0
data_129,0,0,0.8085238933563232,0.012060463428497314,0.15053763440860216,0.0339319109916687,0.1621602177619934,0.012060463428497314,0.15053763440860216,0.012060463428497314,0.14028877019882202,3.0
data_129,0,0,0.733522355556488,0.14888179302215576,0.46236559139784944,0.14888179302215576,0.1621602177619934,0.0,0.0,0.12701034545898438,0.14028877019882202,3.0
data_129,0,0,0.6848932504653931,0.0,0.0,0.0,0.0,0.0,0.0,0.2964004874229431,0.2964004874229431,2.0
data_129,0,0,0.9166355133056641,0.0,0.0,0.0,0.0,0.2964004874229431,0.9351851851851852,0.2964004874229431,0.2964004874229431,2.0
data_129,0,0,0.7076805233955383,0.05469697713851929,0.6162790697674418,0.05469697713851929,0.05469697713851929,0.0,0.0,0.0,0.0,2.0
data_129,0,0,0.6760337948799133,0.0,0.0,0.05469697713851929,0.05469697713851929,0.0,0.0,0.0,0.0,2.0
data_130,0,1,,,,,,,,,,
data_130,0,1,,,,,,,,,,
data_130,0,1,,,,,,,,,,
data_130,1,1,,,,,,,,,,
data_130,1,0,0.8712739944458008,0.2854127883911133,0.3548387096774194,0.2854127883911133,0.2854127883911133,0.0,0.0,0.0,0.009834766387939453,3.0
data_130,1,0,0.5636956691741943,0.0,0.0,0.004340171813964844,0.2854127883911133,0.009834766387939453,0.1935483870967742,0.009834766387939453,0.009834766387939453,3.0
data_130,1,0,0.9399733543395996,0.0,0.0,0.27557802200317383,0.2854127883911133,0.0,0.0,0.009834766387939453,0.009834766387939453,3.0
data_130,1,0,0.6111614108085632,0.11524027585983276,0.6730769230769231,0.11524027585983276,0.11524027585983276,0.11524027585983276,0.6730769230769231,0.11524027585983276,0.11524027585983276,2.0
data_130,1,0,0.6211395263671875,0.0,0.0,0.11524027585983276,0.11524027585983276,0.0,0.0,0.11524027585983276,0.11524027585983276,2.0
data_130,0,0,0.5367646217346191,0.004908919334411621,0.6868686868686869,0.004908919334411621,0.004908919334411621,0.004908919334411621,0.6868686868686869,0.004908919334411621,0.004908919334411621,3.0
data_130,1,0,0.5960288047790527,0.0,0.0,0.0,0.004908919334411621,0.0,0.0,0.0,0.004908919334411621,3.0
data_130,1,0,0.5993449687957764,0.0,0.0,0.0,0.004908919334411621,0.0,0.0,0.0,0.004908919334411621,3.0
data_130,1,0,0.6066185832023621,0.0,0.0,0.08375853300094604,0.08375853300094604,0.0,0.0,0.08375853300094604,0.08375853300094604,2.0
data_130,1,0,0.6388759613037109,0.08375853300094604,0.8611111111111112,0.08375853300094604,0.08375853300094604,0.08375853300094604,0.8611111111111112,0.08375853300094604,0.08375853300094604,2.0
data_130,1,1,,,,,,,,,,
data_130,0,1,,,,,,,,,,
data_131,0,1,,,,,,,,,,
data_131,0,1,,,,,,,,,,
data_131,0,1,,,,,,,,,,
data_131,1,0,0.7095682621002197,0.0,0.0,0.0,0.0,0.08789902925491333,0.0364963503649635,0.08789902925491333,0.14778214693069458,4.0
data_131,0,0,0.6935164332389832,0.0,0.0,0.0,0.0,0.0,0.0,0.08789902925491333,0.14778214693069458,4.0
data_131,0,0,0.892671525478363,0.0,0.0,0.0,0.0,0.05988311767578125,0.0364963503649635,0.05988311767578125,0.14778214693069458,4.0
data_131,0,0,0.9515599608421326,0.0,0.0,0.0,0.0,0.0,0.0,0.05988311767578125,0.14778214693069458,4.0
data_131,0,0,0.6897701025009155,0.0,0.0,0.0,0.0,0.0,0.0,0.027430832386016846,0.027430832386016846,2.0
data_131,0,0,0.7925233244895935,0.0,0.0,0.0,0.0,0.027430832386016846,0.02830188679245283,0.027430832386016846,0.027430832386016846,2.0
data_131,0,0,0.741145133972168,0.0,0.0,0.0,0.12122732400894165,0.059821486473083496,0.16901408450704225,0.059821486473083496,0.18104881048202515,3.0
data_131,0,0,0.7500871419906616,0.0,0.0,0.06815612316131592,0.12122732400894165,0.0,0.0,0.12797760963439941,0.18104881048202515,3.0
data_131,0,0,0.8428053259849548,0.12122732400894165,0.4225352112676056,0.12122732400894165,0.12122732400894165,0.12122732400894165,0.4225352112676056,0.12122732400894165,0.18104881048202515,3.0
data_131,0,0,0.7949222326278687,0.0,0.0,0.14287835359573364,0.14287835359573364,0.0,0.0,0.0,0.0,2.0
data_131,0,0,0.7687552571296692,0.14287835359573364,0.16417910447761194,0.14287835359573364,0.14287835359573364,0.0,0.0,0.0,0.0,2.0
data_131,0,0,0.8457865715026855,,,,,,,,,
data_132,0,1,,,,,,,,,,
data_132,0,1,,,,,,,,,,
data_132,0,1,,,,,,,,,,
data_132,0,0,0.8292921781539917,0.0,0.0,0.0,0.0,0.0,0.0,0.17547297477722168,0.3678305745124817,3.0
data_132,0,0,0.7142796516418457,0.0,0.0,0.0,0.0,0.050900936126708984,0.16666666666666666,0.050900936126708984,0.3678305745124817,3.0
data_132,0,0,0.8305968046188354,0.0,0.0,0.0,0.0,0.3169296383857727,0.5833333333333334,0.3169296383857727,0.3678305745124817,3.0
data_132,0,0,0.6896016597747803,0.0,0.0,0.0,0.0,0.0,0.0,0.1060076355934143,0.114918053150177,3.0
data_132,0,0,0.72623610496521,0.0,0.0,0.0,0.0,0.045695722103118896,0.4166666666666667,0.055283308029174805,0.114918053150177,3.0
data_132,1,0,0.6206466555595398,0.0,0.0,0.0,0.0,0.0692223310470581,0.6083333333333333,0.0692223310470581,0.114918053150177,3.0
data_132,1,0,0.6109477877616882,0.09719640016555786,0.06091370558375635,0.13325339555740356,0.13325339555740356,0.0965803861618042,0.5583756345177665,0.0965803861618042,0.24023425579071045,3.0
data_132,0,0,0.744351327419281,0.0360569953918457,0.09644670050761421,0.13325339555740356,0.13325339555740356,0.14365386962890625,0.7258883248730964,0.14365386962890625,0.24023425579071045,3.0
data_132,1,0,0.8419229984283447,0.0,0.0,0.0,0.13325339555740356,0.0,0.0,0.10698086023330688,0.24023425579071045,3.0
data_132,0,0,0.8977379202842712,0.0,0.0,0.013751447200775146,0.17569291591644287,0.0,0.0,0.0,0.0,3.0
data_132,0,0,0.7939993143081665,8.881092071533203e-06,0.13793103448275862,0.013110518455505371,0.17569291591644287,0.0,0.0,0.0,0.0,3.0
data_132,0,0,0.8246155381202698,0.17568403482437134,0.8620689655172413,0.17568403482437134,0.17569291591644287,0.0,0.0,0.0,0.0,3.0
data_132,0,0,0.8761523962020874,0.0,0.0,0.0,0.0,0.1197272539138794,0.09183673469387756,0.1443709135055542,0.1539052128791809,3.0
data_132,0,0,0.6786732077598572,0.0,0.0,0.0,0.0,0.0,0.0,0.007520496845245361,0.1539052128791809,3.0
data_132,1,0,0.7128205299377441,0.0,0.0,0.0,0.0,0.034177958965301514,0.3163265306122449,0.034177958965301514,0.1539052128791809,3.0
data_133,0,1,,,,,,,,,,
data_133,0,1,,,,,,,,,,
data_133,0,1,,,,,,,,,,
data_133,0,1,,,,,,,,,,
data_133,0,0,0.5085055232048035,0.008419394493103027,0.6808510638297872,0.008419394493103027,0.0560072660446167,0.0,0.0,0.0,0.030050277709960938,4.0
data_133,0,0,0.442253053188324,0.017537593841552734,0.46808510638297873,0.017537593841552734,0.0560072660446167,0.0,0.0,0.0,0.030050277709960938,4.0
data_133,0,0,0.7015727758407593,0.030050277709960938,0.5106382978723404,0.0560072660446167,0.0560072660446167,0.030050277709960938,0.5106382978723404,0.030050277709960938,0.030050277709960938,4.0
data_133,0,0,0.7414531707763672,0.0,0.0,0.0560072660446167,0.0560072660446167,0.0,0.0,0.0,0.030050277709960938,4.0
data_133,0,0,0.7250665426254272,0.0,0.0,0.0,0.03750807046890259,0.0,0.0,0.0,0.04521051049232483,4.0
data_133,1,0,0.503736674785614,0.0,0.0,0.03750807046890259,0.03750807046890259,0.0,0.0,0.04521051049232483,0.04521051049232483,4.0
data_133,0,0,0.6157083511352539,0.03750807046890259,0.08196721311475409,0.03750807046890259,0.03750807046890259,0.0,0.0,0.03174012899398804,0.04521051049232483,4.0
data_133,0,0,0.39438945055007935,0.0,0.0,0.012512266635894775,0.03750807046890259,0.04521051049232483,0.19672131147540983,0.04521051049232483,0.04521051049232483,4.0
data_133,0,0,0.672517716884613,0.0,0.0,0.0,0.0,0.0,0.0,0.0,0.04522407054901123,3.0
data_133,0,0,0.3944278359413147,0.0,0.0,0.0,0.0,0.04522407054901123,0.4,0.04522407054901123,0.04522407054901123,3.0
data_133,0,0,0.6099216341972351,0.0,0.0,0.0,0.0,0.0,0.0,0.04522407054901123,0.04522407054901123,3.0
data_133,0,0,0.7721063494682312,0.0,0.0,0.1930350363254547,0.2571534812450409,0.0,0.0,0.1930350363254547,0.2571534812450409,3.0
data_133,0,0,0.6672805547714233,0.0,0.0,0.08605155348777771,0.2571534812450409,0.0,0.0,0.08605155348777771,0.2571534812450409,3.0
data_133,0,0,0.521851122379303,0.2571534812450409,0.8666666666666667,0.2571534812450409,0.2571534812450409,0.2571534812450409,0.8666666666666667,0.2571534812450409,0.2571534812450409,3.0
data_133,0,0,0.4537227749824524,0.0,0.0,0.10138136148452759,0.10138136148452759,0.0,0.0,0.009920120239257812,0.02050536870956421,3.0
data_133,0,0,0.6423248052597046,0.02050536870956421,0.7662337662337663,0.05743676424026489,0.10138136148452759,0.02050536870956421,0.7662337662337663,0.02050536870956421,0.02050536870956421,3.0
data_133,0,0,0.5921049118041992,0.08087599277496338,0.7532467532467533,0.08087599277496338,0.10138136148452759,0.0,0.0,0.0,0.02050536870956421,3.0
data_133,0,0,0.5429509878158569,0.02758687734603882,0.94,0.02758687734603882,0.02758687734603882,0.020989418029785156,0.56,0.020989418029785156,0.1279062032699585,3.0
data_133,0,0,0.6095927953720093,0.0,0.0,0.006597459316253662,0.02758687734603882,0.10691678524017334,0.74,0.10691678524017334,0.1279062032699585,3.0
data_133,1,0,0.6415682435035706,0.0,0.0,0.0,0.02758687734603882,0.0,0.0,0.10031932592391968,0.1279062032699585,3.0
data_133,0,0,0.8287027478218079,0.0,0.0,0.0,0.0,0.0,0.0,0.0,0.14026153087615967,3.0
data_133,0,0,0.5074268579483032,0.0,0.0,0.0,0.0,0.14026153087615967,0.18181818181818182,0.14026153087615967,0.14026153087615967,3.0
data_133,0,0,0.6402291655540466,0.0,0.0,0.0,0.0,0.0,0.0,0.14026153087615967,0.14026153087615967,3.0
data_133,0,0,0.6059673428535461,0.0,0.0,0.01607370376586914,0.09308004379272461,0.0,0.0,0.0,0.0,3.0
data_133,0,0,0.7932710647583008,0.027864277362823486,0.6896551724137931,0.09308004379272461,0.09308004379272461,0.0,0.0,0.0,0.0,3.0
data_133,1,0,0.6146823763847351,0.06521576642990112,0.7241379310344828,0.09308004379272461,0.09308004379272461,0.0,0.0,0.0,0.0,3.0
data_133,0,0,0.5958394408226013,0.0,0.0,0.0,0.0,0.009736955165863037,0.7058823529411765,0.009736955165863037,0.23033469915390015,3.0
data_133,0,0,0.5042374134063721,0.0,0.0,0.0,0.0,0.2205977439880371,0.35294117647058826,0.2205977439880371,0.23033469915390015,3.0
data_133,1,0,0.6013938784599304,0.0,0.0,0.0,0.0,0.0,0.0,0.2205977439880371,0.23033469915390015,3.0
data_133,0,0,0.6847620010375977,0.0,0.0,0.0,0.0,0.0,0.0,0.0,0.0,3.0
data_133,0,0,0.5091310739517212,0.0,0.0,0.0,0.0,0.0,0.0,0.0,0.0,3.0
data_133,0,0,0.5416584014892578,0.0,0.0,0.0,0.0,0.0,0.0,0.0,0.0,3.0
data_133,0,0,0.543734073638916,0.0,0.0,0.0,0.0,0.03460508584976196,0.1111111111111111,0.03460508584976196,0.03460508584976196,2.0
data_133,0,0,0.8167991638183594,0.0,0.0,0.0,0.0,0.0,0.0,0.03460508584976196,0.03460508584976196,2.0
data_133,0,0,0.888161838054657,0.024579644203186035,0.37254901960784315,0.21873846650123596,0.21873846650123596,0.0,0.0,0.06721940636634827,0.2157638669013977,3.0
data_133,0,0,0.6229351758956909,0.19415882229804993,0.27450980392156865,0.19415882229804993,0.21873846650123596,0.051406145095825195,0.09803921568627451,0.2157638669013977,0.2157638669013977,3.0
data_133,0,0,0.6413161158561707,0.0,0.0,0.07019400596618652,0.21873846650123596,0.1643577218055725,0.35294117647058826,0.2157638669013977,0.2157638669013977,3.0
data_134,0,0,0.7278481125831604,0.015951335430145264,0.05357142857142857,0.015951335430145264,0.03734356164932251,0.015951335430145264,0.05357142857142857,0.07341760396957397,0.24992311000823975,4.0
data_134,0,0,0.6606168746948242,0.0,0.0,0.0,0.03734356164932251,0.23397177457809448,0.044642857142857144,0.23397177457809448,0.24992311000823975,4.0
data_134,0,0,0.9196321368217468,0.0,0.0,0.0,0.03734356164932251,0.0,0.0,0.06404328346252441,0.24992311000823975,4.0
data_134,1,0,0.8461291193962097,0.021392226219177246,0.45535714285714285,0.021392226219177246,0.03734356164932251,0.0,0.0,0.1399914026260376,0.24992311000823975,4.0
data_134,0,0,0.6845991611480713,0.0,0.0,0.0,0.3984784483909607,0.0,0.0,0.0,0.43917572498321533,4.0
data_134,0,0,0.7589287757873535,0.0,0.0,0.0,0.3984784483909607,0.0,0.0,0.0,0.43917572498321533,4.0
data_134,0,0,0.8110865950584412,0.0,0.0,0.09670156240463257,0.3984784483909607,0.1373988389968872,0.11702127659574468,0.15330004692077637,0.43917572498321533,4.0
data_134,0,0,0.9338151216506958,0.3984784483909607,0.8617021276595744,0.3984784483909607,0.3984784483909607,0.3017768859863281,0.7978723404255319,0.3017768859863281,0.43917572498321533,4.0
data_134,0,0,0.9282445311546326,0.0,0.0,0.0,0.18470323085784912,0.2454230785369873,0.8813559322033898,0.2454230785369873,0.4301263093948364,4.0
data_134,0,0,0.7799538373947144,0.0,0.0,0.18470323085784912,0.18470323085784912,0.0,0.0,0.25002843141555786,0.4301263093948364,4.0
data_134,0,0,0.7365352511405945,0.18470323085784912,0.6610169491525424,0.18470323085784912,0.18470323085784912,0.18470323085784912,0.6610169491525424,0.25002843141555786,0.4301263093948364,4.0
data_134,0,0,0.6323816180229187,0.0,0.0,0.0,0.18470323085784912,0.0,0.0,0.0,0.4301263093948364,4.0
data_134,0,0,0.8605713248252869,0.0,0.0,0.0,0.0,0.1740601658821106,0.9146341463414634,0.1740601658821106,0.3409169316291809,3.0
data_134,0,0,0.9475948214530945,0.0,0.0,0.0,0.0,0.1668567657470703,0.47560975609756095,0.1668567657470703,0.3409169316291809,3.0
data_134,0,0,0.9172219038009644,0.0,0.0,0.0,0.0,0.0,0.0,0.1668567657470703,0.3409169316291809,3.0
data_134,0,0,0.49944165349006653,0.0075453221797943115,0.5980861244019139,0.0075453221797943115,0.0075453221797943115,0.0,0.0,0.0,0.0,3.0
data_134,0,0,0.6860692501068115,0.0,0.0,0.0075453221797943115,0.0075453221797943115,0.0,0.0,0.0,0.0,3.0
data_134,0,0,0.9234704375267029,0.0,0.0,0.0,0.0075453221797943115,0.0,0.0,0.0,0.0,3.0
data_135,0,1,,,,,,,,,,
data_135,0,1,,,,,,,,,,
data_135,0,1,,,,,,,,,,
data_135,0,1,,,,,,,,,,
data_135,0,0,0.6886769533157349,0.0,0.0,0.0,0.0,0.11892056465148926,0.21951219512195122,0.1258540153503418,0.43149471282958984,4.0
data_135,0,0,0.7408860325813293,0.0,0.0,0.0,0.0,0.0,0.0,0.08427482843399048,0.43149471282958984,4.0
data_135,0,0,0.8181287050247192,0.0,0.0,0.0,0.0,0.0,0.0,0.2072853446006775,0.43149471282958984,4.0
data_135,0,0,0.886831521987915,0.0,0.0,0.0,0.0,0.3125741481781006,0.4146341463414634,0.3125741481781006,0.43149471282958984,4.0
data_135,1,0,0.6819837689399719,0.0,0.0,0.044420838356018066,0.044420838356018066,0.0,0.0,0.0,0.0,3.0
data_135,0,0,0.7887301445007324,0.044420838356018066,0.04054054054054054,0.044420838356018066,0.044420838356018066,0.0,0.0,0.0,0.0,3.0
data_135,0,0,0.6591086983680725,0.0,0.0,0.0,0.044420838356018066,0.0,0.0,0.0,0.0,3.0
data_135,0,0,0.9155805110931396,0.0,0.0,0.0,0.0,0.0,0.0,0.0,0.0,3.0
data_135,0,0,0.6837192177772522,0.0,0.0,0.0,0.0,0.0,0.0,0.0,0.0,3.0
data_135,0,0,0.6524430513381958,0.0,0.0,0.0,0.0,0.0,0.0,0.0,0.0,3.0
data_135,0,0,0.6384445428848267,0.049450039863586426,0.47058823529411764,0.049450039863586426,0.049450039863586426,0.0,0.0,0.1114242672920227,0.1114242672920227,3.0
data_135,0,0,0.8241783380508423,0.0,0.0,0.049450039863586426,0.049450039863586426,0.0,0.0,0.0,0.1114242672920227,3.0
data_135,0,0,0.7151100039482117,0.0,0.0,0.0,0.049450039863586426,0.1114242672920227,0.17647058823529413,0.1114242672920227,0.1114242672920227,3.0
data_135,0,0,0.8506065011024475,0.0,0.0,0.13361608982086182,0.13361608982086182,0.0,0.0,0.0,0.0,3.0
data_135,0,0,0.8268161416053772,0.13361608982086182,0.4864864864864865,0.13361608982086182,0.13361608982086182,0.0,0.0,0.0,0.0,3.0
data_135,0,0,0.7839571833610535,0.0,0.0,0.0,0.13361608982086182,0.0,0.0,0.0,0.0,3.0
data_135,0,0,0.77456134557724,0.0,0.0,0.0,0.006869852542877197,0.1658063530921936,0.2,0.1658063530921936,0.1658063530921936,3.0
data_135,0,0,0.7197487950325012,0.006869852542877197,0.68,0.006869852542877197,0.006869852542877197,0.0,0.0,0.0,0.1658063530921936,3.0
data_135,0,0,0.9036182761192322,0.0,0.0,0.006869852542877197,0.006869852542877197,0.0,0.0,0.1658063530921936,0.1658063530921936,3.0
data_135,0,0,0.6361254453659058,0.0,0.0,0.0,0.0,0.0,0.0,0.0,0.0,3.0
data_135,0,0,0.5275541543960571,0.0,0.0,0.0,0.0,0.0,0.0,0.0,0.0,3.0
data_135,0,0,0.5787085890769958,0.0,0.0,0.0,0.0,0.0,0.0,0.0,0.0,3.0
data_135,0,0,0.7082592248916626,0.029029250144958496,0.21875,0.029029250144958496,0.029029250144958496,0.0,0.0,0.029893994331359863,0.06135350465774536,3.0
data_135,0,0,0.865963876247406,0.0,0.0,0.029029250144958496,0.029029250144958496,0.0,0.0,0.055016517639160156,0.06135350465774536,3.0
data_135,1,0,0.7960195541381836,0.0,0.0,0.0,0.029029250144958496,0.06135350465774536,0.296875,0.06135350465774536,0.06135350465774536,3.0
data_136,0,1,,,,,,,,,,
data_136,0,1,,,,,,,,,,
data_136,0,1,,,,,,,,,,
data_136,0,1,,,,,,,,,,
data_136,0,0,0.8129616975784302,0.0756273865699768,0.8024691358024691,0.0756273865699768,0.0756273865699768,0.0756273865699768,0.8024691358024691,0.0756273865699768,0.11811339855194092,4.0
data_136,0,0,0.821098268032074,0.0,0.0,0.0,0.0756273865699768,0.0,0.0,0.0,0.11811339855194092,4.0
data_136,0,0,0.8157033920288086,0.0,0.0,0.0,0.0756273865699768,0.0,0.0,0.04248601198196411,0.11811339855194092,4.0
data_136,1,0,0.7323595285415649,0.0,0.0,0.0,0.0756273865699768,0.04248601198196411,0.5061728395061729,0.04248601198196411,0.11811339855194092,4.0
data_136,0,1,,,,,,,,,,
data_136,0,1,,,,,,,,,,
data_136,0,1,,,,,,,,,,
data_136,0,1,,,,,,,,,,
data_136,0,0,0.8628197312355042,0.0,0.0,0.0,0.0,0.10590440034866333,0.6666666666666666,0.10590440034866333,0.18059271574020386,3.0
data_136,0,0,0.8172628283500671,0.0,0.0,0.0,0.0,0.027190864086151123,0.5555555555555556,0.08947646617889404,0.18059271574020386,3.0
data_136,0,0,0.803505539894104,0.0,0.0,0.0,0.0,0.047497451305389404,0.4444444444444444,0.13697391748428345,0.18059271574020386,3.0
data_136,0,0,0.9127392172813416,0.0,0.0,0.0,0.0,0.0,0.0,0.0,0.0,2.0
data_136,0,0,0.7105697989463806,0.0,0.0,0.0,0.0,0.0,0.0,0.0,0.0,2.0
data_136,0,0,0.7207362651824951,0.0,0.0,0.0,0.0,0.04252159595489502,0.375,0.04252159595489502,0.04252159595489502,2.0
data_136,1,0,0.6834458112716675,0.0,0.0,0.0,0.0,0.0,0.0,0.04252159595489502,0.04252159595489502,2.0
data_136,0,0,0.6248793601989746,0.0,0.0,0.0,0.0,0.14889630675315857,0.2777777777777778,0.14889630675315857,0.14889630675315857,4.0
data_136,0,0,0.9272393584251404,0.0,0.0,0.0,0.0,0.0,0.0,0.0,0.14889630675315857,4.0
data_136,0,0,0.8754624128341675,0.0,0.0,0.0,0.0,0.0,0.0,0.04013743996620178,0.14889630675315857,4.0
data_136,0,0,0.8688461184501648,0.0,0.0,0.0,0.0,0.0,0.0,0.12204495072364807,0.14889630675315857,4.0
data_136,0,0,0.8036617040634155,0.0,0.0,0.0,0.0,0.0,0.0,0.0,0.0,2.0
data_136,0,0,0.7379235029220581,0.0,0.0,0.0,0.0,0.0,0.0,0.0,0.0,2.0
data_136,0,0,0.6398393511772156,0.05434370040893555,0.5172413793103449,0.05434370040893555,0.05434370040893555,0.05434370040893555,0.5172413793103449,0.05434370040893555,0.05434370040893555,2.0
data_136,0,0,0.8586480021476746,0.0,0.0,0.05434370040893555,0.05434370040893555,0.0,0.0,0.05434370040893555,0.05434370040893555,2.0
data_136,0,0,0.5663042664527893,0.0,0.0,0.007213413715362549,0.007213413715362549,0.0,0.0,0.007213413715362549,0.007213413715362549,2.0
data_136,0,0,0.5842136740684509,0.007213413715362549,0.35714285714285715,0.007213413715362549,0.007213413715362549,0.007213413715362549,0.35714285714285715,0.007213413715362549,0.007213413715362549,2.0
data_137,0,1,,,,,,,,,,
data_137,0,0,0.7588171362876892,0.08962589502334595,0.5517241379310345,0.08962589502334595,0.08962589502334595,0.08962589502334595,0.5517241379310345,0.08962589502334595,0.08962589502334595,3.0
data_137,0,0,0.8273717761039734,0.0,0.0,0.008469343185424805,0.08962589502334595,0.0,0.0,0.008469343185424805,0.08962589502334595,3.0
data_137,0,0,0.7854697108268738,0.0,0.0,0.0,0.08962589502334595,0.0,0.0,0.0,0.08962589502334595,3.0
data_137,0,0,0.7616449594497681,0.0,0.0,0.0071190595626831055,0.0071190595626831055,0.0,0.0,0.0071190595626831055,0.0071190595626831055,2.0
data_137,0,0,0.5510029792785645,0.0071190595626831055,0.3333333333333333,0.0071190595626831055,0.0071190595626831055,0.0071190595626831055,0.3333333333333333,0.0071190595626831055,0.0071190595626831055,2.0
data_137,0,0,0.7571834325790405,0.007081270217895508,0.5798816568047337,0.007081270217895508,0.007081270217895508,0.007081270217895508,0.5798816568047337,0.007081270217895508,0.16679078340530396,3.0
data_137,0,0,0.7506681680679321,0.0,0.0,0.0,0.007081270217895508,0.15970951318740845,0.7751479289940828,0.15970951318740845,0.16679078340530396,3.0
data_137,0,0,0.632567822933197,0.0,0.0,0.0,0.007081270217895508,0.0,0.0,0.15970951318740845,0.16679078340530396,3.0
data_137,1,0,0.750093936920166,0.0,0.0,0.0,0.0,0.27081501483917236,0.3055555555555556,0.27611100673675537,0.27611100673675537,3.0
data_137,0,0,0.8228669762611389,0.0,0.0,0.0,0.0,0.0,0.0,0.21759915351867676,0.27611100673675537,3.0
data_137,0,0,0.5863397717475891,0.0,0.0,0.0,0.0,0.005295991897583008,0.3611111111111111,0.005295991897583008,0.27611100673675537,3.0
data_137,0,0,0.6641587615013123,,,,,,,,,
data_137,0,0,0.8036420345306396,0.0,0.0,0.0,0.0,0.0,0.0,0.0,0.0,2.0
data_137,0,0,0.5740696787834167,0.0,0.0,0.0,0.0,0.0,0.0,0.0,0.0,2.0
data_137,0,0,0.8101506233215332,0.0,0.0,0.0,0.0,0.0,0.0,0.0,0.0,2.0
data_137,0,0,0.6912087798118591,0.0,0.0,0.0,0.0,0.0,0.0,0.0,0.0,2.0
data_138,0,1,,,,,,,,,,
data_138,0,1,,,,,,,,,,
data_138,0,1,,,,,,,,,,
data_138,0,0,0.8492027521133423,0.0,0.0,0.0,0.10882419347763062,0.0,0.0,0.0,0.15660721063613892,5.0
data_138,0,0,0.6715933084487915,0.0,0.0,0.0,0.10882419347763062,0.14810168743133545,0.15104166666666666,0.14810168743133545,0.15660721063613892,5.0
data_138,0,0,0.6696212887763977,0.008505523204803467,0.10416666666666667,0.008505523204803467,0.10882419347763062,0.008505523204803467,0.10416666666666667,0.08872741460800171,0.15660721063613892,5.0
data_138,0,0,0.8180994391441345,0.0,0.0,0.03469127416610718,0.10882419347763062,0.0,0.0,0.008436501026153564,0.15660721063613892,5.0
data_138,1,0,0.746646523475647,0.10031867027282715,0.19270833333333334,0.10031867027282715,0.10882419347763062,0.0,0.0,0.11060565710067749,0.15660721063613892,5.0
data_138,0,0,0.7482250928878784,0.0,0.0,0.0,0.08792853355407715,0.102283775806427,0.03225806451612903,0.28754639625549316,0.36810213327407837,4.0
data_138,0,0,0.720543384552002,0.08792853355407715,0.1935483870967742,0.08792853355407715,0.08792853355407715,0.18526262044906616,0.5806451612903226,0.28754639625549316,0.36810213327407837,4.0
data_138,0,0,0.4775540828704834,0.0,0.0,0.08792853355407715,0.08792853355407715,0.0805557370185852,0.45161290322580644,0.0805557370185852,0.36810213327407837,4.0
data_138,0,0,0.8168802261352539,0.0,0.0,0.007372796535491943,0.08792853355407715,0.0,0.0,0.1142544150352478,0.36810213327407837,4.0
data_139,0,1,,,,,,,,,,
data_139,0,1,,,,,,,,,,
data_139,0,1,,,,,,,,,,
data_139,0,0,0.7720320820808411,0.02421891689300537,0.2916666666666667,0.08027195930480957,0.08027195930480957,0.02421891689300537,0.2916666666666667,0.02421891689300537,0.05789130926132202,3.0
data_139,0,0,0.7277707457542419,0.03367239236831665,0.7083333333333334,0.05789130926132202,0.08027195930480957,0.03367239236831665,0.7083333333333334,0.05789130926132202,0.05789130926132202,3.0
data_139,0,0,0.6941635012626648,0.02238065004348755,0.3125,0.02238065004348755,0.08027195930480957,0.0,0.0,0.0,0.05789130926132202,3.0
data_139,0,0,0.5359007716178894,0.0,0.0,0.0,0.15631914138793945,0.06095409393310547,0.6382978723404256,0.06095409393310547,0.21727323532104492,3.0
data_139,0,0,0.6908227801322937,0.08139908313751221,0.14893617021276595,0.15631914138793945,0.15631914138793945,0.08139908313751221,0.14893617021276595,0.1900327205657959,0.21727323532104492,3.0
data_139,1,0,0.5565457940101624,0.07492005825042725,0.3404255319148936,0.15631914138793945,0.15631914138793945,0.07492005825042725,0.3404255319148936,0.15631914138793945,0.21727323532104492,3.0
data_139,0,0,0.7405652403831482,0.018879711627960205,0.7045454545454546,0.018879711627960205,0.024793624877929688,0.0,0.0,0.0,0.005913913249969482,3.0
data_139,0,0,0.7186535596847534,0.005913913249969482,0.7045454545454546,0.008867859840393066,0.024793624877929688,0.005913913249969482,0.7045454545454546,0.005913913249969482,0.005913913249969482,3.0
data_139,0,0,0.6551690101623535,0.0,0.0,0.024793624877929688,0.024793624877929688,0.0,0.0,0.005913913249969482,0.005913913249969482,3.0
data_139,0,0,0.761406660079956,0.0,0.0,0.0,0.009650826454162598,0.0,0.0,0.0,0.009650826454162598,3.0
data_139,0,0,0.652908444404602,0.009650826454162598,0.06451612903225806,0.009650826454162598,0.009650826454162598,0.009650826454162598,0.06451612903225806,0.009650826454162598,0.009650826454162598,3.0
data_139,1,0,0.6883946061134338,0.0,0.0,0.009650826454162598,0.009650826454162598,0.0,0.0,0.009650826454162598,0.009650826454162598,3.0
data_139,0,0,0.726415753364563,0.046665728092193604,0.22,0.046665728092193604,0.046665728092193604,0.0,0.0,0.0,0.0,3.0
data_139,0,0,0.6935253143310547,0.0,0.0,0.046665728092193604,0.046665728092193604,0.0,0.0,0.0,0.0,3.0
data_139,0,0,0.7660600543022156,0.0,0.0,0.0,0.046665728092193604,0.0,0.0,0.0,0.0,3.0
data_139,0,0,0.6926015019416809,0.0,0.0,0.0,0.0,0.0,0.0,0.08498948812484741,0.08498948812484741,3.0
data_139,0,0,0.7072116136550903,0.0,0.0,0.0,0.0,0.016222596168518066,0.6333333333333333,0.016222596168518066,0.08498948812484741,3.0
data_139,0,0,0.7426109910011292,0.0,0.0,0.0,0.0,0.06876689195632935,0.36666666666666664,0.06876689195632935,0.08498948812484741,3.0
data_140,0,1,,,,,,,,,,
data_140,0,1,,,,,,,,,,
data_140,0,1,,,,,,,,,,
data_140,0,0,0.6726416945457458,0.0,0.0,0.05081444978713989,0.10685336589813232,0.04570174217224121,0.6254071661237784,0.04570174217224121,0.25404322147369385,6.0
data_140,0,0,0.6026641726493835,0.016209423542022705,0.1498371335504886,0.058382630348205566,0.10685336589813232,0.05722308158874512,0.02280130293159609,0.05722308158874512,0.25404322147369385,6.0
data_140,0,0,0.8071585893630981,0.04217320680618286,0.06514657980456026,0.058382630348205566,0.10685336589813232,0.10264766216278076,0.8371335504885994,0.10264766216278076,0.25404322147369385,6.0
data_140,0,0,0.7751941084861755,0.04847073554992676,0.4364820846905538,0.04847073554992676,0.10685336589813232,0.04847073554992676,0.4364820846905538,0.10569381713867188,0.25404322147369385,6.0
data_140,0,0,0.8301016688346863,0.0,0.0,0.04847073554992676,0.10685336589813232,0.0,0.0,0.09740287065505981,0.25404322147369385,6.0
data_140,0,0,0.882642388343811,0.0,0.0,0.0,0.10685336589813232,0.0,0.0,0.0,0.25404322147369385,6.0
data_140,0,0,0.6480767130851746,0.0,0.0,0.0,0.0,0.10906577110290527,0.7083333333333334,0.10906577110290527,0.13929152488708496,4.0
data_140,0,0,0.5797356367111206,0.0,0.0,0.0,0.0,0.030225753784179688,0.5833333333333334,0.0867491364479065,0.13929152488708496,4.0
data_140,0,0,0.7546253204345703,0.0,0.0,0.0,0.0,0.0,0.0,0.10874837636947632,0.13929152488708496,4.0
data_140,0,0,0.7557429075241089,0.0,0.0,0.0,0.0,0.0,0.0,0.0,0.13929152488708496,4.0
data_141,0,1,,,,,,,,,,
data_141,0,1,,,,,,,,,,
data_141,1,1,,,,,,,,,,
data_141,0,0,0.5177078247070312,0.0,0.0,0.03338146209716797,0.03338146209716797,0.0,0.0,0.0,0.0,2.0
data_141,1,0,0.5762460231781006,0.03338146209716797,0.5405405405405406,0.03338146209716797,0.03338146209716797,0.0,0.0,0.0,0.0,2.0
data_141,0,0,0.7358266711235046,0.0,0.0,0.0,0.0,0.16668623685836792,0.7125,0.16668623685836792,0.16668623685836792,3.0
data_141,0,0,0.8764821290969849,0.0,0.0,0.0,0.0,0.0,0.0,0.03152656555175781,0.16668623685836792,3.0
data_141,0,0,0.7700133919715881,0.0,0.0,0.0,0.0,0.0,0.0,0.005232632160186768,0.16668623685836792,3.0
data_141,0,0,0.7839726209640503,0.0,0.0,0.0,0.0,0.0,0.0,0.0,0.0,2.0
data_141,0,0,0.7258855700492859,0.0,0.0,0.0,0.0,0.0,0.0,0.0,0.0,2.0
data_141,0,0,0.7064518332481384,0.0,0.0,0.0,0.0,0.0004937052726745605,0.1016949152542373,0.0004937052726745605,0.0004937052726745605,2.0
data_141,0,0,0.8011324405670166,0.0,0.0,0.0,0.0,0.0,0.0,0.0004937052726745605,0.0004937052726745605,2.0
data_141,0,0,0.9611544609069824,0.0,0.0,0.0,0.0,0.0,0.0,0.0,0.0,2.0
data_141,0,0,0.7044315338134766,0.0,0.0,0.0,0.0,0.0,0.0,0.0,0.0,2.0
data_141,0,0,0.5587971210479736,,,,,,,,,
data_141,1,0,0.6877175569534302,0.0,0.0,0.06491720676422119,0.06491720676422119,0.0,0.0,0.0,0.0,2.0
data_141,1,0,0.5795791149139404,0.06491720676422119,0.5,0.06491720676422119,0.06491720676422119,0.0,0.0,0.0,0.0,2.0
data_142,0,1,,,,,,,,,,
data_142,0,1,,,,,,,,,,
data_142,0,0,0.8502430319786072,0.0,0.0,0.0,0.0,0.3048620820045471,0.4067796610169492,0.3048620820045471,0.34115904569625854,4.0
data_142,0,0,0.6422666907310486,0.0,0.0,0.0,0.0,0.0,0.0,0.0,0.34115904569625854,4.0
data_142,0,0,0.772322416305542,0.0,0.0,0.0,0.0,0.036296963691711426,0.22033898305084745,0.036296963691711426,0.34115904569625854,4.0
data_142,0,0,0.6433032751083374,0.0,0.0,0.0,0.0,0.0,0.0,0.08952659368515015,0.34115904569625854,4.0
data_142,0,0,0.7801437377929688,0.0,0.0,0.0,0.0,0.0,0.0,0.0,0.06393170356750488,3.0
data_142,1,0,0.6795862317085266,0.0,0.0,0.0,0.0,0.0,0.0,0.06393170356750488,0.06393170356750488,3.0
data_142,0,0,0.7601689100265503,0.0,0.0,0.0,0.0,0.06393170356750488,0.13978494623655913,0.06393170356750488,0.06393170356750488,3.0
data_142,0,0,0.8666037321090698,0.0,0.0,0.0,0.0,0.0,0.0,0.0,0.0,2.0
data_142,0,0,0.7641400098800659,0.0,0.0,0.0,0.0,0.0,0.0,0.0,0.0,2.0
data_142,0,0,0.4995103180408478,0.04874107241630554,0.5517241379310345,0.04874107241630554,0.04874107241630554,0.04874107241630554,0.5517241379310345,0.04874107241630554,0.04874107241630554,2.0
data_142,0,0,0.6637935638427734,0.0,0.0,0.04874107241630554,0.04874107241630554,0.0,0.0,0.04874107241630554,0.04874107241630554,2.0
data_143,0,1,,,,,,,,,,
data_143,0,1,,,,,,,,,,
data_143,0,0,0.9104757308959961,0.0,0.0,0.0,0.0,0.0,0.0,0.0,0.0,3.0
data_143,0,0,0.7521671056747437,0.0,0.0,0.0,0.0,0.0,0.0,0.0,0.0,3.0
data_143,0,0,0.6924921274185181,0.0,0.0,0.0,0.0,0.0,0.0,0.0,0.0,3.0
data_143,0,0,0.8785423040390015,0.0,0.0,0.0,0.0,0.07454949617385864,0.4375,0.07454949617385864,0.07454949617385864,3.0
data_143,0,0,0.7008998394012451,0.0,0.0,0.0,0.0,0.0,0.0,0.07454949617385864,0.07454949617385864,3.0
data_143,0,0,0.6474027633666992,0.0,0.0,0.0,0.0,0.0,0.0,0.0,0.07454949617385864,3.0
data_143,1,0,0.6671406626701355,0.0,0.0,0.0,0.0,0.18336370587348938,0.25609756097560976,0.18336370587348938,0.18336370587348938,4.0
data_143,0,0,0.8261150121688843,0.0,0.0,0.0,0.0,0.0,0.0,0.0,0.18336370587348938,4.0
data_143,0,0,0.631382405757904,0.0,0.0,0.0,0.0,0.0,0.0,0.0522361695766449,0.18336370587348938,4.0
data_143,0,0,0.790961503982544,0.0,0.0,0.0,0.0,0.0,0.0,0.1486227810382843,0.18336370587348938,4.0
data_143,0,0,0.9124045968055725,0.0,0.0,0.0,0.0,0.0,0.0,0.0,0.0,3.0
data_143,0,0,0.7562291622161865,0.0,0.0,0.0,0.0,0.0,0.0,0.0,0.0,3.0
data_143,1,0,0.8253918886184692,0.0,0.0,0.0,0.0,0.0,0.0,0.0,0.0,3.0
data_143,0,0,0.6523041129112244,0.0,0.0,0.0,0.0,0.11228370666503906,0.4791666666666667,0.11228370666503906,0.11228370666503906,3.0
data_143,0,0,0.8606932163238525,0.0,0.0,0.0,0.0,0.0,0.0,0.11228370666503906,0.11228370666503906,3.0
data_143,0,0,0.9666852355003357,0.0,0.0,0.0,0.0,0.0,0.0,0.06381714344024658,0.11228370666503906,3.0
data_143,1,0,0.6204924583435059,0.08051329851150513,0.5568862275449101,0.08051329851150513,0.08051329851150513,0.0,0.0,0.0,0.18847030401229858,3.0
data_143,0,0,0.8497843146324158,0.0,0.0,0.08051329851150513,0.08051329851150513,0.0,0.0,0.1526055932044983,0.18847030401229858,3.0
data_143,0,0,0.6191374063491821,0.0,0.0,0.0,0.08051329851150513,0.18847030401229858,0.844311377245509,0.18847030401229858,0.18847030401229858,3.0
data_143,0,0,0.7377889156341553,0.0,0.0,0.0,0.0,0.12462949752807617,0.16,0.12462949752807617,0.23647922277450562,3.0
data_143,0,0,0.7374218106269836,0.0,0.0,0.0,0.0,0.0,0.0,0.0,0.23647922277450562,3.0
data_143,0,0,0.8420699238777161,0.0,0.0,0.0,0.0,0.11184972524642944,0.36,0.23647922277450562,0.23647922277450562,3.0
data_144,0,1,,,,,,,,,,
data_144,0,1,,,,,,,,,,
data_144,0,0,0.7004009485244751,0.0,0.0,0.0,0.09653735160827637,0.0,0.0,0.0807000994682312,0.0953606367111206,5.0
data_144,0,0,0.6548393964767456,0.0,0.0,0.0,0.09653735160827637,0.0807000994682312,0.4304812834224599,0.0807000994682312,0.0953606367111206,5.0
data_144,0,0,0.5742496252059937,0.07566940784454346,0.4919786096256685,0.07566940784454346,0.09653735160827637,0.0,0.0,0.0003085136413574219,0.0953606367111206,5.0
data_144,0,0,0.4320697784423828,0.0,0.0,0.0,0.09653735160827637,0.0,0.0,0.033613502979278564,0.0953606367111206,5.0
data_144,0,0,0.5609349012374878,0.02086794376373291,0.5641711229946524,0.02086794376373291,0.09653735160827637,0.014660537242889404,0.17647058823529413,0.014660537242889404,0.0953606367111206,5.0
data_144,0,0,0.7772076725959778,0.0,0.0,0.0,0.0,0.0,0.0,0.0,0.0,2.0
data_144,0,0,0.7311227917671204,0.0,0.0,0.0,0.0,0.0,0.0,0.0,0.0,2.0
data_144,0,0,0.7569517493247986,0.0,0.0,0.0,0.0,0.0,0.0,0.0,0.0,2.0
data_144,0,0,0.5669328570365906,0.0,0.0,0.0,0.0,0.0,0.0,0.0,0.0,2.0
data_144,0,0,0.7836645841598511,0.0,0.0,0.0,0.0,0.0,0.0,0.0,0.0,2.0
data_144,0,0,0.6799134612083435,0.0,0.0,0.0,0.0,0.0,0.0,0.0,0.0,2.0
data_144,0,0,0.8483319282531738,0.0,0.0,0.0,0.0,0.09440219402313232,0.8909090909090909,0.09440219402313232,0.09440219402313232,2.0
data_144,0,0,0.8156203627586365,0.0,0.0,0.0,0.0,0.0,0.0,0.09440219402313232,0.09440219402313232,2.0
data_144,0,0,0.6760467290878296,0.0,0.0,0.0,0.0,0.0,0.0,0.0,0.0,2.0
data_144,0,0,0.8119314908981323,0.0,0.0,0.0,0.0,0.0,0.0,0.0,0.0,2.0
data_144,0,0,0.768608570098877,0.0,0.0,0.0,0.0,0.20639830827713013,0.75,0.20639830827713013,0.3964062035083771,3.0
data_144,0,0,0.7329994440078735,0.0,0.0,0.0,0.0,0.0,0.0,0.07214435935020447,0.3964062035083771,3.0
data_144,0,0,0.5786774158477783,0.0,0.0,0.0,0.0,0.19000789523124695,0.7857142857142857,0.19000789523124695,0.3964062035083771,3.0
data_145,0,1,,,,,,,,,,
data_145,1,1,,,,,,,,,,
data_145,0,0,0.6512795090675354,0.0,0.0,0.0,0.0,0.0,0.0,0.0,0.0,2.0
data_145,0,0,0.6544256210327148,0.0,0.0,0.0,0.0,0.0,0.0,0.0,0.0,2.0
data_145,0,0,0.5595371723175049,0.0,0.0,0.0,0.0,0.02175503969192505,0.5294117647058824,0.02175503969192505,0.02175503969192505,2.0
data_145,0,0,0.6834904551506042,0.0,0.0,0.0,0.0,0.0,0.0,0.02175503969192505,0.02175503969192505,2.0
data_145,0,0,0.8223627209663391,0.0,0.0,0.0,0.0,0.2548617720603943,0.42105263157894735,0.2548617720603943,0.2548617720603943,2.0
data_145,0,0,0.7432771325111389,0.0,0.0,0.0,0.0,0.0,0.0,0.2548617720603943,0.2548617720603943,2.0
data_145,0,0,0.6949036121368408,0.0,0.0,0.0,0.0,0.1479443907737732,0.043740573152337855,0.16332077980041504,0.16332077980041504,2.0
data_145,1,0,0.777250349521637,0.0,0.0,0.0,0.0,0.015376389026641846,0.19306184012066366,0.16332077980041504,0.16332077980041504,2.0
data_145,0,0,0.6968088746070862,,,,,,,,,
data_146,0,1,,,,,,,,,,
data_146,0,1,,,,,,,,,,
data_146,0,1,,,,,,,,,,
data_146,0,1,,,,,,,,,,
data_146,0,0,0.8056741952896118,0.0,0.0,0.0,0.0,0.15958011150360107,0.4931506849315068,0.15958011150360107,0.39811694622039795,4.0
data_146,0,0,0.7106403708457947,0.0,0.0,0.0,0.0,0.23853683471679688,0.4657534246575342,0.23853683471679688,0.39811694622039795,4.0
data_146,0,0,0.6450088620185852,0.0,0.0,0.0,0.0,0.0,0.0,0.0,0.39811694622039795,4.0
data_146,0,0,0.7246198654174805,0.0,0.0,0.0,0.0,0.0,0.0,0.11559569835662842,0.39811694622039795,4.0
data_146,1,0,0.7858985662460327,0.15922629833221436,0.3333333333333333,0.15922629833221436,0.18607574701309204,0.0,0.0,0.0,0.08827608823776245,4.0
data_146,0,0,0.8590748310089111,0.0,0.0,0.09438419342041016,0.18607574701309204,0.08827608823776245,0.358974358974359,0.08827608823776245,0.08827608823776245,4.0
data_146,0,0,0.6523125767707825,0.026849448680877686,0.1282051282051282,0.026849448680877686,0.18607574701309204,0.0,0.0,0.0,0.08827608823776245,4.0
data_146,0,0,0.7641183733940125,0.0,0.0,0.05403870344161987,0.18607574701309204,0.0,0.0,0.0,0.08827608823776245,4.0
data_146,0,0,0.8525491952896118,0.0,0.0,0.0,0.0,0.2624307870864868,0.6585365853658537,0.2624307870864868,0.43208861351013184,4.0
data_146,0,0,0.677756667137146,0.0,0.0,0.0,0.0,0.16965782642364502,0.6341463414634146,0.16965782642364502,0.43208861351013184,4.0
data_146,0,0,0.8474696278572083,0.0,0.0,0.0,0.0,0.0,0.0,0.0,0.43208861351013184,4.0
data_146,0,0,0.7706986665725708,0.0,0.0,0.0,0.0,0.0,0.0,0.16965782642364502,0.43208861351013184,4.0
data_146,0,0,0.7588896751403809,0.0,0.0,0.0,0.19490677118301392,0.24170374870300293,0.6176470588235294,0.24170374870300293,0.3595580458641052,4.0
data_146,0,0,0.7524860501289368,0.04297351837158203,0.5980392156862745,0.17166507244110107,0.19490677118301392,0.04297351837158203,0.5980392156862745,0.19358175992965698,0.3595580458641052,4.0
data_146,0,0,0.6975641846656799,0.15193325281143188,0.13725490196078433,0.15193325281143188,0.19490677118301392,0.0,0.0,0.11858189105987549,0.3595580458641052,4.0
data_146,0,0,0.7361394166946411,0.0,0.0,0.15193325281143188,0.19490677118301392,0.07488077878952026,0.5784313725490197,0.07488077878952026,0.3595580458641052,4.0
data_146,0,0,0.7156276702880859,0.0024402737617492676,0.42028985507246375,0.0024402737617492676,0.0024402737617492676,0.0,0.0,0.0,0.2154279351234436,4.0
data_146,0,0,0.6926488280296326,0.0,0.0,0.0,0.0024402737617492676,0.0,0.0,0.0,0.2154279351234436,4.0
data_146,0,0,0.8323874473571777,0.0,0.0,0.0,0.0024402737617492676,0.0,0.0,0.10924744606018066,0.2154279351234436,4.0
data_146,0,0,0.7618571519851685,0.0,0.0,0.0,0.0024402737617492676,0.2154279351234436,0.5652173913043478,0.2154279351234436,0.2154279351234436,4.0
data_146,0,0,0.6956700682640076,0.0,0.0,0.0,0.0,0.0,0.0,0.0,0.061577796936035156,4.0
data_146,0,0,0.6771418452262878,0.0,0.0,0.0,0.0,0.0,0.0,0.0,0.061577796936035156,4.0
data_146,0,0,0.686525821685791,0.0,0.0,0.0,0.0,0.061577796936035156,0.14130434782608695,0.061577796936035156,0.061577796936035156,4.0
data_146,0,0,0.5887430906295776,0.0,0.0,0.0,0.0,0.0,0.0,0.0,0.061577796936035156,4.0
data_147,0,1,,,,,,,,,,
data_147,0,1,,,,,,,,,,
data_147,0,1,,,,,,,,,,
data_147,0,1,,,,,,,,,,
data_147,0,0,0.9722128510475159,0.0,0.0,0.0,0.0,0.0,0.0,0.40009981393814087,0.40009981393814087,3.0
data_147,0,0,0.9510288834571838,0.0,0.0,0.0,0.0,0.40009981393814087,0.03333333333333333,0.40009981393814087,0.40009981393814087,3.0
data_147,0,0,0.8408600091934204,0.0,0.0,0.0,0.0,0.0,0.0,0.0,0.40009981393814087,3.0
data_147,1,0,0.4987023174762726,0.0,0.0,0.0,0.0,0.09537461400032043,0.40625,0.09537461400032043,0.09537461400032043,2.0
data_147,1,0,0.6299492120742798,0.0,0.0,0.0,0.0,0.0,0.0,0.09537461400032043,0.09537461400032043,2.0
data_147,0,0,0.7350014448165894,0.0,0.0,0.0,0.0,0.0,0.0,0.026309072971343994,0.026309072971343994,2.0
data_147,1,0,0.7564610838890076,0.0,0.0,0.0,0.0,0.026309072971343994,0.5,0.026309072971343994,0.026309072971343994,2.0
data_147,1,0,0.6022699475288391,,,,,,,,,
data_147,1,0,0.6260303258895874,0.0,0.0,0.04882824420928955,0.04882824420928955,0.0,0.0,0.0,0.0,2.0
data_147,1,0,0.4715871512889862,0.04882824420928955,0.3,0.04882824420928955,0.04882824420928955,0.0,0.0,0.0,0.0,2.0
data_147,0,0,0.7756112813949585,0.15984290838241577,0.140625,0.15984290838241577,0.15984290838241577,0.15984290838241577,0.140625,0.15984290838241577,0.15984290838241577,3.0
data_147,0,0,0.7388542294502258,0.0,0.0,0.15984290838241577,0.15984290838241577,0.0,0.0,0.15984290838241577,0.15984290838241577,3.0
data_147,0,0,0.8127762675285339,0.0,0.0,0.0,0.15984290838241577,0.0,0.0,0.0,0.15984290838241577,3.0
data_147,0,0,0.5694881677627563,0.0,0.0,0.0,0.0,0.06217128038406372,0.2549019607843137,0.06217128038406372,0.06217128038406372,2.0
data_147,0,0,0.688368558883667,0.0,0.0,0.0,0.0,0.0,0.0,0.06217128038406372,0.06217128038406372,2.0
data_148,0,1,,,,,,,,,,
data_148,0,1,,,,,,,,,,
data_148,0,0,0.7325072288513184,0.0,0.0,0.0,0.045232951641082764,0.0,0.0,0.0,0.0,3.0
data_148,0,0,0.7302902936935425,0.0,0.0,0.045232951641082764,0.045232951641082764,0.0,0.0,0.0,0.0,3.0
data_148,0,0,0.7691604495048523,0.045232951641082764,0.5147058823529411,0.045232951641082764,0.045232951641082764,0.0,0.0,0.0,0.0,3.0
data_148,0,0,0.6488471627235413,0.0,0.0,0.0,0.09851902723312378,0.08083176612854004,0.7559055118110236,0.08083176612854004,0.17935079336166382,3.0
data_148,1,0,0.7578116059303284,0.0,0.0,0.09851902723312378,0.09851902723312378,0.0,0.0,0.17935079336166382,0.17935079336166382,3.0
data_148,0,0,0.5843003988265991,0.09851902723312378,0.3858267716535433,0.09851902723312378,0.09851902723312378,0.09851902723312378,0.3858267716535433,0.09851902723312378,0.17935079336166382,3.0
data_148,0,0,0.6494559049606323,0.0,0.0,0.18117380142211914,0.18117380142211914,0.0,0.0,0.0,0.235859215259552,3.0
data_148,0,0,0.8108487129211426,0.18117380142211914,0.07608695652173914,0.18117380142211914,0.18117380142211914,0.235859215259552,0.8913043478260869,0.235859215259552,0.235859215259552,3.0
data_148,0,0,0.7843599915504456,0.0,0.0,0.0,0.18117380142211914,0.0,0.0,0.05468541383743286,0.235859215259552,3.0
data_148,0,0,0.7139280438423157,0.0,0.0,0.0012407302856445312,0.0012407302856445312,0.0,0.0,0.0012407302856445312,0.0012407302856445312,2.0
data_148,0,0,0.6124482154846191,0.0012407302856445312,0.4725274725274725,0.0012407302856445312,0.0012407302856445312,0.0012407302856445312,0.4725274725274725,0.0012407302856445312,0.0012407302856445312,2.0
data_148,0,0,0.8717655539512634,0.0,0.0,0.029708385467529297,0.029708385467529297,0.0,0.0,0.029708385467529297,0.029708385467529297,2.0
data_148,0,0,0.7572630047798157,0.029708385467529297,0.3523809523809524,0.029708385467529297,0.029708385467529297,0.029708385467529297,0.3523809523809524,0.029708385467529297,0.029708385467529297,2.0
data_148,0,0,0.6833210587501526,0.0,0.0,0.0,0.07985925674438477,0.0,0.0,0.07203707098960876,0.15189632773399353,3.0
data_148,0,0,0.6185576915740967,0.0,0.0,0.0,0.07985925674438477,0.15189632773399353,0.398576512455516,0.15189632773399353,0.15189632773399353,3.0
data_148,0,0,0.6566928029060364,0.07985925674438477,0.31316725978647686,0.07985925674438477,0.07985925674438477,0.0,0.0,0.0,0.15189632773399353,3.0
data_149,0,1,,,,,,,,,,
data_149,0,1,,,,,,,,,,
data_149,0,1,,,,,,,,,,
data_149,0,1,,,,,,,,,,
data_149,0,0,0.725612998008728,0.036010146141052246,0.20430107526881722,0.036010146141052246,0.036010146141052246,0.01156550645828247,0.2849462365591398,0.06395989656448364,0.43361565470695496,6.0
data_149,0,0,0.7569776773452759,0.0,0.0,0.0,0.036010146141052246,0.0,0.0,0.05849996209144592,0.43361565470695496,6.0
data_149,0,0,0.6974645256996155,0.0,0.0,0.0,0.036010146141052246,0.06566363573074341,0.8064516129032258,0.06566363573074341,0.43361565470695496,6.0
data_149,0,0,0.7400991320610046,0.0,0.0,0.0,0.036010146141052246,0.16803908348083496,0.6505376344086021,0.16803908348083496,0.43361565470695496,6.0
data_149,0,0,0.6831344962120056,0.0,0.0,0.0,0.036010146141052246,0.0,0.0,0.05627334117889404,0.43361565470695496,6.0
data_149,0,0,0.6735919713973999,0.0,0.0,0.0,0.036010146141052246,0.18834742903709412,0.41935483870967744,0.18834742903709412,0.43361565470695496,6.0
data_149,0,0,0.25752779841423035,,,,,,,,,
data_149,0,0,0.18822655081748962,,,,,,,,,
data_149,0,0,0.2875920832157135,,,,,,,,,
data_149,0,0,0.16143295168876648,,,,,,,,,
data_149,0,0,0.15784719586372375,,,,,,,,,
data_149,0,0,0.7569743990898132,0.06005120277404785,0.3939393939393939,0.06005120277404785,0.11855077743530273,0.0,0.0,0.0,0.038631975650787354,4.0
data_149,0,0,0.8427460789680481,0.0,0.0,0.0,0.11855077743530273,0.0,0.0,0.038631975650787354,0.038631975650787354,4.0
data_149,1,0,0.7626138925552368,0.01986759901046753,0.3939393939393939,0.01986759901046753,0.11855077743530273,0.0,0.0,0.0,0.038631975650787354,4.0
data_149,0,0,0.7041071057319641,0.038631975650787354,0.3333333333333333,0.05849957466125488,0.11855077743530273,0.038631975650787354,0.3333333333333333,0.038631975650787354,0.038631975650787354,4.0
data_149,0,0,0.8239383697509766,0.12771564722061157,0.23809523809523808,0.12771564722061157,0.12771564722061157,0.051152169704437256,0.4642857142857143,0.051152169704437256,0.19682371616363525,4.0
data_149,0,0,0.8788376450538635,0.0,0.0,0.12771564722061157,0.12771564722061157,0.07988977432250977,0.6785714285714286,0.07988977432250977,0.19682371616363525,4.0
data_149,0,0,0.6403825879096985,0.0,0.0,0.0,0.12771564722061157,0.06578177213668823,0.3333333333333333,0.06578177213668823,0.19682371616363525,4.0
data_149,0,0,0.7889126539230347,0.0,0.0,0.0,0.12771564722061157,0.0,0.0,0.07154786586761475,0.19682371616363525,4.0
data_149,0,0,0.7122009992599487,0.05417156219482422,0.7792207792207793,0.05417156219482422,0.05417156219482422,0.05417156219482422,0.7792207792207793,0.05417156219482422,0.19208645820617676,4.0
data_149,0,0,0.7059566974639893,0.0,0.0,0.0,0.05417156219482422,0.13791489601135254,0.03896103896103896,0.13791489601135254,0.19208645820617676,4.0
data_149,0,0,0.5868289470672607,0.0,0.0,0.0,0.05417156219482422,0.0,0.0,0.029825270175933838,0.19208645820617676,4.0
data_149,0,0,0.6251809000968933,0.0,0.0,0.0,0.05417156219482422,0.0,0.0,0.0,0.19208645820617676,4.0
data_149,0,0,0.7750778198242188,0.0,0.0,0.0,0.023824036121368408,0.11296391487121582,0.7243243243243244,0.11296391487121582,0.13678795099258423,4.0
data_149,0,0,0.7771173119544983,0.023824036121368408,0.11891891891891893,0.023824036121368408,0.023824036121368408,0.023824036121368408,0.11891891891891893,0.023824036121368408,0.13678795099258423,4.0
data_149,0,0,0.8537038564682007,0.0,0.0,0.023824036121368408,0.023824036121368408,0.0,0.0,0.08375662565231323,0.13678795099258423,4.0
data_149,0,0,0.831437885761261,0.0,0.0,0.0,0.023824036121368408,0.0,0.0,0.0516849160194397,0.13678795099258423,4.0
data_150,0,1,,,,,,,,,,
data_150,0,1,,,,,,,,,,
data_150,0,1,,,,,,,,,,
data_150,0,0,0.7103958129882812,0.0,0.0,0.0,0.0,0.0,0.0,0.14051124453544617,0.46933886408805847,4.0
data_150,0,0,0.8620918989181519,0.0,0.0,0.0,0.0,0.0,0.0,0.4324869215488434,0.46933886408805847,4.0
data_150,0,0,0.7698342204093933,0.0,0.0,0.0,0.0,0.21953952312469482,0.4074074074074074,0.21953952312469482,0.46933886408805847,4.0
data_150,0,0,0.7383030652999878,0.0,0.0,0.0,0.0,0.24979934096336365,0.3888888888888889,0.24979934096336365,0.46933886408805847,4.0
data_150,0,0,0.7950038313865662,0.0,0.0,0.0,0.0,0.08257222175598145,0.168,0.08257222175598145,0.3429224491119385,4.0
data_150,0,0,0.8461167812347412,0.0,0.0,0.0,0.0,0.0,0.0,0.005408644676208496,0.3429224491119385,4.0
data_150,0,0,0.7883357405662537,0.0,0.0,0.0,0.0,0.0,0.0,0.0,0.3429224491119385,4.0
data_150,0,0,0.7747548222541809,0.0,0.0,0.0,0.0,0.26035022735595703,0.552,0.26035022735595703,0.3429224491119385,4.0
data_150,0,0,0.8132137060165405,0.020438075065612793,0.3235294117647059,0.020438075065612793,0.04786801338195801,0.0018546581268310547,0.38235294117647056,0.0018546581268310547,0.40018513798713684,4.0
data_150,0,0,0.7065698504447937,0.027429938316345215,0.6911764705882353,0.04786801338195801,0.04786801338195801,0.3983304798603058,0.058823529411764705,0.3983304798603058,0.40018513798713684,4.0
data_150,1,0,0.6356232762336731,0.0,0.0,0.04786801338195801,0.04786801338195801,0.0,0.0,0.0018546581268310547,0.40018513798713684,4.0
data_150,1,0,0.9328187108039856,0.0,0.0,0.0,0.04786801338195801,0.0,0.0,0.3983304798603058,0.40018513798713684,4.0
data_150,0,0,0.8027758002281189,0.0,0.0,0.0,0.13024628162384033,0.11695730686187744,0.3018867924528302,0.11695730686187744,0.4702945351600647,4.0
data_150,0,0,0.843119740486145,0.0,0.0,0.0,0.13024628162384033,0.0,0.0,0.13230401277542114,0.4702945351600647,4.0
data_150,0,0,0.8167072534561157,0.0,0.0,0.13024628162384033,0.13024628162384033,0.14740252494812012,0.3018867924528302,0.14740252494812012,0.4702945351600647,4.0
data_150,0,0,0.7389344573020935,0.13024628162384033,0.32075471698113206,0.13024628162384033,0.13024628162384033,0.20593470335006714,0.20754716981132076,0.20593470335006714,0.4702945351600647,4.0
data_150,0,0,0.9208608865737915,0.0,0.0,0.0,0.0,0.0,0.0,0.021851301193237305,0.3785806894302368,4.0
data_150,0,0,0.8311934471130371,0.0,0.0,0.0,0.0,0.35315871238708496,0.7391304347826086,0.35315871238708496,0.3785806894302368,4.0
data_150,0,0,0.7476966381072998,0.0,0.0,0.0,0.0,0.0,0.0,0.35315871238708496,0.3785806894302368,4.0
data_150,0,0,0.7842963337898254,0.0,0.0,0.0,0.0,0.025421977043151855,0.6086956521739131,0.025421977043151855,0.3785806894302368,4.0
data_151,0,1,,,,,,,,,,
data_151,1,1,,,,,,,,,,
data_151,0,0,0.8202623724937439,0.09069019556045532,0.14,0.0963219404220581,0.19709348678588867,0.09069019556045532,0.14,0.09069019556045532,0.1914617419242859,3.0
data_151,0,0,0.7287212610244751,0.10640329122543335,0.26,0.10640329122543335,0.19709348678588867,0.10077154636383057,0.34,0.10077154636383057,0.1914617419242859,3.0
data_151,0,0,0.8436070084571838,0.0,0.0,0.19709348678588867,0.19709348678588867,0.0,0.0,0.1291627287864685,0.1914617419242859,3.0
data_151,0,0,0.7791795134544373,0.0,0.0,0.0,0.0,0.032763898372650146,0.48717948717948717,0.03777718544006348,0.03777718544006348,2.0
data_151,0,0,0.7464505434036255,0.0,0.0,0.0,0.0,0.00501328706741333,0.6666666666666666,0.03777718544006348,0.03777718544006348,2.0
data_151,0,0,0.8552513718605042,0.0,0.0,0.0,0.0,0.0,0.0,0.11033207178115845,0.11033207178115845,2.0
data_151,0,0,0.7953360676765442,0.0,0.0,0.0,0.0,0.11033207178115845,0.15151515151515152,0.11033207178115845,0.11033207178115845,2.0
data_151,0,0,0.7444891333580017,0.0,0.0,0.0,0.0,0.0,0.0,0.002896904945373535,0.002896904945373535,2.0
data_151,0,0,0.8104787468910217,0.0,0.0,0.0,0.0,0.002896904945373535,0.1794871794871795,0.002896904945373535,0.002896904945373535,2.0
data_151,0,0,0.843685507774353,0.0,0.0,0.0,0.0,0.19995135068893433,0.7011494252873564,0.19995135068893433,0.19995135068893433,2.0
data_151,0,0,0.7969527840614319,0.0,0.0,0.0,0.0,0.0,0.0,0.19995135068893433,0.19995135068893433,2.0
data_151,0,0,0.9210742712020874,0.0,0.0,0.0,0.0,0.0,0.0,0.13770967721939087,0.13770967721939087,2.0
data_151,0,0,0.9135807156562805,0.0,0.0,0.0,0.0,0.13770967721939087,0.08,0.13770967721939087,0.13770967721939087,2.0
data_151,0,0,0.7385730743408203,0.0,0.0,0.0,0.0,0.0,0.0,0.0,0.0,2.0
data_151,0,0,0.7311593294143677,0.0,0.0,0.0,0.0,0.0,0.0,0.0,0.0,2.0
data_151,0,0,0.8871671557426453,0.0,0.0,0.0,0.0,0.0,0.0,0.0,0.0,2.0
data_151,0,0,0.8462005853652954,0.0,0.0,0.0,0.0,0.0,0.0,0.0,0.0,2.0
data_151,0,0,0.8032940626144409,0.1213797926902771,0.9710144927536232,0.1213797926902771,0.1213797926902771,0.0,0.0,0.0,0.0,2.0
data_151,0,0,0.698456346988678,0.0,0.0,0.1213797926902771,0.1213797926902771,0.0,0.0,0.0,0.0,2.0
data_151,0,0,0.8863927721977234,0.0,0.0,0.0,0.0,0.0,0.0,0.0,0.0,2.0
data_151,1,0,0.5601731538772583,0.0,0.0,0.0,0.0,0.0,0.0,0.0,0.0,2.0
data_152,0,1,,,,,,,,,,
data_152,0,1,,,,,,,,,,
data_152,0,0,0.8936501145362854,0.0,0.0,0.0,0.0,0.0,0.0,0.0,0.0,3.0
data_152,0,0,0.8774734139442444,0.0,0.0,0.0,0.0,0.0,0.0,0.0,0.0,3.0
data_152,0,0,0.8170477747917175,0.0,0.0,0.0,0.0,0.0,0.0,0.0,0.0,3.0
data_152,0,0,0.7529405355453491,0.0,0.0,0.0,0.0,0.0,0.0,0.0032941997051239014,0.24718153476715088,3.0
data_152,0,0,0.686347246170044,0.0,0.0,0.0,0.0,0.0,0.0,0.1481037735939026,0.24718153476715088,3.0
data_152,0,0,0.7759895324707031,0.0,0.0,0.0,0.0,0.24718153476715088,0.5904761904761905,0.24718153476715088,0.24718153476715088,3.0
data_152,1,0,0.6349111795425415,0.01204991340637207,0.8125,0.01204991340637207,0.01204991340637207,0.0,0.0,0.0,0.17159950733184814,3.0
data_152,0,0,0.5873827338218689,0.0,0.0,0.0011497139930725098,0.01204991340637207,0.1251111626625061,0.25,0.17159950733184814,0.17159950733184814,3.0
data_152,1,0,0.6468771696090698,0.0,0.0,0.0,0.01204991340637207,0.04648834466934204,0.25,0.17159950733184814,0.17159950733184814,3.0
data_152,0,0,0.6128414869308472,0.0,0.0,0.0,0.0,0.0,0.0,0.0,0.0,2.0
data_152,1,0,0.5660704970359802,0.0,0.0,0.0,0.0,0.0,0.0,0.0,0.0,2.0
data_152,0,0,0.6740675568580627,0.0,0.0,0.0,0.0,0.0,0.0,0.0,0.0,2.0
data_152,0,0,0.7477491497993469,0.0,0.0,0.0,0.0,0.0,0.0,0.0,0.0,2.0
data_152,0,0,0.6341346502304077,0.011383414268493652,0.576271186440678,0.011383414268493652,0.011383414268493652,0.0,0.0,0.0,0.06542104482650757,3.0
data_152,0,0,0.7321248650550842,0.0,0.0,0.011383414268493652,0.011383414268493652,0.0,0.0,0.06538993120193481,0.06542104482650757,3.0
data_152,0,0,0.7088945508003235,0.0,0.0,0.0,0.011383414268493652,0.06542104482650757,0.6949152542372882,0.06542104482650757,0.06542104482650757,3.0
data_152,0,0,0.8086877465248108,0.0,0.0,0.2020670771598816,0.2020670771598816,0.0,0.0,0.0,0.0,2.0
data_152,1,0,0.7295031547546387,0.2020670771598816,0.4032258064516129,0.2020670771598816,0.2020670771598816,0.0,0.0,0.0,0.0,2.0
data_152,0,0,0.6717270612716675,,,,,,,,,
data_153,0,1,,,,,,,,,,
data_153,0,1,,,,,,,,,,
data_153,0,1,,,,,,,,,,
data_153,0,0,0.6401064991950989,0.0,0.0,0.0,0.0,0.0,0.0,0.0,0.0,3.0
data_153,0,0,0.8244063258171082,0.0,0.0,0.0,0.0,0.0,0.0,0.0,0.0,3.0
data_153,0,0,0.6022099852561951,0.0,0.0,0.0,0.0,0.0,0.0,0.0,0.0,3.0
data_153,0,0,0.8153476715087891,0.022546350955963135,0.5028571428571429,0.08928847312927246,0.08928847312927246,0.0,0.0,0.0,0.0,3.0
data_153,0,0,0.7390514612197876,0.06674212217330933,0.2914285714285714,0.08928847312927246,0.08928847312927246,0.0,0.0,0.0,0.0,3.0
data_153,0,0,0.6112558841705322,0.0,0.0,0.0,0.08928847312927246,0.0,0.0,0.0,0.0,3.0
data_153,0,0,0.7606474161148071,0.0,0.0,0.0,0.0,0.22517865896224976,0.961038961038961,0.22517865896224976,0.24428439140319824,3.0
data_153,1,0,0.6023951172828674,0.0,0.0,0.0,0.0,0.019105732440948486,0.33766233766233766,0.02842879295349121,0.24428439140319824,3.0
data_153,0,0,0.5986878871917725,0.0,0.0,0.0,0.0,0.0,0.0,0.08401739597320557,0.24428439140319824,3.0
data_153,0,0,0.6988564729690552,0.0,0.0,0.0,0.0,0.0,0.0,0.0,0.0025617480278015137,3.0
data_153,0,0,0.6673851013183594,0.0,0.0,0.0,0.0,0.0025617480278015137,0.4782608695652174,0.0025617480278015137,0.0025617480278015137,3.0
data_153,1,0,0.6364282965660095,0.0,0.0,0.0,0.0,0.0,0.0,0.0025617480278015137,0.0025617480278015137,3.0
data_153,1,0,0.5256466865539551,0.009357750415802002,0.725,0.009357750415802002,0.07102492451667786,0.0,0.0,0.0,0.061667174100875854,3.0
data_153,1,0,0.5474100708961487,0.061667174100875854,0.45,0.061667174100875854,0.07102492451667786,0.061667174100875854,0.45,0.061667174100875854,0.061667174100875854,3.0
data_153,1,0,0.5868028402328491,0.0,0.0,0.07102492451667786,0.07102492451667786,0.0,0.0,0.061667174100875854,0.061667174100875854,3.0
data_154,0,1,,,,,,,,,,
data_154,1,1,,,,,,,,,,
data_154,0,1,,,,,,,,,,
data_154,0,1,,,,,,,,,,
data_154,0,1,,,,,,,,,,
data_154,0,0,0.7774934768676758,0.0,0.0,0.0,0.03238952159881592,0.05478149652481079,0.48427672955974843,0.05478149652481079,0.32361239194869995,5.0
data_154,1,0,0.6949043869972229,0.0,0.0,0.0,0.03238952159881592,0.1421716809272766,0.012578616352201259,0.1421716809272766,0.32361239194869995,5.0
data_154,0,0,0.6844145059585571,0.0,0.0,0.0,0.03238952159881592,0.0,0.0,0.1421716809272766,0.32361239194869995,5.0
data_154,0,0,0.7269133925437927,0.0,0.0,0.0,0.03238952159881592,0.09426969289779663,0.8018867924528302,0.14905118942260742,0.32361239194869995,5.0
data_154,0,0,0.7553418874740601,0.03238952159881592,0.9433962264150944,0.03238952159881592,0.03238952159881592,0.03238952159881592,0.9433962264150944,0.03238952159881592,0.32361239194869995,5.0
data_154,0,0,0.589306116104126,0.0,0.0,0.0,0.0,0.038604557514190674,0.5970149253731343,0.07238203287124634,0.07238203287124634,4.0
data_154,0,0,0.6755425930023193,0.0,0.0,0.0,0.0,0.0002244710922241211,0.47761194029850745,0.011289775371551514,0.07238203287124634,4.0
data_154,0,0,0.6110014319419861,0.0,0.0,0.0,0.0,0.03355300426483154,0.208955223880597,0.03355300426483154,0.07238203287124634,4.0
data_154,0,0,0.7705981731414795,0.0,0.0,0.0,0.0,0.0,0.0,0.0,0.07238203287124634,4.0
data_154,0,0,0.8195687532424927,0.1024019718170166,0.37662337662337664,0.1024019718170166,0.19395840167999268,0.0,0.0,0.0,0.09155642986297607,4.0
data_154,0,0,0.5441415309906006,0.09155642986297607,0.24675324675324675,0.09155642986297607,0.19395840167999268,0.09155642986297607,0.24675324675324675,0.09155642986297607,0.09155642986297607,4.0
data_154,0,0,0.5470601916313171,0.0,0.0,0.16049820184707642,0.19395840167999268,0.0,0.0,0.0,0.09155642986297607,4.0
data_154,0,0,0.5195580124855042,0.0,0.0,0.0,0.19395840167999268,0.0,0.0,0.0,0.09155642986297607,4.0
data_154,0,0,0.764987587928772,0.06676948070526123,0.6875,0.1165773868560791,0.21845340728759766,0.0,0.0,0.116941899061203,0.2208365499973297,4.0
data_154,0,0,0.6952122449874878,0.014087975025177002,0.578125,0.014087975025177002,0.21845340728759766,0.06419557332992554,0.71875,0.06419557332992554,0.2208365499973297,4.0
data_154,0,0,0.633137583732605,0.13759595155715942,0.7265625,0.13759595155715942,0.21845340728759766,0.15664097666740417,0.8203125,0.15664097666740417,0.2208365499973297,4.0
data_154,0,0,0.5678573250770569,0.0,0.0,0.0513949990272522,0.21845340728759766,0.0,0.0,0.0036705434322357178,0.2208365499973297,4.0
data_154,0,0,0.6896197199821472,0.1547325849533081,0.44,0.16091883182525635,0.288787841796875,0.0,0.0,0.03743523359298706,0.1653042435646057,4.0
data_154,0,0,0.7881609797477722,0.1340552568435669,0.49333333333333335,0.25135260820388794,0.288787841796875,0.12786900997161865,0.6133333333333333,0.12786900997161865,0.1653042435646057,4.0
data_154,1,0,0.6967333555221558,0.0,0.0,0.0,0.288787841796875,0.03743523359298706,0.13333333333333333,0.03743523359298706,0.1653042435646057,4.0
data_154,0,0,0.6861847639083862,0.0,0.0,0.0,0.288787841796875,0.0,0.0,0.0,0.1653042435646057,4.0
data_155,1,1,,,,,,,,,,
data_155,0,1,,,,,,,,,,
data_155,0,0,0.6685106158256531,0.03381592035293579,0.13725490196078433,0.03381592035293579,0.03381592035293579,0.03381592035293579,0.13725490196078433,0.1677926778793335,0.22491341829299927,3.0
data_155,0,0,0.6075586676597595,0.0,0.0,0.03381592035293579,0.03381592035293579,0.0,0.0,0.03381592035293579,0.22491341829299927,3.0
data_155,0,0,0.7640608549118042,0.0,0.0,0.0,0.03381592035293579,0.19109749794006348,0.43137254901960786,0.19109749794006348,0.22491341829299927,3.0
data_155,1,0,0.3440300524234772,,,,,,,,,
data_155,0,0,0.8111743927001953,,,,,,,,,
data_155,0,0,0.8412358164787292,0.0,0.0,0.0,0.0,0.0,0.0,0.0,0.0,2.0
data_155,0,0,0.7606481313705444,0.0,0.0,0.0,0.0,0.0,0.0,0.0,0.0,2.0
data_155,0,0,0.5903412699699402,0.0,0.0,0.11874866485595703,0.11874866485595703,0.0,0.0,0.11874866485595703,0.11874866485595703,2.0
data_155,0,0,0.6394224166870117,0.11874866485595703,0.7835051546391752,0.11874866485595703,0.11874866485595703,0.11874866485595703,0.7835051546391752,0.11874866485595703,0.11874866485595703,2.0
data_155,0,0,0.5814245343208313,0.0841313898563385,0.36666666666666664,0.0841313898563385,0.0841313898563385,0.0,0.0,0.0,0.0,2.0
data_155,0,0,0.684212327003479,0.0,0.0,0.0841313898563385,0.0841313898563385,0.0,0.0,0.0,0.0,2.0
data_155,0,0,0.8145619630813599,0.10352373123168945,0.23255813953488372,0.17634016275405884,0.17634016275405884,0.10352373123168945,0.23255813953488372,0.17634016275405884,0.17634016275405884,2.0
data_155,1,0,0.5192692875862122,0.07281643152236938,0.29069767441860467,0.17634016275405884,0.17634016275405884,0.07281643152236938,0.29069767441860467,0.17634016275405884,0.17634016275405884,2.0
data_156,0,1,,,,,,,,,,
data_156,1,1,,,,,,,,,,
data_156,1,1,,,,,,,,,,
data_156,0,0,0.7988842129707336,0.0,0.0,0.0,0.0,0.1924881935119629,0.5853658536585366,0.1924881935119629,0.1924881935119629,3.0
data_156,0,0,0.6777663826942444,0.0,0.0,0.0,0.0,0.0,0.0,0.040000319480895996,0.1924881935119629,3.0
data_156,0,0,0.6992285847663879,0.0,0.0,0.0,0.0,0.0,0.0,0.02969801425933838,0.1924881935119629,3.0
data_156,0,0,0.8583077192306519,0.0,0.0,0.0,0.04344063997268677,0.0,0.0,0.0,0.04344063997268677,3.0
data_156,0,0,0.673946738243103,0.011444926261901855,0.7175141242937854,0.04344063997268677,0.04344063997268677,0.011444926261901855,0.7175141242937854,0.04344063997268677,0.04344063997268677,3.0
data_156,1,0,0.6679059863090515,0.03199571371078491,0.07344632768361582,0.04344063997268677,0.04344063997268677,0.03199571371078491,0.07344632768361582,0.04344063997268677,0.04344063997268677,3.0
data_156,1,0,0.5926693081855774,0.0,0.0,0.0,0.0,0.0,0.0,0.013726472854614258,0.13502222299575806,3.0
data_156,1,0,0.6171356439590454,0.0,0.0,0.0,0.0,0.0,0.0,0.12330317497253418,0.13502222299575806,3.0
data_156,1,0,0.7042188048362732,0.0,0.0,0.0,0.0,0.13502222299575806,0.46774193548387094,0.13502222299575806,0.13502222299575806,3.0
data_156,0,0,0.5439767837524414,0.0,0.0,0.0,0.0033839941024780273,0.0,0.0,0.0,0.0,3.0
data_156,0,0,0.521173894405365,0.0,0.0,0.0033839941024780273,0.0033839941024780273,0.0,0.0,0.0,0.0,3.0
data_156,0,0,0.5114416480064392,0.0033839941024780273,0.13725490196078433,0.0033839941024780273,0.0033839941024780273,0.0,0.0,0.0,0.0,3.0
data_156,0,0,0.8319403529167175,0.0,0.0,0.0,0.0,0.0,0.0,0.1944829821586609,0.1944829821586609,2.0
data_156,0,0,0.7274746894836426,0.0,0.0,0.0,0.0,0.1944829821586609,0.47368421052631576,0.1944829821586609,0.1944829821586609,2.0
data_157,0,1,,,,,,,,,,
data_157,0,1,,,,,,,,,,
data_157,0,0,0.7608662843704224,0.011057794094085693,0.17142857142857143,0.011057794094085693,0.10568565130233765,0.0,0.0,0.0,0.1081961989402771,4.0
data_157,0,0,0.7461168766021729,0.09462785720825195,0.08571428571428572,0.09462785720825195,0.10568565130233765,0.08746570348739624,0.819047619047619,0.08746570348739624,0.1081961989402771,4.0
data_157,0,0,0.79936283826828,0.0,0.0,0.10019493103027344,0.10568565130233765,0.02073049545288086,0.7523809523809524,0.02073049545288086,0.1081961989402771,4.0
data_157,1,0,0.6728410720825195,0.0,0.0,0.07946443557739258,0.10568565130233765,0.0,0.0,0.0971384048461914,0.1081961989402771,4.0
data_157,0,0,0.7606461644172668,0.06128412485122681,0.7708333333333334,0.10304546356201172,0.13486528396606445,0.06128412485122681,0.7708333333333334,0.18404483795166016,0.18404483795166016,3.0
data_157,0,0,0.6587281227111816,0.07358115911483765,0.59375,0.07358115911483765,0.13486528396606445,0.0,0.0,0.18404483795166016,0.18404483795166016,3.0
data_157,0,0,0.774781346321106,0.0,0.0,0.07358115911483765,0.13486528396606445,0.12276071310043335,0.4479166666666667,0.12276071310043335,0.18404483795166016,3.0
data_157,1,0,0.7712875604629517,0.0,0.0,0.10582298040390015,0.10582298040390015,0.0,0.0,0.04230690002441406,0.10582298040390015,3.0
data_157,1,0,0.6792073249816895,0.07220155000686646,0.4807692307692308,0.07220155000686646,0.10582298040390015,0.07220155000686646,0.4807692307692308,0.07220155000686646,0.10582298040390015,3.0
data_157,1,0,0.6873924732208252,0.03362143039703369,0.23717948717948717,0.03362143039703369,0.10582298040390015,0.03362143039703369,0.23717948717948717,0.03362143039703369,0.10582298040390015,3.0
data_157,0,0,0.8476580381393433,0.0,0.0,0.0,0.0,0.0,0.0,0.0,0.32825589179992676,3.0
data_157,0,0,0.9466143250465393,0.0,0.0,0.0,0.0,0.0,0.0,0.32825589179992676,0.32825589179992676,3.0
data_157,0,0,0.7149285674095154,0.0,0.0,0.0,0.0,0.32825589179992676,0.4461538461538462,0.32825589179992676,0.32825589179992676,3.0
data_158,0,1,,,,,,,,,,
data_158,0,1,,,,,,,,,,
data_158,0,1,,,,,,,,,,
data_158,0,1,,,,,,,,,,
data_158,0,0,0.7350023984909058,0.0,0.0,0.0,0.0,0.16432154178619385,0.7787610619469026,0.16432154178619385,0.3060900568962097,4.0
data_158,0,0,0.8434407114982605,0.0,0.0,0.0,0.0,0.14176851511001587,0.504424778761062,0.14176851511001587,0.3060900568962097,4.0
data_158,0,0,0.6861051917076111,0.0,0.0,0.0,0.0,0.0,0.0,0.1098548173904419,0.3060900568962097,4.0
data_158,0,0,0.7082957029342651,0.0,0.0,0.0,0.0,0.0,0.0,0.0070829689502716064,0.3060900568962097,4.0
data_158,0,0,0.6186604499816895,0.0,0.0,0.0,0.15923917293548584,0.06249290704727173,0.21153846153846154,0.09682661294937134,0.2560657858848572,4.0
data_158,0,0,0.7006045579910278,0.0,0.0,0.024090945720672607,0.15923917293548584,0.03433370590209961,0.5192307692307693,0.12091755867004395,0.2560657858848572,4.0
data_158,0,0,0.8327116966247559,0.0,0.0,0.12490546703338623,0.15923917293548584,0.0,0.0,0.15923917293548584,0.2560657858848572,4.0
data_158,0,0,0.7528812289237976,0.15923917293548584,0.36538461538461536,0.15923917293548584,0.15923917293548584,0.15923917293548584,0.36538461538461536,0.15923917293548584,0.2560657858848572,4.0
data_158,0,0,0.7766153812408447,0.0,0.0,0.0,0.0,0.14878791570663452,0.6428571428571429,0.14878791570663452,0.1754862666130066,4.0
data_158,0,0,0.7672040462493896,0.0,0.0,0.0,0.0,0.0,0.0,0.0,0.1754862666130066,4.0
data_158,0,0,0.8724927306175232,0.0,0.0,0.0,0.0,0.0,0.0,0.0,0.1754862666130066,4.0
data_158,0,0,0.7190778255462646,0.0,0.0,0.0,0.0,0.02669835090637207,0.2619047619047619,0.02669835090637207,0.1754862666130066,4.0
data_158,0,0,0.7117264866828918,0.0,0.0,0.0,0.0,0.0,0.0,0.0,0.0,3.0
data_158,1,0,0.6708539128303528,0.0,0.0,0.0,0.0,0.0,0.0,0.0,0.0,3.0
data_158,0,0,0.8219963312149048,0.0,0.0,0.0,0.0,0.0,0.0,0.0,0.0,3.0
data_158,0,0,0.7582191228866577,0.0,0.0,0.0,0.0,0.0,0.0,0.0,0.11702024936676025,3.0
data_158,0,0,0.8253030776977539,0.0,0.0,0.0,0.0,0.11702024936676025,0.3103448275862069,0.11702024936676025,0.11702024936676025,3.0
data_158,0,0,0.9088596701622009,0.0,0.0,0.0,0.0,0.0,0.0,0.11702024936676025,0.11702024936676025,3.0
data_158,1,0,0.6358103156089783,0.0,0.0,0.0,0.0,0.0050220489501953125,0.05454545454545454,0.03274202346801758,0.03274202346801758,3.0
data_158,0,0,0.8384764194488525,0.0,0.0,0.0,0.0,0.027719974517822266,0.21818181818181817,0.03274202346801758,0.03274202346801758,3.0
data_158,0,0,0.5923673510551453,0.0,0.0,0.0,0.0,0.0,0.0,0.0,0.03274202346801758,3.0
data_158,0,0,0.8718326687812805,0.0,0.0,0.0,0.0,0.0,0.0,0.34174153208732605,0.48766806721687317,3.0
data_158,0,0,0.6873252391815186,0.0,0.0,0.0,0.0,0.30859553813934326,0.3181818181818182,0.30859553813934326,0.48766806721687317,3.0
data_158,0,0,0.5632731318473816,0.0,0.0,0.0,0.0,0.1790725290775299,0.8636363636363636,0.1790725290775299,0.48766806721687317,3.0
data_159,0,1,,,,,,,,,,
data_159,0,1,,,,,,,,,,
data_159,0,1,,,,,,,,,,
data_159,0,0,0.7083526253700256,0.27449753880500793,0.2,0.27449753880500793,0.3373520076274872,0.0,0.0,0.0,0.0,3.0
data_159,0,0,0.8101736903190613,0.06285446882247925,0.7428571428571429,0.1074003279209137,0.3373520076274872,0.0,0.0,0.0,0.0,3.0
data_159,0,0,0.8338654637336731,0.0,0.0,0.3373520076274872,0.3373520076274872,0.0,0.0,0.0,0.0,3.0
data_159,0,0,0.8299271464347839,0.0,0.0,0.0,0.0,0.32056236267089844,0.25,0.37969285249710083,0.8898950219154358,4.0
data_159,0,0,0.8817450404167175,0.0,0.0,0.0,0.0,0.41262495517730713,0.14583333333333334,0.41262495517730713,0.8898950219154358,4.0
data_159,0,0,0.9463357925415039,0.0,0.0,0.0,0.0,0.0,0.0,0.41262495517730713,0.8898950219154358,4.0
data_159,0,0,0.6863990426063538,0.0,0.0,0.0,0.0,0.15670770406723022,0.2916666666666667,0.26171863079071045,0.8898950219154358,4.0
data_159,0,0,0.9441375732421875,0.0,0.0,0.0,0.0,0.0,0.0,0.0,0.03778117895126343,4.0
data_159,0,0,0.760732889175415,0.0,0.0,0.0,0.0,0.0,0.0,0.03778117895126343,0.03778117895126343,4.0
data_159,0,0,0.7964659333229065,0.0,0.0,0.0,0.0,0.03778117895126343,0.25,0.03778117895126343,0.03778117895126343,4.0
data_159,0,0,0.6734154224395752,0.0,0.0,0.0,0.0,0.0,0.0,0.0,0.03778117895126343,4.0
data_159,0,0,0.748064398765564,0.0026963353157043457,0.4,0.0026963353157043457,0.0026963353157043457,0.023121237754821777,0.2222222222222222,0.023121237754821777,0.023121237754821777,3.0
data_159,0,0,0.5556617975234985,0.0,0.0,0.0026963353157043457,0.0026963353157043457,0.0,0.0,0.0,0.023121237754821777,3.0
data_159,0,0,0.743067741394043,0.0,0.0,0.0,0.0026963353157043457,0.0,0.0,0.023121237754821777,0.023121237754821777,3.0
data_159,0,0,0.7098100185394287,0.025819599628448486,0.3987730061349693,0.025819599628448486,0.03448843955993652,0.0,0.0,0.0,0.008668839931488037,3.0
data_159,0,0,0.7280856370925903,0.0,0.0,0.025819599628448486,0.03448843955993652,0.0,0.0,0.0,0.008668839931488037,3.0
data_159,0,0,0.6124604344367981,0.008668839931488037,0.44785276073619634,0.008668839931488037,0.03448843955993652,0.008668839931488037,0.44785276073619634,0.008668839931488037,0.008668839931488037,3.0
data_159,0,0,0.8180490732192993,0.0,0.0,0.0,0.0,0.0,0.0,0.18526923656463623,0.18526923656463623,3.0
data_159,0,0,0.6819704174995422,0.0,0.0,0.0,0.0,0.18526923656463623,0.24096385542168675,0.18526923656463623,0.18526923656463623,3.0
data_159,0,0,0.9375267028808594,0.0,0.0,0.0,0.0,0.0,0.0,0.04652130603790283,0.18526923656463623,3.0
data_160,0,1,,,,,,,,,,
data_160,0,1,,,,,,,,,,
data_160,1,1,,,,,,,,,,
data_160,0,0,0.8930206894874573,0.0,0.0,0.0,0.0,0.06237947940826416,0.14814814814814814,0.06237947940826416,0.11828607320785522,3.0
data_160,0,0,0.8434112071990967,0.0,0.0,0.0,0.0,0.0,0.0,0.017026901245117188,0.11828607320785522,3.0
data_160,0,0,0.8282322883605957,0.0,0.0,0.0,0.0,0.055906593799591064,0.32098765432098764,0.055906593799591064,0.11828607320785522,3.0
data_160,0,0,0.6888654232025146,0.0,0.0,0.0,0.04830378293991089,0.0,0.0,0.0,0.04830378293991089,3.0
data_160,0,0,0.8209409713745117,0.0,0.0,0.024187743663787842,0.04830378293991089,0.0,0.0,0.024187743663787842,0.04830378293991089,3.0
data_160,0,0,0.794883668422699,0.04830378293991089,0.7575757575757576,0.04830378293991089,0.04830378293991089,0.04830378293991089,0.7575757575757576,0.04830378293991089,0.04830378293991089,3.0
data_160,0,0,0.777375340461731,0.0,0.0,0.0,0.0,0.1366358995437622,0.6722689075630253,0.1366358995437622,0.2316548228263855,3.0
data_160,0,0,0.7629979252815247,0.0,0.0,0.0,0.0,0.0,0.0,0.029064536094665527,0.2316548228263855,3.0
data_160,0,0,0.8275938034057617,0.0,0.0,0.0,0.0,0.09501892328262329,0.36134453781512604,0.128562331199646,0.2316548228263855,3.0
data_160,0,0,0.6413039565086365,0.0,0.0,0.0,0.0,0.0,0.0,0.0,0.07381194829940796,3.0
data_160,0,0,0.7225484848022461,0.0,0.0,0.0,0.0,0.0,0.0,0.0,0.07381194829940796,3.0
data_160,0,0,0.7473883032798767,0.0,0.0,0.0,0.0,0.07381194829940796,0.22033898305084745,0.07381194829940796,0.07381194829940796,3.0
data_160,0,0,0.668846607208252,0.017275571823120117,0.47368421052631576,0.017275571823120117,0.017275571823120117,0.0,0.0,0.0,0.0,3.0
data_160,0,0,0.687602162361145,0.0,0.0,0.017275571823120117,0.017275571823120117,0.0,0.0,0.0,0.0,3.0
data_160,0,0,0.7961665391921997,0.0,0.0,0.0,0.017275571823120117,0.0,0.0,0.0,0.0,3.0
data_160,0,0,0.6272361278533936,0.0,0.0,0.0,0.04628700017929077,0.0,0.0,0.0,0.0,3.0
data_160,0,0,0.7537503242492676,0.012619495391845703,0.2647058823529412,0.04628700017929077,0.04628700017929077,0.0,0.0,0.0,0.0,3.0
data_160,0,0,0.6857317090034485,0.03366750478744507,0.11764705882352941,0.04628700017929077,0.04628700017929077,0.0,0.0,0.0,0.0,3.0
data_160,0,0,0.8734015822410583,0.0,0.0,0.0,0.0,0.0,0.0,0.0,0.3377840518951416,3.0
data_160,0,0,0.8207579851150513,0.0,0.0,0.0,0.0,0.0,0.0,0.007240116596221924,0.3377840518951416,3.0
data_160,0,0,0.8527334928512573,0.0,0.0,0.0,0.0,0.3377840518951416,0.39622641509433965,0.3377840518951416,0.3377840518951416,3.0
data_161,0,0,0.5900511741638184,0.0,0.0,0.0,0.07233798503875732,0.0,0.0,0.0,0.05645221471786499,4.0
data_161,0,0,0.5757742524147034,0.0,0.0,0.04412493109703064,0.07233798503875732,0.05645221471786499,0.5217391304347826,0.05645221471786499,0.05645221471786499,4.0
data_161,0,0,0.49666640162467957,0.0,0.0,0.015885770320892334,0.07233798503875732,0.0,0.0,0.0,0.05645221471786499,4.0
data_161,0,0,0.6050692796707153,0.07233798503875732,0.13043478260869565,0.07233798503875732,0.07233798503875732,0.0,0.0,0.04353964328765869,0.05645221471786499,4.0
data_161,0,0,0.8330294489860535,0.0,0.0,0.0,0.12243753671646118,0.0,0.0,0.0,0.08070546388626099,4.0
data_161,0,0,0.8370595574378967,0.0,0.0,0.07286006212234497,0.12243753671646118,0.0,0.0,0.06426233053207397,0.08070546388626099,4.0
data_161,0,0,0.5687598586082458,0.01644313335418701,0.8148148148148148,0.05817520618438721,0.12243753671646118,0.01644313335418701,0.8148148148148148,0.01644313335418701,0.08070546388626099,4.0
data_161,1,0,0.6395251154899597,0.10599440336227417,0.4444444444444444,0.10599440336227417,0.12243753671646118,0.06426233053207397,0.2962962962962963,0.06426233053207397,0.08070546388626099,4.0
data_161,0,0,0.7758238911628723,0.0,0.0,0.0,0.0,0.0,0.0,0.0,0.06832468509674072,3.0
data_161,0,0,0.7508052587509155,0.0,0.0,0.0,0.0,0.06832468509674072,0.671875,0.06832468509674072,0.06832468509674072,3.0
data_161,1,0,0.7993800044059753,0.0,0.0,0.0,0.0,0.0,0.0,0.06832468509674072,0.06832468509674072,3.0
data_161,0,0,0.6899587512016296,0.0,0.0,0.0,0.19525885581970215,0.0,0.0,0.0,0.19525885581970215,3.0
data_161,0,0,0.8650237321853638,0.0,0.0,0.19525885581970215,0.19525885581970215,0.0,0.0,0.19525885581970215,0.19525885581970215,3.0
data_161,0,0,0.632540225982666,0.19525885581970215,0.06153846153846154,0.19525885581970215,0.19525885581970215,0.19525885581970215,0.06153846153846154,0.19525885581970215,0.19525885581970215,3.0
data_161,0,0,0.6876295208930969,0.0,0.0,0.0,0.0,0.0,0.0,0.14309650659561157,0.14309650659561157,3.0
data_161,0,0,0.7616312503814697,0.0,0.0,0.0,0.0,0.12693512439727783,0.7956204379562044,0.12693512439727783,0.14309650659561157,3.0
data_161,0,0,0.5987962484359741,0.0,0.0,0.0,0.0,0.01616138219833374,0.5547445255474452,0.01616138219833374,0.14309650659561157,3.0
data_161,0,0,0.6425577998161316,0.0,0.0,0.0,0.0,0.10012388229370117,0.08888888888888889,0.10012388229370117,0.10012388229370117,3.0
data_161,0,0,0.5806910395622253,0.0,0.0,0.0,0.0,0.0,0.0,0.0,0.10012388229370117,3.0
data_161,0,0,0.7257123589515686,0.0,0.0,0.0,0.0,0.0,0.0,0.10012388229370117,0.10012388229370117,3.0
data_161,0,0,0.6107620000839233,0.0,0.0,0.0,0.02689892053604126,0.04611152410507202,0.42857142857142855,0.04611152410507202,0.07301044464111328,3.0
data_161,0,0,0.7962982058525085,0.0,0.0,0.0,0.02689892053604126,0.0,0.0,0.04611152410507202,0.07301044464111328,3.0
data_161,0,0,0.5296580195426941,0.02689892053604126,0.5476190476190477,0.02689892053604126,0.02689892053604126,0.02689892053604126,0.5476190476190477,0.02689892053604126,0.07301044464111328,3.0
data_161,0,0,0.7537716031074524,0.2367449402809143,0.3333333333333333,0.2367449402809143,0.2367449402809143,0.2367449402809143,0.3333333333333333,0.2367449402809143,0.2367449402809143,2.0
data_161,0,0,0.7401456832885742,0.0,0.0,0.2367449402809143,0.2367449402809143,0.0,0.0,0.2367449402809143,0.2367449402809143,2.0
data_161,0,0,0.5681232810020447,0.0,0.0,0.010773718357086182,0.010773718357086182,0.0,0.0,0.0,0.0,3.0
data_161,0,0,0.6240617632865906,0.010773718357086182,0.13076923076923078,0.010773718357086182,0.010773718357086182,0.0,0.0,0.0,0.0,3.0
data_161,0,0,0.7191336154937744,0.0,0.0,0.0,0.010773718357086182,0.0,0.0,0.0,0.0,3.0
data_161,0,0,0.6219511032104492,0.0,0.0,0.008060932159423828,0.010380089282989502,0.0,0.0,0.0,0.0,3.0
data_161,0,0,0.6746099591255188,0.008060932159423828,0.5849056603773585,0.008060932159423828,0.010380089282989502,0.0,0.0,0.0,0.0,3.0
data_161,0,0,0.737271785736084,0.002319157123565674,0.8490566037735849,0.002319157123565674,0.010380089282989502,0.0,0.0,0.0,0.0,3.0
data_161,0,0,0.6515404582023621,0.0,0.0,0.0,0.0,0.01685464382171631,0.2222222222222222,0.08949249982833862,0.08949249982833862,2.0
data_161,0,0,0.7412816286087036,0.0,0.0,0.0,0.0,0.07263785600662231,0.1111111111111111,0.08949249982833862,0.08949249982833862,2.0
data_162,0,1,,,,,,,,,,
data_162,0,1,,,,,,,,,,
data_162,0,1,,,,,,,,,,
data_162,0,1,,,,,,,,,,
data_162,1,1,,,,,,,,,,
data_162,0,0,0.8045302629470825,0.03990107774734497,0.07142857142857142,0.03990107774734497,0.08039611577987671,0.0,0.0,0.0,0.05097806453704834,4.0
data_162,0,0,0.8804945945739746,0.0,0.0,0.0,0.08039611577987671,0.0,0.0,0.010483026504516602,0.05097806453704834,4.0
data_162,0,0,0.6948245763778687,0.04049503803253174,0.7976190476190477,0.04049503803253174,0.08039611577987671,0.05097806453704834,0.8571428571428571,0.05097806453704834,0.05097806453704834,4.0
data_162,0,0,0.836852490901947,0.0,0.0,0.04049503803253174,0.08039611577987671,0.0,0.0,0.0,0.05097806453704834,4.0
data_162,0,0,0.7518947720527649,0.014468073844909668,0.3870967741935484,0.014468073844909668,0.014468073844909668,0.08625555038452148,0.3225806451612903,0.08625555038452148,0.27369385957717896,3.0
data_162,0,0,0.9085819125175476,0.0,0.0,0.014468073844909668,0.014468073844909668,0.18743830919265747,0.5483870967741935,0.2068304419517517,0.27369385957717896,3.0
data_162,0,0,0.8978126645088196,0.0,0.0,0.0,0.014468073844909668,0.0,0.0,0.27369385957717896,0.27369385957717896,3.0
data_162,0,0,0.8067902326583862,0.0,0.0,0.0,0.028057575225830078,0.0,0.0,0.0,0.0,3.0
data_162,0,0,0.837958037853241,0.0,0.0,0.0,0.028057575225830078,0.0,0.0,0.0,0.0,3.0
data_162,0,0,0.8441771864891052,0.028057575225830078,0.8153846153846154,0.028057575225830078,0.028057575225830078,0.0,0.0,0.0,0.0,3.0
data_162,0,0,0.924014687538147,0.0,0.0,0.0,0.0,0.26892155408859253,0.421875,0.26892155408859253,0.26892155408859253,3.0
data_162,0,0,0.7723397612571716,0.0,0.0,0.0,0.0,0.0,0.0,0.26892155408859253,0.26892155408859253,3.0
data_162,0,0,0.7314856648445129,0.0,0.0,0.0,0.0,0.0,0.0,0.0,0.26892155408859253,3.0
data_162,0,0,0.8658540844917297,0.20625633001327515,0.2894736842105263,0.20625633001327515,0.20625633001327515,0.20625633001327515,0.2894736842105263,0.20625633001327515,0.20625633001327515,3.0
data_162,0,0,0.7185949683189392,0.0,0.0,0.20625633001327515,0.20625633001327515,0.0,0.0,0.20625633001327515,0.20625633001327515,3.0
data_162,0,0,0.6481350064277649,0.0,0.0,0.011567413806915283,0.20625633001327515,0.0,0.0,0.011567413806915283,0.20625633001327515,3.0
data_162,0,0,0.9010597467422485,0.0,0.0,0.0,0.0,0.2675405740737915,0.8695652173913043,0.2675405740737915,0.2675405740737915,3.0
data_162,0,0,0.8661602735519409,0.0,0.0,0.0,0.0,0.0,0.0,0.03986024856567383,0.2675405740737915,3.0
data_162,0,0,0.8631670475006104,0.0,0.0,0.0,0.0,0.0,0.0,0.18028664588928223,0.2675405740737915,3.0
data_162,0,0,0.7504308223724365,0.024164140224456787,0.3614457831325301,0.024164140224456787,0.024164140224456787,0.0,0.0,0.10791027545928955,0.10791027545928955,3.0
data_162,0,0,0.803824782371521,0.0,0.0,0.024164140224456787,0.024164140224456787,0.0,0.0,0.0,0.10791027545928955,3.0
data_162,1,0,0.7505587935447693,0.0,0.0,0.0,0.024164140224456787,0.10791027545928955,0.6867469879518072,0.10791027545928955,0.10791027545928955,3.0
data_163,0,1,,,,,,,,,,
data_163,0,1,,,,,,,,,,
data_163,0,1,,,,,,,,,,
data_163,0,0,0.8571513891220093,0.0,0.0,0.0,0.0,0.11734050512313843,0.8913043478260869,0.11734050512313843,0.1846906542778015,3.0
data_163,0,0,0.7928779125213623,0.0,0.0,0.0,0.0,0.06735014915466309,0.4782608695652174,0.06735014915466309,0.1846906542778015,3.0
data_163,0,0,0.7606085538864136,0.0,0.0,0.0,0.0,0.0,0.0,0.06735014915466309,0.1846906542778015,3.0
data_163,0,0,0.7685509324073792,0.10445034503936768,0.35,0.10445034503936768,0.10445034503936768,0.10445034503936768,0.35,0.10445034503936768,0.15266096591949463,3.0
data_163,0,0,0.8687372803688049,0.0,0.0,0.10445034503936768,0.10445034503936768,0.0,0.0,0.15266096591949463,0.15266096591949463,3.0
data_163,0,0,0.7501243352890015,0.0,0.0,0.0,0.10445034503936768,0.04821062088012695,0.36666666666666664,0.04821062088012695,0.15266096591949463,3.0
data_163,0,0,0.7523984909057617,0.12824255228042603,0.6710526315789473,0.12824255228042603,0.24234628677368164,0.12824255228042603,0.6710526315789473,0.12824255228042603,0.24234628677368164,3.0
data_163,0,0,0.8085625767707825,0.0,0.0,0.11410373449325562,0.24234628677368164,0.0,0.0,0.11410373449325562,0.24234628677368164,3.0
data_163,0,0,0.7841107845306396,0.11410373449325562,0.21052631578947367,0.11410373449325562,0.24234628677368164,0.11410373449325562,0.21052631578947367,0.11410373449325562,0.24234628677368164,3.0
data_163,0,0,0.7123347520828247,0.0,0.0,0.0,0.0,0.0,0.0,0.13439428806304932,0.39311885833740234,3.0
data_163,0,0,0.70328289270401,0.0,0.0,0.0,0.0,0.0,0.0,0.25631284713745117,0.39311885833740234,3.0
data_163,0,0,0.8108489513397217,0.0,0.0,0.0,0.0,0.39311885833740234,0.75,0.39311885833740234,0.39311885833740234,3.0
data_163,0,0,0.7828996777534485,0.0,0.0,0.0,0.0,0.0,0.0,0.0,0.0,3.0
data_163,0,0,0.8865628242492676,0.0,0.0,0.0,0.0,0.0,0.0,0.0,0.0,3.0
data_163,0,0,0.9441344141960144,0.0,0.0,0.0,0.0,0.0,0.0,0.0,0.0,3.0
data_164,1,1,,,,,,,,,,
data_164,0,1,,,,,,,,,,
data_164,0,1,,,,,,,,,,
data_164,0,1,,,,,,,,,,
data_164,0,0,0.8983984589576721,0.0,0.0,0.0,0.0,0.23832237720489502,0.41414141414141414,0.423615038394928,0.423615038394928,3.0
data_164,0,0,0.7070320248603821,0.0,0.0,0.0,0.0,0.03000485897064209,0.5656565656565656,0.03000485897064209,0.423615038394928,3.0
data_164,0,0,0.843633770942688,0.0,0.0,0.0,0.0,0.15528780221939087,0.2222222222222222,0.3936101794242859,0.423615038394928,3.0
data_164,0,0,0.7820898294448853,0.0,0.0,0.0,0.0,0.0,0.0,0.10516691207885742,0.10516691207885742,2.0
data_164,0,0,0.6821895837783813,0.0,0.0,0.0,0.0,0.10516691207885742,0.10526315789473684,0.10516691207885742,0.10516691207885742,2.0
data_164,0,0,0.8290018439292908,0.0,0.0,0.04914909601211548,0.29461318254470825,0.0,0.0,0.13813424110412598,0.38359832763671875,6.0
data_164,0,0,0.5150079727172852,0.014074563980102539,0.48936170212765956,0.014074563980102539,0.29461318254470825,0.0,0.0,0.05168938636779785,0.38359832763671875,6.0
data_164,0,0,0.848182201385498,0.0,0.0,0.0004730820655822754,0.29461318254470825,0.24546408653259277,0.1595744680851064,0.24546408653259277,0.38359832763671875,6.0
data_164,0,0,0.7982109189033508,0.14240437746047974,0.1595744680851064,0.14240437746047974,0.29461318254470825,0.0,0.0,0.0,0.38359832763671875,6.0
data_164,0,0,0.6688836812973022,0.13813424110412598,0.07446808510638298,0.13813424110412598,0.29461318254470825,0.13813424110412598,0.07446808510638298,0.13813424110412598,0.38359832763671875,6.0
data_164,0,0,0.7881929874420166,0.0,0.0,0.00025898218154907227,0.29461318254470825,0.0,0.0,0.0,0.38359832763671875,6.0
data_165,0,1,,,,,,,,,,
data_165,0,1,,,,,,,,,,
data_165,1,1,,,,,,,,,,
data_165,0,0,0.9643670916557312,0.0,0.0,0.0,0.0,0.0,0.0,0.0009356141090393066,0.11745262145996094,4.0
data_165,0,0,0.7764166593551636,0.0,0.0,0.0,0.0,0.0,0.0,0.10705256462097168,0.11745262145996094,4.0
data_165,0,0,0.7905563712120056,0.0,0.0,0.0,0.0,0.11745262145996094,0.3855421686746988,0.11745262145996094,0.11745262145996094,4.0
data_165,0,0,0.8802704811096191,0.0,0.0,0.0,0.0,0.0,0.0,0.11745262145996094,0.11745262145996094,4.0
data_165,0,0,0.7239236831665039,0.0,0.0,0.0,0.0,0.0,0.0,0.0,0.2192699909210205,4.0
data_165,0,0,0.7350475788116455,0.0,0.0,0.0,0.0,0.2192699909210205,0.28125,0.2192699909210205,0.2192699909210205,4.0
data_165,0,0,0.8658862709999084,0.0,0.0,0.0,0.0,0.0,0.0,0.04251481592655182,0.2192699909210205,4.0
data_165,0,0,0.3475992977619171,0.0,0.0,0.0,0.0,0.0,0.0,0.0,0.2192699909210205,4.0
data_165,0,0,0.7965792417526245,0.0,0.0,0.0,0.11983296275138855,0.0,0.0,0.0064268410205841064,0.06954711675643921,4.0
data_165,0,0,0.7322100400924683,0.0,0.0,0.05671268701553345,0.11983296275138855,0.0,0.0,0.005431056022644043,0.06954711675643921,4.0
data_165,0,0,0.47550803422927856,0.09978833794593811,0.30952380952380953,0.1144019067287445,0.11983296275138855,0.06411606073379517,0.7678571428571429,0.06411606073379517,0.06954711675643921,4.0
data_165,0,0,0.7227168679237366,0.02004462480545044,0.2916666666666667,0.11983296275138855,0.11983296275138855,0.005431056022644043,0.23809523809523808,0.005431056022644043,0.06954711675643921,4.0
data_165,0,0,0.6300601959228516,0.006520986557006836,0.8852459016393442,0.006520986557006836,0.04912596940994263,0.006520986557006836,0.8852459016393442,0.006520986557006836,0.13259541988372803,4.0
data_165,0,0,0.8656209111213684,0.0,0.0,0.0,0.04912596940994263,0.0,0.0,0.0834694504737854,0.13259541988372803,4.0
data_165,0,0,0.6320853233337402,0.03650301694869995,0.6065573770491803,0.03650301694869995,0.04912596940994263,0.1260744333267212,0.9016393442622951,0.1260744333267212,0.13259541988372803,4.0
data_165,1,0,0.72618168592453,0.00610196590423584,0.2786885245901639,0.04260498285293579,0.04912596940994263,0.0,0.0,0.03754681348800659,0.13259541988372803,4.0
data_165,0,0,0.7227529287338257,0.0,0.0,0.0,0.2483418583869934,0.11516493558883667,0.16666666666666666,0.11516493558883667,0.11516493558883667,4.0
data_165,0,0,0.7334862947463989,0.0,0.0,0.0,0.2483418583869934,0.0,0.0,0.11516493558883667,0.11516493558883667,4.0
data_165,0,0,0.8937944769859314,0.0,0.0,0.2483418583869934,0.2483418583869934,0.0,0.0,0.0,0.11516493558883667,4.0
data_165,0,0,0.9293517470359802,0.2483418583869934,0.07575757575757576,0.2483418583869934,0.2483418583869934,0.0,0.0,0.0,0.11516493558883667,4.0
data_165,0,0,0.7581323385238647,0.010033965110778809,0.6666666666666666,0.010033965110778809,0.027278363704681396,0.010033965110778809,0.6666666666666666,0.18818795680999756,0.18818795680999756,4.0
data_165,0,0,0.7011630535125732,0.017244398593902588,0.34782608695652173,0.017244398593902588,0.027278363704681396,0.0,0.0,0.0335274338722229,0.18818795680999756,4.0
data_165,0,0,0.7846065759658813,0.0,0.0,0.017244398593902588,0.027278363704681396,0.17815399169921875,0.2536231884057971,0.17815399169921875,0.18818795680999756,4.0
data_165,0,0,0.802213728427887,0.0,0.0,0.0,0.027278363704681396,0.0,0.0,0.13459044694900513,0.18818795680999756,4.0
data_166,0,1,,,,,,,,,,
data_166,0,1,,,,,,,,,,
data_166,0,1,,,,,,,,,,
data_166,1,1,,,,,,,,,,
data_166,1,1,,,,,,,,,,
data_166,0,0,0.768058717250824,0.0,0.0,0.0,0.0,0.0,0.0,0.0,0.0,3.0
data_166,0,0,0.6450015902519226,0.0,0.0,0.0,0.0,0.0,0.0,0.0,0.0,3.0
data_166,0,0,0.7623645663261414,0.0,0.0,0.0,0.0,0.0,0.0,0.0,0.0,3.0
data_166,0,0,0.8176553845405579,0.14865821599960327,0.46715328467153283,0.19138407707214355,0.1961970329284668,0.0,0.0,0.0,0.0,3.0
data_166,0,0,0.7034746408462524,0.047538816928863525,0.06569343065693431,0.047538816928863525,0.1961970329284668,0.0,0.0,0.0,0.0,3.0
data_166,1,0,0.6895649433135986,0.0,0.0,0.14264899492263794,0.1961970329284668,0.0,0.0,0.0,0.0,3.0
data_166,0,0,0.7206547856330872,0.0,0.0,0.0,0.0,0.0,0.0,0.0,0.0,2.0
data_166,0,0,0.7330200672149658,0.0,0.0,0.0,0.0,0.0,0.0,0.0,0.0,2.0
data_166,0,0,0.8794095516204834,0.0,0.0,0.0,0.0,0.0,0.0,0.0,0.0,3.0
data_166,0,0,0.8083944916725159,0.0,0.0,0.0,0.0,0.0,0.0,0.0,0.0,3.0
data_166,0,0,0.6834431886672974,0.0,0.0,0.0,0.0,0.0,0.0,0.0,0.0,3.0
data_166,0,0,0.8482025265693665,0.0,0.0,0.0,0.0,0.10731309652328491,0.391304347826087,0.10731309652328491,0.2183065414428711,3.0
data_166,0,0,0.7646437287330627,0.0,0.0,0.0,0.0,0.007943391799926758,0.18478260869565216,0.0627242922782898,0.2183065414428711,3.0
data_166,1,0,0.6801908612251282,0.0,0.0,0.0,0.0,0.10305005311965942,0.5543478260869565,0.11099344491958618,0.2183065414428711,3.0
data_166,0,0,0.7106443047523499,0.0,0.0,0.0,0.0,0.0,0.0,0.0,0.0,3.0
data_166,0,0,0.6627962589263916,0.0,0.0,0.0,0.0,0.0,0.0,0.0,0.0,3.0
data_166,0,0,0.7065458297729492,0.0,0.0,0.0,0.0,0.0,0.0,0.0,0.0,3.0
data_166,1,0,0.6467291712760925,0.0035362839698791504,0.1111111111111111,0.0035362839698791504,0.0035362839698791504,0.0,0.0,0.0,0.0,2.0
data_166,0,0,0.5918071269989014,0.0,0.0,0.0035362839698791504,0.0035362839698791504,0.0,0.0,0.0,0.0,2.0
data_167,0,1,,,,,,,,,,
data_167,0,1,,,,,,,,,,
data_167,0,1,,,,,,,,,,
data_167,0,0,0.7365638613700867,0.0,0.0,0.0,0.0,0.29097968339920044,0.4117647058823529,0.29097968339920044,0.29097968339920044,3.0
data_167,0,0,0.7269700169563293,0.0,0.0,0.0,0.0,0.0,0.0,0.007071137428283691,0.29097968339920044,3.0
data_167,0,0,0.8868460655212402,0.0,0.0,0.0,0.0,0.0,0.0,0.0036153197288513184,0.29097968339920044,3.0
data_167,0,0,0.7369220852851868,0.0,0.0,0.0,0.0,0.1563413143157959,0.8387096774193549,0.1563413143157959,0.512766420841217,3.0
data_167,0,0,0.9992734789848328,0.0,0.0,0.0,0.0,0.0,0.0,0.35642510652542114,0.512766420841217,3.0
data_167,0,0,0.8205393552780151,0.0,0.0,0.0,0.0,0.35642510652542114,0.41935483870967744,0.35642510652542114,0.512766420841217,3.0
data_167,0,0,0.9033872485160828,0.0,0.0,0.0,0.0,0.3774341940879822,0.6410256410256411,0.513153076171875,0.5743706822395325,3.0
data_167,0,0,0.687990665435791,0.0,0.0,0.0,0.0,0.0310746431350708,0.1282051282051282,0.1847406029701233,0.5743706822395325,3.0
data_167,0,0,0.6837761998176575,0.0,0.0,0.0,0.0,0.1658618450164795,0.3333333333333333,0.3535086214542389,0.5743706822395325,3.0
data_167,0,0,0.7579150795936584,0.0,0.0,0.0,0.0,0.1143903136253357,0.46153846153846156,0.42653852701187134,0.5764802694320679,3.0
data_167,0,0,0.786922037601471,0.0,0.0,0.0,0.0,0.0,0.0,0.2420237958431244,0.5764802694320679,3.0
data_167,0,0,0.9796441793441772,0.0,0.0,0.0,0.0,0.4620899558067322,0.7692307692307693,0.4620899558067322,0.5764802694320679,3.0
data_167,0,0,0.9858536720275879,0.0,0.0,0.0,0.0,0.15958654880523682,0.7678571428571429,0.15958654880523682,0.15958654880523682,3.0
data_167,0,0,0.8547754287719727,0.0,0.0,0.0,0.0,0.0,0.0,0.098075270652771,0.15958654880523682,3.0
data_167,0,0,0.8717347383499146,0.0,0.0,0.0,0.0,0.0,0.0,0.0,0.15958654880523682,3.0
data_167,0,0,0.8733588457107544,0.0,0.0,0.0,0.0,0.0,0.0,0.24126756191253662,0.24126756191253662,3.0
data_167,0,0,0.7616228461265564,0.0,0.0,0.0,0.0,0.24126756191253662,0.12359550561797752,0.24126756191253662,0.24126756191253662,3.0
data_167,0,0,0.9499624371528625,0.0,0.0,0.0,0.0,0.0,0.0,0.0662432312965393,0.24126756191253662,3.0
data_167,0,0,0.8564935326576233,0.06481295824050903,0.017543859649122806,0.06481295824050903,0.06481295824050903,0.06481295824050903,0.017543859649122806,0.06481295824050903,0.06481295824050903,3.0
data_167,0,0,0.7883255481719971,0.0,0.0,0.06481295824050903,0.06481295824050903,0.0,0.0,0.06481295824050903,0.06481295824050903,3.0
data_167,0,0,0.7423038482666016,0.0,0.0,0.0,0.06481295824050903,0.0,0.0,0.0,0.06481295824050903,3.0
data_167,0,0,0.9915010929107666,0.0,0.0,0.010833561420440674,0.06625741720199585,0.0,0.0,0.0,0.0,3.0
data_167,0,0,0.7423400282859802,0.0,0.0,0.0,0.06625741720199585,0.0,0.0,0.0,0.0,3.0
data_167,0,0,0.7670945525169373,0.06625741720199585,0.2755102040816326,0.06625741720199585,0.06625741720199585,0.0,0.0,0.0,0.0,3.0
data_167,0,0,0.8107624053955078,0.0,0.0,0.0,0.0,0.0,0.0,0.045463621616363525,0.045463621616363525,2.0
data_167,0,0,0.5829654335975647,0.0,0.0,0.0,0.0,0.045463621616363525,0.6818181818181818,0.045463621616363525,0.045463621616363525,2.0
data_168,1,1,,,,,,,,,,
data_168,1,1,,,,,,,,,,
data_168,0,1,,,,,,,,,,
data_168,0,1,,,,,,,,,,
data_168,0,0,0.7718634605407715,0.0,0.0,0.0,0.20456665754318237,0.1533374786376953,0.5157894736842106,0.1533374786376953,0.18527042865753174,5.0
data_168,0,0,0.7700207233428955,0.0,0.0,0.08944815397262573,0.20456665754318237,0.0167311429977417,0.12631578947368421,0.0167311429977417,0.18527042865753174,5.0
data_168,0,0,0.6745637655258179,0.0,0.0,0.18783551454544067,0.20456665754318237,0.0,0.0,0.0,0.18527042865753174,5.0
data_168,1,0,0.5592032074928284,0.20456665754318237,0.09473684210526316,0.20456665754318237,0.20456665754318237,0.0,0.0,0.0,0.18527042865753174,5.0
data_168,1,0,0.6837150454521179,0.0,0.0,0.0,0.20456665754318237,0.015201807022094727,0.30526315789473685,0.015201807022094727,0.18527042865753174,5.0
data_168,0,0,0.7436703443527222,0.09246015548706055,0.5172413793103449,0.09246015548706055,0.10820156335830688,0.09246015548706055,0.5172413793103449,0.09246015548706055,0.09246015548706055,3.0
data_168,0,0,0.8354681134223938,0.0,0.0,0.07952624559402466,0.10820156335830688,0.0,0.0,0.06378483772277832,0.09246015548706055,3.0
data_168,0,0,0.6032432913780212,0.015741407871246338,0.36551724137931035,0.015741407871246338,0.10820156335830688,0.0,0.0,0.0,0.09246015548706055,3.0
data_168,0,0,0.5862359404563904,0.0,0.0,0.0,0.07188877463340759,0.0,0.0,0.0,0.0,3.0
data_168,0,0,0.4593251645565033,0.05909350514411926,0.7111111111111111,0.07188877463340759,0.07188877463340759,0.0,0.0,0.0,0.0,3.0
data_168,0,0,0.6408767700195312,0.01279526948928833,0.037037037037037035,0.07188877463340759,0.07188877463340759,0.0,0.0,0.0,0.0,3.0
data_168,0,0,0.727151095867157,0.0,0.0,0.0,0.0,0.23750779032707214,0.9041095890410958,0.23750779032707214,0.23750779032707214,2.0
data_168,0,0,0.7625826001167297,0.0,0.0,0.0,0.0,0.0,0.0,0.23750779032707214,0.23750779032707214,2.0
data_169,0,0,0.7618786692619324,0.0,0.0,0.0,0.0,0.0,0.0,0.0,0.40685632824897766,3.0
data_169,0,0,0.9254331588745117,0.0,0.0,0.0,0.0,0.0,0.0,0.40685632824897766,0.40685632824897766,3.0
data_169,0,0,0.8233111500740051,0.0,0.0,0.0,0.0,0.40685632824897766,0.375,0.40685632824897766,0.40685632824897766,3.0
data_169,0,1,,,,,,,,,,
data_169,1,1,,,,,,,,,,
data_169,1,1,,,,,,,,,,
data_169,0,0,0.9444068670272827,0.0,0.0,0.0,0.0,0.0,0.0,0.3592032790184021,0.452886700630188,3.0
data_169,1,0,0.5865564346313477,0.0,0.0,0.0,0.0,0.3061494529247284,0.09615384615384616,0.3061494529247284,0.452886700630188,3.0
data_169,0,0,0.605935275554657,0.0,0.0,0.0,0.0,0.1467372477054596,0.3076923076923077,0.19380465149879456,0.452886700630188,3.0
data_169,1,1,,,,,,,,,,
data_169,1,1,,,,,,,,,,
data_169,1,1,,,,,,,,,,
data_170,0,1,,,,,,,,,,
data_170,1,1,,,,,,,,,,
data_170,0,0,0.8483701348304749,0.0,0.0,0.0,0.0,0.0,0.0,0.08737361431121826,0.2826300263404846,3.0
data_170,0,0,0.8432232737541199,0.0,0.0,0.0,0.0,0.0,0.0,0.102638840675354,0.2826300263404846,3.0
data_170,0,0,0.8643363118171692,0.0,0.0,0.0,0.0,0.2826300263404846,0.17857142857142858,0.2826300263404846,0.2826300263404846,3.0
data_170,0,0,0.6732630729675293,0.0,0.0,0.0,0.0,0.0,0.0,0.10724532604217529,0.10724532604217529,2.0
data_170,0,0,0.6151733994483948,0.0,0.0,0.0,0.0,0.10724532604217529,0.6666666666666666,0.10724532604217529,0.10724532604217529,2.0
data_170,0,0,0.8045516014099121,0.0,0.0,0.0,0.0,0.0,0.0,0.0,0.0,2.0
data_170,1,0,0.7572092413902283,0.0,0.0,0.0,0.0,0.0,0.0,0.0,0.0,2.0
data_170,1,1,,,,,,,,,,
data_170,0,0,0.659424901008606,,,,,,,,,
data_170,1,0,0.5266387462615967,,,,,,,,,
data_170,1,0,0.8191638588905334,0.0,0.0,0.0,0.0,0.0,0.0,0.10155147314071655,0.10155147314071655,2.0
data_170,0,0,0.6674791574478149,0.0,0.0,0.0,0.0,0.10155147314071655,0.3380281690140845,0.10155147314071655,0.10155147314071655,2.0
data_170,0,0,0.7019572257995605,,,,,,,,,
data_170,0,0,0.8622550368309021,0.0,0.0,0.0,0.0,0.0,0.0,0.0,0.0,2.0
data_170,1,0,0.7595652341842651,0.0,0.0,0.0,0.0,0.0,0.0,0.0,0.0,2.0
data_170,0,0,0.7527315020561218,0.0,0.0,0.0,0.0,0.0,0.0,0.0,0.0,2.0
data_170,0,0,0.569611132144928,0.0,0.0,0.0,0.0,0.0,0.0,0.0,0.0,2.0
data_171,0,0,0.7016791105270386,0.0,0.0,0.0,0.14177536964416504,0.04524153470993042,0.7515400410677618,0.04524153470993042,0.3641563057899475,6.0
data_171,0,0,0.8087708950042725,0.0,0.0,0.0,0.14177536964416504,0.0887223482131958,0.4394250513347023,0.0887223482131958,0.3641563057899475,6.0
data_171,0,0,0.727173924446106,0.0,0.0,0.0,0.14177536964416504,0.08936738967895508,0.3470225872689938,0.11204385757446289,0.3641563057899475,6.0
data_171,0,0,0.6977019906044006,0.05850565433502197,0.3839835728952772,0.14177536964416504,0.14177536964416504,0.05850565433502197,0.3839835728952772,0.11598211526870728,0.3641563057899475,6.0
data_171,0,0,0.8179959654808044,0.08231937885284424,0.33880903490759756,0.08231937885284424,0.14177536964416504,0.08231937885284424,0.33880903490759756,0.08398967981338501,0.3641563057899475,6.0
data_171,0,0,0.760341465473175,0.0009503364562988281,0.32854209445585214,0.02362680435180664,0.14177536964416504,0.0,0.0,0.09117376804351807,0.3641563057899475,6.0
data_171,0,0,0.6430050134658813,0.0,0.0,0.0,0.0,0.0,0.0,0.06432032585144043,0.06432032585144043,2.0
data_171,0,0,0.5802084803581238,0.0,0.0,0.0,0.0,0.06432032585144043,0.6766917293233082,0.06432032585144043,0.06432032585144043,2.0
data_171,0,0,0.7214440107345581,0.0,0.0,0.0,0.008284032344818115,0.17866671085357666,0.5789473684210527,0.17866671085357666,0.17866671085357666,3.0
data_171,0,0,0.9179374575614929,0.0,0.0,0.008284032344818115,0.008284032344818115,0.0,0.0,0.14142638444900513,0.17866671085357666,3.0
data_171,0,0,0.6948306560516357,0.008284032344818115,0.5789473684210527,0.008284032344818115,0.008284032344818115,0.0,0.0,0.0,0.17866671085357666,3.0
data_171,0,0,0.6610944867134094,0.0,0.0,0.0,0.0,0.03212428092956543,0.056338028169014086,0.03212428092956543,0.03212428092956543,2.0
data_171,0,0,0.8453721404075623,0.0,0.0,0.0,0.0,0.0,0.0,0.03212428092956543,0.03212428092956543,2.0
data_171,0,0,0.8453012108802795,0.0,0.0,0.0,0.0,0.3133120536804199,0.8076923076923077,0.3133120536804199,0.3133120536804199,3.0
data_171,0,0,0.7880573868751526,0.0,0.0,0.0,0.0,0.0,0.0,0.0020569562911987305,0.3133120536804199,3.0
data_171,0,0,0.7304366230964661,0.0,0.0,0.0,0.0,0.0,0.0,0.07190263271331787,0.3133120536804199,3.0
data_171,0,0,0.7707298398017883,0.0,0.0,0.0,0.0,0.0,0.0,0.0,0.0,2.0
data_171,0,0,0.8972207903862,0.0,0.0,0.0,0.0,0.0,0.0,0.0,0.0,2.0
data_171,0,0,0.7522907257080078,0.0,0.0,0.0417594313621521,0.0417594313621521,0.0,0.0,0.0,0.0,2.0
data_171,0,0,0.5581273436546326,0.0417594313621521,0.44,0.0417594313621521,0.0417594313621521,0.0,0.0,0.0,0.0,2.0
data_171,0,0,0.5573647022247314,0.0,0.0,0.0,0.0,0.0,0.0,0.0,0.0,2.0
data_171,0,0,0.7233505845069885,0.0,0.0,0.0,0.0,0.0,0.0,0.0,0.0,2.0
data_172,1,1,,,,,,,,,,
data_172,1,1,,,,,,,,,,
data_172,0,1,,,,,,,,,,
data_172,0,0,0.8633082509040833,0.0,0.0,0.1928754448890686,0.1928754448890686,0.0,0.0,0.0,0.0,3.0
data_172,1,0,0.6157097220420837,0.09481096267700195,0.15789473684210525,0.1928754448890686,0.1928754448890686,0.0,0.0,0.0,0.0,3.0
data_172,0,0,0.6960963010787964,0.09806448221206665,0.3157894736842105,0.09806448221206665,0.1928754448890686,0.0,0.0,0.0,0.0,3.0
data_172,0,0,0.6618064045906067,0.0,0.0,0.0,0.0,0.0,0.0,0.0,0.0,3.0
data_172,0,0,0.5522229671478271,0.0,0.0,0.0,0.0,0.0,0.0,0.0,0.0,3.0
data_172,0,0,0.5912182331085205,0.0,0.0,0.0,0.0,0.0,0.0,0.0,0.0,3.0
data_172,0,0,0.5726490020751953,0.0,0.0,0.0,0.0,0.0,0.0,0.0,0.0,3.0
data_172,0,0,0.8297801613807678,0.0,0.0,0.0,0.0,0.0,0.0,0.0,0.0,3.0
data_172,0,0,0.6847083568572998,0.0,0.0,0.0,0.0,0.0,0.0,0.0,0.0,3.0
data_172,0,0,0.697981595993042,0.016000032424926758,0.5,0.016000032424926758,0.016000032424926758,0.0,0.0,0.0,0.1328940987586975,3.0
data_172,0,0,0.7416401505470276,0.0,0.0,0.0,0.016000032424926758,0.1328940987586975,0.375,0.1328940987586975,0.1328940987586975,3.0
data_172,0,0,0.8066490888595581,0.0,0.0,0.0,0.016000032424926758,0.0,0.0,0.1328940987586975,0.1328940987586975,3.0
data_172,1,0,0.4836284816265106,0.0,0.0,0.0,0.03284609317779541,0.0,0.0,0.0,0.03284609317779541,3.0
data_172,1,0,0.569785475730896,0.0,0.0,0.03284609317779541,0.03284609317779541,0.0,0.0,0.03284609317779541,0.03284609317779541,3.0
data_172,0,0,0.620307207107544,0.03284609317779541,0.15833333333333333,0.03284609317779541,0.03284609317779541,0.03284609317779541,0.15833333333333333,0.03284609317779541,0.03284609317779541,3.0
data_172,0,0,0.8093461394309998,0.0,0.0,0.1533762514591217,0.1533762514591217,0.0,0.0,0.0,0.03758358955383301,3.0
data_172,0,0,0.5833244919776917,0.1417023241519928,0.49056603773584906,0.1533762514591217,0.1533762514591217,0.03758358955383301,0.5849056603773585,0.03758358955383301,0.03758358955383301,3.0
data_172,0,0,0.6408465504646301,0.011673927307128906,0.24528301886792453,0.1157926619052887,0.1533762514591217,0.0,0.0,0.0,0.03758358955383301,3.0
data_172,0,0,0.6254204511642456,0.058254241943359375,0.2222222222222222,0.058254241943359375,0.058254241943359375,0.07553011178970337,0.6666666666666666,0.07553011178970337,0.07553011178970337,3.0
data_172,0,0,0.7413171529769897,0.0,0.0,0.058254241943359375,0.058254241943359375,0.0,0.0,0.0,0.07553011178970337,3.0
data_172,0,0,0.42641645669937134,0.0,0.0,0.0,0.058254241943359375,0.0,0.0,0.07553011178970337,0.07553011178970337,3.0
data_172,0,0,0.7431504130363464,0.0,0.0,0.0,0.0,0.04960709810256958,0.05263157894736842,0.04960709810256958,0.07195436954498291,3.0
data_172,0,0,0.6788877844810486,0.0,0.0,0.0,0.0,0.0,0.0,0.0,0.07195436954498291,3.0
data_172,0,0,0.5598859786987305,0.0,0.0,0.0,0.0,0.02234727144241333,0.3157894736842105,0.07195436954498291,0.07195436954498291,3.0
data_172,0,0,0.5768306255340576,0.0,0.0,0.0,0.09719333052635193,0.0,0.0,0.0,0.0,3.0
data_172,0,0,0.7236102223396301,0.0,0.0,0.09719333052635193,0.09719333052635193,0.0,0.0,0.0,0.0,3.0
data_172,0,0,0.5303535461425781,0.09719333052635193,0.20833333333333334,0.09719333052635193,0.09719333052635193,0.0,0.0,0.0,0.0,3.0
data_173,0,1,,,,,,,,,,
data_173,0,1,,,,,,,,,,
data_173,0,1,,,,,,,,,,
data_173,0,0,0.7507548332214355,0.14574378728866577,0.835820895522388,0.14574378728866577,0.2604706883430481,0.030267298221588135,0.05970149253731343,0.030267298221588135,0.4918663501739502,5.0
data_173,0,0,0.8219879865646362,0.0,0.0,0.10633200407028198,0.2604706883430481,0.34546101093292236,0.8805970149253731,0.34546101093292236,0.4918663501739502,5.0
data_173,0,0,0.7306838631629944,0.0,0.0,0.11472690105438232,0.2604706883430481,0.0,0.0,0.051615774631500244,0.4918663501739502,5.0
data_173,0,0,0.6966102123260498,0.11472690105438232,0.6865671641791045,0.11472690105438232,0.2604706883430481,0.11472690105438232,0.6865671641791045,0.14499419927597046,0.4918663501739502,5.0
data_173,0,0,0.7407408952713013,0.0,0.0,0.0,0.2604706883430481,0.001411139965057373,0.14925373134328357,0.001411139965057373,0.4918663501739502,5.0
data_173,0,0,0.7825258374214172,0.0,0.0,0.0,0.026811182498931885,0.0,0.0,0.08019298315048218,0.10700416564941406,3.0
data_173,0,0,0.7974869012832642,0.026811182498931885,0.20454545454545456,0.026811182498931885,0.026811182498931885,0.10700416564941406,0.3181818181818182,0.10700416564941406,0.10700416564941406,3.0
data_173,1,0,0.8429749011993408,0.0,0.0,0.026811182498931885,0.026811182498931885,0.0,0.0,0.012199878692626953,0.10700416564941406,3.0
data_173,0,0,0.8348038792610168,0.0,0.0,0.0,0.09521198272705078,0.11809778213500977,0.625,0.11809778213500977,0.22342342138290405,4.0
data_173,0,0,0.7767444849014282,0.0,0.0,0.0,0.09521198272705078,0.10532563924789429,0.5208333333333334,0.10532563924789429,0.22342342138290405,4.0
data_173,0,0,0.847427487373352,0.0,0.0,0.0,0.09521198272705078,0.0,0.0,0.10532563924789429,0.22342342138290405,4.0
data_173,0,0,0.7943457961082458,0.09521198272705078,0.625,0.09521198272705078,0.09521198272705078,0.0,0.0,0.0,0.22342342138290405,4.0
data_173,0,0,0.8008022904396057,0.0,0.0,0.0,0.06952685117721558,0.0,0.0,0.0,0.06952685117721558,4.0
data_173,0,0,0.7549928426742554,0.06952685117721558,0.5616438356164384,0.06952685117721558,0.06952685117721558,0.06952685117721558,0.5616438356164384,0.06952685117721558,0.06952685117721558,4.0
data_173,0,0,0.7357309460639954,0.0,0.0,0.011631369590759277,0.06952685117721558,0.0,0.0,0.011631369590759277,0.06952685117721558,4.0
data_173,0,0,0.6366550922393799,0.0,0.0,0.0,0.06952685117721558,0.0,0.0,0.0,0.06952685117721558,4.0
data_173,0,0,0.7996858358383179,0.0,0.0,0.0,0.0,0.0,0.0,0.2070906162261963,0.32728445529937744,4.0
data_173,0,0,0.7367722988128662,0.0,0.0,0.0,0.0,0.01529151201248169,0.04477611940298507,0.01529151201248169,0.32728445529937744,4.0
data_173,1,0,0.6947364211082458,0.0,0.0,0.0,0.0,0.04706388711929321,0.22388059701492538,0.1434517502784729,0.32728445529937744,4.0
data_173,0,0,0.6597276329994202,0.0,0.0,0.0,0.0,0.26492905616760254,0.5,0.26492905616760254,0.32728445529937744,4.0
data_173,0,0,0.8532577157020569,0.0,0.0,0.0,0.0,0.0,0.0,0.0,0.07416659593582153,4.0
data_173,0,0,0.8696388602256775,0.0,0.0,0.0,0.0,0.0,0.0,0.0,0.07416659593582153,4.0
data_173,1,0,0.7395002245903015,0.0,0.0,0.0,0.0,0.07416659593582153,0.16666666666666666,0.07416659593582153,0.07416659593582153,4.0
data_173,0,0,0.8319405913352966,0.0,0.0,0.0,0.0,0.0,0.0,0.07416659593582153,0.07416659593582153,4.0
data_174,0,1,,,,,,,,,,
data_174,0,1,,,,,,,,,,
data_174,0,1,,,,,,,,,,
data_174,0,0,0.7452744841575623,0.0,0.0,0.07554331421852112,0.2800344228744507,0.04128807783126831,0.16666666666666666,0.11985886096954346,0.12428802251815796,4.0
data_174,0,0,0.6367011666297913,0.0,0.0,0.2800344228744507,0.2800344228744507,0.08299994468688965,0.13157894736842105,0.08299994468688965,0.12428802251815796,4.0
data_174,0,0,0.8935651183128357,0.2800344228744507,0.02631578947368421,0.2800344228744507,0.2800344228744507,0.0,0.0,0.0,0.12428802251815796,4.0
data_174,0,0,0.9159646034240723,0.0,0.0,0.04456615447998047,0.2800344228744507,0.0,0.0,0.08299994468688965,0.12428802251815796,4.0
data_174,0,0,0.5636430382728577,0.0,0.0,0.0,0.07983696460723877,0.0,0.0,0.0,0.07983696460723877,4.0
data_174,0,0,0.5876701474189758,0.059528231620788574,0.31985294117647056,0.07983696460723877,0.07983696460723877,0.059528231620788574,0.31985294117647056,0.07983696460723877,0.07983696460723877,4.0
data_174,0,0,0.6346772313117981,0.020308732986450195,0.20955882352941177,0.07983696460723877,0.07983696460723877,0.020308732986450195,0.20955882352941177,0.07983696460723877,0.07983696460723877,4.0
data_174,0,0,0.7586991786956787,0.0,0.0,0.0700560212135315,0.07983696460723877,0.0,0.0,0.0700560212135315,0.07983696460723877,4.0
data_174,0,0,0.6381117105484009,0.0,0.0,0.0,0.030732929706573486,0.0,0.0,0.0,0.0,3.0
data_174,0,0,0.8239286541938782,0.0,0.0,0.0,0.030732929706573486,0.0,0.0,0.0,0.0,3.0
data_174,0,0,0.6688302755355835,0.030732929706573486,0.16058394160583941,0.030732929706573486,0.030732929706573486,0.0,0.0,0.0,0.0,3.0
data_174,0,0,0.6687588691711426,0.27745139598846436,0.873015873015873,0.27745139598846436,0.27745139598846436,0.27745139598846436,0.873015873015873,0.27745139598846436,0.27745139598846436,3.0
data_174,0,0,0.6571305990219116,0.0,0.0,0.15272217988967896,0.27745139598846436,0.0,0.0,0.15272217988967896,0.27745139598846436,3.0
data_174,0,0,0.6935508847236633,0.0,0.0,0.04066607356071472,0.27745139598846436,0.0,0.0,0.04066607356071472,0.27745139598846436,3.0
data_175,1,1,,,,,,,,,,
data_175,1,1,,,,,,,,,,
data_175,0,1,,,,,,,,,,
data_175,0,0,0.78642338514328,0.17954152822494507,0.7543859649122807,0.17954152822494507,0.17954152822494507,0.0,0.0,0.0,0.3346823453903198,4.0
data_175,0,0,0.7441324591636658,0.0,0.0,0.0,0.17954152822494507,0.1641271710395813,0.1111111111111111,0.26999908685684204,0.3346823453903198,4.0
data_175,0,0,0.6660634875297546,0.0,0.0,0.0,0.17954152822494507,0.0,0.0,0.0404183566570282,0.3346823453903198,4.0
data_175,0,0,0.8175370693206787,0.0,0.0,0.0,0.17954152822494507,0.17055517435073853,0.13742690058479531,0.17258715629577637,0.3346823453903198,4.0
data_175,1,0,0.5727838277816772,0.0,0.0,0.0,0.0,0.0,0.0,0.0,0.0607718825340271,3.0
data_175,0,0,0.837856113910675,0.0,0.0,0.0,0.0,0.0,0.0,0.0607718825340271,0.0607718825340271,3.0
data_175,0,0,0.6159942746162415,0.0,0.0,0.0,0.0,0.0607718825340271,0.18518518518518517,0.0607718825340271,0.0607718825340271,3.0
data_175,0,0,0.8868932723999023,0.0,0.0,0.0,0.08862465620040894,0.0,0.0,0.05986848473548889,0.14849314093589783,3.0
data_175,0,0,0.6407929062843323,0.0,0.0,0.08862465620040894,0.08862465620040894,0.14849314093589783,0.37777777777777777,0.14849314093589783,0.14849314093589783,3.0
data_175,0,0,0.7761275768280029,0.08862465620040894,0.24444444444444444,0.08862465620040894,0.08862465620040894,0.0,0.0,0.0,0.14849314093589783,3.0
data_175,0,0,0.48758190870285034,0.0,0.0,0.0,0.0,0.016585320234298706,0.5,0.016585320234298706,0.016585320234298706,2.0
data_175,0,0,0.5283136367797852,0.0,0.0,0.0,0.0,0.0,0.0,0.016585320234298706,0.016585320234298706,2.0
data_176,0,0,0.6552131175994873,0.0,0.0,0.0,0.4022977650165558,0.017239749431610107,0.8333333333333334,0.141188383102417,1.1285035759210587,7.0
data_176,0,0,0.7504313588142395,0.018634796142578125,0.27380952380952384,0.018634796142578125,0.4022977650165558,0.002664029598236084,0.21428571428571427,0.006081581115722656,1.1285035759210587,7.0
data_176,0,0,0.6825072765350342,0.0,0.0,0.018634796142578125,0.4022977650165558,0.443412646651268,0.8095238095238095,0.443412646651268,1.1285035759210587,7.0
data_176,0,0,0.7544267177581787,0.0,0.0,0.0,0.4022977650165558,0.005846500396728516,0.4166666666666667,0.018128424882888794,1.1285035759210587,7.0
data_176,0,0,0.7785716652870178,0.0,0.0,0.18981024622917175,0.4022977650165558,0.0,0.0,0.1611751914024353,1.1285035759210587,7.0
data_176,0,0,0.8023749589920044,0.38366296887397766,0.05952380952380952,0.38366296887397766,0.4022977650165558,0.29238927364349365,0.42857142857142855,0.29488760232925415,1.1285035759210587,7.0
data_176,0,0,0.7894808053970337,0.0,0.0,0.38366296887397766,0.4022977650165558,0.3669513761997223,0.5238095238095238,0.47399845719337463,1.1285035759210587,7.0
data_176,0,0,0.8613743185997009,0.0,0.0,0.0,0.059605300426483154,0.0,0.0,0.0,0.1942031979560852,6.0
data_176,0,0,0.8032514452934265,0.0,0.0,0.0,0.059605300426483154,0.0,0.0,0.0,0.1942031979560852,6.0
data_176,0,0,0.7706630229949951,0.004990935325622559,0.8481012658227848,0.004990935325622559,0.059605300426483154,0.04448825120925903,0.35443037974683544,0.04448825120925903,0.1942031979560852,6.0
data_176,0,0,0.7062454223632812,0.0,0.0,0.0,0.059605300426483154,0.14971494674682617,0.4936708860759494,0.1942031979560852,0.1942031979560852,6.0
data_176,1,0,0.7589966058731079,0.0,0.0,0.054614365100860596,0.059605300426483154,0.0,0.0,0.052586257457733154,0.1942031979560852,6.0
data_176,1,0,0.6165159940719604,0.054614365100860596,0.45569620253164556,0.054614365100860596,0.059605300426483154,0.0,0.0,0.05846250057220459,0.1942031979560852,6.0
data_176,0,0,0.7305192947387695,0.0,0.0,0.0,0.21451056003570557,0.0,0.0,0.0,0.22863122820854187,5.0
data_176,0,0,0.7011032700538635,0.0,0.0,0.0,0.21451056003570557,0.0,0.0,0.0,0.22863122820854187,5.0
data_176,0,0,0.8030557036399841,0.0,0.0,0.0,0.21451056003570557,0.0,0.0,0.0,0.22863122820854187,5.0
data_176,0,0,0.6490066051483154,0.0,0.0,0.07498621940612793,0.21451056003570557,0.19438102841377258,0.8571428571428571,0.2088216245174408,0.22863122820854187,5.0
data_176,0,0,0.7147945165634155,0.21451056003570557,0.922077922077922,0.21451056003570557,0.21451056003570557,0.03425019979476929,0.5909090909090909,0.03425019979476929,0.22863122820854187,5.0
data_176,0,0,0.884962260723114,0.0,0.0,0.0,0.0,0.2317444086074829,0.5319148936170213,0.2317444086074829,0.2317444086074829,3.0
data_176,0,0,0.7113506197929382,0.0,0.0,0.0,0.0,0.0,0.0,0.12155526876449585,0.2317444086074829,3.0
data_176,0,0,0.4724508225917816,0.0,0.0,0.0,0.0,0.0,0.0,0.07769906520843506,0.2317444086074829,3.0
data_176,0,0,0.6619987487792969,0.0,0.0,0.0,0.0,0.010472297668457031,0.05517241379310345,0.010472297668457031,0.010472297668457031,3.0
data_176,0,0,0.8614153861999512,0.0,0.0,0.0,0.0,0.0,0.0,0.0,0.010472297668457031,3.0
data_176,0,0,0.7669625282287598,0.0,0.0,0.0,0.0,0.0,0.0,0.0,0.010472297668457031,3.0
data_177,0,1,,,,,,,,,,
data_177,0,1,,,,,,,,,,
data_177,0,0,0.6220532059669495,0.062448203563690186,0.8333333333333334,0.062448203563690186,0.15690553188323975,0.062448203563690186,0.8333333333333334,0.062448203563690186,0.062448203563690186,3.0
data_177,0,0,0.5238964557647705,0.09445732831954956,0.782608695652174,0.09445732831954956,0.15690553188323975,0.0,0.0,0.0,0.062448203563690186,3.0
data_177,1,0,0.6609700322151184,0.0,0.0,0.15690553188323975,0.15690553188323975,0.0,0.0,0.062448203563690186,0.062448203563690186,3.0
data_177,0,0,0.8110589385032654,0.0,0.0,0.0,0.15898889303207397,0.0,0.0,0.0,0.15898889303207397,3.0
data_177,0,0,0.677664577960968,0.0,0.0,0.007586479187011719,0.15898889303207397,0.0,0.0,0.007586479187011719,0.15898889303207397,3.0
data_177,0,0,0.6820830702781677,0.15898889303207397,0.37142857142857144,0.15898889303207397,0.15898889303207397,0.15898889303207397,0.37142857142857144,0.15898889303207397,0.15898889303207397,3.0
data_177,1,0,0.508516252040863,0.0,0.0,0.0,0.0,0.0024482011795043945,0.25773195876288657,0.0024482011795043945,0.0024482011795043945,3.0
data_177,1,0,0.4272351861000061,0.0,0.0,0.0,0.0,0.0,0.0,0.0024482011795043945,0.0024482011795043945,3.0
data_177,0,0,0.6380398869514465,0.0,0.0,0.0,0.0,0.0,0.0,0.0,0.0024482011795043945,3.0
data_177,0,0,0.6901117563247681,0.2818073034286499,0.10714285714285714,0.2818073034286499,0.2818073034286499,0.2818073034286499,0.10714285714285714,0.2818073034286499,0.2818073034286499,2.0
data_177,0,0,0.6900581121444702,0.0,0.0,0.2818073034286499,0.2818073034286499,0.0,0.0,0.2818073034286499,0.2818073034286499,2.0
data_178,0,1,,,,,,,,,,
data_178,0,1,,,,,,,,,,
data_178,0,1,,,,,,,,,,
data_178,0,0,0.7374917268753052,0.0,0.0,0.0,0.0,0.23278629779815674,0.05263157894736842,0.23278629779815674,0.23278629779815674,3.0
data_178,0,0,0.8079805970191956,0.0,0.0,0.0,0.0,0.0,0.0,0.23278629779815674,0.23278629779815674,3.0
data_178,0,0,0.9682807922363281,0.0,0.0,0.0,0.0,0.0,0.0,0.16811680793762207,0.23278629779815674,3.0
data_178,0,0,0.8575692772865295,0.0,0.0,0.0,0.0,0.0,0.0,0.08651730418205261,0.4500706195831299,3.0
data_178,0,0,0.853691577911377,0.0,0.0,0.0,0.0,0.0,0.0,0.13478487730026245,0.4500706195831299,3.0
data_178,0,0,0.7605522274971008,0.0,0.0,0.0,0.0,0.4500706195831299,0.5,0.4500706195831299,0.4500706195831299,3.0
data_178,0,0,0.7979296445846558,0.0,0.0,0.0,0.0,0.0,0.0,0.12675780057907104,0.13479828834533691,3.0
data_178,1,0,0.36522194743156433,0.0,0.0,0.0,0.0,0.1208692193031311,0.13043478260869565,0.1208692193031311,0.13479828834533691,3.0
data_178,1,0,0.5452456474304199,0.0,0.0,0.0,0.0,0.01392906904220581,0.21739130434782608,0.01392906904220581,0.13479828834533691,3.0
data_178,0,0,0.7401092648506165,0.06879287958145142,0.6666666666666666,0.10926491022109985,0.10926491022109985,0.06879287958145142,0.6666666666666666,0.10926491022109985,0.10926491022109985,2.0
data_178,1,0,0.6808298230171204,0.04047203063964844,0.07936507936507936,0.10926491022109985,0.10926491022109985,0.04047203063964844,0.07936507936507936,0.10926491022109985,0.10926491022109985,2.0
data_178,0,0,0.8775742053985596,0.20771431922912598,0.7666666666666667,0.20771431922912598,0.2734743356704712,0.0,0.0,0.0,0.0,3.0
data_178,0,0,0.8150988817214966,0.06576001644134521,0.8666666666666667,0.06576001644134521,0.2734743356704712,0.0,0.0,0.0,0.0,3.0
data_178,0,0,0.7557327151298523,0.0,0.0,0.2734743356704712,0.2734743356704712,0.0,0.0,0.0,0.0,3.0
data_178,0,0,0.776854932308197,0.04630464315414429,0.4594594594594595,0.04630464315414429,0.04630464315414429,0.04630464315414429,0.4594594594594595,0.04630464315414429,0.04630464315414429,2.0
data_178,0,0,0.6874057650566101,0.0,0.0,0.04630464315414429,0.04630464315414429,0.0,0.0,0.04630464315414429,0.04630464315414429,2.0
data_178,0,0,0.8466866612434387,0.0,0.0,0.058898210525512695,0.058898210525512695,0.0,0.0,0.0,0.0,2.0
data_178,0,0,0.6269590854644775,0.058898210525512695,0.17142857142857143,0.058898210525512695,0.058898210525512695,0.0,0.0,0.0,0.0,2.0
data_178,0,0,0.8811761736869812,0.0,0.0,0.0,0.0,0.0,0.0,0.0,0.0,2.0
data_178,0,0,0.4692726135253906,0.0,0.0,0.0,0.0,0.0,0.0,0.0,0.0,2.0
data_179,0,1,,,,,,,,,,
data_179,0,1,,,,,,,,,,
data_179,0,1,,,,,,,,,,
data_179,0,0,0.9786933064460754,0.0,0.0,0.0,0.0,0.0,0.0,0.0,0.12355953454971313,3.0
data_179,0,0,0.9327244162559509,0.0,0.0,0.0,0.0,0.0,0.0,0.12355953454971313,0.12355953454971313,3.0
data_179,0,0,0.6706859469413757,0.0,0.0,0.0,0.0,0.12355953454971313,0.4883720930232558,0.12355953454971313,0.12355953454971313,3.0
data_179,0,0,0.8754176497459412,0.0,0.0,0.0,0.012279391288757324,0.28154873847961426,0.8380952380952381,0.28154873847961426,0.2938281297683716,3.0
data_179,0,0,0.7110567688941956,0.012279391288757324,0.05714285714285714,0.012279391288757324,0.012279391288757324,0.012279391288757324,0.05714285714285714,0.01874750852584839,0.2938281297683716,3.0
data_179,0,0,0.7316029667854309,0.0,0.0,0.012279391288757324,0.012279391288757324,0.0,0.0,0.012279391288757324,0.2938281297683716,3.0
data_179,0,0,0.8870463967323303,0.0,0.0,0.0,0.027957260608673096,0.17425751686096191,0.5588235294117647,0.3025677800178528,0.3025677800178528,3.0
data_179,0,0,0.8050447106361389,0.0,0.0,0.027957260608673096,0.027957260608673096,0.12831026315689087,0.16176470588235295,0.12831026315689087,0.3025677800178528,3.0
data_179,0,0,0.7915485501289368,0.027957260608673096,0.4411764705882353,0.027957260608673096,0.027957260608673096,0.0,0.0,0.0,0.3025677800178528,3.0
data_179,0,0,0.8751350045204163,0.0,0.0,0.0,0.0,0.3815387189388275,0.8392857142857143,0.3815387189388275,0.47549596428871155,3.0
data_179,0,0,0.6129917502403259,0.0,0.0,0.0,0.0,0.09395724534988403,0.08928571428571429,0.10988926887512207,0.47549596428871155,3.0
data_179,0,0,0.7522723078727722,0.0,0.0,0.0,0.0,0.0,0.0,0.27613410353660583,0.47549596428871155,3.0
data_179,0,0,0.8077734112739563,0.0,0.0,0.0,0.0,0.12738966941833496,0.2711864406779661,0.12738966941833496,0.14926201105117798,3.0
data_179,0,0,0.8476525545120239,0.0,0.0,0.0,0.0,0.0,0.0,0.0,0.14926201105117798,3.0
data_179,0,0,0.7187761068344116,0.0,0.0,0.0,0.0,0.021872341632843018,0.4745762711864407,0.021872341632843018,0.14926201105117798,3.0
data_179,0,0,0.8867265582084656,0.0,0.0,0.0,0.0,0.0,0.0,0.0,0.28809672594070435,3.0
data_179,0,0,0.7632525563240051,0.0,0.0,0.0,0.0,0.0,0.0,0.0,0.28809672594070435,3.0
data_179,0,0,0.8687610030174255,0.0,0.0,0.0,0.0,0.28809672594070435,0.7894736842105263,0.28809672594070435,0.28809672594070435,3.0
data_180,0,0,0.9355063438415527,0.0,0.0,0.0,0.0,0.0,0.0,0.0,0.08100992441177368,3.0
data_180,0,0,0.6621701121330261,0.0,0.0,0.0,0.0,0.0,0.0,0.0,0.08100992441177368,3.0
data_180,0,0,0.780650794506073,0.0,0.0,0.0,0.0,0.08100992441177368,0.5416666666666666,0.08100992441177368,0.08100992441177368,3.0
data_180,0,0,0.6707964539527893,0.0,0.0,0.0,0.06220036745071411,0.0,0.0,0.0,0.06220036745071411,3.0
data_180,1,0,0.6754928827285767,0.06220036745071411,0.765625,0.06220036745071411,0.06220036745071411,0.06220036745071411,0.765625,0.06220036745071411,0.06220036745071411,3.0
data_180,0,0,0.6491795778274536,0.0,0.0,0.06220036745071411,0.06220036745071411,0.0,0.0,0.06220036745071411,0.06220036745071411,3.0
data_180,0,1,,,,,,,,,,
data_180,0,1,,,,,,,,,,
data_180,0,1,,,,,,,,,,
data_180,0,0,0.7613892555236816,0.0,0.0,0.0,0.0,0.004087686538696289,0.723404255319149,0.004087686538696289,0.004087686538696289,3.0
data_180,0,0,0.724571704864502,0.0,0.0,0.0,0.0,0.0,0.0,0.0,0.004087686538696289,3.0
data_180,0,0,0.7086483240127563,0.0,0.0,0.0,0.0,0.0,0.0,0.0,0.004087686538696289,3.0
data_181,1,1,,,,,,,,,,
data_181,0,1,,,,,,,,,,
data_181,0,1,,,,,,,,,,
data_181,0,0,0.9655476212501526,0.0,0.0,0.0,0.1303892731666565,0.0,0.0,0.21774739027023315,0.386466920375824,5.0
data_181,0,0,0.7245067954063416,0.060502827167510986,0.6031746031746031,0.060502827167510986,0.1303892731666565,0.14191168546676636,0.7301587301587301,0.14191168546676636,0.386466920375824,5.0
data_181,0,0,0.8721316456794739,0.0,0.0,0.01416546106338501,0.1303892731666565,0.021577417850494385,0.2857142857142857,0.021577417850494385,0.386466920375824,5.0
data_181,0,0,0.7883906960487366,0.0,0.0,0.06988644599914551,0.1303892731666565,0.12463408708572388,0.6666666666666666,0.12463408708572388,0.386466920375824,5.0
data_181,0,0,0.777767539024353,0.06988644599914551,0.2857142857142857,0.06988644599914551,0.1303892731666565,0.09834372997283936,0.6507936507936508,0.09834372997283936,0.386466920375824,5.0
data_181,0,0,0.8816215395927429,0.0,0.0,0.0,0.0808037519454956,0.12126833200454712,0.5869565217391305,0.29607170820236206,0.29607170820236206,5.0
data_181,0,0,0.7386208772659302,0.0,0.0,0.06329774856567383,0.0808037519454956,0.17480337619781494,0.532608695652174,0.17480337619781494,0.29607170820236206,5.0
data_181,0,0,0.7924468517303467,0.06329774856567383,0.32608695652173914,0.06329774856567383,0.0808037519454956,0.0,0.0,0.07394295930862427,0.29607170820236206,5.0
data_181,0,0,0.692114531993866,0.0,0.0,0.0,0.0808037519454956,0.0,0.0,0.0,0.29607170820236206,5.0
data_181,0,0,0.7497487664222717,0.017506003379821777,0.7282608695652174,0.017506003379821777,0.0808037519454956,0.0,0.0,0.0,0.29607170820236206,5.0
data_181,0,0,0.7719017267227173,0.0,0.0,0.0,0.02650350332260132,0.0,0.0,0.0,0.06785821914672852,4.0
data_181,0,0,0.6182409524917603,0.0,0.0,0.0,0.02650350332260132,0.0413547158241272,0.36065573770491804,0.0413547158241272,0.06785821914672852,4.0
data_181,0,0,0.7385175824165344,0.02650350332260132,0.4098360655737705,0.02650350332260132,0.02650350332260132,0.02650350332260132,0.4098360655737705,0.02650350332260132,0.06785821914672852,4.0
data_181,0,0,0.7395241856575012,0.0,0.0,0.02650350332260132,0.02650350332260132,0.0,0.0,0.0,0.06785821914672852,4.0
data_181,0,0,0.7962239384651184,0.0,0.0,0.0,0.0,0.033201515674591064,0.6547619047619048,0.033201515674591064,0.1727030873298645,4.0
data_181,0,0,0.7661011815071106,0.0,0.0,0.0,0.0,0.0863267183303833,0.4523809523809524,0.0863267183303833,0.1727030873298645,4.0
data_181,0,0,0.7929835319519043,0.0,0.0,0.0,0.0,0.0,0.0,0.08161795139312744,0.1727030873298645,4.0
data_181,0,0,0.8051424622535706,0.0,0.0,0.0,0.0,0.05317485332489014,0.6071428571428571,0.05317485332489014,0.1727030873298645,4.0
data_181,0,0,0.8161811232566833,0.0,0.0,0.0,0.03318226337432861,0.0,0.0,0.0,0.03234124183654785,4.0
data_181,0,0,0.6836920976638794,0.0,0.0,0.03318226337432861,0.03318226337432861,0.0,0.0,0.0,0.03234124183654785,4.0
data_181,0,0,0.6446749567985535,0.03234124183654785,0.5689655172413793,0.03318226337432861,0.03318226337432861,0.03234124183654785,0.5689655172413793,0.03234124183654785,0.03234124183654785,4.0
data_181,0,0,0.6996967792510986,0.0008410215377807617,0.35344827586206895,0.0008410215377807617,0.03318226337432861,0.0,0.0,0.0,0.03234124183654785,4.0
data_181,0,0,0.7921773791313171,0.025436699390411377,0.359375,0.025436699390411377,0.05656176805496216,0.0,0.0,0.10101479291915894,0.15784841775894165,4.0
data_181,0,0,0.6430976986885071,0.0,0.0,0.025436699390411377,0.05656176805496216,0.0,0.0,0.15784841775894165,0.15784841775894165,4.0
data_181,0,0,0.7039031386375427,0.0,0.0,0.0,0.05656176805496216,0.0,0.0,0.03415495157241821,0.15784841775894165,4.0
data_181,0,0,0.7454249858856201,0.03112506866455078,0.796875,0.03112506866455078,0.05656176805496216,0.15784841775894165,0.40625,0.15784841775894165,0.15784841775894165,4.0
data_182,0,1,,,,,,,,,,
data_182,1,1,,,,,,,,,,
data_182,0,1,,,,,,,,,,
data_182,0,0,0.7358295917510986,0.0,0.0,0.0,0.0,0.0,0.0,0.0,0.0,3.0
data_182,0,0,0.8414222002029419,0.0,0.0,0.0,0.0,0.0,0.0,0.0,0.0,3.0
data_182,0,0,0.7430666089057922,0.0,0.0,0.0,0.0,0.0,0.0,0.0,0.0,3.0
data_182,0,0,0.695097804069519,0.0,0.0,0.0,0.0,0.0,0.0,0.0,0.0,3.0
data_182,1,0,0.6088561415672302,0.0,0.0,0.0,0.0,0.0,0.0,0.0,0.0,3.0
data_182,0,0,0.8403763771057129,0.0,0.0,0.0,0.0,0.0,0.0,0.0,0.0,3.0
data_182,0,0,0.6604249477386475,0.0,0.0,0.0,0.0,0.0,0.0,0.0,0.3193616271018982,3.0
data_182,0,0,0.7669994235038757,0.0,0.0,0.0,0.0,0.0,0.0,0.3193616271018982,0.3193616271018982,3.0
data_182,0,0,0.6564694046974182,0.0,0.0,0.0,0.0,0.3193616271018982,0.5625,0.3193616271018982,0.3193616271018982,3.0
data_182,0,0,0.5907829403877258,0.04654186964035034,0.22727272727272727,0.04654186964035034,0.04654186964035034,0.04654186964035034,0.22727272727272727,0.04654186964035034,0.29615849256515503,3.0
data_182,0,0,0.8801254630088806,0.0,0.0,0.04654186964035034,0.04654186964035034,0.0,0.0,0.29615849256515503,0.29615849256515503,3.0
data_182,0,0,0.8429702520370483,0.0,0.0,0.0,0.04654186964035034,0.2496166229248047,0.5454545454545454,0.2496166229248047,0.29615849256515503,3.0
data_182,0,1,,,,,,,,,,
data_182,0,1,,,,,,,,,,
data_182,0,1,,,,,,,,,,
data_182,0,0,0.6366568803787231,0.0,0.0,0.0,0.024980783462524414,0.07746100425720215,0.15306122448979592,0.07746100425720215,0.10244178771972656,3.0
data_182,0,0,0.7243428826332092,0.024980783462524414,0.5306122448979592,0.024980783462524414,0.024980783462524414,0.024980783462524414,0.5306122448979592,0.10244178771972656,0.10244178771972656,3.0
data_182,0,0,0.8003086447715759,0.0,0.0,0.024980783462524414,0.024980783462524414,0.0,0.0,0.03353607654571533,0.10244178771972656,3.0
data_182,0,0,0.8344911336898804,0.0,0.0,0.0,0.0,0.21014434099197388,0.94375,0.21014434099197388,0.21014434099197388,3.0
data_182,0,0,0.845238447189331,0.0,0.0,0.0,0.0,0.0,0.0,0.05321428179740906,0.21014434099197388,3.0
data_182,0,0,0.5405747890472412,0.0,0.0,0.0,0.0,0.0,0.0,0.0,0.21014434099197388,3.0
data_183,0,0,0.7341351509094238,0.07785177230834961,0.34718100890207715,0.07785177230834961,0.07785177230834961,0.0,0.0,0.0,0.0,4.0
data_183,0,0,0.6674116849899292,0.0,0.0,0.0,0.07785177230834961,0.0,0.0,0.0,0.0,4.0
data_183,0,0,0.7566529512405396,0.0,0.0,0.04322439432144165,0.07785177230834961,0.0,0.0,0.0,0.0,4.0
data_183,1,0,0.585776686668396,0.0,0.0,0.0,0.07785177230834961,0.0,0.0,0.0,0.0,4.0
data_183,0,0,0.7010608911514282,0.03604227304458618,0.45701357466063347,0.03604227304458618,0.03604227304458618,0.0,0.0,0.0,0.20306271314620972,4.0
data_183,0,0,0.732666015625,0.0,0.0,0.0,0.03604227304458618,0.15385973453521729,0.8778280542986425,0.15385973453521729,0.20306271314620972,4.0
data_183,1,0,0.6620854139328003,0.0,0.0,0.0,0.03604227304458618,0.04920297861099243,0.22624434389140272,0.04920297861099243,0.20306271314620972,4.0
data_183,0,0,0.8079615831375122,0.0,0.0,0.0,0.03604227304458618,0.0,0.0,0.01316070556640625,0.20306271314620972,4.0
data_183,0,0,0.8075200915336609,0.0,0.0,0.0,0.035036683082580566,0.0,0.0,0.016125619411468506,0.016125619411468506,3.0
data_183,1,0,0.7938194870948792,0.0,0.0,0.01891106367111206,0.035036683082580566,0.0,0.0,0.0,0.016125619411468506,3.0
data_183,1,0,0.5648072361946106,0.035036683082580566,0.8596491228070176,0.035036683082580566,0.035036683082580566,0.016125619411468506,0.15789473684210525,0.016125619411468506,0.016125619411468506,3.0
data_183,0,0,0.763427734375,0.0,0.0,0.0,0.0,0.0,0.0,0.0,0.0,2.0
data_183,0,0,0.6590781807899475,0.0,0.0,0.0,0.0,0.0,0.0,0.0,0.0,2.0
data_184,0,0,0.7894282341003418,0.0,0.0,0.17538225650787354,0.17538225650787354,0.0,0.0,0.17538225650787354,0.24685025215148926,3.0
data_184,0,0,0.7954283356666565,0.17538225650787354,0.5423728813559322,0.17538225650787354,0.17538225650787354,0.17538225650787354,0.5423728813559322,0.17538225650787354,0.24685025215148926,3.0
data_184,0,0,0.70210862159729,0.0,0.0,0.0,0.17538225650787354,0.07146799564361572,0.8305084745762712,0.07146799564361572,0.24685025215148926,3.0
data_184,0,0,0.7062975764274597,0.029908299446105957,0.39655172413793105,0.029908299446105957,0.029908299446105957,0.0,0.0,0.0222780704498291,0.20187616348266602,4.0
data_184,0,0,0.6681442260742188,0.0,0.0,0.0,0.029908299446105957,0.1688094139099121,0.7155172413793104,0.20187616348266602,0.20187616348266602,4.0
data_184,1,0,0.7865577936172485,0.0,0.0,0.0,0.029908299446105957,0.0,0.0,0.06513100862503052,0.20187616348266602,4.0
data_184,0,0,0.620232105255127,0.0,0.0,0.0,0.029908299446105957,0.033066749572753906,0.5,0.033066749572753906,0.20187616348266602,4.0
data_184,0,0,0.8343632817268372,0.0,0.0,0.0,0.0,0.0,0.0,0.0,0.0,3.0
data_184,0,0,0.9943752884864807,0.0,0.0,0.0,0.0,0.0,0.0,0.0,0.0,3.0
data_184,0,0,0.8897417187690735,0.0,0.0,0.0,0.0,0.0,0.0,0.0,0.0,3.0
data_184,1,0,0.8111070394515991,0.0,0.0,0.0,0.14104080200195312,0.0,0.0,0.0,0.0,3.0
data_184,0,0,0.7815051674842834,0.14104080200195312,0.1568627450980392,0.14104080200195312,0.14104080200195312,0.0,0.0,0.0,0.0,3.0
data_184,1,0,0.7286340594291687,0.0,0.0,0.14104080200195312,0.14104080200195312,0.0,0.0,0.0,0.0,3.0
data_184,0,0,0.7227839231491089,0.0,0.0,0.0,0.20573115348815918,0.002472400665283203,0.6739130434782609,0.002472400665283203,0.002472400665283203,3.0
data_184,0,0,0.8792452216148376,0.20573115348815918,0.1956521739130435,0.20573115348815918,0.20573115348815918,0.0,0.0,0.0,0.002472400665283203,3.0
data_184,0,0,0.8652942180633545,0.0,0.0,0.20573115348815918,0.20573115348815918,0.0,0.0,0.002472400665283203,0.002472400665283203,3.0
data_184,0,0,0.6903833746910095,0.0,0.0,0.0,0.0,0.04924219846725464,0.7956989247311828,0.04924219846725464,0.04924219846725464,2.0
data_184,0,0,0.8123531937599182,0.0,0.0,0.0,0.0,0.0,0.0,0.04924219846725464,0.04924219846725464,2.0
data_185,0,1,,,,,,,,,,
data_185,0,1,,,,,,,,,,
data_185,0,1,,,,,,,,,,
data_185,0,0,0.7633930444717407,0.0,0.0,0.0,0.0,0.07433396577835083,0.6815286624203821,0.07433396577835083,0.07433396577835083,4.0
data_185,0,0,0.7274726033210754,0.0,0.0,0.0,0.0,0.0,0.0,0.0,0.07433396577835083,4.0
data_185,1,0,0.678583562374115,0.0,0.0,0.0,0.0,0.0,0.0,0.0,0.07433396577835083,4.0
data_185,1,0,0.6730580925941467,0.0,0.0,0.0,0.0,0.0,0.0,0.0,0.07433396577835083,4.0
data_185,0,0,0.6806572675704956,0.0,0.0,0.0,0.0,0.11437112092971802,0.5,0.11437112092971802,0.11437112092971802,2.0
data_185,0,0,0.5777058601379395,0.0,0.0,0.0,0.0,0.0,0.0,0.11437112092971802,0.11437112092971802,2.0
data_185,0,0,0.6249527335166931,0.0,0.0,0.0,0.12266713380813599,0.0,0.0,0.0,0.12266713380813599,3.0
data_185,0,0,0.6773433089256287,0.0,0.0,0.12266713380813599,0.12266713380813599,0.0,0.0,0.12266713380813599,0.12266713380813599,3.0
data_185,0,0,0.5126035809516907,0.12266713380813599,0.40869565217391307,0.12266713380813599,0.12266713380813599,0.12266713380813599,0.40869565217391307,0.12266713380813599,0.12266713380813599,3.0
data_185,0,0,0.8375371098518372,0.0,0.0,0.0,0.0,0.0,0.0,0.24489843845367432,0.24896985292434692,4.0
data_185,0,0,0.6982027292251587,0.0,0.0,0.0,0.0,0.17201822996139526,0.20588235294117646,0.19481807947158813,0.24896985292434692,4.0
data_185,1,0,0.47219517827033997,0.0,0.0,0.0,0.0,0.0,0.0,0.02248328924179077,0.24896985292434692,4.0
data_185,1,0,0.5585633516311646,0.0,0.0,0.0,0.0,0.07695162296295166,0.7647058823529411,0.07695162296295166,0.24896985292434692,4.0
data_185,0,0,0.7262687683105469,0.1867261528968811,0.345679012345679,0.1867261528968811,0.1867261528968811,0.0,0.0,0.0,0.0,3.0
data_185,0,0,0.7607150077819824,0.0,0.0,0.1867261528968811,0.1867261528968811,0.0,0.0,0.0,0.0,3.0
data_185,0,0,0.7501535415649414,0.0,0.0,0.0,0.1867261528968811,0.0,0.0,0.0,0.0,3.0
data_185,0,0,0.5998599529266357,0.07628524303436279,0.11538461538461539,0.07628524303436279,0.07628524303436279,0.0,0.0,0.07222354412078857,0.2115548849105835,3.0
data_185,0,0,0.737890362739563,0.0,0.0,0.019510209560394287,0.07628524303436279,0.2115548849105835,0.01282051282051282,0.2115548849105835,0.2115548849105835,3.0
data_185,0,0,0.6371390223503113,0.0,0.0,0.0,0.07628524303436279,0.0,0.0,0.2115548849105835,0.2115548849105835,3.0
data_185,0,0,0.7960013151168823,0.0,0.0,0.0,0.0,0.0391804575920105,0.42657342657342656,0.0391804575920105,0.0391804575920105,2.0
data_185,0,0,0.7123150825500488,0.0,0.0,0.0,0.0,0.0,0.0,0.0391804575920105,0.0391804575920105,2.0
data_186,0,1,,,,,,,,,,
data_186,0,1,,,,,,,,,,
data_186,0,1,,,,,,,,,,
data_186,0,1,,,,,,,,,,
data_186,0,0,0.7660689353942871,0.0,0.0,0.0,0.0,0.1708279848098755,0.0967741935483871,0.1708279848098755,0.1708279848098755,4.0
data_186,0,0,0.8318175673484802,0.0,0.0,0.0,0.0,0.0,0.0,0.1708279848098755,0.1708279848098755,4.0
data_186,0,0,0.6890800595283508,0.0,0.0,0.0,0.0,0.0,0.0,0.0,0.1708279848098755,4.0
data_186,0,0,0.7303147912025452,0.0,0.0,0.0,0.0,0.0,0.0,0.0,0.1708279848098755,4.0
data_186,0,0,0.9324339032173157,0.0,0.0,0.0,0.0,0.36081981658935547,0.9545454545454546,0.36081981658935547,0.4199722409248352,4.0
data_186,0,0,0.7831947207450867,0.0,0.0,0.0,0.0,0.059152424335479736,0.9090909090909091,0.059152424335479736,0.4199722409248352,4.0
data_186,0,0,0.7971442937850952,0.0,0.0,0.0,0.0,0.0,0.0,0.0,0.4199722409248352,4.0
data_186,0,0,0.8156728148460388,0.0,0.0,0.0,0.0,0.0,0.0,0.10320624709129333,0.4199722409248352,4.0
data_186,0,0,0.854304850101471,0.0,0.0,0.0,0.09220969676971436,0.0,0.0,0.0,0.1189504861831665,4.0
data_186,0,0,0.6319355964660645,0.008813023567199707,0.2840909090909091,0.09220969676971436,0.09220969676971436,0.0,0.0,0.0,0.1189504861831665,4.0
data_186,0,0,0.7048409581184387,0.08339667320251465,0.07954545454545454,0.08339667320251465,0.09220969676971436,0.1189504861831665,0.4431818181818182,0.1189504861831665,0.1189504861831665,4.0
data_186,0,0,0.899420440196991,0.0,0.0,0.0,0.09220969676971436,0.0,0.0,0.02674078941345215,0.1189504861831665,4.0
data_186,0,0,0.9301046133041382,0.0,0.0,0.0,0.0,0.0,0.0,0.10119825601577759,0.22955167293548584,4.0
data_186,0,0,0.6706165671348572,0.0,0.0,0.0,0.0,0.0,0.0,0.0,0.22955167293548584,4.0
data_186,0,0,0.713165819644928,0.0,0.0,0.0,0.0,0.22955167293548584,0.2962962962962963,0.22955167293548584,0.22955167293548584,4.0
data_186,0,0,0.6886389255523682,0.0,0.0,0.0,0.0,0.0,0.0,0.0,0.22955167293548584,4.0
data_186,0,0,0.7357777953147888,0.0,0.0,0.0,0.19426017999649048,0.10182386636734009,0.27522935779816515,0.21231114864349365,0.4382423162460327,4.0
data_186,0,0,0.7960608005523682,0.0,0.0,0.051772236824035645,0.19426017999649048,0.0,0.0,0.09484720230102539,0.4382423162460327,4.0
data_186,0,0,0.8463977575302124,0.0,0.0,0.19426017999649048,0.19426017999649048,0.14248794317245483,0.6513761467889908,0.14248794317245483,0.4382423162460327,4.0
data_186,0,0,0.8841122388839722,0.19426017999649048,0.5779816513761468,0.19426017999649048,0.19426017999649048,0.1939305067062378,0.1926605504587156,0.1939305067062378,0.4382423162460327,4.0
data_186,0,0,0.7400586009025574,0.0,0.0,0.03853583335876465,0.03853583335876465,0.0,0.0,0.0,0.27573615312576294,4.0
data_186,0,0,0.6314787864685059,0.03853583335876465,0.20481927710843373,0.03853583335876465,0.03853583335876465,0.07773727178573608,0.4939759036144578,0.1263466477394104,0.27573615312576294,4.0
data_186,0,0,0.6518254280090332,0.0,0.0,0.0,0.03853583335876465,0.0,0.0,0.19799888134002686,0.27573615312576294,4.0
data_186,0,0,0.7868273258209229,0.0,0.0,0.0,0.03853583335876465,0.19799888134002686,0.08433734939759036,0.19799888134002686,0.27573615312576294,4.0
data_186,0,1,,,,,,,,,,
data_186,0,1,,,,,,,,,,
data_186,0,1,,,,,,,,,,
data_187,0,1,,,,,,,,,,
data_187,1,1,,,,,,,,,,
data_187,0,1,,,,,,,,,,
data_187,0,0,0.7721073627471924,0.11425584554672241,0.7575757575757576,0.11425584554672241,0.11425584554672241,0.11425584554672241,0.7575757575757576,0.11425584554672241,0.11425584554672241,3.0
data_187,0,0,0.6887876391410828,0.0,0.0,0.005546867847442627,0.11425584554672241,0.0,0.0,0.005546867847442627,0.11425584554672241,3.0
data_187,0,0,0.7716382145881653,0.0,0.0,0.02658599615097046,0.11425584554672241,0.0,0.0,0.02658599615097046,0.11425584554672241,3.0
data_187,0,0,0.79824298620224,0.0,0.0,0.0,0.0,0.0,0.0,0.10436981916427612,0.10436981916427612,2.0
data_187,0,0,0.7421252727508545,0.0,0.0,0.0,0.0,0.10436981916427612,0.15,0.10436981916427612,0.10436981916427612,2.0
data_187,0,0,0.7482481002807617,0.0,0.0,0.0,0.0,0.17451858520507812,0.125,0.26605695486068726,0.26605695486068726,2.0
data_187,0,0,0.6541313529014587,0.0,0.0,0.0,0.0,0.09153836965560913,0.375,0.26605695486068726,0.26605695486068726,2.0
data_187,0,0,0.7519944310188293,0.0,0.0,0.0,0.0,0.07521712779998779,0.4727272727272727,0.07521712779998779,0.07521712779998779,2.0
data_187,0,0,0.8405283093452454,0.0,0.0,0.0,0.0,0.0,0.0,0.07521712779998779,0.07521712779998779,2.0
data_188,0,1,,,,,,,,,,
data_188,0,1,,,,,,,,,,
data_188,0,0,0.7901631593704224,0.0,0.0,0.0,0.0,0.0,0.0,0.04842609167098999,0.04842609167098999,2.0
data_188,0,0,0.8132144808769226,0.0,0.0,0.0,0.0,0.04842609167098999,0.18518518518518517,0.04842609167098999,0.04842609167098999,2.0
data_188,1,0,0.7799401879310608,0.0,0.0,0.0,0.0,0.0,0.0,0.0,0.0,2.0
data_188,0,0,0.7848638296127319,0.0,0.0,0.0,0.0,0.0,0.0,0.0,0.0,2.0
data_188,0,0,0.8696050643920898,0.0,0.0,0.0,0.0,0.0,0.0,0.06855952739715576,0.06855952739715576,2.0
data_188,0,0,0.8206542134284973,0.0,0.0,0.0,0.0,0.06855952739715576,0.8148148148148148,0.06855952739715576,0.06855952739715576,2.0
data_188,0,0,0.7802147269248962,0.0,0.0,0.0,0.0,0.0,0.0,0.007354855537414551,0.007354855537414551,2.0
data_188,0,0,0.7761379480361938,0.0,0.0,0.0,0.0,0.007354855537414551,0.20967741935483872,0.007354855537414551,0.007354855537414551,2.0
data_189,0,1,,,,,,,,,,
data_189,0,1,,,,,,,,,,
data_189,0,1,,,,,,,,,,
data_189,0,0,0.881370484828949,0.0,0.0,0.0,0.24700915813446045,0.0,0.0,0.0,0.18988794088363647,4.0
data_189,0,0,0.8769960999488831,0.0,0.0,0.1402638554573059,0.24700915813446045,0.0,0.0,0.0,0.18988794088363647,4.0
data_189,0,0,0.9419530034065247,0.18988794088363647,0.16923076923076924,0.24700915813446045,0.24700915813446045,0.18988794088363647,0.16923076923076924,0.18988794088363647,0.18988794088363647,4.0
data_189,0,0,0.5915254950523376,0.057121217250823975,0.15384615384615385,0.057121217250823975,0.24700915813446045,0.0,0.0,0.0,0.18988794088363647,4.0
data_189,1,0,0.7914333939552307,0.0,0.0,0.0,0.010515749454498291,0.15419214963912964,0.1891891891891892,0.15419214963912964,0.2935805916786194,4.0
data_189,0,0,0.7851961851119995,0.010515749454498291,0.16216216216216217,0.010515749454498291,0.010515749454498291,0.010515749454498291,0.16216216216216217,0.1354130506515503,0.2935805916786194,4.0
data_189,0,0,0.8388597369194031,0.0,0.0,0.010515749454498291,0.010515749454498291,0.0,0.0,0.2167423963546753,0.2935805916786194,4.0
data_189,0,0,0.8251449465751648,0.0,0.0,0.0,0.010515749454498291,0.12887269258499146,0.5540540540540541,0.12887269258499146,0.2935805916786194,4.0
data_189,0,0,0.7599664330482483,0.0,0.0,0.0,0.0,0.0,0.0,0.0,0.0,3.0
data_189,0,0,0.7634010910987854,0.0,0.0,0.0,0.0,0.0,0.0,0.0,0.0,3.0
data_189,0,0,0.854312002658844,0.0,0.0,0.0,0.0,0.0,0.0,0.0,0.0,3.0
data_189,0,0,0.7475723028182983,0.0,0.0,0.0,0.0,0.0,0.0,0.0,0.356827050447464,4.0
data_189,0,0,0.8108056783676147,0.0,0.0,0.0,0.0,0.0,0.0,0.2118089497089386,0.356827050447464,4.0
data_189,0,0,0.7003898024559021,0.0,0.0,0.0,0.0,0.2118089497089386,0.4827586206896552,0.2118089497089386,0.356827050447464,4.0
data_189,0,0,0.765327513217926,0.0,0.0,0.0,0.0,0.1450181007385254,0.8275862068965517,0.1450181007385254,0.356827050447464,4.0
data_190,0,0,0.6332675218582153,,,,,,,,,
data_190,0,0,0.6941790580749512,0.1511152982711792,0.10377358490566038,0.1511152982711792,0.1511152982711792,0.0,0.0,0.21624040603637695,0.9938306510448456,6.0
data_190,0,0,0.9623545408248901,0.0,0.0,0.0,0.1511152982711792,0.0,0.0,0.17449507117271423,0.9938306510448456,6.0
data_190,0,0,0.9307522177696228,0.0,0.0,0.0,0.1511152982711792,0.4691352844238281,0.20754716981132076,0.4691352844238281,0.9938306510448456,6.0
data_190,0,0,0.6813363432884216,0.0,0.0,0.0,0.1511152982711792,0.07973641157150269,0.0660377358490566,0.29229259490966797,0.9938306510448456,6.0
data_190,0,0,0.747925877571106,0.0,0.0,0.0,0.1511152982711792,0.44495895504951477,0.49056603773584906,0.44495895504951477,0.9938306510448456,6.0
data_190,0,0,0.7412492036819458,0.0,0.0,0.0,0.1511152982711792,0.0,0.0,0.052686095237731934,0.9938306510448456,6.0
data_190,0,0,0.7880799770355225,0.0,0.0,0.0,0.05120134353637695,0.032583773136138916,0.5068493150684932,0.032583773136138916,0.1360531449317932,5.0
data_190,0,0,0.9265074133872986,0.0,0.0,0.0,0.05120134353637695,0.0,0.0,0.005979418754577637,0.1360531449317932,5.0
data_190,0,0,0.6339592933654785,0.0,0.0,0.0,0.05120134353637695,0.09748995304107666,0.3561643835616438,0.09748995304107666,0.1360531449317932,5.0
data_190,0,0,0.8033621311187744,0.0,0.0,0.045221924781799316,0.05120134353637695,0.0,0.0,0.09260761737823486,0.1360531449317932,5.0
data_190,0,0,0.6724469065666199,0.05120134353637695,0.5068493150684932,0.05120134353637695,0.05120134353637695,0.005979418754577637,0.3287671232876712,0.005979418754577637,0.1360531449317932,5.0
data_190,0,0,0.7788867950439453,0.0,0.0,0.0,0.0,0.0,0.0,0.1450715959072113,0.335813969373703,5.0
data_190,0,0,0.7420211434364319,0.0,0.0,0.0,0.0,0.1417759656906128,0.16363636363636364,0.18900412321090698,0.335813969373703,5.0
data_190,0,0,0.7176490426063538,0.0,0.0,0.0,0.0,0.04722815752029419,0.01818181818181818,0.18900412321090698,0.335813969373703,5.0
data_190,0,0,0.5868497490882874,0.0,0.0,0.0,0.0,0.14680984616279602,0.34545454545454546,0.14680984616279602,0.335813969373703,5.0
data_190,0,0,0.7570106387138367,0.0,0.0,0.0,0.0,0.0,0.0,0.0,0.335813969373703,5.0
data_190,0,0,0.8513758778572083,0.0,0.0,0.0,0.0,0.34572845697402954,0.211864406779661,0.34572845697402954,0.6626122295856476,4.0
data_190,0,0,0.7745400071144104,0.0,0.0,0.0,0.0,0.0,0.0,0.2784355878829956,0.6626122295856476,4.0
data_190,0,0,0.7020324468612671,0.0,0.0,0.0,0.0,0.0,0.0,0.012329041957855225,0.6626122295856476,4.0
data_190,0,0,0.6862326264381409,0.0,0.0,0.0,0.0,0.31688377261161804,0.6101694915254238,0.31688377261161804,0.6626122295856476,4.0
data_190,0,0,0.7786862850189209,0.022900283336639404,0.5402298850574713,0.022900283336639404,0.022900283336639404,0.022900283336639404,0.5402298850574713,0.022900283336639404,0.12312626838684082,3.0
data_190,1,0,0.5842918753623962,0.0,0.0,0.022900283336639404,0.022900283336639404,0.0391504168510437,0.5172413793103449,0.12312626838684082,0.12312626838684082,3.0
data_190,0,0,0.6614744663238525,0.0,0.0,0.0,0.022900283336639404,0.061075568199157715,0.27586206896551724,0.10022598505020142,0.12312626838684082,3.0
data_190,0,0,0.7822855710983276,0.0,0.0,0.0,0.0,0.042236506938934326,0.5611510791366906,0.042236506938934326,0.21878975629806519,3.0
data_190,0,0,0.7206619381904602,0.0,0.0,0.0,0.0,0.0,0.0,0.17655324935913086,0.21878975629806519,3.0
data_190,0,0,0.7679104804992676,0.0,0.0,0.0,0.0,0.17655324935913086,0.4028776978417266,0.17655324935913086,0.21878975629806519,3.0
data_191,0,1,,,,,,,,,,
data_191,0,1,,,,,,,,,,
data_191,1,1,,,,,,,,,,
data_191,0,0,0.8938012719154358,0.0,0.0,0.0,0.0,0.0,0.0,0.016646504402160645,0.13574492931365967,4.0
data_191,0,0,0.8308068513870239,0.0,0.0,0.0,0.0,0.0,0.0,0.0,0.13574492931365967,4.0
data_191,0,0,0.8138995170593262,0.0,0.0,0.0,0.0,0.13574492931365967,0.3,0.13574492931365967,0.13574492931365967,4.0
data_191,0,0,0.9044546484947205,0.0,0.0,0.0,0.0,0.0,0.0,0.0,0.13574492931365967,4.0
data_191,0,0,0.8758132457733154,0.07491403818130493,0.26582278481012656,0.07491403818130493,0.07491403818130493,0.07491403818130493,0.26582278481012656,0.24646732211112976,0.4075377881526947,4.0
data_191,0,0,0.7899671196937561,0.0,0.0,0.07491403818130493,0.07491403818130493,0.0,0.0,0.24646732211112976,0.4075377881526947,4.0
data_191,0,0,0.7125900983810425,0.0,0.0,0.0,0.07491403818130493,0.33262374997138977,0.4810126582278481,0.33262374997138977,0.4075377881526947,4.0
data_191,0,0,0.6577068567276001,0.0,0.0,0.0,0.07491403818130493,0.0,0.0,0.058063358068466187,0.4075377881526947,4.0
data_191,0,0,0.9077145457267761,0.0,0.0,0.0,0.0,0.0,0.0,0.0,0.30900657176971436,4.0
data_191,0,0,0.7741216421127319,0.0,0.0,0.0,0.0,0.20648998022079468,0.5,0.21189433336257935,0.30900657176971436,4.0
data_191,0,0,0.7865771055221558,0.0,0.0,0.0,0.0,0.0,0.0,0.1755775809288025,0.30900657176971436,4.0
data_191,1,0,0.7202627062797546,0.0,0.0,0.0,0.0,0.10251659154891968,0.1144578313253012,0.11516702175140381,0.30900657176971436,4.0
data_191,0,0,0.8568574786186218,0.0,0.0,0.15764695405960083,0.3804152011871338,0.0,0.0,0.16279751062393188,0.38556575775146484,3.0
data_191,0,0,0.7418768405914307,0.0,0.0,0.06373488903045654,0.3804152011871338,0.05713379383087158,0.19875776397515527,0.0688854455947876,0.38556575775146484,3.0
data_191,1,0,0.9052393436431885,0.3804152011871338,0.42857142857142855,0.3804152011871338,0.3804152011871338,0.32843196392059326,0.18012422360248448,0.32843196392059326,0.38556575775146484,3.0
data_191,0,0,0.9037975072860718,0.0,0.0,0.0,0.014974236488342285,0.0,0.0,0.0,0.014974236488342285,3.0
data_191,1,0,0.6724728345870972,0.014974236488342285,0.42857142857142855,0.014974236488342285,0.014974236488342285,0.014974236488342285,0.42857142857142855,0.014974236488342285,0.014974236488342285,3.0
data_191,0,0,0.7236140966415405,0.0,0.0,0.014974236488342285,0.014974236488342285,0.0,0.0,0.014974236488342285,0.014974236488342285,3.0
data_192,0,1,,,,,,,,,,
data_192,0,1,,,,,,,,,,
data_192,0,1,,,,,,,,,,
data_192,0,1,,,,,,,,,,
data_192,0,1,,,,,,,,,,
data_192,0,1,,,,,,,,,,
data_192,0,0,0.9330126643180847,0.0,0.0,0.13748586177825928,0.18651241064071655,0.0,0.0,0.15957555174827576,0.3747922480106354,5.0
data_192,0,0,0.8748707175254822,0.0,0.0,0.0,0.18651241064071655,0.049026548862457275,0.061224489795918366,0.1837938129901886,0.3747922480106354,5.0
data_192,0,0,0.8183846473693848,0.18651241064071655,0.16326530612244897,0.18651241064071655,0.18651241064071655,0.0,0.0,0.0,0.3747922480106354,5.0
data_192,0,0,0.8034760355949402,0.0,0.0,0.0,0.18651241064071655,0.3257656991481781,0.20408163265306123,0.3257656991481781,0.3747922480106354,5.0
data_192,0,0,0.8132494688034058,0.0,0.0,0.0,0.18651241064071655,0.0,0.0,0.0,0.3747922480106354,5.0
data_192,0,0,0.659242570400238,0.0,0.0,0.0,0.12393969297409058,0.10381847620010376,0.06944444444444445,0.10381847620010376,0.5496240556240082,5.0
data_192,0,0,0.9052491188049316,0.0,0.0,0.0,0.12393969297409058,0.06431043148040771,0.013888888888888888,0.28157898783683777,0.5496240556240082,5.0
data_192,0,0,0.716025710105896,0.0,0.0,0.0,0.12393969297409058,0.04910552501678467,0.05555555555555555,0.2083868384361267,0.5496240556240082,5.0
data_192,0,0,0.729266345500946,0.0,0.0,0.07483416795730591,0.12393969297409058,0.33238962292671204,0.1388888888888889,0.3326682150363922,0.5496240556240082,5.0
data_192,0,0,0.805069625377655,0.12393969297409058,0.5555555555555556,0.12393969297409058,0.12393969297409058,0.0,0.0,0.14734765887260437,0.5496240556240082,5.0
data_192,0,0,0.7851176261901855,0.0,0.0,0.0,0.0,0.3415834307670593,0.49375,0.3415834307670593,0.5083490014076233,5.0
data_192,0,0,0.7223525047302246,0.0,0.0,0.0,0.0,0.028672218322753906,0.01875,0.028672218322753906,0.5083490014076233,5.0
data_192,0,0,0.9240502715110779,0.0,0.0,0.0,0.0,0.0,0.0,0.08887046575546265,0.5083490014076233,5.0
data_192,1,0,0.7919564247131348,0.0,0.0,0.0,0.0,0.0,0.0,0.08189797401428223,0.5083490014076233,5.0
data_192,0,0,0.695829451084137,0.0,0.0,0.0,0.0,0.13809335231781006,0.575,0.16676557064056396,0.5083490014076233,5.0
data_192,0,0,0.6873573064804077,0.0548587441444397,0.8416666666666667,0.0548587441444397,0.0548587441444397,0.04403179883956909,0.7333333333333333,0.14071595668792725,0.38987404108047485,5.0
data_192,0,0,0.796789824962616,0.0,0.0,0.0,0.0548587441444397,0.0,0.0,0.09322646260261536,0.38987404108047485,5.0
data_192,0,0,0.6745567917823792,0.0,0.0,0.0,0.0548587441444397,0.034205079078674316,0.1,0.12370598316192627,0.38987404108047485,5.0
data_192,1,0,0.8193628191947937,0.0,0.0,0.0,0.0548587441444397,0.31163716316223145,0.23333333333333334,0.31163716316223145,0.38987404108047485,5.0
data_192,0,0,0.5668850541114807,0.0,0.0,0.0,0.0548587441444397,0.0,0.0,0.20460325479507446,0.38987404108047485,5.0
data_193,0,0,0.5648354291915894,0.0,0.0,0.007364213466644287,0.007364213466644287,0.0,0.0,0.007364213466644287,0.007364213466644287,2.0
data_193,0,0,0.5381378531455994,0.007364213466644287,0.31386861313868614,0.007364213466644287,0.007364213466644287,0.007364213466644287,0.31386861313868614,0.007364213466644287,0.007364213466644287,2.0
data_193,0,0,0.799365222454071,0.0,0.0,0.0,0.0,0.0,0.0,0.0,0.0,2.0
data_193,0,0,0.7537202835083008,0.0,0.0,0.0,0.0,0.0,0.0,0.0,0.0,2.0
data_193,0,0,0.6989082098007202,0.0,0.0,0.0,0.0,0.036569297313690186,0.8070175438596491,0.2055375576019287,0.2055375576019287,3.0
data_193,0,0,0.67842698097229,0.0,0.0,0.0,0.0,0.0,0.0,0.2055375576019287,0.2055375576019287,3.0
data_193,0,0,0.6924408674240112,0.0,0.0,0.0,0.0,0.16896826028823853,0.7105263157894737,0.16896826028823853,0.2055375576019287,3.0
data_193,1,0,0.6547590494155884,0.0,0.0,0.0,0.0,0.045976877212524414,0.9019607843137255,0.045976877212524414,0.045976877212524414,2.0
data_193,1,0,0.5406091213226318,0.0,0.0,0.0,0.0,0.0,0.0,0.045976877212524414,0.045976877212524414,2.0
data_193,0,0,0.7925742864608765,0.0,0.0,0.0,0.0,0.0,0.0,0.0,0.0,2.0
data_193,0,0,0.7035398483276367,0.0,0.0,0.0,0.0,0.0,0.0,0.0,0.0,2.0
data_193,0,0,0.783503532409668,,,,,,,,,
data_193,0,0,0.7125547528266907,,,,,,,,,
data_193,0,0,0.7125514149665833,0.0,0.0,0.0,0.0,0.14262932538986206,0.5681818181818182,0.14262932538986206,0.14262932538986206,2.0
data_193,0,0,0.7482990026473999,0.0,0.0,0.0,0.0,0.0,0.0,0.14262932538986206,0.14262932538986206,2.0
data_193,0,0,0.6222788095474243,0.0,0.0,0.0377199649810791,0.0377199649810791,0.0,0.0,0.0,0.0,2.0
data_193,1,0,0.564555287361145,0.0377199649810791,0.5,0.0377199649810791,0.0377199649810791,0.0,0.0,0.0,0.0,2.0
data_193,0,0,0.7415169477462769,0.0,0.0,0.0,0.0,0.0,0.0,0.0,0.0,2.0
data_193,0,0,0.5759643316268921,0.0,0.0,0.0,0.0,0.0,0.0,0.0,0.0,2.0
data_194,0,1,,,,,,,,,,
data_194,0,1,,,,,,,,,,
data_194,0,0,0.7933430075645447,0.0,0.0,0.0,0.0,0.0,0.0,0.12451750040054321,0.61747607588768,4.0
data_194,0,0,0.8534230589866638,0.0,0.0,0.0,0.0,0.0,0.0,0.220414400100708,0.61747607588768,4.0
data_194,0,0,0.8066152930259705,0.0,0.0,0.0,0.0,0.3529376983642578,0.10714285714285714,0.3529376983642578,0.61747607588768,4.0
data_194,0,0,0.7162869572639465,0.0,0.0,0.0,0.0,0.26453837752342224,0.4107142857142857,0.26453837752342224,0.61747607588768,4.0
data_194,0,0,0.7769981026649475,0.0,0.0,0.0,0.0,0.13367164134979248,0.3858267716535433,0.13367164134979248,0.13367164134979248,4.0
data_194,0,0,0.5655232667922974,0.0,0.0,0.0,0.0,0.0,0.0,0.0023564696311950684,0.13367164134979248,4.0
data_194,0,0,0.753250241279602,0.0,0.0,0.0,0.0,0.0,0.0,0.010149776935577393,0.13367164134979248,4.0
data_194,0,0,0.8403352499008179,0.0,0.0,0.0,0.0,0.0,0.0,0.044688642024993896,0.13367164134979248,4.0
data_194,0,0,0.8030949234962463,0.0,0.0,0.0,0.0,0.0,0.0,0.0,0.0,3.0
data_194,1,0,0.6604157090187073,0.0,0.0,0.0,0.0,0.0,0.0,0.0,0.0,3.0
data_194,0,0,0.8033183813095093,0.0,0.0,0.0,0.0,0.0,0.0,0.0,0.0,3.0
data_194,0,0,0.8903459906578064,0.0,0.0,0.0,0.12850284576416016,0.0,0.0,0.11684107780456543,0.3458426594734192,4.0
data_194,0,0,0.8112919926643372,0.0,0.0,0.0,0.12850284576416016,0.21733981370925903,0.2571428571428571,0.21733981370925903,0.3458426594734192,4.0
data_194,0,0,0.7510828375816345,0.12850284576416016,0.3,0.12850284576416016,0.12850284576416016,0.12850284576416016,0.3,0.3458426594734192,0.3458426594734192,4.0
data_194,0,0,0.8070374727249146,0.0,0.0,0.12850284576416016,0.12850284576416016,0.0,0.0,0.06955581903457642,0.3458426594734192,4.0
data_194,0,0,0.7368112206459045,0.0,0.0,0.0,0.01990419626235962,0.1190977692604065,0.6119402985074627,0.1190977692604065,0.1190977692604065,3.0
data_194,0,0,0.6887423992156982,0.0,0.0,0.01990419626235962,0.01990419626235962,0.0,0.0,0.036604106426239014,0.1190977692604065,3.0
data_194,0,0,0.7383534908294678,0.01990419626235962,0.07462686567164178,0.01990419626235962,0.01990419626235962,0.0,0.0,0.0,0.1190977692604065,3.0
data_194,0,0,0.743095338344574,0.06164747476577759,0.3620689655172414,0.06164747476577759,0.21105128526687622,0.06164747476577759,0.3620689655172414,0.06164747476577759,0.21105128526687622,3.0
data_194,0,0,0.7042116522789001,0.14940381050109863,0.5,0.14940381050109863,0.21105128526687622,0.14940381050109863,0.5,0.14940381050109863,0.21105128526687622,3.0
data_194,0,0,0.8100813627243042,0.0,0.0,0.21105128526687622,0.21105128526687622,0.0,0.0,0.15564459562301636,0.21105128526687622,3.0
data_195,0,1,,,,,,,,,,
data_195,0,1,,,,,,,,,,
data_195,0,1,,,,,,,,,,
data_195,0,1,,,,,,,,,,
data_195,0,0,0.8599886894226074,0.0,0.0,0.0,0.14956581592559814,0.0,0.0,0.127669095993042,0.3060523271560669,5.0
data_195,0,0,0.8107417821884155,0.0,0.0,0.03597825765609741,0.14956581592559814,0.09164685010910034,0.06802721088435375,0.1294938325881958,0.3060523271560669,5.0
data_195,0,0,0.6957913041114807,0.08233428001403809,0.16326530612244897,0.08233428001403809,0.14956581592559814,0.0,0.0,0.0,0.3060523271560669,5.0
data_195,0,0,0.7446384429931641,0.0,0.0,0.0,0.14956581592559814,0.21440547704696655,0.36054421768707484,0.21440547704696655,0.3060523271560669,5.0
data_195,0,0,0.7908287048339844,0.06723153591156006,0.4217687074829932,0.06723153591156006,0.14956581592559814,0.0,0.0,0.0,0.3060523271560669,5.0
data_195,0,0,0.7902755737304688,0.0,0.0,0.0,0.10169225931167603,0.14060163497924805,0.5517241379310345,0.14060163497924805,0.3543621897697449,5.0
data_195,0,0,0.7295600771903992,0.0,0.0,0.0,0.10169225931167603,0.06604176759719849,0.45977011494252873,0.0987323522567749,0.3543621897697449,5.0
data_195,0,0,0.863346517086029,0.0,0.0,0.0,0.10169225931167603,0.0,0.0,0.2160448431968689,0.3543621897697449,5.0
data_195,1,0,0.6905016303062439,0.10169225931167603,0.41379310344827586,0.10169225931167603,0.10169225931167603,0.09893286228179932,0.7241379310344828,0.09893286228179932,0.3543621897697449,5.0
data_195,0,0,0.7900876998901367,0.0,0.0,0.035449981689453125,0.10169225931167603,0.04878592491149902,0.3448275862068966,0.04878592491149902,0.3543621897697449,5.0
data_195,0,0,0.8975556492805481,0.0,0.0,0.0,0.04394102096557617,0.0,0.0,0.0,0.2547740340232849,5.0
data_195,0,0,0.6822392344474792,0.012255370616912842,0.4485981308411215,0.012255370616912842,0.04394102096557617,0.15725624561309814,0.18691588785046728,0.15725624561309814,0.2547740340232849,5.0
data_195,0,0,0.7725991010665894,0.03168565034866333,0.21495327102803738,0.04394102096557617,0.04394102096557617,0.016287505626678467,0.04672897196261682,0.09751778841018677,0.2547740340232849,5.0
data_195,0,0,0.900999128818512,0.0,0.0,0.04394102096557617,0.04394102096557617,0.0,0.0,0.21224993467330933,0.2547740340232849,5.0
data_195,0,0,0.801762580871582,0.0,0.0,0.0,0.04394102096557617,0.0812302827835083,0.08411214953271028,0.0812302827835083,0.2547740340232849,5.0
data_196,0,1,,,,,,,,,,
data_196,0,1,,,,,,,,,,
data_196,1,1,,,,,,,,,,
data_196,0,1,,,,,,,,,,
data_196,0,0,0.7413851618766785,0.0,0.0,0.0,0.0,0.0,0.0,0.05488455295562744,0.21413159370422363,4.0
data_196,0,0,0.6703490018844604,0.0,0.0,0.0,0.0,0.07710772752761841,0.5113636363636364,0.07710772752761841,0.21413159370422363,4.0
data_196,0,0,0.7469449043273926,0.0,0.0,0.0,0.0,0.0,0.0,0.13702386617660522,0.21413159370422363,4.0
data_196,0,0,0.6215128898620605,0.0,0.0,0.0,0.0,0.13702386617660522,0.3181818181818182,0.13702386617660522,0.21413159370422363,4.0
data_196,0,0,0.6753557324409485,0.02312326431274414,0.20967741935483872,0.02312326431274414,0.02312326431274414,0.02312326431274414,0.20967741935483872,0.02312326431274414,0.37421900033950806,4.0
data_196,0,0,0.924310564994812,0.0,0.0,0.0,0.02312326431274414,0.0,0.0,0.0480039119720459,0.37421900033950806,4.0
data_196,0,0,0.7751862406730652,0.0,0.0,0.0,0.02312326431274414,0.0,0.0,0.3510957360267639,0.37421900033950806,4.0
data_196,0,0,0.884856641292572,0.0,0.0,0.0,0.02312326431274414,0.3510957360267639,0.24193548387096775,0.3510957360267639,0.37421900033950806,4.0
data_196,0,0,0.6727687120437622,0.0,0.0,0.0,0.16397792100906372,0.13291358947753906,0.029850746268656716,0.13291358947753906,0.35484129190444946,4.0
data_196,0,0,0.854241132736206,0.0,0.0,0.16397792100906372,0.16397792100906372,0.0,0.0,0.07455390691757202,0.35484129190444946,4.0
data_196,0,0,0.7606731653213501,0.16397792100906372,0.5074626865671642,0.16397792100906372,0.16397792100906372,0.0,0.0,0.04168367385864258,0.35484129190444946,4.0
data_196,0,0,0.7875477075576782,0.0,0.0,0.029639124870300293,0.16397792100906372,0.2219277024269104,0.5074626865671642,0.35484129190444946,0.35484129190444946,4.0
data_197,0,0,0.6390853524208069,0.0,0.0,0.0,0.0,0.0,0.0,0.0,0.0,2.0
data_197,0,0,0.6888663172721863,0.0,0.0,0.0,0.0,0.0,0.0,0.0,0.0,2.0
data_197,0,1,,,,,,,,,,
data_197,0,1,,,,,,,,,,
data_197,0,0,0.7939881086349487,0.0,0.0,0.0,0.0,0.0,0.0,0.11595386266708374,0.11595386266708374,2.0
data_197,0,0,0.5495209097862244,0.0,0.0,0.0,0.0,0.11595386266708374,0.12903225806451613,0.11595386266708374,0.11595386266708374,2.0
data_197,0,0,0.9520543217658997,0.0,0.0,0.0,0.0,0.0,0.0,0.0,0.0,2.0
data_197,0,0,0.7282892465591431,0.0,0.0,0.0,0.0,0.0,0.0,0.0,0.0,2.0
data_197,0,0,0.7749471664428711,0.17238229513168335,0.16666666666666666,0.17238229513168335,0.17238229513168335,0.17238229513168335,0.16666666666666666,0.17238229513168335,0.17238229513168335,2.0
data_197,0,0,0.9398342967033386,0.0,0.0,0.17238229513168335,0.17238229513168335,0.0,0.0,0.17238229513168335,0.17238229513168335,2.0
data_197,0,0,0.7931323051452637,0.0,0.0,0.0,0.0,0.10248994827270508,0.7746478873239436,0.10248994827270508,0.10248994827270508,2.0
data_197,0,0,0.786923885345459,0.0,0.0,0.0,0.0,0.0,0.0,0.10248994827270508,0.10248994827270508,2.0
data_197,0,0,0.7443986535072327,0.0,0.0,0.0,0.0,0.08829700946807861,0.43103448275862066,0.11192744970321655,0.11192744970321655,2.0
data_197,1,0,0.6740313172340393,0.0,0.0,0.0,0.0,0.02363044023513794,0.3793103448275862,0.11192744970321655,0.11192744970321655,2.0
data_197,0,0,0.7867292761802673,0.0,0.0,0.0,0.0,0.0,0.0,0.0,0.0,2.0
data_197,1,0,0.6196565628051758,0.0,0.0,0.0,0.0,0.0,0.0,0.0,0.0,2.0
data_198,0,1,,,,,,,,,,
data_198,0,0,0.8169716596603394,0.0,0.0,0.0,0.0,0.23264473676681519,0.7631578947368421,0.23264473676681519,0.5216884613037109,4.0
data_198,0,0,0.8853906989097595,0.0,0.0,0.0,0.0,0.16178399324417114,0.631578947368421,0.16178399324417114,0.5216884613037109,4.0
data_198,0,0,0.910788893699646,0.0,0.0,0.0,0.0,0.0,0.0,0.3342961072921753,0.5216884613037109,4.0
data_198,0,0,0.611423909664154,0.0,0.0,0.0,0.0,0.1272597312927246,0.23684210526315788,0.1272597312927246,0.5216884613037109,4.0
data_198,0,0,0.6516398787498474,0.0,0.0,0.0,0.0,0.0,0.0,0.0,0.9067382216453552,5.0
data_198,0,0,0.8605451583862305,0.0,0.0,0.0,0.0,0.0,0.0,0.3143092691898346,0.9067382216453552,5.0
data_198,0,0,0.7682529091835022,0.0,0.0,0.0,0.0,0.30881261825561523,0.10526315789473684,0.30881261825561523,0.9067382216453552,5.0
data_198,0,0,0.9202152490615845,0.0,0.0,0.0,0.0,0.39437538385391235,0.2631578947368421,0.39437538385391235,0.9067382216453552,5.0
data_198,0,0,0.8968489766120911,0.0,0.0,0.0,0.0,0.20355021953582764,0.34210526315789475,0.20355021953582764,0.9067382216453552,5.0
data_198,0,0,0.760870635509491,0.0,0.0,0.00631403923034668,0.00631403923034668,0.0,0.0,0.0,0.0902099609375,4.0
data_198,0,0,0.764862060546875,0.00631403923034668,0.23076923076923078,0.00631403923034668,0.00631403923034668,0.0,0.0,0.0,0.0902099609375,4.0
data_198,0,0,0.8187342286109924,0.0,0.0,0.0,0.00631403923034668,0.0902099609375,0.36538461538461536,0.0902099609375,0.0902099609375,4.0
data_198,0,0,0.6040701270103455,0.0,0.0,0.0,0.00631403923034668,0.0,0.0,0.0902099609375,0.0902099609375,4.0
data_198,0,0,0.6552785634994507,0.0,0.0,0.0,0.0,0.0,0.0,0.0,0.10251933336257935,4.0
data_198,0,0,0.9289010167121887,0.0,0.0,0.0,0.0,0.01770550012588501,0.5245901639344263,0.06208205223083496,0.10251933336257935,4.0
data_198,0,0,0.7956474423408508,0.0,0.0,0.0,0.0,0.08481383323669434,0.21311475409836064,0.08481383323669434,0.10251933336257935,4.0
data_198,0,0,0.8527344465255737,0.0,0.0,0.0,0.0,0.0,0.0,0.08481383323669434,0.10251933336257935,4.0
data_198,0,0,0.6587334275245667,0.0,0.0,0.0,0.03648388385772705,0.0,0.0,0.0,0.0,3.0
data_198,0,0,0.6929026246070862,0.03648388385772705,0.32653061224489793,0.03648388385772705,0.03648388385772705,0.0,0.0,0.0,0.0,3.0
data_198,0,0,0.7075476050376892,0.0,0.0,0.03648388385772705,0.03648388385772705,0.0,0.0,0.0,0.0,3.0
data_198,0,0,0.7850111722946167,0.0,0.0,0.0,0.0,0.07602357864379883,0.47692307692307695,0.07602357864379883,0.07602357864379883,2.0
data_198,0,0,0.8123466968536377,0.0,0.0,0.0,0.0,0.0,0.0,0.07602357864379883,0.07602357864379883,2.0
data_198,0,0,0.7883051037788391,0.0,0.0,0.0,0.0,0.0,0.0,0.0,0.0,2.0
data_198,0,0,0.6383497714996338,0.0,0.0,0.0,0.0,0.0,0.0,0.0,0.0,2.0
data_198,0,0,0.5744407176971436,0.0,0.0,0.0,0.0,0.0,0.0,0.0,0.0,2.0
data_198,0,0,0.6435726881027222,0.0,0.0,0.0,0.0,0.0,0.0,0.0,0.0,2.0
data_199,0,0,0.706463098526001,0.0,0.0,0.0,0.6627322733402252,0.0,0.0,0.2688683569431305,1.2404252886772156,8.0
data_199,0,0,0.7094398736953735,0.0,0.0,0.0,0.6627322733402252,0.08339422941207886,0.38760631834750914,0.20719343423843384,1.2404252886772156,8.0
data_199,0,0,0.7261823415756226,0.0,0.0,0.0,0.6627322733402252,0.14690333604812622,0.08140947752126367,0.1565614938735962,1.2404252886772156,8.0
data_199,0,0,0.8507083654403687,0.0,0.0,0.0,0.6627322733402252,0.3415742516517639,0.5006075334143378,0.362057626247406,1.2404252886772156,8.0
data_199,1,0,0.8681342005729675,0.0,0.0,0.07128062844276428,0.6627322733402252,0.2948768734931946,0.5565006075334143,0.3175608813762665,1.2404252886772156,8.0
data_199,0,0,0.7442810535430908,0.0,0.0,0.0,0.6627322733402252,0.22203987836837769,0.5127582017010935,0.22690320014953613,1.2404252886772156,8.0
data_199,0,0,0.7692347168922424,0.3886496126651764,0.5917375455650061,0.3886496126651764,0.6627322733402252,0.14796364307403564,0.21142162818955043,0.22314375638961792,1.2404252886772156,8.0
data_199,0,0,0.7131267786026001,0.27408266067504883,0.827460510328068,0.27408266067504883,0.6627322733402252,0.003673076629638672,0.8165249088699879,0.05666792392730713,1.2404252886772156,8.0
data_199,0,0,0.49914297461509705,0.06762200593948364,0.4897959183673469,0.06762200593948364,0.06762200593948364,0.0,0.0,0.022564828395843506,0.05096244812011719,3.0
data_199,1,0,0.5594902634620667,0.0,0.0,0.06762200593948364,0.06762200593948364,0.0,0.0,0.05096244812011719,0.05096244812011719,3.0
data_199,0,0,0.49521833658218384,0.0,0.0,0.03922438621520996,0.06762200593948364,0.05096244812011719,0.4897959183673469,0.05096244812011719,0.05096244812011719,3.0
data_199,0,0,0.796139121055603,,,,,,,,,
data_199,0,0,0.6600910425186157,0.0,0.0,0.0,0.0,0.0,0.0,0.2365393117070198,0.3784627094864845,3.0
data_199,0,0,0.7696414589881897,0.0,0.0,0.0,0.0,0.0,0.0,0.3784627094864845,0.3784627094864845,3.0
data_199,0,0,0.4842163920402527,0.0,0.0,0.0,0.0,0.3784627094864845,0.8823529411764706,0.3784627094864845,0.3784627094864845,3.0
data_199,0,0,0.6547829508781433,0.0,0.0,0.0,0.0,0.09962493181228638,0.07291666666666667,0.30208492279052734,0.30208492279052734,3.0
data_199,0,0,0.6974488496780396,0.0,0.0,0.0,0.0,0.20245999097824097,0.07291666666666667,0.30208492279052734,0.30208492279052734,3.0
data_199,0,0,0.8149191737174988,0.0,0.0,0.0,0.0,0.0,0.0,0.2201472520828247,0.30208492279052734,3.0
data_199,0,0,0.6737859845161438,0.0,0.0,0.0,0.0,0.0,0.0,0.0,0.0,3.0
data_199,0,0,0.8129017353057861,0.0,0.0,0.0,0.0,0.0,0.0,0.0,0.0,3.0
data_199,0,0,0.7207761406898499,0.0,0.0,0.0,0.0,0.0,0.0,0.0,0.0,3.0
data_200,0,1,,,,,,,,,,
data_200,0,1,,,,,,,,,,
data_200,0,1,,,,,,,,,,
data_200,1,0,0.5214925408363342,0.025634735822677612,0.6756756756756757,0.025634735822677612,0.025634735822677612,0.017798781394958496,0.24324324324324326,0.017798781394958496,0.23731088638305664,4.0
data_200,0,0,0.7423183917999268,0.0,0.0,0.0,0.025634735822677612,0.21461725234985352,0.8378378378378378,0.21461725234985352,0.23731088638305664,4.0
data_200,0,0,0.8118564486503601,0.0,0.0,0.0,0.025634735822677612,0.004894852638244629,0.21621621621621623,0.022693634033203125,0.23731088638305664,4.0
data_200,0,0,0.7376439571380615,0.0,0.0,0.0,0.025634735822677612,0.0,0.0,0.03348824381828308,0.23731088638305664,4.0
data_200,0,0,0.5797380805015564,0.07230508327484131,0.2807017543859649,0.07230508327484131,0.23351478576660156,0.0,0.0,0.14723926782608032,0.3113088607788086,4.0
data_200,0,0,0.8343104720115662,0.0,0.0,0.07230508327484131,0.23351478576660156,0.14723926782608032,0.3157894736842105,0.14723926782608032,0.3113088607788086,4.0
data_200,0,0,0.6219469904899597,0.010498881340026855,0.21052631578947367,0.010498881340026855,0.23351478576660156,0.16406959295272827,0.43859649122807015,0.16406959295272827,0.3113088607788086,4.0
data_200,0,0,0.7128159999847412,0.1507108211517334,0.40350877192982454,0.16120970249176025,0.23351478576660156,0.0,0.0,0.13470005989074707,0.3113088607788086,4.0
data_200,1,0,0.8609197735786438,0.15540426969528198,0.0784313725490196,0.15540426969528198,0.16042739152908325,0.0,0.0,0.0,0.0,4.0
data_200,1,0,0.8195129632949829,0.0,0.0,0.15540426969528198,0.16042739152908325,0.0,0.0,0.0,0.0,4.0
data_200,0,0,0.6756500005722046,0.0050231218338012695,0.49019607843137253,0.0050231218338012695,0.16042739152908325,0.0,0.0,0.0,0.0,4.0
data_200,0,0,0.836527407169342,0.0,0.0,0.0050231218338012695,0.16042739152908325,0.0,0.0,0.0,0.0,4.0
data_200,0,0,0.731536328792572,0.0,0.0,0.09511375427246094,0.29985588788986206,0.0,0.0,0.06197422742843628,0.21368557214736938,4.0
data_200,0,0,0.7382987141609192,0.10949176549911499,0.34177215189873417,0.20396482944488525,0.29985588788986206,0.10949176549911499,0.34177215189873417,0.10949176549911499,0.21368557214736938,4.0
data_200,0,0,0.7918520569801331,0.19036412239074707,0.5189873417721519,0.19036412239074707,0.29985588788986206,0.1041938066482544,0.620253164556962,0.1041938066482544,0.21368557214736938,4.0
data_200,0,0,0.764954149723053,0.0,0.0,0.08617031574249268,0.29985588788986206,0.0,0.0,0.0,0.21368557214736938,4.0
data_200,1,0,0.7387213110923767,0.0,0.0,0.0,0.0,0.0,0.0,0.0,0.0,3.0
data_200,0,0,0.4983552098274231,0.0,0.0,0.0,0.0,0.0,0.0,0.0,0.0,3.0
data_200,0,0,0.7095266580581665,0.0,0.0,0.0,0.0,0.0,0.0,0.0,0.0,3.0
data_200,0,0,0.7626814246177673,0.0,0.0,0.0,0.0,0.02167719602584839,0.3125,0.02167719602584839,0.09762382507324219,3.0
data_200,0,0,0.8763220310211182,0.0,0.0,0.0,0.0,0.0,0.0,0.0,0.09762382507324219,3.0
data_200,0,0,0.7791444659233093,0.0,0.0,0.0,0.0,0.0759466290473938,0.203125,0.0759466290473938,0.09762382507324219,3.0
data_200,0,0,0.8843214511871338,0.0,0.0,0.15165740251541138,0.15165740251541138,0.0,0.0,0.15165740251541138,0.15165740251541138,4.0
data_200,0,0,0.7111068367958069,0.15165740251541138,0.09615384615384616,0.15165740251541138,0.15165740251541138,0.15165740251541138,0.09615384615384616,0.15165740251541138,0.15165740251541138,4.0
data_200,0,0,0.6888072490692139,0.0,0.0,0.055803775787353516,0.15165740251541138,0.0,0.0,0.055803775787353516,0.15165740251541138,4.0
data_200,1,0,0.7671653032302856,0.0,0.0,0.0,0.15165740251541138,0.0,0.0,0.0,0.15165740251541138,4.0
data_200,0,0,0.7121464610099792,0.0,0.0,0.07288658618927002,0.10950100421905518,0.0,0.0,0.0,0.08345532417297363,4.0
data_200,0,0,0.6105116605758667,0.10950100421905518,0.375,0.10950100421905518,0.10950100421905518,0.036614418029785156,0.4791666666666667,0.036614418029785156,0.08345532417297363,4.0
data_200,0,0,0.571700930595398,0.0,0.0,0.06602498888969421,0.10950100421905518,0.04684090614318848,0.10416666666666667,0.04684090614318848,0.08345532417297363,4.0
data_200,1,0,0.4994385838508606,0.0,0.0,0.04268538951873779,0.10950100421905518,0.0,0.0,0.04684090614318848,0.08345532417297363,4.0
data_201,0,0,0.35554593801498413,0.0,0.0,0.026069000363349915,0.026069000363349915,0.0,0.0,0.0,0.0,3.0
data_201,0,0,0.19757266342639923,0.026069000363349915,0.5,0.026069000363349915,0.026069000363349915,0.0,0.0,0.0,0.0,3.0
data_201,0,0,0.2669609785079956,0.0,0.0,0.0,0.026069000363349915,0.0,0.0,0.0,0.0,3.0
data_201,1,0,0.6203876733779907,0.017979025840759277,0.6751592356687898,0.017979025840759277,0.13163143396377563,0.0,0.0,0.061034560203552246,0.1746869683265686,3.0
data_201,1,0,0.5242535471916199,0.02325063943862915,0.5732484076433121,0.11365240812301636,0.13163143396377563,0.02325063943862915,0.5732484076433121,0.15670794248580933,0.1746869683265686,3.0
data_201,0,0,0.6924862861633301,0.09040176868438721,0.4713375796178344,0.13163143396377563,0.13163143396377563,0.15143632888793945,0.8407643312101911,0.15143632888793945,0.1746869683265686,3.0
data_201,0,0,0.6970717310905457,0.0,0.0,0.0,0.03074219822883606,0.0,0.0,0.0,0.0,3.0
data_201,1,0,0.5680747628211975,0.0,0.0,0.03074219822883606,0.03074219822883606,0.0,0.0,0.0,0.0,3.0
data_201,1,0,0.4476248025894165,0.03074219822883606,0.2962962962962963,0.03074219822883606,0.03074219822883606,0.0,0.0,0.0,0.0,3.0
data_201,0,0,0.6567161679267883,0.04975855350494385,0.5224358974358975,0.05277127027511597,0.05340200662612915,0.0,0.0,0.0,0.0,3.0
data_201,0,0,0.5365332961082458,0.0036434531211853027,0.5288461538461539,0.0036434531211853027,0.05340200662612915,0.0,0.0,0.0,0.0,3.0
data_201,0,0,0.673634946346283,0.0,0.0,0.05340200662612915,0.05340200662612915,0.0,0.0,0.0,0.0,3.0
data_201,0,0,0.6630992293357849,0.07176172733306885,0.46774193548387094,0.07176172733306885,0.07176172733306885,0.0,0.0,0.0,0.08906891942024231,3.0
data_201,1,0,0.5066255927085876,0.0,0.0,0.02995079755783081,0.07176172733306885,0.08906891942024231,0.532258064516129,0.08906891942024231,0.08906891942024231,3.0
data_201,0,0,0.7676405906677246,0.0,0.0,0.0,0.07176172733306885,0.0,0.0,0.017307192087173462,0.08906891942024231,3.0
data_201,0,0,0.5559892058372498,0.0,0.0,0.0,0.020368099212646484,0.22979244589805603,0.11764705882352941,0.22979244589805603,0.22979244589805603,3.0
data_201,0,0,0.5862112045288086,0.0,0.0,0.020368099212646484,0.020368099212646484,0.0,0.0,0.0627308189868927,0.22979244589805603,3.0
data_201,0,0,0.5564150214195251,0.020368099212646484,0.39215686274509803,0.020368099212646484,0.020368099212646484,0.0,0.0,0.22979244589805603,0.22979244589805603,3.0
data_201,0,0,0.6665406227111816,0.0,0.0,0.0,0.0,0.0,0.0,0.0,0.0,3.0
data_201,0,0,0.7781665921211243,0.0,0.0,0.0,0.0,0.0,0.0,0.0,0.0,3.0
data_201,0,0,0.7240661382675171,0.0,0.0,0.0,0.0,0.0,0.0,0.0,0.0,3.0
data_201,1,0,0.4635706841945648,0.01525801420211792,0.2926829268292683,0.01525801420211792,0.01525801420211792,0.0,0.0,0.0,0.0,3.0
data_201,1,0,0.5449305176734924,0.0,0.0,0.01525801420211792,0.01525801420211792,0.0,0.0,0.0,0.0,3.0
data_201,1,0,0.6656616926193237,0.0,0.0,0.0,0.01525801420211792,0.0,0.0,0.0,0.0,3.0
data_202,1,1,,,,,,,,,,
data_202,0,1,,,,,,,,,,
data_202,1,1,,,,,,,,,,
data_202,0,0,0.7460078597068787,0.0,0.0,0.0,0.0,0.0,0.0,0.1378720998764038,0.283133864402771,3.0
data_202,0,0,0.8036621809005737,0.0,0.0,0.0,0.0,0.10737055540084839,0.13513513513513514,0.1378720998764038,0.283133864402771,3.0
data_202,0,0,0.8359735608100891,0.0,0.0,0.0,0.0,0.1757633090019226,0.2702702702702703,0.1757633090019226,0.283133864402771,3.0
data_202,0,0,0.7531590461730957,0.0,0.0,0.0,0.0,0.015275835990905762,0.5833333333333334,0.015275835990905762,0.05377548933029175,3.0
data_202,0,0,0.7320014238357544,0.0,0.0,0.0,0.0,0.038499653339385986,0.24358974358974358,0.038499653339385986,0.05377548933029175,3.0
data_202,0,0,0.7431869506835938,0.0,0.0,0.0,0.0,0.0,0.0,0.038499653339385986,0.05377548933029175,3.0
data_202,1,0,0.6978205442428589,0.0,0.0,0.018107235431671143,0.018107235431671143,0.0,0.0,0.0,0.0,2.0
data_202,0,0,0.49644309282302856,0.018107235431671143,0.2653061224489796,0.018107235431671143,0.018107235431671143,0.0,0.0,0.0,0.0,2.0
data_202,0,0,0.7592219710350037,0.026103734970092773,0.6101694915254238,0.026103734970092773,0.030137062072753906,0.026103734970092773,0.6101694915254238,0.026103734970092773,0.026103734970092773,3.0
data_202,0,0,0.7076778411865234,0.004033327102661133,0.3220338983050847,0.004033327102661133,0.030137062072753906,0.0,0.0,0.0,0.026103734970092773,3.0
data_202,0,0,0.6279700398445129,0.0,0.0,0.004033327102661133,0.030137062072753906,0.0,0.0,0.0,0.026103734970092773,3.0
data_203,0,1,,,,,,,,,,
data_203,0,1,,,,,,,,,,
data_203,0,1,,,,,,,,,,
data_203,0,1,,,,,,,,,,
data_203,0,1,,,,,,,,,,
data_203,0,1,,,,,,,,,,
data_203,0,0,0.8217012882232666,0.0,0.0,0.0,0.0,0.2849322557449341,0.625,0.2849322557449341,0.2849322557449341,3.0
data_203,0,0,0.663675844669342,0.0,0.0,0.0,0.0,0.0,0.0,0.0,0.2849322557449341,3.0
data_203,0,0,0.5822438597679138,0.0,0.0,0.0,0.0,0.0,0.0,0.10598504543304443,0.2849322557449341,3.0
data_203,0,0,0.7135652303695679,0.011461794376373291,0.2647058823529412,0.011461794376373291,0.011461794376373291,0.0,0.0,0.025203019380569458,0.24998879432678223,3.0
data_203,0,0,0.6334646940231323,0.0,0.0,0.011461794376373291,0.011461794376373291,0.0,0.0,0.18026292324066162,0.24998879432678223,3.0
data_203,0,0,0.8884223699569702,0.0,0.0,0.0,0.011461794376373291,0.24998879432678223,0.6617647058823529,0.24998879432678223,0.24998879432678223,3.0
data_203,0,0,0.854926586151123,0.0,0.0,0.0,0.0,0.01574862003326416,0.14814814814814814,0.01574862003326416,0.01574862003326416,3.0
data_203,1,0,0.7860795259475708,0.0,0.0,0.0,0.0,0.0,0.0,0.01574862003326416,0.01574862003326416,3.0
data_203,0,0,0.7616462111473083,0.0,0.0,0.0,0.0,0.0,0.0,0.0,0.01574862003326416,3.0
data_203,0,0,0.7128432989120483,0.0,0.0,0.022031962871551514,0.02319514751434326,0.0,0.0,0.0884714126586914,0.0884714126586914,3.0
data_203,0,0,0.6433011889457703,0.0,0.0,0.0,0.02319514751434326,0.001163184642791748,0.1509433962264151,0.0884714126586914,0.0884714126586914,3.0
data_203,0,0,0.6531275510787964,0.02319514751434326,0.20754716981132076,0.02319514751434326,0.02319514751434326,0.08730822801589966,0.05660377358490566,0.08730822801589966,0.0884714126586914,3.0
data_203,0,0,0.6824133992195129,0.0,0.0,0.0,0.07071560621261597,0.0,0.0,0.0201876163482666,0.09090322256088257,3.0
data_203,0,0,0.4819352626800537,0.0,0.0,0.07071560621261597,0.07071560621261597,0.09090322256088257,0.5641025641025641,0.09090322256088257,0.09090322256088257,3.0
data_203,0,0,0.6208436489105225,0.07071560621261597,0.5128205128205128,0.07071560621261597,0.07071560621261597,0.0,0.0,0.0,0.09090322256088257,3.0
data_203,0,0,0.5404314398765564,0.0,0.0,0.0,0.0,0.007275223731994629,0.234375,0.007275223731994629,0.007275223731994629,3.0
data_203,0,0,0.6649163365364075,0.0,0.0,0.0,0.0,0.0,0.0,0.007275223731994629,0.007275223731994629,3.0
data_203,0,0,0.844005823135376,0.0,0.0,0.0,0.0,0.0,0.0,0.0,0.007275223731994629,3.0
data_203,1,0,0.6715606451034546,0.09686565399169922,0.12987012987012986,0.09686565399169922,0.09686565399169922,0.0,0.0,0.047645241022109985,0.24604547023773193,3.0
data_203,0,0,0.7411843538284302,0.0,0.0,0.09686565399169922,0.09686565399169922,0.24604547023773193,0.7012987012987013,0.24604547023773193,0.24604547023773193,3.0
data_203,0,0,0.6759138703346252,0.0,0.0,0.0,0.09686565399169922,0.0,0.0,0.14917981624603271,0.24604547023773193,3.0
data_204,0,1,,,,,,,,,,
data_204,0,1,,,,,,,,,,
data_204,0,1,,,,,,,,,,
data_204,0,0,0.9442981481552124,0.0,0.0,0.0,0.0,0.19686102867126465,0.21428571428571427,0.19686102867126465,0.5030375123023987,4.0
data_204,0,0,0.9222760200500488,0.0,0.0,0.0,0.0,0.0,0.0,0.20936566591262817,0.5030375123023987,4.0
data_204,0,0,0.8902752995491028,0.0,0.0,0.0,0.0,0.20936566591262817,0.07142857142857142,0.20936566591262817,0.5030375123023987,4.0
data_204,0,0,0.8394536972045898,0.0,0.0,0.0,0.0,0.09681081771850586,0.14285714285714285,0.09681081771850586,0.5030375123023987,4.0
data_204,0,0,0.999150276184082,0.0,0.0,0.0,0.0,0.0,0.0,0.24786561727523804,0.24786561727523804,2.0
data_204,0,0,0.7677903175354004,0.0,0.0,0.0,0.0,0.24786561727523804,0.16853932584269662,0.24786561727523804,0.24786561727523804,2.0
data_204,0,0,0.9880114197731018,0.0,0.0,0.0,0.0,0.0,0.0,0.0,0.0,3.0
data_204,1,0,0.8573035597801208,0.0,0.0,0.0,0.0,0.0,0.0,0.0,0.0,3.0
data_204,1,0,0.5985268950462341,0.0,0.0,0.0,0.0,0.0,0.0,0.0,0.0,3.0
data_204,0,0,0.8187826871871948,0.0,0.0,0.0,0.09881937503814697,0.0,0.0,0.10591587424278259,0.10591587424278259,3.0
data_204,1,0,0.7453263401985168,0.0,0.0,0.0,0.09881937503814697,0.0,0.0,0.00709649920463562,0.10591587424278259,3.0
data_204,0,0,0.5468742251396179,0.09881937503814697,0.0898876404494382,0.09881937503814697,0.09881937503814697,0.10591587424278259,0.011235955056179775,0.10591587424278259,0.10591587424278259,3.0
data_204,1,0,0.6541302800178528,0.0,0.0,0.0408625602722168,0.0408625602722168,0.0,0.0,0.0,0.0,2.0
data_204,1,0,0.5859033465385437,0.0408625602722168,0.08333333333333333,0.0408625602722168,0.0408625602722168,0.0,0.0,0.0,0.0,2.0
data_204,0,0,0.903368353843689,0.0,0.0,0.0,0.0,0.0,0.0,0.0,0.0,2.0
data_204,0,0,0.6054392457008362,0.0,0.0,0.0,0.0,0.0,0.0,0.0,0.0,2.0
data_205,1,1,,,,,,,,,,
data_205,1,1,,,,,,,,,,
data_205,1,1,,,,,,,,,,
data_205,1,1,,,,,,,,,,
data_205,1,0,0.7236396670341492,0.0,0.0,0.0,0.06764161586761475,0.0,0.0,0.09039276838302612,0.15803438425064087,3.0
data_205,0,0,0.7732311487197876,0.0,0.0,0.06764161586761475,0.06764161586761475,0.15803438425064087,0.5204081632653061,0.15803438425064087,0.15803438425064087,3.0
data_205,0,0,0.7232075929641724,0.06764161586761475,0.6938775510204082,0.06764161586761475,0.06764161586761475,0.0,0.0,0.0,0.15803438425064087,3.0
data_205,0,0,0.7359721660614014,0.07968544960021973,0.012987012987012988,0.07968544960021973,0.07968544960021973,0.0,0.0,0.0,0.09699267148971558,3.0
data_205,0,0,0.679320216178894,0.0,0.0,0.07968544960021973,0.07968544960021973,0.09699267148971558,0.8181818181818182,0.09699267148971558,0.09699267148971558,3.0
data_205,0,0,0.6569006443023682,0.0,0.0,0.0,0.07968544960021973,0.0,0.0,0.01730722188949585,0.09699267148971558,3.0
data_205,0,0,0.8902000784873962,0.0,0.0,0.06396210193634033,0.06396210193634033,0.0,0.0,0.04983597993850708,0.15745162963867188,3.0
data_205,0,0,0.8423808217048645,0.06396210193634033,0.0425531914893617,0.06396210193634033,0.06396210193634033,0.0,0.0,0.0,0.15745162963867188,3.0
data_205,0,0,0.7639147043228149,0.0,0.0,0.0,0.06396210193634033,0.15745162963867188,0.10638297872340426,0.15745162963867188,0.15745162963867188,3.0
data_205,0,0,0.8623332977294922,0.0,0.0,0.0,0.0,0.0,0.0,0.007370650768280029,0.12141692638397217,3.0
data_205,1,0,0.8336931467056274,0.0,0.0,0.0,0.0,0.0,0.0,0.0,0.12141692638397217,3.0
data_205,0,0,0.679108202457428,0.0,0.0,0.0,0.0,0.12141692638397217,0.08695652173913043,0.12141692638397217,0.12141692638397217,3.0
data_206,0,1,,,,,,,,,,
data_206,0,1,,,,,,,,,,
data_206,0,1,,,,,,,,,,
data_206,0,0,0.6572352647781372,0.012651383876800537,0.6595744680851063,0.012651383876800537,0.16639885306358337,0.0,0.0,0.0,0.15374746918678284,3.0
data_206,0,0,0.7744897603988647,0.0,0.0,0.15374746918678284,0.16639885306358337,0.0,0.0,0.15374746918678284,0.15374746918678284,3.0
data_206,0,0,0.6463915705680847,0.15374746918678284,0.5957446808510638,0.15374746918678284,0.16639885306358337,0.15374746918678284,0.5957446808510638,0.15374746918678284,0.15374746918678284,3.0
data_206,0,0,0.7199923992156982,0.0,0.0,0.0,0.1547929048538208,0.0,0.0,0.0944349467754364,0.2492278516292572,3.0
data_206,0,0,0.6195440888404846,0.1547929048538208,0.5882352941176471,0.1547929048538208,0.1547929048538208,0.2492278516292572,0.7843137254901961,0.2492278516292572,0.2492278516292572,3.0
data_206,0,0,0.6743592023849487,0.0,0.0,0.1547929048538208,0.1547929048538208,0.0,0.0,0.0,0.2492278516292572,3.0
data_206,0,0,0.7579750418663025,0.0,0.0,0.0,0.0,0.30864113569259644,0.88,0.30864113569259644,0.30864113569259644,3.0
data_206,0,0,0.889412522315979,0.0,0.0,0.0,0.0,0.0,0.0,0.0,0.30864113569259644,3.0
data_206,0,0,0.8371229767799377,0.0,0.0,0.0,0.0,0.0,0.0,0.0,0.30864113569259644,3.0
data_206,0,0,0.7161389589309692,0.0,0.0,0.0,0.0,0.07603776454925537,0.2857142857142857,0.09944862127304077,0.09944862127304077,3.0
data_206,1,0,0.7800450921058655,0.0,0.0,0.0,0.0,0.0,0.0,0.09944862127304077,0.09944862127304077,3.0
data_206,1,0,0.6601247191429138,0.0,0.0,0.0,0.0,0.0234108567237854,0.35714285714285715,0.0234108567237854,0.09944862127304077,3.0
data_206,0,1,,,,,,,,,,
data_206,0,1,,,,,,,,,,
data_206,0,1,,,,,,,,,,
data_206,0,0,0.9770304560661316,0.0,0.0,0.0,0.0,0.0,0.0,0.0,0.11544698476791382,3.0
data_206,0,0,0.8191186785697937,0.0,0.0,0.0,0.0,0.0,0.0,0.0,0.11544698476791382,3.0
data_206,1,0,0.7432955503463745,0.0,0.0,0.0,0.0,0.11544698476791382,0.5813953488372093,0.11544698476791382,0.11544698476791382,3.0
data_206,0,0,0.7265033721923828,0.021325767040252686,0.8125,0.021325767040252686,0.021325767040252686,0.021325767040252686,0.8125,0.021325767040252686,0.021325767040252686,3.0
data_206,0,0,0.7047593593597412,0.0,0.0,0.0,0.021325767040252686,0.0,0.0,0.0,0.021325767040252686,3.0
data_206,0,0,0.7709381580352783,0.0,0.0,0.0,0.021325767040252686,0.0,0.0,0.0,0.021325767040252686,3.0
