ref,hall,juiz_p1_gpt4omini,juiz_p1_gpt4o,juiz_p1_deepseek,juiz_p1_sabia,juiz_p2_gpt4omini,juiz_p2_gpt4o,juiz_p2_deepseek,juiz_p2_sabia,juiz_p3_gpt4omini,juiz_p3_gpt4o,juiz_p3_deepseek,juiz_p3_sabia,nli_s,nli_g,delta_n,cos_s,best_other,share_attr,n_spk_sup,attr_in_sup,rank_spk
data_001,0,0,0,0,0,0,0,0,0,1,0,0,0,0.9984234571456909,0.9955939650535583,-0.0028294920921325684,0.7610880136489868,0.8395844101905823,0.1988717168569564,9,1,0.125
data_001,0,0,0,0,0,0,0,0,0,0,0,0,0,0.9637035727500916,0.9637035727500916,0.0,0.8204897046089172,0.7612695097923279,0.4083014726638794,7,1,0.0
data_001,0,0,1,0,0,0,1,0,0,1,1,0,0,0.07765977829694748,0.8145006895065308,0.7368409112095833,0.5035853981971741,0.7942872643470764,0.0,3,0,0.6875
data_001,0,0,0,0,0,0,0,0,0,0,0,0,0,0.0163431316614151,0.12148389965295792,0.10514076799154282,0.6826716661453247,0.6930193305015564,0.4013377130031585,3,1,0.0625
data_001,0,0,0,0,0,0,0,0,0,0,0,0,0,0.9943242073059082,0.9956936836242676,0.001369476318359375,0.7796952128410339,0.7804178595542908,0.5096191167831421,6,1,0.0625
data_001,0,0,0,0,0,0,0,0,0,0,0,0,0,0.047572940587997437,0.047572940587997437,0.0,0.7061552405357361,0.5963817834854126,0.5212525725364685,1,1,0.0
data_001,0,0,0,0,0,0,0,0,0,0,0,0,0,0.0969339981675148,0.0969339981675148,0.0,0.6965932250022888,0.6597749590873718,0.8057442307472229,2,1,0.0
data_001,0,0,0,0,0,0,0,0,0,0,0,0,0,0.4593242406845093,0.4593242406845093,0.0,0.7875823974609375,0.5966643691062927,0.4531402289867401,1,1,0.0
data_001,0,0,0,0,0,0,0,0,0,1,0,0,0,0.5443838834762573,0.3076932728290558,-0.23669061064720154,0.7321042418479919,0.8548066020011902,0.0957614406943321,7,1,0.1875
data_001,1,1,1,0,0,1,1,1,0,1,1,1,1,0.6113849878311157,0.24171820282936096,-0.36966678500175476,0.6843343377113342,0.7008928656578064,0.104582168161869,3,1,0.0625
data_001,0,0,0,0,0,0,0,0,0,0,0,1,0,0.813396155834198,0.41820886731147766,-0.39518728852272034,0.6296589970588684,0.716324508190155,0.1003583371639251,2,0,0.125
data_001,1,1,1,0,0,1,1,0,1,1,1,1,0,0.5370996594429016,0.5370996594429016,0.0,0.835574209690094,0.7506405711174011,0.2247017621994018,5,1,0.0
data_001,0,0,0,0,0,0,0,0,0,1,0,0,0,0.22171278297901154,0.9932164549827576,0.771503672003746,0.5236577391624451,0.6147888898849487,0.0,0,0,0.4375
data_001,1,1,1,1,1,1,1,1,1,1,1,1,1,0.027567265555262566,0.42233332991600037,0.3947660643607378,0.3855229318141937,0.7830217480659485,0.0,1,0,0.75
data_001,0,0,0,0,0,0,0,0,0,0,0,0,0,0.9785420894622803,0.9785420894622803,0.0,0.7450671195983887,0.7102890610694885,0.3190917670726776,5,1,0.0
data_001,0,0,0,0,0,0,0,0,0,0,0,0,0,0.04792335256934166,0.023648126050829887,-0.024275226518511772,0.6597837805747986,0.6363769173622131,0.2041714489459991,1,1,0.0
data_002,0,0,1,0,0,1,1,1,0,1,1,1,0,0.18027587234973907,0.2454901486635208,0.06521427631378174,0.7399028539657593,0.7708740234375,0.1066658794879913,6,1,0.0416666666666666
data_002,0,0,0,0,0,1,0,0,0,1,1,0,0,0.820142388343811,0.30170896649360657,-0.5184334218502045,0.7413702011108398,0.6785503029823303,0.5072030425071716,3,1,0.0
data_002,0,0,0,0,0,0,0,0,0,1,0,1,0,0.9123170971870422,0.9123170971870422,0.0,0.631230354309082,0.6317631602287292,0.4054193794727325,0,0,0.0416666666666666
data_002,0,0,0,0,0,0,0,0,0,1,0,0,0,0.9931644797325134,0.9931644797325134,0.0,0.7034879922866821,0.6371203660964966,0.8987286686897278,1,1,0.0
data_002,0,0,0,0,0,0,0,0,0,0,0,0,0,0.9485030174255371,0.9485030174255371,0.0,0.7911816835403442,0.7273023724555969,0.4071020781993866,2,1,0.0
data_002,0,0,0,0,0,0,0,0,0,1,0,0,0,0.773901641368866,0.773901641368866,0.0,0.582065761089325,0.5283313393592834,0.5119232535362244,0,0,0.0
data_002,0,0,0,0,0,0,0,0,0,0,0,0,0,0.41617661714553833,0.41617661714553833,0.0,0.7491658329963684,0.6047690510749817,0.6139880418777466,1,1,0.0
data_002,1,1,1,1,1,1,1,1,1,1,1,1,1,0.011857469566166401,0.007413183338940144,-0.004444286227226257,0.572113037109375,0.5375558733940125,0.33670574426651,0,0,0.0
data_002,0,0,0,0,0,0,0,0,0,0,0,0,0,0.9859696626663208,0.9859696626663208,0.0,0.6719453930854797,0.6292115449905396,0.3025887012481689,1,1,0.0
data_002,0,0,0,0,0,0,0,0,0,1,0,0,0,0.9170305728912354,0.9901093244552612,0.07307875156402588,0.7785355448722839,0.7435653805732727,0.1074008643627166,12,1,0.0
data_002,0,0,0,0,0,0,0,0,0,0,0,0,0,0.673990786075592,0.2713451683521271,-0.40264561772346497,0.7652130722999573,0.535408079624176,0.1441971361637115,1,1,0.0
data_002,0,0,0,0,0,0,1,0,0,1,1,1,0,0.4417596459388733,0.20124752819538116,-0.24051211774349213,0.6178238391876221,0.7013567090034485,0.0,4,0,0.4583333333333333
data_003,0,0,0,0,0,0,0,0,0,0,0,0,0,0.9880026578903198,0.9880026578903198,0.0,0.6926400065422058,0.6599935293197632,0.5067763328552246,2,1,0.0
data_003,0,0,0,0,0,0,0,0,0,0,0,0,0,0.9953595995903015,0.9953595995903015,0.0,0.8371631503105164,0.5632191896438599,0.5151031017303467,1,1,0.0
data_003,0,0,0,0,0,0,0,0,0,0,1,0,0,0.3727571964263916,0.3727571964263916,0.0,0.7646823525428772,0.6648980379104614,0.4218502938747406,2,1,0.0
data_003,0,0,0,0,0,0,0,0,0,0,0,0,0,0.9983500242233276,0.9983500242233276,0.0,0.855159342288971,0.7936968803405762,0.3276527523994446,4,1,0.0
data_003,0,0,0,0,0,0,0,0,0,1,0,0,0,0.9819712042808533,0.9819712042808533,0.0,0.7448737621307373,0.7322469353675842,0.4031623601913452,4,1,0.0
data_003,0,0,1,0,0,1,1,0,0,0,1,0,0,0.10250857472419739,0.10250857472419739,0.0,0.8120502233505249,0.7481162548065186,0.7006676197052002,3,1,0.0
data_003,0,0,0,0,0,0,0,0,0,0,0,0,0,0.9873934984207153,0.9873934984207153,0.0,0.793945848941803,0.6871684193611145,0.7134508490562439,3,1,0.0
data_003,0,0,0,0,0,0,0,0,0,0,0,0,0,0.9840733408927917,0.9840733408927917,0.0,0.8151394128799438,0.8162014484405518,0.6976621150970459,8,1,0.0625
data_003,0,0,0,0,0,0,0,0,0,1,0,0,0,0.010351723060011864,0.010351723060011864,0.0,0.6617746353149414,0.737459659576416,0.3929806649684906,3,1,0.125
data_003,0,0,0,0,0,0,0,0,0,1,1,0,0,0.1021195724606514,0.09231048077344894,-0.009809091687202454,0.6841633319854736,0.6691218614578247,0.7033198475837708,2,1,0.0
data_003,0,0,0,0,0,0,0,0,0,1,1,0,0,0.9763426184654236,0.9763426184654236,0.0,0.7523568272590637,0.5079376697540283,0.558361291885376,1,1,0.0
data_003,0,0,1,0,0,0,1,1,0,1,1,1,0,0.030643906444311142,0.052531853318214417,0.021887946873903275,0.516886293888092,0.6450150609016418,0.0916939005255699,0,0,0.5625
data_003,0,0,0,0,0,0,0,0,0,0,0,0,0,0.642162024974823,0.9517976641654968,0.30963563919067383,0.6750396490097046,0.7775980830192566,0.1973177045583725,4,1,0.0625
data_003,0,0,0,0,0,0,0,0,0,0,0,0,0,0.7483295798301697,0.8932335376739502,0.14490395784378052,0.6740135550498962,0.6763205528259277,0.4017807245254516,2,1,0.0625
data_003,0,0,0,0,0,0,0,0,0,1,0,0,0,0.881320595741272,0.017708882689476013,-0.863611713051796,0.7536092400550842,0.6250643730163574,0.1233800277113914,1,1,0.0
data_003,0,0,0,0,0,0,1,0,0,1,1,0,0,0.22803020477294922,0.0269192922860384,-0.20111091248691082,0.5997801423072815,0.7615528702735901,0.0,4,0,0.4375
data_003,0,0,0,0,0,0,0,0,0,1,0,1,0,0.7038895487785339,0.7038895487785339,0.0,0.6284362077713013,0.7150580883026123,0.2943919003009796,1,0,0.0625
data_003,0,0,0,0,0,1,0,0,0,0,0,0,0,0.8904587030410767,0.9875245094299316,0.09706580638885498,0.7344141006469727,0.7134115099906921,0.1149669513106346,4,1,0.0
data_003,0,0,0,0,0,0,0,0,0,0,0,0,0,0.9872003793716431,0.9872003793716431,0.0,0.7353566884994507,0.705043375492096,0.1139388978481292,3,1,0.0
data_003,0,0,0,0,0,1,0,0,0,1,0,1,0,0.5958569049835205,0.5958569049835205,0.0,0.6177479028701782,0.6568807363510132,0.1947879791259765,2,0,0.125
data_003,0,0,0,0,0,0,0,0,0,0,0,0,0,0.9188757538795471,0.9188757538795471,0.0,0.7203153371810913,0.6599751710891724,0.4139699041843414,2,1,0.0
data_003,0,0,0,0,0,0,0,0,0,0,0,0,0,0.9839870929718018,0.9839870929718018,0.0,0.7962355017662048,0.7096986174583435,0.420010507106781,3,1,0.0
data_003,0,0,0,0,0,0,0,0,0,0,0,0,0,0.496906042098999,0.9483010768890381,0.45139503479003906,0.6581413745880127,0.7525395750999451,0.1008843556046485,4,1,0.1875
data_003,0,0,0,0,0,1,1,0,0,1,1,0,0,0.291360080242157,0.8160379528999329,0.5246778726577759,0.6289113759994507,0.7339807152748108,0.0983746498823165,2,0,0.125
data_003,0,0,0,0,0,0,0,0,0,0,0,0,0,0.9741278886795044,0.278292179107666,-0.6958357095718384,0.7036476731300354,0.7043460011482239,0.203506663441658,3,1,0.0625
data_003,0,0,0,0,0,0,0,0,0,0,0,0,0,0.273013710975647,0.9808077216148376,0.7077940106391907,0.9119897484779358,0.8597370386123657,0.1230652406811714,4,1,0.0
data_003,1,1,0,1,0,1,1,1,1,1,1,1,1,0.017039287835359573,0.12475841492414474,0.10771912708878517,0.5409726500511169,0.6281870007514954,0.1952650249004364,0,0,0.125
data_003,1,1,1,1,0,1,1,1,1,1,1,1,1,0.10452695190906525,0.8876523971557617,0.7831254452466965,0.3927830755710602,0.8386160731315613,0.0,2,0,0.875
data_003,0,0,0,0,0,0,0,0,0,1,0,0,0,0.04416920989751816,0.1481560915708542,0.10398688167333603,0.6151409149169922,0.664946973323822,0.1005854606628418,1,0,0.1875
data_003,0,0,0,0,0,0,0,0,0,0,0,0,0,0.6625130772590637,0.6625130772590637,0.0,0.701389729976654,0.6853342056274414,0.299246996641159,3,1,0.0
data_003,0,0,0,0,0,0,0,0,0,0,0,0,0,0.9633105993270874,0.9633105993270874,0.0,0.6374911069869995,0.6170674562454224,0.3048954308032989,0,0,0.0
data_004,0,0,0,0,0,0,0,0,0,0,0,0,0,0.8442686796188354,0.8442686796188354,0.0,0.853517472743988,0.6220283508300781,0.905838429927826,1,1,0.0
data_004,0,0,0,0,0,0,0,0,0,0,0,0,0,0.9222590327262878,0.9222590327262878,0.0,0.7991389036178589,0.5374323725700378,1.0,1,1,0.0
data_004,0,0,0,0,0,0,0,0,0,1,0,0,0,0.1242571771144867,0.1242571771144867,0.0,0.763055145740509,0.5385262370109558,1.0,1,1,0.0
data_004,0,0,0,0,0,0,0,0,0,0,0,0,0,0.25888705253601074,0.056594107300043106,-0.20229294523596764,0.640371561050415,0.6290779709815979,0.698591947555542,0,0,0.0
data_004,0,0,0,0,0,0,0,0,0,0,0,0,0,0.9337489008903503,0.9337489008903503,0.0,0.9351488947868348,0.666363537311554,0.78270024061203,2,1,0.0
data_004,0,0,0,0,0,0,0,0,0,0,0,0,0,0.5398627519607544,0.997685432434082,0.45782268047332764,0.7319117188453674,0.9482393264770508,0.752772331237793,2,1,0.5
data_004,0,0,0,0,0,0,0,0,0,0,0,0,0,0.3211522102355957,0.3211522102355957,0.0,0.7026951313018799,0.5740472078323364,0.8172080516815186,1,1,0.0
data_004,0,0,0,0,0,0,0,0,0,0,0,0,0,0.9979107975959778,0.9979107975959778,0.0,0.6619449853897095,0.6706646680831909,0.6734342575073242,2,1,0.5
data_004,0,0,0,0,0,0,0,0,0,0,0,0,0,0.3039035499095917,0.3039035499095917,0.0,0.8415652513504028,0.6558884978294373,0.7092192769050598,2,1,0.0
data_004,0,0,1,0,0,1,1,0,0,1,1,1,1,0.07962825894355774,0.0803561881184578,0.0007279291749000549,0.6011055111885071,0.6425397396087646,0.5867450833320618,0,0,0.5
data_004,0,0,0,0,0,0,0,0,0,1,0,0,0,0.17409855127334595,0.19214214384555817,0.01804359257221222,0.7559165358543396,0.7011196613311768,0.7063920497894287,2,1,0.0
data_004,0,0,0,0,0,0,0,0,0,1,0,0,0,0.08221426606178284,0.12119947373867035,0.03898520767688751,0.7846667766571045,0.7246330380439758,0.7016037702560425,2,1,0.0
data_004,0,0,0,0,0,0,0,0,0,0,0,0,0,0.8736478090286255,0.8736478090286255,0.0,0.9169405102729796,0.5907018184661865,0.7231438755989075,1,1,0.0
data_004,0,0,0,0,0,0,0,0,0,1,0,0,0,0.16662761569023132,0.4451352655887604,0.27850764989852905,0.6810211539268494,0.6813879013061523,0.2069552540779113,2,1,0.5
data_004,1,1,1,1,1,1,1,1,1,1,1,1,1,0.010320644825696945,0.3685736656188965,0.35825302079319954,0.3325808346271515,0.6897991299629211,0.0,1,0,1.0
data_005,0,0,0,0,0,0,0,0,0,0,0,0,0,0.7834503054618835,0.7834503054618835,0.0,0.822194516658783,0.7194984555244446,0.2279762774705886,5,1,0.0
data_005,0,0,0,0,0,0,0,0,0,0,0,0,0,0.5858873724937439,0.8840227127075195,0.29813534021377563,0.7993112802505493,0.7317132353782654,0.1145237386226654,8,1,0.0
data_005,0,0,0,0,0,0,0,0,0,0,0,0,0,0.6785891652107239,0.9630014896392822,0.28441232442855835,0.7079378366470337,0.7395071387290955,0.1092045232653617,3,1,0.0625
data_005,0,0,0,0,0,0,1,1,0,1,1,1,0,0.16124758124351501,0.9702724814414978,0.8090249001979828,0.6405830383300781,0.8445168733596802,0.0,14,0,0.9375
data_005,0,0,0,0,0,0,0,0,0,0,0,0,0,0.9937460422515869,0.00680496683344245,-0.9869410754181445,0.654834508895874,0.713499903678894,0.0987084582448005,5,1,0.25
data_005,1,1,1,1,1,1,1,1,1,1,1,1,1,0.13287702202796936,0.21447689831256866,0.0815998762845993,0.6450560092926025,0.77359938621521,0.0,7,0,0.5
data_005,1,1,1,1,1,1,1,1,1,1,1,1,1,0.014494029805064201,0.008545284159481525,-0.005948745645582676,0.4574573636054992,0.7923252582550049,0.0,1,0,0.875
data_005,0,0,0,0,0,0,0,0,0,0,0,0,0,0.9971975088119507,0.9971975088119507,0.0,0.7783312201499939,0.7103292346000671,0.611183762550354,5,1,0.0
data_005,0,0,0,0,0,0,0,0,0,0,0,0,0,0.668603241443634,0.668603241443634,0.0,0.8540688157081604,0.6280204057693481,0.9106507301330566,1,1,0.0
data_005,0,0,0,0,0,0,0,0,0,0,0,0,0,0.9976789355278015,0.9976789355278015,0.0,0.7526839375495911,0.7183404564857483,0.6146416068077087,2,1,0.0
data_005,0,0,0,0,0,0,0,0,0,1,0,0,0,0.9732567667961121,0.9732567667961121,0.0,0.8419439792633057,0.7721131443977356,0.8073418140411377,16,1,0.0
data_005,0,0,0,0,0,0,0,0,0,0,0,0,0,0.9903830885887146,0.9903830885887146,0.0,0.7107191681861877,0.8222684860229492,0.1036093607544899,5,1,0.0625
data_005,0,0,0,0,0,0,0,0,0,0,0,0,0,0.993579626083374,0.993579626083374,0.0,0.8580598831176758,0.772279679775238,0.8024125099182129,9,1,0.0
data_005,0,0,0,0,0,0,0,0,0,0,0,0,0,0.818733811378479,0.004117157775908709,-0.8146166536025703,0.6883033514022827,0.7279670238494873,0.202122300863266,5,1,0.1875
data_005,0,0,0,0,0,0,0,0,0,0,0,0,0,0.9955861568450928,0.9955861568450928,0.0,0.7509916424751282,0.7068195343017578,0.3055151998996734,2,1,0.0
data_005,0,0,0,0,0,0,0,0,0,0,0,0,0,0.940742552280426,0.940742552280426,0.0,0.7170839905738831,0.7193609476089478,0.4007693529129028,5,1,0.0625
data_006,0,0,0,0,0,0,0,0,0,0,0,0,0,0.27720779180526733,0.9915653467178345,0.7143575549125671,0.3032757639884949,0.6816770434379578,0.0,2,0,0.9583333333333334
data_006,0,0,0,0,0,0,0,0,0,0,0,0,0,0.010617667809128761,0.07454612106084824,0.06392845325171947,0.4482141733169555,0.6546627879142761,0.0,1,0,0.75
data_006,0,0,0,0,0,1,0,1,0,1,0,1,0,0.060251906514167786,0.8772205114364624,0.8169686049222946,0.1869994550943374,0.7632398009300232,0.0,8,0,0.9583333333333334
data_006,0,0,0,0,0,0,0,0,0,0,0,0,0,0.11455053091049194,0.9978596568107605,0.8833091259002686,0.2066510170698166,0.6649743318557739,0.0,1,0,0.9583333333333334
data_006,1,1,0,0,0,1,1,0,0,1,1,1,0,0.0010218316456303,0.007909041829407215,0.006887210183776915,0.5925236344337463,0.6281192898750305,0.3001323342323303,0,0,0.0416666666666666
data_006,0,0,0,0,0,0,1,0,0,1,1,1,0,0.8556873202323914,0.7289952635765076,-0.1266920566558838,0.5659067034721375,0.7190709710121155,0.1876786649227142,2,0,0.1666666666666666
data_006,0,0,0,0,0,0,0,0,0,0,1,0,0,0.9459777474403381,0.9459777474403381,0.0,0.8554306626319885,0.6701039671897888,0.2308584004640579,2,1,0.0
data_006,0,0,0,0,0,0,0,0,0,0,0,0,0,0.8165339231491089,0.8165339231491089,0.0,0.7221831679344177,0.7795686721801758,0.6926655173301697,3,1,0.0416666666666666
data_006,0,0,0,0,0,0,0,0,0,0,0,0,0,0.484809935092926,0.11257676035165787,-0.37223317474126816,0.7174165844917297,0.603675901889801,0.1236892789602279,1,1,0.0
data_006,0,0,0,0,0,0,0,0,0,0,0,0,0,0.9924110174179077,0.9924110174179077,0.0,0.6724917888641357,0.7014881372451782,0.3103092908859253,2,1,0.0416666666666666
data_006,0,0,0,0,0,0,1,0,0,0,1,0,0,0.9944698810577393,0.9944698810577393,0.0,0.7398453950881958,0.7152382135391235,0.801012396812439,6,1,0.0
data_006,0,0,1,0,0,0,1,0,0,1,1,1,0,0.961528480052948,0.7747235298156738,-0.18680495023727417,0.653122067451477,0.659002423286438,0.1004828959703445,4,1,0.125
data_006,1,1,1,1,1,1,1,1,1,1,1,1,1,0.1128884106874466,0.26669788360595703,0.15380947291851044,0.4969739019870758,0.5904713273048401,0.0,0,0,0.2083333333333333
data_006,0,0,0,0,0,0,1,0,0,1,1,0,0,0.6049487590789795,0.6049487590789795,0.0,0.6988835334777832,0.7147272229194641,0.4060952663421631,6,1,0.0416666666666666
data_006,0,0,0,0,0,0,1,0,0,0,1,1,0,0.995116114616394,0.5348300337791443,-0.46028608083724976,0.5726251006126404,0.6421020030975342,0.0,0,0,0.25
data_006,0,0,0,0,0,0,0,0,0,0,0,0,0,0.3458244204521179,0.17954552173614502,-0.1662788987159729,0.7176874876022339,0.680025041103363,0.2109902948141098,6,1,0.0
data_006,0,0,0,0,0,0,0,0,0,0,0,0,0,0.969058096408844,0.969058096408844,0.0,0.8242919445037842,0.642241895198822,0.3200508654117584,1,1,0.0
data_006,0,0,0,0,0,0,0,0,0,0,0,0,0,0.07259248942136765,0.8248485922813416,0.7522561028599739,0.6181904673576355,0.6793065667152405,0.0985849201679229,2,0,0.0833333333333333
data_006,1,1,1,1,1,1,1,1,1,1,1,1,1,0.20421811938285828,0.9933618307113647,0.7891437113285065,0.4417672157287597,0.6433451771736145,0.0,0,0,0.7083333333333334
data_007,0,0,0,0,0,0,0,0,0,0,0,0,0,0.9969151020050049,0.9969151020050049,0.0,0.8793872594833374,0.8208606243133545,0.2102351784706115,10,1,0.0
data_007,0,0,0,0,0,0,0,0,0,1,1,0,0,0.33030256628990173,0.33030256628990173,0.0,0.6570639610290527,0.5106996893882751,0.9076050519943236,1,1,0.0
data_007,0,0,1,0,0,1,1,0,0,0,1,0,0,0.9189502596855164,0.9189502596855164,0.0,0.7915691137313843,0.5934280753135681,0.7117213010787964,1,1,0.0
data_007,0,0,0,0,0,0,0,0,0,0,0,0,0,0.16305319964885712,0.16305319964885712,0.0,0.6181413531303406,0.5345074534416199,0.5096654891967773,0,0,0.0
data_007,0,0,0,0,0,1,0,0,0,1,1,1,0,0.13309377431869507,0.2623242437839508,0.12923046946525574,0.7908428907394409,0.7098138928413391,0.1173216626048088,4,1,0.0
data_007,0,0,0,0,0,0,0,0,0,0,0,0,0,0.987055778503418,0.987055778503418,0.0,0.7449967861175537,0.693349301815033,0.2271125763654709,3,1,0.0
data_007,0,0,0,0,0,0,0,0,0,0,1,0,0,0.414315789937973,0.5857253670692444,0.17140957713127136,0.8340057134628296,0.770365297794342,0.315891832113266,7,1,0.0
data_007,0,0,0,0,0,0,0,0,0,0,0,0,0,0.9648454189300537,0.9648454189300537,0.0,0.837401270866394,0.7346994876861572,0.218941792845726,6,1,0.0
data_007,0,0,0,0,0,0,0,0,0,0,0,0,0,0.5077354907989502,0.9531459808349609,0.44541049003601074,0.6281009912490845,0.7309027910232544,0.0,5,0,0.5833333333333334
data_007,0,0,0,0,0,0,0,0,0,0,0,0,0,0.09022238105535507,0.9255075454711914,0.8352851644158363,0.7337997555732727,0.7233327031135559,0.1065985411405563,7,1,0.0
data_007,0,0,0,0,0,0,0,0,0,0,0,0,0,0.27009493112564087,0.27009493112564087,0.0,0.7812798023223877,0.670769453048706,0.5200738906860352,2,1,0.0
data_007,0,0,0,0,0,0,0,0,0,0,0,0,0,0.14564140141010284,0.242344468832016,0.09670306742191315,0.7389962077140808,0.8111942410469055,0.3830346167087555,3,1,0.0833333333333333
data_007,0,0,0,0,0,0,0,0,0,1,0,0,0,0.42655131220817566,0.42655131220817566,0.0,0.6727766990661621,0.560167133808136,0.6360109448432922,1,1,0.0
data_007,0,0,0,0,0,0,0,0,0,0,0,0,0,0.6809936165809631,0.6809936165809631,0.0,0.7526479363441467,0.6580344438552856,0.2331247180700302,2,1,0.0
data_007,0,0,0,0,0,0,1,0,0,1,1,0,0,0.11013908684253693,0.11013908684253693,0.0,0.766470730304718,0.6817023754119873,0.4272410571575165,3,1,0.0
data_007,0,0,0,0,0,0,1,0,0,1,1,0,0,0.981332540512085,0.9216817617416382,-0.05965077877044678,0.859271764755249,0.6631693243980408,0.3250556290149688,4,1,0.0
data_007,0,0,0,0,0,0,0,0,0,0,0,0,0,0.9817216396331787,0.9817216396331787,0.0,0.6646355390548706,0.7255599498748779,0.6002262830734253,2,1,0.0833333333333333
data_007,0,0,0,0,0,1,0,0,0,1,1,1,0,0.17975527048110962,0.9829636812210083,0.8032084107398987,0.6698020696640015,0.7967402338981628,0.0,8,1,0.5
data_007,0,0,0,0,0,0,0,0,0,0,0,0,0,0.9898366332054138,0.9898366332054138,0.0,0.7505181431770325,0.6137447357177734,0.8153415322303772,1,1,0.0
data_007,0,0,0,0,0,0,0,0,0,1,0,0,0,0.3330176770687103,0.3330176770687103,0.0,0.7192131876945496,0.7047438025474548,0.4998922348022461,4,1,0.0
data_007,0,0,0,0,0,0,0,0,0,0,0,0,0,0.7640026211738586,0.7640026211738586,0.0,0.7594318389892578,0.7102389931678772,0.2166026681661605,3,1,0.0
data_008,0,0,0,0,0,0,0,0,0,0,0,0,0,0.12837818264961243,0.12837818264961243,0.0,0.7540645003318787,0.7751672863960266,0.2053713649511337,4,1,0.3333333333333333
data_008,0,0,1,0,0,0,1,0,0,1,1,1,0,0.09685543924570084,0.17099237442016602,0.07413693517446518,0.7685600519180298,0.7568203210830688,0.2030510306358337,3,1,0.0
data_008,0,0,0,0,0,0,0,0,0,0,0,0,0,0.0787566751241684,0.0787566751241684,0.0,0.769748866558075,0.688960075378418,0.6082096695899963,4,1,0.0
data_008,0,0,0,0,0,0,0,0,0,0,0,0,1,0.05857998877763748,0.05857998877763748,0.0,0.94962078332901,0.6705636382102966,0.8221009969711304,4,1,0.0
data_008,0,0,0,0,0,0,0,0,0,0,0,0,0,0.105598583817482,0.105598583817482,0.0,0.7781248688697815,0.628296971321106,0.8089227080345154,1,1,0.0
data_008,0,0,0,0,0,0,0,0,0,1,0,0,0,0.9742407202720642,0.9742407202720642,0.0,0.9101802706718444,0.8196820616722107,0.1199754029512405,4,1,0.0
data_008,0,0,0,0,0,0,1,0,0,0,1,0,0,0.002556190360337496,0.49778836965560913,0.49523217929527164,0.6509564518928528,0.7833007574081421,0.1950604617595672,2,1,0.3333333333333333
data_008,0,0,0,0,0,1,0,0,0,1,1,0,0,0.02315560169517994,0.02315560169517994,0.0,0.7636154294013977,0.7079246640205383,0.3180125653743744,3,1,0.0
data_008,0,0,0,0,0,1,0,0,0,1,1,0,0,0.007281907368451357,0.07312985509634018,0.06584794772788882,0.623982310295105,0.7115028500556946,0.1950419247150421,1,0,0.6666666666666666
data_008,0,0,0,0,0,0,1,0,0,1,1,0,0,0.0174066424369812,0.0174066424369812,0.0,0.6900007724761963,0.7344015836715698,0.6915748715400696,2,1,0.3333333333333333
data_008,0,0,0,0,0,0,0,0,0,0,1,0,0,0.029457854107022285,0.5534981489181519,0.5240402948111296,0.7296730875968933,0.8037309050559998,0.3897379338741302,4,1,0.6666666666666666
data_008,0,0,1,0,0,0,1,0,0,1,1,0,0,0.041185490787029266,0.041185490787029266,0.0,0.7951539754867554,0.6972743272781372,0.7189149260520935,3,1,0.0
data_008,0,0,0,0,0,0,0,0,0,1,1,1,0,0.6658883094787598,0.6658883094787598,0.0,0.7058906555175781,0.7054513096809387,0.4082850515842438,2,1,0.0
data_009,0,0,0,0,0,0,0,0,0,0,0,0,0,0.015707451850175858,0.018549511209130287,0.0028420593589544296,0.8417536020278931,0.6976262927055359,0.7085405588150024,3,1,0.0
data_009,0,0,0,0,0,0,0,0,0,1,0,0,0,0.3777643144130707,0.025776023045182228,-0.35198829136788845,0.696153998374939,0.8281476497650146,0.2884376943111419,4,1,0.75
data_009,0,0,0,0,0,0,0,0,0,0,0,0,0,0.9816558957099915,0.9816558957099915,0.0,0.7283093929290771,0.7451218366622925,0.2034353166818618,3,1,0.25
data_009,0,0,0,0,0,1,1,1,0,1,1,1,0,0.07055120170116425,0.13268490135669708,0.06213369965553284,0.7820844650268555,0.8332658410072327,0.4895034432411194,4,1,0.25
data_009,0,0,1,0,0,0,1,0,0,1,1,0,0,0.3810964524745941,0.3810964524745941,0.0,0.7350022196769714,0.6979504227638245,0.4140486717224121,3,1,0.0
data_009,0,0,0,0,0,0,0,0,0,1,0,0,0,0.9908515810966492,0.9908515810966492,0.0,0.7427300810813904,0.684054434299469,0.5192211270332336,2,1,0.0
data_009,0,0,0,0,0,0,0,0,0,1,1,0,0,0.00952864345163107,0.01118360087275505,0.0016549574211239815,0.706631064414978,0.7312952876091003,0.205020859837532,4,1,0.25
data_009,0,0,0,0,0,1,1,1,0,1,1,1,0,0.16008469462394714,0.27763402462005615,0.11754932999610901,0.6393915414810181,0.6698569059371948,0.3018463850021362,1,0,0.5
data_009,0,0,0,0,0,0,1,0,0,1,1,0,0,0.16381117701530457,0.5042736530303955,0.34046247601509094,0.8131188750267029,0.7369042634963989,0.2174281924962997,4,1,0.0
data_009,0,0,0,0,0,0,0,0,0,1,0,1,0,0.01830090954899788,0.01830090954899788,0.0,0.851832389831543,0.776344895362854,0.4223089814186096,5,1,0.0
data_009,0,0,0,0,0,0,0,0,0,1,0,0,0,0.005047961138188839,0.01844651624560356,0.013398555107414722,0.7627078294754028,0.7514952421188354,0.2121200710535049,3,1,0.0
data_009,0,0,0,0,0,0,0,0,0,0,0,0,0,0.9982836246490479,0.9982836246490479,0.0,0.8978554010391235,0.6446840763092041,0.8201294541358948,1,1,0.0
data_010,0,0,0,0,0,0,0,0,0,0,0,0,0,0.47313085198402405,0.19569680094718933,-0.2774340510368347,0.6397110223770142,0.6791775226593018,0.1012706533074379,3,0,0.2307692307692307
data_010,0,0,0,0,0,0,0,0,0,0,0,0,0,0.9707724452018738,0.9945260882377625,0.023753643035888672,0.7679890394210815,0.7494655251502991,0.3145039081573486,5,1,0.0
data_010,0,0,0,0,0,0,0,0,0,0,0,0,0,0.9083712697029114,0.016363535076379776,-0.8920077346265316,0.8035386204719543,0.7428984045982361,0.4077669084072113,7,1,0.0
data_010,0,0,0,0,0,0,0,0,0,0,0,0,0,0.01876680739223957,0.3606559634208679,0.34188915602862835,0.7602799534797668,0.7244001626968384,0.1171145364642143,3,1,0.0
data_010,0,0,0,0,0,0,1,0,0,0,1,0,0,0.008457559160888195,0.026724055409431458,0.018266496248543262,0.6669421792030334,0.6631065011024475,0.1055837571620941,2,1,0.0
data_010,0,0,0,0,0,0,0,0,0,1,0,0,0,0.9681410193443298,0.9681410193443298,0.0,0.7805667519569397,0.6842806339263916,0.2304424494504928,2,1,0.0
data_010,0,0,1,0,1,1,1,0,0,1,1,1,1,0.7832340598106384,0.8763960599899292,0.09316200017929077,0.778229832649231,0.7752054929733276,0.4054846465587616,4,1,0.0
data_010,0,0,0,0,0,1,0,1,0,1,1,1,1,0.9661533236503601,0.98827064037323,0.022117316722869873,0.525833785533905,0.6822388768196106,0.0,2,0,0.4615384615384615
data_010,0,0,0,0,0,0,0,0,0,0,0,0,0,0.060699883848428726,0.857082188129425,0.7963823042809963,0.776123046875,0.6926866769790649,0.3303762376308441,2,1,0.0
data_010,0,1,1,0,0,1,1,0,0,1,1,1,0,0.053859759122133255,0.053859759122133255,0.0,0.7581800222396851,0.7142088413238525,0.3082640767097473,2,1,0.0
data_010,0,0,0,0,0,0,0,0,0,0,0,0,0,0.6792577505111694,0.7175044417381287,0.03824669122695923,0.5241447687149048,0.6296946406364441,0.393334299325943,0,0,0.1538461538461538
data_010,0,0,0,0,0,0,0,0,0,0,0,0,0,0.14201118052005768,0.3371642529964447,0.19515307247638702,0.7756104469299316,0.7515161037445068,0.2162776887416839,5,1,0.0
data_010,0,0,0,0,0,0,0,0,0,0,0,0,0,0.7370344996452332,0.11219940334558487,-0.6248350962996483,0.609009861946106,0.6516034007072449,0.2978481650352478,1,0,0.0769230769230769
data_010,0,0,0,0,0,0,1,0,0,1,1,0,0,0.5456370711326599,0.5456370711326599,0.0,0.8144955039024353,0.5580805540084839,0.6330214738845825,1,1,0.0
data_010,0,0,0,0,0,0,0,0,0,0,0,0,0,0.5690800547599792,0.9502541422843933,0.38117408752441406,0.8187089562416077,0.7551231384277344,0.2187316417694091,4,1,0.0
data_010,0,0,0,0,0,1,1,0,0,1,1,0,0,0.008185102604329586,0.008448945358395576,0.00026384275406599045,0.6435685753822327,0.7618470191955566,0.0979441478848457,3,0,0.2307692307692307
data_011,0,0,0,0,0,0,0,0,0,0,0,0,0,0.8661965131759644,0.8661965131759644,0.0,0.8537366986274719,0.6541516780853271,0.9053703546524048,2,1,0.0
data_011,0,0,0,0,0,0,0,0,0,0,0,0,0,0.9909777641296387,0.9909777641296387,0.0,0.8054162859916687,0.6034443974494934,0.6308137774467468,1,1,0.0
data_011,0,0,0,0,0,0,0,0,0,0,0,0,0,0.04667101427912712,0.9987074136734009,0.9520363993942738,0.773606538772583,0.7177029252052307,0.2228045463562011,2,1,0.0
data_011,0,0,0,0,0,0,0,0,0,1,0,0,0,0.986055850982666,0.986055850982666,0.0,0.8152018785476685,0.6557748317718506,0.9078757762908936,2,1,0.0
data_011,0,0,0,0,0,0,0,0,0,1,0,0,0,0.9970200657844543,0.8425323963165283,-0.15448766946792603,0.7556995749473572,0.7902393341064453,0.3996648788452148,5,1,0.125
data_011,0,0,0,0,0,0,0,0,0,1,0,0,0,0.7952621579170227,0.8906955122947693,0.09543335437774658,0.7358182668685913,0.7006919980049133,0.6029939651489258,4,1,0.0
data_011,0,0,1,0,0,1,1,0,0,1,1,0,0,0.9205026626586914,0.9205026626586914,0.0,0.646830677986145,0.5591851472854614,0.9040642976760864,0,0,0.0
data_011,0,0,0,0,0,0,0,0,0,0,0,0,0,0.8700263500213623,0.8700263500213623,0.0,0.6957012414932251,0.6633248329162598,0.509720504283905,3,1,0.0
data_011,0,0,0,0,0,1,1,0,0,1,1,1,0,0.7048576474189758,0.48840683698654175,-0.21645081043243408,0.7314171195030212,0.734172523021698,0.6990880370140076,5,1,0.125
data_011,0,0,0,0,0,0,0,0,0,0,0,0,0,0.9667538404464722,0.9427886605262756,-0.023965179920196533,0.8984208703041077,0.7632222771644592,0.6098008751869202,3,1,0.0
data_011,0,0,0,0,1,0,0,0,1,0,0,0,0,0.12022047489881516,0.12022047489881516,0.0,0.7469359040260315,0.6290435194969177,0.631219208240509,1,1,0.0
data_011,0,0,0,0,0,0,0,0,0,0,0,0,0,0.9967042803764343,0.9967042803764343,0.0,0.882015585899353,0.7638609409332275,0.3172939121723175,7,1,0.0
data_011,0,0,0,0,0,0,0,0,0,1,0,0,0,0.9801228642463684,0.9801228642463684,0.0,0.8835398554801941,0.7074781656265259,0.323572963476181,3,1,0.0
data_011,0,0,0,0,0,0,0,0,0,1,0,1,0,0.9932147264480591,0.9932147264480591,0.0,0.7141388058662415,0.7075336575508118,0.5169928669929504,2,1,0.0
data_011,0,0,0,0,0,0,0,0,0,0,0,0,0,0.9989295601844788,0.9989295601844788,0.0,0.6612382531166077,0.6384934782981873,0.2083209455013275,1,1,0.0
data_011,0,0,0,0,0,0,0,0,0,0,0,0,0,0.9593499898910522,0.8340212106704712,-0.12532877922058105,0.8052480220794678,0.6847983002662659,0.5079814791679382,3,1,0.0
data_011,0,0,0,0,0,0,0,0,0,0,0,0,0,0.9959728121757507,0.9959728121757507,0.0,0.8350905776023865,0.5464327931404114,0.452041894197464,1,1,0.0
data_011,0,0,0,0,0,0,0,0,0,0,0,0,0,0.15605421364307404,0.11934931576251984,-0.0367048978805542,0.7454291582107544,0.6950623393058777,0.3089049756526947,4,1,0.0
data_011,0,0,0,0,0,0,0,0,0,0,0,0,0,0.9949709177017212,0.9949709177017212,0.0,0.827641487121582,0.6764739155769348,0.7139129638671875,3,1,0.0
data_011,0,0,0,0,0,0,0,0,0,0,0,0,0,0.9945769309997559,0.9945769309997559,0.0,0.7491239309310913,0.6794803738594055,0.3283819854259491,3,1,0.0
data_011,0,0,0,0,0,0,0,0,0,0,0,0,0,0.9675031304359436,0.9675031304359436,0.0,0.7409496307373047,0.6661607027053833,0.515360414981842,2,1,0.0
data_011,0,0,0,0,0,0,0,0,0,0,0,0,0,0.9465980529785156,0.9974531531333923,0.05085510015487671,0.7071468830108643,0.697689950466156,0.3058107793331146,2,1,0.0
data_011,0,0,0,0,0,0,0,0,0,0,0,0,0,0.993362545967102,0.993362545967102,0.0,0.6513149738311768,0.5680360198020935,0.4116946160793304,1,1,0.0
data_011,0,0,0,0,0,0,0,0,0,0,0,0,0,0.7337241172790527,0.24322660267353058,-0.49049751460552216,0.6626657247543335,0.6822035908699036,0.2959710359573364,4,1,0.375
data_012,0,0,0,0,0,0,0,0,0,0,0,0,0,0.4913511276245117,0.11859002709388733,-0.3727611005306244,0.6961057186126709,0.7978615760803223,0.0,11,1,0.5384615384615384
data_012,0,0,0,0,0,0,0,0,0,0,0,0,0,0.9764490127563477,0.9764490127563477,0.0,0.5883684158325195,0.6241114735603333,0.1054214164614677,0,0,0.0769230769230769
data_012,0,0,0,0,0,0,0,0,0,0,0,0,0,0.47499582171440125,0.09257368743419647,-0.3824221342802048,0.7421889901161194,0.6718834042549133,0.1123086586594581,4,1,0.0
data_012,0,0,0,0,0,0,0,0,0,0,0,0,0,0.1976875364780426,0.7139561176300049,0.5162685811519623,0.7589107751846313,0.764519989490509,0.1110634356737136,6,1,0.0769230769230769
data_012,1,1,1,1,1,1,1,1,1,1,1,1,1,0.015454139560461044,0.29532429575920105,0.27987015619874,0.8505838513374329,0.8545446991920471,0.2067655324935913,12,1,0.0769230769230769
data_012,1,0,0,0,0,1,1,1,0,1,1,1,0,0.4314897656440735,0.708063542842865,0.2765737771987915,0.8144925236701965,0.830961287021637,0.2070674300193786,10,1,0.0769230769230769
data_012,0,0,0,0,0,0,0,0,0,1,0,0,0,0.8116102814674377,0.7822428941726685,-0.029367387294769287,0.6398545503616333,0.7577056884765625,0.0,5,0,0.3846153846153846
data_012,0,0,0,0,0,0,0,0,0,1,0,0,0,0.7919052243232727,0.9554131031036377,0.163507878780365,0.7671178579330444,0.8049424290657043,0.2048880159854889,7,1,0.0769230769230769
data_012,0,0,0,0,0,0,0,0,0,1,0,0,0,0.40572604537010193,0.40572604537010193,0.0,0.7548577189445496,0.7351381778717041,0.400400698184967,8,1,0.0
data_012,0,0,0,0,0,0,0,0,0,0,0,0,0,0.003949282690882683,0.37014445662498474,0.36619517393410206,0.7528083324432373,0.7663084864616394,0.3921095728874206,6,1,0.0769230769230769
data_012,0,0,0,0,0,0,0,0,0,0,0,0,0,0.9872922897338867,0.9872922897338867,0.0,0.7343229651451111,0.6062914729118347,0.3442612588405609,1,1,0.0
data_012,0,0,0,0,0,0,0,0,0,0,0,0,0,0.9748983979225159,0.8998052477836609,-0.07509315013885498,0.8049147725105286,0.7894226908683777,0.2031765580177307,7,1,0.0
data_012,0,0,0,0,0,0,0,0,0,1,0,0,0,0.9534307718276978,0.9534307718276978,0.0,0.8253325819969177,0.7377192974090576,0.8054103851318359,3,1,0.0
data_012,0,0,0,0,0,0,0,0,0,0,0,0,0,0.989963710308075,0.989963710308075,0.0,0.8188754320144653,0.653252124786377,0.7156286835670471,2,1,0.0
data_012,0,0,0,0,0,0,0,0,0,0,0,0,0,0.8893846273422241,0.8893846273422241,0.0,0.8723378777503967,0.6701809167861938,0.7261828184127808,2,1,0.0
data_012,0,0,0,0,0,0,0,0,0,1,0,0,0,0.9240018129348755,0.9240018129348755,0.0,0.7121445536613464,0.5488882064819336,0.90561181306839,1,1,0.0
data_012,0,0,0,0,0,0,0,0,0,0,0,0,0,0.9208372235298157,0.5623326301574707,-0.35850459337234497,0.8433460593223572,0.7837544679641724,0.4032507240772247,11,1,0.0
data_012,0,0,0,0,0,0,0,0,0,0,0,0,0,0.1288546323776245,0.1288546323776245,0.0,0.5892937183380127,0.5980809926986694,0.2066352516412735,0,0,0.0769230769230769
data_012,0,0,0,0,0,0,0,0,0,1,0,0,0,0.9989939332008362,0.9989939332008362,0.0,0.5963947176933289,0.6590749025344849,0.1038964241743087,1,0,0.0769230769230769
data_012,0,0,0,0,0,0,0,0,0,0,0,0,0,0.9989719390869141,0.9989719390869141,0.0,0.7075369954109192,0.7256982922554016,0.3088861405849457,4,1,0.1538461538461538
data_012,0,0,0,0,0,0,0,0,0,0,0,0,0,0.11652150005102158,0.9490224719047546,0.8325009718537331,0.6937679052352905,0.812898576259613,0.0,9,1,0.6153846153846154
data_012,0,0,0,0,0,0,0,0,0,0,0,0,0,0.6577805280685425,0.9948948621749878,0.3371143341064453,0.5909886360168457,0.6802229881286621,0.0,3,0,0.3846153846153846
data_012,0,0,0,0,0,0,0,0,0,1,0,0,0,0.40545594692230225,0.9724839925765991,0.5670280456542969,0.7482898235321045,0.8377686142921448,0.0957643091678619,11,1,0.3846153846153846
data_012,0,0,0,0,0,0,0,0,0,1,0,0,0,0.9879244565963745,0.9879244565963745,0.0,0.7920786738395691,0.7452166080474854,0.3038596212863922,8,1,0.0
data_012,0,0,0,0,0,0,0,0,0,1,0,0,0,0.9544292092323303,0.9928857684135437,0.03845655918121338,0.6928353905677795,0.7802562713623047,0.2850683927536011,5,1,0.2307692307692307
data_012,0,0,0,0,0,0,0,0,0,0,0,0,0,0.9988222718238831,0.9988222718238831,0.0,0.8772158622741699,0.7010146975517273,0.1304593682289123,4,1,0.0
data_012,0,0,0,0,0,0,0,0,0,0,0,0,0,0.09310904890298843,0.5186184048652649,0.42550935596227646,0.6434944272041321,0.741760790348053,0.0965920463204383,3,0,0.3846153846153846
data_012,0,0,0,0,0,0,0,0,0,0,0,0,0,0.5723633170127869,0.9953716397285461,0.4230083227157593,0.6679345369338989,0.7181945443153381,0.1970760226249694,6,1,0.3076923076923077
data_013,0,0,0,0,0,0,0,0,0,1,1,0,0,0.6392351984977722,0.6392351984977722,0.0,0.6827762126922607,0.5608121156692505,0.813038170337677,1,1,0.0
data_013,0,0,0,0,0,0,0,0,0,0,0,0,0,0.9899722337722778,0.9899722337722778,0.0,0.7656036019325256,0.6552510857582092,0.127214640378952,2,1,0.0
data_013,0,0,0,0,0,0,0,0,0,1,0,0,0,0.44407758116722107,0.6363511681556702,0.1922735869884491,0.7031124234199524,0.6746994256973267,0.5079025626182556,2,1,0.0
data_013,0,0,0,0,0,0,0,0,0,0,0,0,0,0.7897091507911682,0.7897091507911682,0.0,0.7586922645568848,0.6803312301635742,0.312372624874115,4,1,0.0
data_013,0,0,0,0,0,0,0,0,0,0,0,0,0,0.9291320443153381,0.9941125512123108,0.06498050689697266,0.7833147644996643,0.6982966661453247,0.1397865563631057,2,1,0.0
data_013,0,0,0,0,0,0,0,0,0,1,0,0,0,0.9101570248603821,0.7295343279838562,-0.18062269687652588,0.6557729840278625,0.7910217642784119,0.304883748292923,3,1,0.1176470588235294
data_013,0,0,0,0,0,0,0,0,0,0,0,0,0,0.9911858439445496,0.9911858439445496,0.0,0.7659412026405334,0.6652916073799133,0.4162183105945587,3,1,0.0
data_013,0,0,0,0,0,0,0,0,0,1,1,1,0,0.9808347821235657,0.9883254766464233,0.007490694522857666,0.7995478510856628,0.7372156977653503,0.1149328425526619,5,1,0.0
data_013,0,0,0,0,0,0,0,0,0,0,0,0,0,0.233846977353096,0.4547020494937897,0.22085507214069366,0.8444214463233948,0.6421433687210083,0.3463533818721771,1,1,0.0
data_013,0,0,0,0,0,0,0,0,0,0,0,0,0,0.9896281957626343,0.9896281957626343,0.0,0.755420446395874,0.6562487483024597,0.1225443631410598,2,1,0.0
data_013,0,0,0,0,0,0,0,0,0,0,0,0,0,0.9893730282783508,0.9943423271179199,0.004969298839569092,0.5325767397880554,0.7062473893165588,0.0,1,0,0.4705882352941176
data_013,0,0,0,0,0,0,1,0,0,1,1,0,0,0.060775741934776306,0.38688263297080994,0.32610689103603363,0.6165435910224915,0.6273242235183716,0.1003479585051536,0,0,0.1764705882352941
data_013,0,0,0,0,0,0,0,0,0,0,0,0,0,0.8665815591812134,0.9963453412055969,0.12976378202438354,0.6694775819778442,0.7048924565315247,0.1063407957553863,2,1,0.0588235294117647
data_013,0,0,0,0,0,0,1,0,0,1,1,1,0,0.9171103835105896,0.9293964505195618,0.012286067008972168,0.6315403580665588,0.7691077589988708,0.0918037220835685,5,0,0.2941176470588235
data_013,0,0,1,0,0,0,1,0,0,1,1,0,0,0.9909104704856873,0.9917667508125305,0.0008562803268432617,0.6200162172317505,0.5927807688713074,0.2134443521499633,0,0,0.0
data_013,0,0,0,0,0,0,0,0,0,0,0,0,0,0.9220923781394958,0.9220923781394958,0.0,0.6779127717018127,0.6608765721321106,0.4170475900173187,2,1,0.0
data_013,0,0,0,0,0,0,0,0,0,1,0,0,0,0.390870064496994,0.390870064496994,0.0,0.6375613808631897,0.7340447306632996,0.2006237804889679,1,0,0.0588235294117647
data_013,0,0,0,0,0,0,0,0,0,0,0,0,0,0.9515774250030518,0.9930136799812317,0.04143625497817993,0.6292004585266113,0.825344443321228,0.0909257307648658,4,0,0.2941176470588235
data_013,0,0,0,0,0,0,0,0,0,0,0,0,0,0.6020041108131409,0.9457961916923523,0.3437920808792114,0.4783271849155426,0.6272143125534058,0.0,0,0,0.5882352941176471
data_013,0,0,0,0,0,0,0,0,0,0,0,0,0,0.8455491662025452,0.2340124249458313,-0.6115367412567139,0.5711594820022583,0.603662371635437,0.198925495147705,0,0,0.1764705882352941
data_013,0,0,0,0,0,0,0,0,0,1,0,0,0,0.8410253524780273,0.8410253524780273,0.0,0.6835897564888,0.5847312211990356,0.231395423412323,1,1,0.0
data_013,0,0,0,0,0,1,0,0,0,0,0,0,0,0.734363853931427,0.734363853931427,0.0,0.4804312586784363,0.4577236473560333,0.4139737784862518,0,0,0.0
data_013,0,0,0,0,0,0,0,0,0,1,0,0,0,0.6234270930290222,0.6234270930290222,0.0,0.8010472059249878,0.6960312724113464,0.420537918806076,3,1,0.0
data_014,0,0,0,0,0,0,0,0,0,0,0,0,0,0.13225938379764557,0.13225938379764557,0.0,0.8702051043510437,0.7612360119819641,0.2337519526481628,3,1,0.0
data_014,0,0,0,0,0,0,0,0,0,0,0,0,0,0.9921889305114746,0.9921889305114746,0.0,0.7997275590896606,0.5026300549507141,0.7461479902267456,1,1,0.0
data_014,0,0,0,0,0,0,0,0,0,0,0,0,0,0.053073540329933167,0.053073540329933167,0.0,0.6825977563858032,0.5466485023498535,0.6163111329078674,1,1,0.0
data_014,0,0,0,0,0,0,0,0,0,0,0,0,0,0.9689305424690247,0.9689305424690247,0.0,0.6891700029373169,0.4825364351272583,0.738129734992981,1,1,0.0
data_014,0,0,0,0,0,0,0,0,0,0,0,0,0,0.9563452005386353,0.7967662811279297,-0.15957891941070557,0.7418981194496155,0.5898312330245972,0.3662616908550262,1,1,0.0
data_014,0,0,0,0,0,0,0,0,0,0,0,0,0,0.9983758926391602,0.9983758926391602,0.0,0.8745818734169006,0.5380568504333496,0.2621647417545318,1,1,0.0
data_014,0,0,0,0,0,0,0,0,0,0,0,0,0,0.02450932376086712,0.02914752997457981,0.004638206213712692,0.6956140398979187,0.5506477952003479,0.2241508215665817,1,1,0.0
data_014,0,0,0,0,0,0,0,0,0,1,0,0,0,0.9839141368865967,0.9954758286476135,0.011561691761016846,0.6610006093978882,0.5609511733055115,0.1316317468881607,1,1,0.0
data_014,0,0,0,0,0,0,0,0,0,0,0,0,0,0.4974214434623718,0.4974214434623718,0.0,0.7625312209129333,0.6339609622955322,0.1377323418855667,1,1,0.0
data_014,0,0,0,0,0,0,0,0,0,0,0,0,0,0.7184821963310242,0.7184821963310242,0.0,0.7590464949607849,0.5424478650093079,0.3356853127479553,1,1,0.0
data_014,0,0,0,0,0,1,0,0,0,1,1,0,0,0.08105147629976273,0.22025059163570404,0.13919911533594131,0.5752182006835938,0.6177594661712646,0.2998766303062439,0,0,0.2
data_014,1,1,0,0,0,1,1,1,0,1,1,1,0,0.0008785359677858651,0.0033189470414072275,0.0024404110736213624,0.4871777594089508,0.6671150326728821,0.0,1,0,0.4
data_014,0,0,0,0,0,0,0,0,0,0,0,0,0,0.03894761577248573,0.03870616853237152,-0.00024144724011421204,0.6575645208358765,0.5757831931114197,0.1165793761610984,1,1,0.0
data_014,0,0,0,0,0,0,0,0,0,0,0,0,0,0.20964686572551727,0.20964686572551727,0.0,0.8765171766281128,0.7307103872299194,0.3351486027240753,3,1,0.0
data_014,0,0,0,0,0,0,0,0,0,0,0,0,0,0.12891659140586853,0.12891659140586853,0.0,0.7898730635643005,0.7261199355125427,0.712190568447113,3,1,0.0
data_014,0,0,0,0,0,0,0,0,0,0,0,0,0,0.9472000002861023,0.9472000002861023,0.0,0.8233462572097778,0.6942242980003357,0.6067579388618469,3,1,0.0
data_014,0,0,0,0,0,0,0,0,0,0,0,0,0,0.9848490953445435,0.9848490953445435,0.0,0.876384437084198,0.7150629758834839,0.3580610454082489,2,1,0.0
data_014,0,0,0,0,0,0,0,0,0,0,0,0,0,0.988165020942688,0.988165020942688,0.0,0.847797691822052,0.5626069903373718,0.5297332406044006,1,1,0.0
data_014,0,0,0,0,0,0,0,0,0,0,0,0,0,0.9968044757843018,0.055189795792102814,-0.9416146799921989,0.4615170955657959,0.5833721160888672,0.1807061284780502,0,0,0.4
data_014,0,0,0,0,0,0,0,0,0,0,0,0,0,0.16848936676979065,0.16848936676979065,0.0,0.6437390446662903,0.5336595177650452,0.2240946292877197,0,0,0.0
data_014,1,1,1,1,1,1,1,1,1,1,1,1,1,0.3241107761859894,0.08694642037153244,-0.23716435581445694,0.3030429780483246,0.8350359797477722,0.0,1,0,0.8
data_014,0,0,0,0,0,0,0,0,0,0,0,0,0,0.03439239785075188,0.03439239785075188,0.0,0.7929007411003113,0.6023166179656982,0.6320939064025879,1,1,0.0
data_014,0,0,0,0,0,0,0,0,0,0,0,0,0,0.05231469124555588,0.05231469124555588,0.0,0.7228851914405823,0.6047090888023376,0.5228097438812256,1,1,0.0
data_014,0,0,0,0,0,0,0,0,0,0,0,0,0,0.9976319074630737,0.9976319074630737,0.0,0.6441464424133301,0.644087553024292,0.2187692373991012,0,0,0.0
data_014,0,0,0,0,0,0,0,0,0,0,0,0,0,0.15354640781879425,0.6919077038764954,0.5383612960577011,0.7718438506126404,0.6751495003700256,0.2159571200609207,3,1,0.0
data_015,0,0,0,0,0,0,0,0,0,0,1,0,0,0.03619718924164772,0.04243719205260277,0.006240002810955048,0.7152024507522583,0.8601868748664856,0.2883350253105163,4,1,0.1538461538461538
data_015,0,0,0,0,0,0,0,0,0,1,0,0,0,0.8052828311920166,0.6789869666099548,-0.12629586458206177,0.7782859206199646,0.8181442618370056,0.4933678209781647,8,1,0.1538461538461538
data_015,1,1,1,0,1,1,1,1,1,1,1,1,1,0.1812843382358551,0.9808849096298218,0.7996005713939667,0.7512980103492737,0.800276517868042,0.394450306892395,6,1,0.1538461538461538
data_015,0,0,0,0,0,0,0,0,0,1,0,0,0,0.9969785213470459,0.9969785213470459,0.0,0.8968037962913513,0.769321084022522,0.7047833204269409,8,1,0.0
data_015,0,0,0,0,0,0,0,0,0,0,0,0,0,0.9857659339904785,0.9857659339904785,0.0,0.897106945514679,0.6151109933853149,0.5389047265052795,1,1,0.0
data_015,0,0,0,0,0,0,0,0,0,0,0,0,0,0.5913373827934265,0.974750816822052,0.3834134340286255,0.7661871314048767,0.7487574815750122,0.402549684047699,7,1,0.0
data_015,0,0,0,0,0,0,0,0,0,0,0,0,0,0.7171081900596619,0.9979175925254822,0.2808094024658203,0.9582188129425048,0.7781073451042175,0.2226422727108001,9,1,0.0
data_015,0,0,0,0,0,0,0,0,0,1,0,0,0,0.44433215260505676,0.3013837933540344,-0.14294835925102234,0.7207045555114746,0.7945656180381775,0.0,7,1,0.2307692307692307
data_015,1,1,1,1,1,1,1,1,1,1,1,1,1,0.08629277348518372,0.013533483259379864,-0.07275929022580385,0.6848124265670776,0.794314980506897,0.0,7,1,0.4615384615384615
data_015,0,0,0,0,0,0,0,0,0,0,0,0,0,0.1720050573348999,0.1720050573348999,0.0,0.8774246573448181,0.7452223300933838,0.4181927740573883,6,1,0.0
data_015,0,0,0,0,0,0,0,0,0,0,0,0,0,0.9910523295402527,0.9910523295402527,0.0,0.8405727744102478,0.7011681795120239,0.6141337752342224,4,1,0.0
data_015,0,0,0,1,0,0,1,1,0,1,1,1,1,0.009700785391032696,0.046145033091306686,0.03644424770027399,0.670647382736206,0.7250277996063232,0.0,11,1,0.5384615384615384
data_016,0,0,0,0,0,0,0,0,0,0,0,0,0,0.0023779855109751225,0.0023779855109751225,0.0,0.885043740272522,0.4715095162391662,0.7296031713485718,1,1,0.0
data_016,0,0,0,0,0,0,0,0,0,0,0,0,0,0.9983336329460144,0.9983336329460144,0.0,0.8775744438171387,0.745799720287323,0.5181422233581543,3,1,0.0
data_016,0,0,0,0,0,0,0,0,0,0,0,0,0,0.6092497706413269,0.6092497706413269,0.0,0.8061333298683167,0.714501142501831,0.6087563037872314,9,1,0.0
data_016,0,0,0,0,0,0,1,0,0,0,1,0,0,0.8891072869300842,0.8891072869300842,0.0,0.7023470401763916,0.7333295941352844,0.4010423421859741,5,1,0.0434782608695652
data_016,0,0,0,0,0,0,0,0,0,0,0,0,0,0.9551202058792114,0.9942017197608948,0.03908151388168335,0.918171226978302,0.8891322612762451,0.5051469802856445,6,1,0.0
data_016,0,0,0,0,0,0,0,0,0,0,0,0,0,0.058556605130434036,0.05668780952692032,-0.0018687956035137177,0.7444277405738831,0.7552549839019775,0.3160124719142914,3,1,0.0434782608695652
data_016,0,0,1,0,0,1,1,1,0,1,1,1,1,0.4918091893196106,0.3691205084323883,-0.12268868088722229,0.7118231058120728,0.6592443585395813,0.1095986887812614,4,1,0.0
data_016,0,0,0,0,0,0,0,0,0,0,0,0,0,0.9797568917274475,0.9797568917274475,0.0,0.846411943435669,0.6538379788398743,0.7185750603675842,2,1,0.0
data_016,0,0,0,0,0,0,0,0,0,0,0,0,0,0.610500156879425,0.610500156879425,0.0,0.8878776431083679,0.58534836769104,0.4519144594669342,1,1,0.0
data_016,0,0,0,0,0,1,1,0,0,1,1,0,0,0.5835000872612,0.13572700321674347,-0.4477730840444565,0.7438181638717651,0.8595520853996277,0.0909749493002891,14,1,0.2608695652173913
data_016,0,0,0,0,0,0,0,0,0,0,0,0,0,0.09642281383275986,0.5780157446861267,0.48159293085336685,0.765142560005188,0.8898993730545044,0.2943094074726105,4,1,0.0869565217391304
data_016,1,1,1,1,1,1,1,1,1,1,1,1,1,0.02617347054183483,0.013311094604432583,-0.012862375937402248,0.6232790946960449,0.7075950503349304,0.1012110114097595,1,0,0.0869565217391304
data_017,0,0,0,0,0,0,0,0,0,0,0,0,0,0.6697061657905579,0.010096106678247452,-0.6596100591123104,0.7295722365379333,0.7450528740882874,0.2081263214349746,6,1,0.0833333333333333
data_017,0,0,0,0,0,1,1,0,0,1,1,1,0,0.1713586002588272,0.1713586002588272,0.0,0.7177878618240356,0.6755750179290771,0.2105997651815414,3,1,0.0
data_017,0,0,0,0,0,1,0,0,0,1,0,0,0,0.14390581846237183,0.14390581846237183,0.0,0.7437750697135925,0.7654125690460205,0.2033108621835708,11,1,0.0833333333333333
data_017,0,0,1,0,0,1,1,1,0,1,1,1,1,0.02639065869152546,0.02639065869152546,0.0,0.6332964301109314,0.5435571074485779,0.621034562587738,0,0,0.0
data_017,0,0,1,0,1,1,1,1,1,1,1,1,1,0.011099020019173622,0.011099020019173622,0.0,0.7083548903465271,0.6817274689674377,0.4154649078845978,3,1,0.0
data_017,1,1,1,1,1,1,1,1,1,1,1,1,1,0.00697563961148262,0.23064535856246948,0.22366971895098686,0.6427779793739319,0.700711190700531,0.2006001323461532,1,0,0.0833333333333333
data_017,1,0,1,1,1,1,1,1,1,1,1,1,1,0.027053121477365494,0.15801067650318146,0.13095755502581596,0.768822193145752,0.7861383557319641,0.4036519527435303,7,1,0.0833333333333333
data_017,1,1,1,1,1,1,1,1,1,1,1,1,1,0.07653088122606277,0.9143776297569275,0.8378467485308647,0.6257312297821045,0.7223814129829407,0.2900210320949554,1,0,0.1666666666666666
data_017,0,0,0,0,0,1,1,1,0,1,1,1,0,0.1186896562576294,0.1186896562576294,0.0,0.7960365414619446,0.6355104446411133,0.907653272151947,1,1,0.0
data_017,0,0,1,0,0,1,1,1,1,1,1,1,1,0.34103643894195557,0.34103643894195557,0.0,0.7704436182975769,0.7110450863838196,0.802865743637085,3,1,0.0
data_017,0,0,1,0,0,0,1,1,0,1,1,1,0,0.9391471743583679,0.9391471743583679,0.0,0.7072868347167969,0.6672016382217407,0.6085101962089539,3,1,0.0
data_017,1,1,1,0,0,1,1,1,0,1,1,1,0,0.01009419932961464,0.01009419932961464,0.0,0.8132364153862,0.7399100065231323,0.7108818292617798,6,1,0.0
data_017,0,0,0,0,0,0,0,0,0,0,0,0,0,0.20402726531028748,0.20402726531028748,0.0,0.7961627244949341,0.7386614680290222,0.6123189330101013,7,1,0.0
data_017,0,0,0,0,0,0,0,0,0,1,0,0,0,0.9548490047454834,0.7076209187507629,-0.24722808599472046,0.7749635577201843,0.8298364281654358,0.3001213669776916,10,1,0.1666666666666666
data_018,0,0,0,0,0,1,1,0,0,1,1,0,0,0.0009161272901110351,0.15537309646606445,0.15445696917595342,0.7983543276786804,0.8396835327148438,0.2996845245361328,3,1,0.1111111111111111
data_018,0,0,0,0,0,0,0,0,0,1,0,0,0,0.05860726162791252,0.1129918321967125,0.05438457056879997,0.8395459055900574,0.8033373951911926,0.2116383612155914,9,1,0.0
data_018,0,0,0,0,0,1,0,0,0,1,1,1,0,0.0910794734954834,0.0910794734954834,0.0,0.8276240825653076,0.7263805866241455,0.5081285834312439,3,1,0.0
data_018,0,0,0,0,0,0,0,0,0,0,0,0,0,0.9575905203819275,0.9575905203819275,0.0,0.829124391078949,0.8206735849380493,0.4085253179073334,7,1,0.0
data_018,0,0,0,0,0,0,0,0,0,0,0,0,0,0.4779169261455536,0.7444610595703125,0.2665441334247589,0.7032685279846191,0.7373526692390442,0.2031382471323013,4,1,0.1111111111111111
data_018,1,1,1,1,1,1,1,1,1,1,1,1,1,0.23056380450725555,0.0819137692451477,-0.14865003526210785,0.7502609491348267,0.7650070190429688,0.2987573742866516,8,1,0.3333333333333333
data_018,1,1,1,1,1,1,1,1,1,1,1,1,1,0.012154131196439266,0.38232511281967163,0.37017098162323236,0.6015397310256958,0.8520485162734985,0.0899824872612953,2,0,0.3333333333333333
data_018,0,0,0,0,0,0,0,0,0,0,0,0,0,0.9978850483894348,0.9978850483894348,0.0,0.8518881797790527,0.8037545680999756,0.1092285513877868,6,1,0.0
data_018,0,0,0,0,0,1,0,1,0,1,1,1,0,0.11084158718585968,0.5992075800895691,0.4883659929037094,0.622296929359436,0.7903512120246887,0.0,5,0,0.7777777777777778
data_019,0,0,0,0,0,0,0,0,0,0,0,0,0,0.12775470316410065,0.567636251449585,0.4398815482854843,0.812417209148407,0.7732505798339844,0.6042376160621643,5,1,0.0
data_019,0,0,0,0,0,0,1,0,0,1,1,1,0,0.20411793887615204,0.20411793887615204,0.0,0.7718279957771301,0.7248269319534302,0.3099759519100189,4,1,0.0
data_019,0,0,0,0,0,0,0,0,0,1,0,0,0,0.42289987206459045,0.9936417937278748,0.5707419216632843,0.8530908226966858,0.835892915725708,0.110172614455223,10,1,0.0
data_019,0,0,0,0,0,0,0,0,0,0,0,0,0,0.016471093520522118,0.968271017074585,0.9517999235540628,0.6743572950363159,0.8172200322151184,0.0953085422515869,10,1,0.5555555555555556
data_019,0,0,0,0,0,0,0,0,0,0,0,0,0,0.5552449822425842,0.03690206632018089,-0.5183429159224033,0.581592321395874,0.654450535774231,0.0,1,0,0.8888888888888888
data_019,0,0,0,0,0,0,0,0,0,0,1,0,0,0.8325919508934021,0.8325919508934021,0.0,0.9526857137680054,0.8485128879547119,0.125868335366249,5,1,0.0
data_019,0,0,0,0,0,0,0,0,0,0,0,0,0,0.09796281158924103,0.13956034183502197,0.041597530245780945,0.8015664219856262,0.8237360715866089,0.3961301743984222,4,1,0.1111111111111111
data_019,0,0,0,0,0,0,0,0,0,0,0,0,0,0.020584773272275925,0.028471916913986206,0.007887143641710281,0.8495746850967407,0.7265833020210266,0.1221961453557014,6,1,0.0
data_019,0,0,0,0,0,0,0,0,0,1,0,0,0,0.11905645579099655,0.8337482810020447,0.7146918252110481,0.7552121877670288,0.7556848526000977,0.3992026746273041,6,1,0.1111111111111111
data_019,0,0,0,0,0,1,1,0,0,1,1,0,0,0.29329681396484375,0.5317931175231934,0.2384963035583496,0.8168703317642212,0.7461954951286316,0.3070578873157501,9,1,0.0
data_019,0,0,0,0,0,0,0,0,0,1,1,0,0,0.9960965514183044,0.9960965514183044,0.0,0.7495559453964233,0.6870949864387512,0.3119056224822998,3,1,0.0
data_019,0,0,0,0,0,0,0,0,0,1,0,1,0,0.31142953038215637,0.9715815782546997,0.6601520478725433,0.7397140264511108,0.8188059329986572,0.2998028695583343,3,1,0.1111111111111111
data_019,0,0,0,0,0,0,0,0,0,0,0,0,0,0.6743461489677429,0.6743461489677429,0.0,0.7431120276451111,0.6793742179870605,0.7071620225906372,6,1,0.0
data_019,0,0,0,0,0,1,1,0,0,1,1,1,0,0.09413600713014603,0.016537398099899292,-0.07759860903024673,0.7135979533195496,0.7106772661209106,0.5865983963012695,4,1,0.0
data_019,0,0,0,0,0,0,0,0,0,1,0,0,0,0.533707857131958,0.5514915585517883,0.017783701419830322,0.8272402882575989,0.8290358781814575,0.6926206946372986,5,1,0.1111111111111111
data_019,0,0,0,0,0,0,0,0,0,0,0,0,0,0.9951038360595703,0.9966995120048523,0.0015956759452819824,0.9227578043937684,0.8463661670684814,0.1192038655281066,9,1,0.0
data_019,0,0,0,0,0,1,0,0,0,1,1,0,0,0.9153109788894653,0.9153109788894653,0.0,0.7085846066474915,0.7331109642982483,0.1039701998233795,6,1,0.1111111111111111
data_019,0,0,0,0,0,0,0,1,0,0,0,1,0,0.05239921063184738,0.10606327652931213,0.05366406589746475,0.7575461864471436,0.7498505115509033,0.1090633273124694,6,1,0.0
data_019,0,0,0,0,0,0,0,0,0,0,0,0,0,0.5258054137229919,0.5258054137229919,0.0,0.7458062767982483,0.749764621257782,0.3965965509414673,9,1,0.2222222222222222
data_019,0,0,0,0,0,0,0,0,0,1,0,0,0,0.009336675517261028,0.009336675517261028,0.0,0.7985876202583313,0.7792007327079773,0.4063178598880768,7,1,0.0
data_019,0,0,0,0,0,1,0,0,0,1,1,0,0,0.939708411693573,0.939708411693573,0.0,0.8151592016220093,0.6668164730072021,0.2433060854673385,2,1,0.0
data_019,0,0,0,0,0,0,0,0,0,0,1,0,0,0.7992600202560425,0.06464850902557373,-0.7346115112304688,0.6695991158485413,0.7727364897727966,0.1965559870004654,5,1,0.3333333333333333
data_019,0,0,0,0,0,0,0,0,0,1,1,0,0,0.8027370572090149,0.8027370572090149,0.0,0.702101469039917,0.7040117383003235,0.4046148061752319,4,1,0.1111111111111111
data_019,0,0,0,0,0,0,0,0,0,1,0,1,0,0.9789937734603882,0.9789937734603882,0.0,0.71002197265625,0.7299542427062988,0.1032203212380409,6,1,0.1111111111111111
data_019,0,0,0,0,0,0,0,0,0,0,0,0,0,0.009287150576710701,0.9545634388923645,0.9452762883156538,0.7350885272026062,0.7431176900863647,0.1032066717743873,8,1,0.2222222222222222
data_019,0,0,0,0,0,1,0,0,0,1,0,0,0,0.9544011950492859,0.9544011950492859,0.0,0.8101106286048889,0.7019120454788208,0.1255977600812912,3,1,0.0
data_019,0,0,0,0,0,0,0,0,0,0,0,0,0,0.9898850917816162,0.6800321936607361,-0.3098528981208801,0.6516499519348145,0.7075660228729248,0.2007172703742981,2,1,0.1111111111111111
data_020,0,0,0,0,0,0,0,0,0,0,0,0,0,0.9882197380065918,0.9882197380065918,0.0,0.9358339309692384,0.8468616008758545,0.4105274081230163,8,1,0.0
data_020,0,0,0,0,0,0,0,0,0,0,0,0,0,0.9639867544174194,0.9639867544174194,0.0,0.8011636734008789,0.8184723258018494,0.2122905403375625,8,1,0.1111111111111111
data_020,0,0,0,0,0,0,0,0,0,0,0,0,0,0.9855843186378479,0.9855843186378479,0.0,0.8879431486129761,0.8131483197212219,0.6042954325675964,8,1,0.0
data_020,0,0,0,0,0,0,0,0,0,1,0,0,0,0.8601738214492798,0.8601738214492798,0.0,0.8692986369132996,0.7182832956314087,0.6247496604919434,6,1,0.0
data_020,1,0,0,0,0,0,0,0,0,0,0,0,0,0.009506103582680225,0.12161688506603241,0.11211078148335218,0.864733874797821,0.7958827018737793,0.4127655327320099,9,1,0.0
data_020,0,0,0,0,0,0,0,0,0,0,0,0,0,0.9900134801864624,0.9900134801864624,0.0,0.8821351528167725,0.8117213845252991,0.3074299097061157,9,1,0.0
data_020,0,0,0,0,0,0,0,0,0,0,0,0,0,0.9979957342147827,0.9979957342147827,0.0,0.765202522277832,0.7191824316978455,0.2085639536380767,2,1,0.0
data_020,0,0,0,0,0,0,0,0,0,0,0,0,0,0.8552525639533997,0.9932259917259216,0.13797342777252197,0.7561134696006775,0.9228363037109376,0.4632563889026642,2,1,0.1111111111111111
data_020,0,0,0,0,0,0,0,0,0,0,0,0,0,0.9931015968322754,0.9931015968322754,0.0,0.8714750409126282,0.8429732322692871,0.1095769554376602,8,1,0.0
data_020,0,0,0,0,0,0,0,0,0,1,1,0,0,0.3755190670490265,0.18475645780563354,-0.19076260924339294,0.7862296104431152,0.7388323545455933,0.1122860834002494,5,1,0.0
data_020,0,0,0,0,0,0,0,0,0,1,0,0,0,0.7132381200790405,0.6444293260574341,-0.06880879402160645,0.8997161388397217,0.8347817063331604,0.1115595549345016,9,1,0.0
data_020,0,0,0,0,0,0,0,0,0,0,0,0,0,0.17527273297309875,0.3162127733230591,0.14094004034996033,0.8002565503120422,0.802434504032135,0.198539450764656,8,1,0.1111111111111111
data_020,0,0,0,0,0,0,0,0,0,0,0,0,0,0.324972003698349,0.6551550030708313,0.3301829993724823,0.8094218969345093,0.8039515018463135,0.203144833445549,8,1,0.0
data_020,0,0,0,0,0,1,0,0,0,1,0,0,0,0.7141984701156616,0.8010036945343018,0.08680522441864014,0.6411123275756836,0.7936077117919922,0.0,5,0,0.5555555555555556
data_020,0,0,0,0,0,0,0,0,0,0,0,0,0,0.06084863096475601,0.06084863096475601,0.0,0.8368507623672485,0.6306829452514648,0.2284679263830185,1,1,0.0
data_020,0,0,0,0,0,0,0,0,0,0,0,0,0,0.7577760219573975,0.7577760219573975,0.0,0.8284724950790405,0.765888512134552,0.1150714308023452,4,1,0.0
data_020,0,0,0,0,0,0,0,0,0,0,0,0,0,0.9202414155006409,0.9202414155006409,0.0,0.9083936810493468,0.6435777544975281,0.1391616016626358,1,1,0.0
data_020,0,0,0,0,0,1,0,1,0,1,1,1,0,0.2968686819076538,0.022401371970772743,-0.27446730993688107,0.5957732200622559,0.810489296913147,0.0,7,0,0.8888888888888888
data_020,0,0,0,0,0,0,0,0,0,0,0,0,0,0.7896847128868103,0.9247095584869385,0.13502484560012817,0.90590900182724,0.8286211490631104,0.1103246361017227,9,1,0.0
data_020,0,0,0,0,0,0,0,0,0,0,0,0,0,0.9969635605812073,0.9969635605812073,0.0,0.7927201390266418,0.5873001217842102,0.2509920299053192,1,1,0.0
data_020,0,0,0,0,0,0,0,0,0,0,0,0,0,0.9890244603157043,0.9810577630996704,-0.007966697216033936,0.7891547679901123,0.7361449599266052,0.220939427614212,7,1,0.0
data_020,0,0,0,0,0,0,0,0,0,0,0,0,0,0.9609835743904114,0.9609835743904114,0.0,0.8392957448959351,0.7566239833831787,0.1131612807512283,8,1,0.0
data_020,0,0,0,0,0,1,1,1,1,1,1,1,0,0.0552242249250412,0.7604900002479553,0.7052657753229141,0.7850848436355591,0.856239378452301,0.0971102938055992,9,1,0.5555555555555556
data_020,0,0,0,0,0,1,0,0,0,1,0,1,0,0.04654199257493019,0.07747365534305573,0.030931662768125534,0.6908610463142395,0.7414306998252869,0.098254419863224,7,1,0.5555555555555556
data_020,0,0,0,0,0,1,0,1,0,1,0,1,0,0.12395665794610977,0.12395665794610977,0.0,0.8272879719734192,0.7861143350601196,0.406185120344162,8,1,0.0
data_020,0,0,0,0,0,0,0,0,0,1,1,0,0,0.31726694107055664,0.31726694107055664,0.0,0.7497308254241943,0.7239076495170593,0.5006887316703796,6,1,0.0
data_020,0,0,0,0,0,0,0,0,0,0,0,0,0,0.896458625793457,0.896458625793457,0.0,0.8883073925971985,0.6693593859672546,0.6358693838119507,3,1,0.0
data_020,0,0,0,0,0,0,0,0,0,0,0,0,0,0.8853923082351685,0.7926194667816162,-0.09277284145355225,0.6929132342338562,0.626774251461029,0.7118855714797974,1,1,0.0
data_020,0,0,0,0,0,0,0,0,0,0,0,0,0,0.9855954647064209,0.9855954647064209,0.0,0.6521008014678955,0.7894304990768433,0.3108578026294708,2,1,0.1111111111111111
data_020,0,0,0,0,0,0,0,0,0,1,1,0,0,0.22944527864456177,0.8748111724853516,0.6453658938407898,0.844336211681366,0.8112340569496155,0.3079751431941986,9,1,0.0
data_020,0,0,0,0,0,0,0,0,0,0,0,0,0,0.9570069313049316,0.9570069313049316,0.0,0.8959222435951233,0.6601622104644775,0.5329762101173401,3,1,0.0
data_020,0,0,0,0,0,1,0,0,0,1,1,0,0,0.8611676096916199,0.8611676096916199,0.0,0.7428580522537231,0.6428737044334412,0.2273809760808944,1,1,0.0
data_020,0,0,0,0,0,0,0,0,0,1,0,0,0,0.7660914659500122,0.980032742023468,0.2139412760734558,0.6148667335510254,0.7069099545478821,0.0,4,0,0.6666666666666666
data_020,0,0,0,0,0,0,1,0,0,1,1,1,0,0.9400423765182495,0.9400423765182495,0.0,0.664635419845581,0.6764338612556458,0.2121004462242126,3,1,0.1111111111111111
data_020,0,0,0,0,0,0,0,0,0,1,0,0,0,0.8756009340286255,0.8756009340286255,0.0,0.8604943156242371,0.8171682357788086,0.1101441830396652,9,1,0.0
data_020,0,0,0,0,0,0,0,0,0,0,0,0,0,0.9451478719711304,0.9396147727966309,-0.005533099174499512,0.7864829301834106,0.862176239490509,0.1042160391807556,7,1,0.1111111111111111
data_020,0,0,0,0,0,0,0,0,0,1,0,0,0,0.966156542301178,0.9744161367416382,0.008259594440460205,0.7435657978057861,0.8200024366378784,0.0,9,1,0.7777777777777778
data_021,0,0,0,0,0,1,0,0,0,1,0,0,0,0.04550432413816452,0.04550432413816452,0.0,0.7848877310752869,0.7452701926231384,0.4144798815250397,7,1,0.0
data_021,0,0,0,0,0,0,0,0,0,0,0,0,0,0.9631184935569763,0.9631184935569763,0.0,0.8541336059570312,0.7535658478736877,0.5040258765220642,4,1,0.0
data_021,0,0,0,0,0,0,0,0,0,0,0,0,0,0.9760007262229919,0.9760007262229919,0.0,0.8009338974952698,0.7874513864517212,0.4999356269836426,7,1,0.0
data_021,0,0,0,0,0,1,1,0,0,1,1,1,1,0.5811445713043213,0.5811445713043213,0.0,0.8116002678871155,0.763374924659729,0.3211889564990997,6,1,0.0
data_021,0,0,0,0,0,0,0,0,0,0,0,0,0,0.49439066648483276,0.49439066648483276,0.0,0.7413986921310425,0.7101946473121643,0.5114378333091736,5,1,0.0
data_021,0,0,0,0,0,0,0,0,0,0,0,0,0,0.9992080330848694,0.9992080330848694,0.0,0.747855007648468,0.7296848893165588,0.3092021644115448,5,1,0.0
data_021,0,0,0,0,0,0,0,0,0,1,1,0,0,0.003680356778204441,0.0035418099723756313,-0.00013854680582880974,0.6883816719055176,0.7360047698020935,0.1014354228973388,3,1,0.1428571428571428
data_021,0,0,0,0,0,0,0,0,0,0,0,0,0,0.1615828424692154,0.1615828424692154,0.0,0.7201604247093201,0.5857269167900085,0.3517402410507202,1,1,0.0
data_021,0,0,0,0,0,0,0,0,0,0,0,0,0,0.9848088622093201,0.9848088622093201,0.0,0.8010537028312683,0.5822975635528564,0.2386659532785415,1,1,0.0
data_021,0,0,0,0,0,0,0,0,0,0,0,0,0,0.7726142406463623,0.7726142406463623,0.0,0.7422786355018616,0.6839525699615479,0.5130147933959961,5,1,0.0
data_021,0,0,0,1,1,1,1,1,1,1,1,1,1,0.8075845837593079,0.9842048287391663,0.1766202449798584,0.7026642560958862,0.811410129070282,0.1883744299411773,4,1,0.2142857142857142
data_021,1,1,1,1,1,1,1,1,1,1,1,1,1,0.03318113088607788,0.018149085342884064,-0.015032045543193817,0.5535761713981628,0.6098818182945251,0.190465360879898,0,0,0.2857142857142857
data_021,0,1,1,0,0,1,1,1,0,1,1,1,0,0.22452211380004883,0.17624597251415253,-0.0482761412858963,0.6699243187904358,0.7613908052444458,0.0973070934414863,5,1,0.2857142857142857
data_021,0,0,0,0,0,0,0,0,0,1,0,0,0,0.30167487263679504,0.062401093542575836,-0.2392737790942192,0.5152451992034912,0.6728453040122986,0.0,2,0,0.6428571428571429
data_021,0,0,0,0,0,0,0,0,0,0,0,0,0,0.9917625188827515,0.9990179538726807,0.007255434989929199,0.7421066164970398,0.7517004013061523,0.199578121304512,4,1,0.0714285714285714
data_021,0,0,0,0,0,1,0,0,0,1,0,0,0,0.011777474544942379,0.11630219221115112,0.10452471766620874,0.6796369552612305,0.7804116010665894,0.1888701468706131,9,1,0.3571428571428571
data_021,0,0,0,0,0,0,0,0,0,0,0,0,0,0.04839329794049263,0.060556042939424515,0.012162744998931885,0.6092910170555115,0.6330177187919617,0.3084506690502167,0,0,0.0714285714285714
data_021,0,0,0,0,0,0,0,0,0,0,0,0,0,0.027715368196368217,0.09297642856836319,0.06526106037199497,0.5884822010993958,0.7162351608276367,0.0984059199690818,1,0,0.1428571428571428
data_021,0,0,0,0,0,1,1,0,0,1,1,1,0,0.9604945778846741,0.41318947076797485,-0.5473051071166992,0.6992944478988647,0.7367237210273743,0.100451149046421,4,1,0.1428571428571428
data_021,0,0,0,0,0,1,0,0,0,1,1,0,0,0.18436115980148315,0.9759514331817627,0.7915902733802795,0.7373173236846924,0.8246023058891296,0.0978968963027,9,1,0.2142857142857142
data_022,0,0,0,0,0,0,0,0,0,1,0,0,0,0.7282995581626892,0.8057447671890259,0.07744520902633667,0.6832339763641357,0.8100467920303345,0.0965764224529266,5,1,0.6
data_022,1,1,0,0,0,1,1,0,0,1,1,1,0,0.4216451346874237,0.4216451346874237,0.0,0.6019585132598877,0.5745890140533447,0.1093730852007865,0,0,0.0
data_022,1,0,0,0,0,0,0,0,0,0,1,0,0,0.5048484206199646,0.0075881765224039555,-0.49726024409756064,0.5183867812156677,0.6721863746643066,0.0,2,0,1.0
data_022,0,0,0,0,0,0,0,0,0,1,1,1,0,0.8482179045677185,0.8482179045677185,0.0,0.8634774088859558,0.723534345626831,0.4189777672290802,5,1,0.0
data_022,0,0,1,0,0,0,1,0,0,1,1,0,0,0.031830884516239166,0.031830884516239166,0.0,0.7460603713989258,0.5695393681526184,0.8207157850265503,1,1,0.0
data_022,0,0,0,0,0,0,0,0,0,0,0,0,0,0.7506904602050781,0.7506904602050781,0.0,0.7142786979675293,0.5478959679603577,0.5458246469497681,1,1,0.0
data_022,0,0,0,0,0,0,0,0,0,0,0,0,0,0.8621780872344971,0.8621780872344971,0.0,0.7592363953590393,0.7800652980804443,0.2033613920211792,4,1,0.2
data_022,1,1,0,0,0,1,0,0,0,1,1,1,0,0.572424590587616,0.9919549822807312,0.41953039169311523,0.5998820662498474,0.5923320055007935,0.4007800817489624,0,0,0.0
data_022,1,1,1,0,0,1,1,0,0,1,1,1,0,0.010687381029129028,0.02042388916015625,0.009736508131027222,0.6238051056861877,0.7076549530029297,0.1942074596881866,2,0,0.6
data_022,1,1,1,1,0,1,1,1,1,1,1,1,1,0.42090466618537903,0.16064615547657013,-0.2602585107088089,0.7591766119003296,0.7149583697319031,0.1102445349097251,5,1,0.0
data_022,0,0,0,0,0,0,0,0,0,1,1,0,0,0.004705026745796204,0.04268224164843559,0.03797721490263939,0.6136523485183716,0.6923883557319641,0.1998273283243179,1,0,0.4
data_022,0,0,0,0,0,0,0,0,0,0,0,0,0,0.2404155135154724,0.2404155135154724,0.0,0.5880128145217896,0.4570660293102264,0.5290706753730774,0,0,0.0
data_022,0,0,0,0,0,0,0,0,0,1,1,0,0,0.6412360668182373,0.9871469736099243,0.345910906791687,0.7072975635528564,0.8358960151672363,0.0981982350349426,5,1,0.6
data_022,0,0,0,0,0,1,0,0,0,1,1,1,0,0.936663031578064,0.87953782081604,-0.057125210762023926,0.6412041783332825,0.6241791248321533,0.599984884262085,0,0,0.0
data_022,0,0,0,0,0,0,1,0,0,1,1,0,0,0.9973627924919128,0.9973627924919128,0.0,0.6153568625450134,0.5791902542114258,0.4126670956611633,0,0,0.0
data_023,0,0,0,0,0,0,0,0,0,0,0,0,0,0.7716274857521057,0.9679383635520935,0.1963108777999878,0.8032189607620239,0.873670756816864,0.0968118458986282,10,1,0.4444444444444444
data_023,0,0,0,0,0,0,0,0,0,0,0,0,0,0.036308012902736664,0.6968098282814026,0.6605018153786659,0.805478572845459,0.837078332901001,0.2956895530223846,9,1,0.2222222222222222
data_023,1,1,0,0,0,0,0,0,1,1,0,0,1,0.9407777786254883,0.9977976083755493,0.057019829750061035,0.7513988614082336,0.8525025248527527,0.2890523672103882,10,1,0.3333333333333333
data_023,0,0,0,0,0,0,0,0,0,0,0,0,0,0.02911275438964367,0.37525829672813416,0.3461455423384905,0.8574962019920349,0.7921304702758789,0.4093616306781769,9,1,0.0
data_023,0,0,0,0,0,0,0,0,0,0,0,0,0,0.8034874796867371,0.8869609832763672,0.08347350358963013,0.7145852446556091,0.8453750014305115,0.2909899353981018,10,1,0.4444444444444444
data_023,0,0,0,0,0,0,0,0,0,0,0,0,0,0.47788161039352417,0.7434821128845215,0.2656005024909973,0.8151515126228333,0.8109272122383118,0.3137673437595367,9,1,0.0
data_023,0,0,0,0,0,0,0,0,0,1,0,0,0,0.9872444272041321,0.9281136989593506,-0.059130728244781494,0.7947531938552856,0.7273798584938049,0.3101300001144409,6,1,0.0
data_023,0,0,0,0,0,0,0,0,0,0,0,0,0,0.9940425753593445,0.9977186918258667,0.003676116466522217,0.8124958872795105,0.7501636743545532,0.1127613559365272,10,1,0.0
data_023,0,0,0,0,0,0,1,0,0,1,1,0,0,0.9677596092224121,0.8626580834388733,-0.10510152578353882,0.8003652095794678,0.8483630418777466,0.2946991324424743,10,1,0.2222222222222222
data_023,0,0,0,0,0,0,0,0,0,1,1,0,0,0.9333599209785461,0.6785683631896973,-0.2547915577888489,0.8280990123748779,0.8155230283737183,0.2037719041109085,8,1,0.0
data_023,0,0,0,0,0,0,0,0,0,1,0,0,0,0.8228826522827148,0.7270557880401611,-0.09582686424255371,0.7285128831863403,0.8237771987915039,0.0996875762939453,9,1,0.2222222222222222
data_023,1,1,1,1,1,1,1,1,1,1,1,1,1,0.02270130068063736,0.03919154778122902,0.01649024710059166,0.6196578741073608,0.6534338593482971,0.1989621520042419,1,0,0.1111111111111111
data_023,1,1,1,1,0,1,1,0,1,1,1,1,1,0.047724783420562744,0.5635654330253601,0.5158406496047974,0.7695263028144836,0.7918307185173035,0.2027064263820648,9,1,0.2222222222222222
data_023,0,0,0,0,0,0,1,0,1,1,1,1,1,0.2775651812553406,0.9942741990089417,0.7167090177536011,0.7844296097755432,0.8175190687179565,0.396210640668869,10,1,0.2222222222222222
data_024,0,0,0,0,0,0,0,0,0,0,0,0,0,0.10242081433534622,0.15001435577869415,0.04759354144334793,0.8823548555374146,0.8573943972587585,0.1157411709427833,14,1,0.0
data_024,0,0,0,0,0,0,0,0,0,1,0,0,0,0.21015310287475586,0.21125438809394836,0.0011012852191925049,0.6580109000205994,0.7703202366828918,0.0949757471680641,7,1,0.375
data_024,0,0,0,0,0,1,1,0,0,1,1,0,0,0.6465107202529907,0.6465107202529907,0.0,0.8133669495582581,0.8315768241882324,0.105137676000595,11,1,0.1875
data_024,1,1,0,0,1,1,1,1,1,1,1,1,1,0.08846160024404526,0.022329211235046387,-0.06613238900899887,0.5953620672225952,0.6736810803413391,0.0,2,0,0.625
data_024,0,0,0,0,0,0,0,0,0,0,0,0,0,0.9988664388656616,0.9988664388656616,0.0,0.7622435092926025,0.7490149736404419,0.1162206530570983,4,1,0.0
data_024,0,0,0,0,0,0,0,0,0,1,1,0,0,0.2161654382944107,0.9169273376464844,0.7007618993520737,0.6363462805747986,0.6536846160888672,0.2017067819833755,1,0,0.0625
data_024,1,1,1,1,1,1,1,1,1,1,1,1,1,0.7161261439323425,0.9820371866226196,0.2659110426902771,0.4689815938472748,0.6972893476486206,0.0,2,0,0.9375
data_024,0,0,0,0,0,0,0,0,0,0,0,0,0,0.10909900814294815,0.10909900814294815,0.0,0.7713145017623901,0.6197817325592041,0.2371132224798202,1,1,0.0
data_024,0,0,0,0,0,0,0,0,0,0,0,0,0,0.8912627696990967,0.9639835357666016,0.07272076606750488,0.6999870538711548,0.7528665065765381,0.2063536792993545,4,1,0.125
data_024,0,0,0,0,0,0,0,0,0,0,1,0,0,0.12163419276475906,0.9718208312988281,0.8501866385340691,0.792729914188385,0.9371373653411864,0.0961152091622352,14,1,0.3125
data_024,0,0,0,0,0,0,0,0,0,0,0,0,0,0.25456053018569946,0.9950478076934814,0.740487277507782,0.7565165758132935,0.8846200108528137,0.0969702824950218,14,1,0.3125
data_024,1,0,0,0,0,0,0,0,0,1,1,0,0,0.28381508588790894,0.6229345202445984,0.33911943435668945,0.6626947522163391,0.7638793587684631,0.1866751760244369,7,1,0.375
data_025,0,0,0,0,0,0,0,0,0,0,0,0,0,0.0205727256834507,0.995314359664917,0.9747416339814663,0.4394244253635406,0.899050772190094,0.0,1,0,0.88
data_025,0,0,0,0,0,0,0,0,0,0,0,0,0,0.4529016613960266,0.9955909252166748,0.5426892638206482,0.4589737355709076,0.7832363247871399,0.0,5,0,0.96
data_025,0,0,0,0,0,0,0,0,0,0,0,0,0,0.007950261235237122,0.2051815688610077,0.19723130762577057,0.5022000670433044,0.7723662853240967,0.0,1,0,0.48
data_025,0,0,0,0,0,0,0,0,0,0,0,0,0,0.9464080333709717,0.5849671363830566,-0.36144089698791504,0.5791444778442383,0.6890288591384888,0.0,2,0,0.28
data_025,1,0,0,0,0,1,0,1,0,1,1,1,0,0.9923887848854065,0.9491017460823059,-0.043287038803100586,0.4644365608692169,0.6853781342506409,0.0,4,0,0.88
data_025,0,0,0,0,0,0,0,0,0,0,0,0,0,0.9346689581871033,0.9709948301315308,0.03632587194442749,0.7308446764945984,0.6838027834892273,0.1157675832509994,4,1,0.0
data_025,0,0,0,0,0,0,0,0,0,0,0,0,0,0.9969456791877747,0.9969456791877747,0.0,0.7218300700187683,0.6351273655891418,0.2238615155220031,1,1,0.0
data_025,0,0,0,0,0,0,0,0,0,0,0,0,0,0.9677984714508057,0.9677984714508057,0.0,0.7403653264045715,0.6840237975120544,0.2129241526126861,4,1,0.0
data_025,0,0,0,0,0,0,0,0,0,0,1,0,0,0.02718939818441868,0.5228789448738098,0.49568954668939114,0.6412205100059509,0.6967530250549316,0.0988343730568885,2,0,0.2
data_025,0,1,1,1,1,1,1,1,1,1,1,1,1,0.04565943777561188,0.9754643440246582,0.9298049062490463,0.522616982460022,0.6126724481582642,0.0,0,0,0.32
data_025,0,0,0,0,0,0,0,0,0,0,0,0,0,0.9959852695465088,0.9982689619064331,0.0022836923599243164,0.6943249702453613,0.8526157140731812,0.2930869162082672,3,1,0.08
data_025,0,0,1,1,1,1,1,0,1,1,1,1,1,0.2820397913455963,0.9915857315063477,0.7095459401607513,0.460735559463501,0.6584351658821106,0.0,1,0,0.24
data_025,0,0,0,0,0,1,0,0,0,0,0,0,0,0.8779324889183044,0.974075198173523,0.0961427092552185,0.6704009771347046,0.7141258120536804,0.1969894617795944,6,1,0.12
data_025,1,1,1,1,1,1,1,1,1,1,1,1,1,0.046806398779153824,0.1443370282649994,0.09753062948584557,0.5764004588127136,0.6245829463005066,0.1929693818092346,0,0,0.24
data_025,0,0,0,0,0,0,0,0,0,0,0,0,0,0.24936529994010925,0.9545722603797913,0.705206960439682,0.8308092951774597,0.5023691654205322,0.4488015174865722,1,1,0.0
data_025,0,0,0,0,0,0,0,0,0,0,0,0,0,0.9608532190322876,0.9608532190322876,0.0,0.635823130607605,0.585149347782135,0.1164943277835846,0,0,0.0
data_026,0,0,0,0,0,0,0,0,0,0,0,0,0,0.9918568134307861,0.9918568134307861,0.0,0.8322526812553406,0.7942304015159607,0.426323264837265,6,1,0.0
data_026,0,0,0,0,0,0,0,0,0,0,0,0,0,0.2734655439853668,0.2734655439853668,0.0,0.747013509273529,0.8182368278503418,0.2029860317707061,4,1,0.2857142857142857
data_026,0,0,0,0,0,0,0,0,0,0,0,0,0,0.992624044418335,0.992624044418335,0.0,0.962691605091095,0.6879330277442932,0.4355053007602691,2,1,0.0
data_026,0,0,0,0,0,0,0,0,0,0,0,0,0,0.10602148622274399,0.4662616550922394,0.3602401688694954,0.7738824486732483,0.7773686051368713,0.1068008691072464,5,1,0.1428571428571428
data_026,0,0,0,0,0,0,0,0,0,0,0,0,0,0.052022214978933334,0.8856450915336609,0.8336228765547276,0.9632323384284972,0.6882836818695068,0.2328380644321441,4,1,0.0
data_026,0,0,0,0,0,0,0,0,0,1,0,0,0,0.9471218585968018,0.9471218585968018,0.0,0.7329054474830627,0.698974072933197,0.1081931814551353,5,1,0.0
data_026,0,0,0,0,0,0,0,0,0,1,0,0,0,0.938096821308136,0.938096821308136,0.0,0.8712608814239502,0.7181442975997925,0.3247462511062622,6,1,0.0
data_026,0,0,0,0,0,0,0,0,0,0,0,0,0,0.9886406660079956,0.9937321543693542,0.005091488361358643,0.8943774700164795,0.7274134755134583,0.4363727867603302,4,1,0.0
data_026,0,0,0,0,0,0,1,0,0,0,1,0,0,0.8849926590919495,0.8849926590919495,0.0,0.8912116289138794,0.7757367491722107,0.2211537957191467,6,1,0.0
data_026,0,0,0,0,0,0,0,0,0,0,0,0,0,0.9930821061134338,0.9930821061134338,0.0,0.913893461227417,0.7174980044364929,0.2263755053281784,3,1,0.0
data_026,0,0,0,0,0,0,0,0,0,0,0,0,0,0.9961622953414917,0.9961622953414917,0.0,0.8627740144729614,0.6993966698646545,0.2301594763994217,2,1,0.0
data_026,0,0,0,0,0,0,0,0,0,0,0,0,0,0.9937826991081238,0.9937826991081238,0.0,0.9148156046867372,0.776469886302948,0.3275898098945617,3,1,0.0
data_026,1,0,0,0,0,1,1,0,1,1,1,1,1,0.47404640913009644,0.5389235019683838,0.06487709283828735,0.6906797289848328,0.8392651081085205,0.0,6,1,0.7142857142857143
data_026,0,0,0,0,0,0,0,0,0,1,0,0,0,0.2825765907764435,0.7982277274131775,0.515651136636734,0.6725141406059265,0.7489060759544373,0.096728466451168,5,1,0.4285714285714285
data_026,0,0,0,0,0,0,0,0,0,1,0,1,0,0.9891951084136963,0.9891951084136963,0.0,0.6975787281990051,0.7418017983436584,0.2000479102134704,4,1,0.2857142857142857
data_026,0,0,0,0,0,0,0,0,0,0,0,0,0,0.9928146600723267,0.9928146600723267,0.0,0.7860326766967773,0.6696258187294006,0.1203978285193443,3,1,0.0
data_026,0,0,0,0,0,0,0,0,0,0,0,0,0,0.06558521091938019,0.06558521091938019,0.0,0.7172471880912781,0.7164601683616638,0.3141479194164276,2,1,0.0
data_026,0,0,0,0,0,0,0,0,0,1,0,0,0,0.014570658095180988,0.12536324560642242,0.11079258751124144,0.6704144477844238,0.6264963150024414,0.4176586866378784,1,1,0.0
data_026,0,0,0,0,0,1,0,0,0,1,1,1,0,0.013742302544414997,0.03576979413628578,0.022027491591870785,0.6415314078330994,0.7914294600486755,0.0936932936310768,3,0,0.4285714285714285
data_026,0,0,0,0,0,0,0,1,0,1,1,1,0,0.12482426315546036,0.5589426159858704,0.43411835283041,0.8077461123466492,0.8543083071708679,0.1166782528162002,5,1,0.1428571428571428
data_026,0,0,0,0,0,0,0,0,0,1,0,0,0,0.9836533069610596,0.9836533069610596,0.0,0.8022119998931885,0.7648003101348877,0.5167424082756042,5,1,0.0
data_026,0,0,0,0,0,0,0,0,0,0,0,0,0,0.6359409689903259,0.6966391205787659,0.06069815158843994,0.86501145362854,0.7645676732063293,0.2205155789852142,7,1,0.0
data_026,0,0,0,0,0,0,0,0,0,0,0,0,0,0.019797807559370995,0.019797807559370995,0.0,0.8039429187774658,0.7535451650619507,0.7998882532119751,6,1,0.0
data_026,0,0,0,0,0,0,0,0,0,1,1,0,0,0.9729434847831726,0.9729434847831726,0.0,0.7685792446136475,0.7679773569107056,0.5063230991363525,7,1,0.0
data_026,1,1,0,0,1,1,1,1,1,1,1,1,1,0.9385651350021362,0.9385651350021362,0.0,0.7384240627288818,0.7752847075462341,0.2008485198020935,4,1,0.2857142857142857
data_026,0,0,0,0,0,0,0,0,0,1,0,0,0,0.8721095323562622,0.9863388538360596,0.11422932147979736,0.6654617190361023,0.6837992668151855,0.1995378136634826,4,1,0.2857142857142857
data_026,0,0,0,0,0,0,0,0,0,0,0,0,0,0.17224721610546112,0.2062094807624817,0.03396226465702057,0.8898937702178955,0.744687557220459,0.1244176775217056,5,1,0.0
data_026,0,0,0,0,0,0,0,0,0,0,0,0,0,0.0021796768996864557,0.024909211322665215,0.02272953442297876,0.7324915528297424,0.7299505472183228,0.4974692463874817,4,1,0.0
data_027,0,0,0,0,0,0,0,0,0,1,1,0,0,0.031224610283970833,0.23322215676307678,0.20199754647910595,0.8063839077949524,0.8196654319763184,0.3023350536823272,7,1,0.1
data_027,1,0,0,0,0,0,0,0,0,1,0,0,0,0.175742045044899,0.9260948896408081,0.7503528445959091,0.7492661476135254,0.7875768542289734,0.197330430150032,7,1,0.3
data_027,1,0,0,0,0,1,1,1,0,1,1,1,0,0.05250988155603409,0.3669419288635254,0.3144320473074913,0.6874246001243591,0.7798653244972229,0.0,8,1,0.6
data_027,0,0,0,0,0,0,0,0,0,0,0,0,0,0.998845100402832,0.9653902649879456,-0.033454835414886475,0.8443284630775452,0.8344033360481262,0.512252926826477,8,1,0.0
data_027,1,0,1,0,0,1,1,1,0,1,1,0,1,0.0021427611354738474,0.02016349881887436,0.018020737683400512,0.5740283131599426,0.5137028098106384,0.2160501182079315,0,0,0.0
data_027,0,0,0,0,0,0,0,0,0,1,1,1,0,0.009776421822607517,0.015547230839729309,0.005770809017121792,0.71982342004776,0.766831636428833,0.1979943513870239,6,1,0.2
data_027,0,0,0,0,0,0,0,0,0,1,0,0,0,0.4382133483886719,0.4382133483886719,0.0,0.75215744972229,0.7384634613990784,0.3976035118103027,5,1,0.0
data_027,0,0,0,0,0,0,0,0,0,1,0,0,0,0.030899718403816223,0.9717126488685608,0.9408129304647446,0.738481342792511,0.8216492533683777,0.0957069620490074,7,1,0.3
data_027,0,0,0,0,0,0,1,0,0,1,1,1,0,0.008807038888335228,0.0040433635003864765,-0.0047636753879487514,0.6488732695579529,0.7345787882804871,0.0960251912474632,3,0,0.3
data_027,0,0,0,0,0,0,0,0,0,1,1,0,0,0.1802038997411728,0.565453827381134,0.38524992763996124,0.6592584252357483,0.7058950662612915,0.4092141389846802,3,1,0.2
data_027,1,0,1,1,0,1,1,0,0,1,1,1,1,0.20579801499843597,0.11358487606048584,-0.09221313893795013,0.6604433059692383,0.746240496635437,0.0,7,1,0.5
data_027,0,0,0,0,0,1,1,0,0,1,1,1,0,0.10831932723522186,0.42272377014160156,0.3144044429063797,0.686928391456604,0.7450230717658997,0.0959714651107788,7,1,0.4
data_028,0,0,0,0,0,0,0,0,0,0,0,0,0,0.0015645889798179269,0.9993237257003784,0.9977591367205605,0.7803593873977661,0.6511910557746887,0.3301281929016113,2,1,0.0
data_028,0,0,0,0,0,0,0,0,0,0,0,0,0,0.4674275815486908,0.4674275815486908,0.0,0.7851385474205017,0.6840258240699768,0.2350717633962631,2,1,0.0
data_028,0,0,0,0,0,0,0,0,0,0,0,0,0,0.5448519587516785,0.5448519587516785,0.0,0.7848096489906311,0.6059048771858215,0.1348818689584732,1,1,0.0
data_028,0,0,0,0,0,0,0,0,0,1,1,0,0,0.013823041692376137,0.013367313891649246,-0.00045572780072689056,0.5527798533439636,0.6398941874504089,0.0946239084005355,0,0,0.6666666666666666
data_028,0,0,0,0,0,0,0,0,0,0,0,0,0,0.9985780715942383,0.9985780715942383,0.0,0.9619433283805848,0.7785119414329529,0.6151542663574219,5,1,0.0
data_028,0,0,0,0,0,0,0,0,0,0,0,0,0,0.9990423321723938,0.9990423321723938,0.0,0.9792991280555724,0.67497318983078,0.6304771304130554,2,1,0.0
data_028,0,0,0,0,0,0,0,0,0,0,0,0,0,0.9831030368804932,0.9831030368804932,0.0,0.8703138828277588,0.7796432971954346,0.6125654578208923,3,1,0.0
data_028,0,0,0,0,0,0,0,0,0,0,0,0,0,0.982396125793457,0.8700800538063049,-0.1123160719871521,0.8434517979621887,0.8598313331604004,0.3177337646484375,6,1,0.1666666666666666
data_028,0,0,0,0,0,0,0,0,0,0,0,0,0,0.9974633455276489,0.9974633455276489,0.0,0.8436089754104614,0.5905981659889221,0.3359671831130981,1,1,0.0
data_028,0,0,0,0,0,0,0,0,0,0,0,0,0,0.32231107354164124,0.32231107354164124,0.0,0.7462922930717468,0.6239681243896484,0.4380561113357544,1,1,0.0
data_028,0,0,0,0,0,0,0,0,0,0,1,1,0,0.3370644152164459,0.3370644152164459,0.0,0.8986706733703613,0.53326815366745,0.4495122134685516,1,1,0.0
data_028,0,0,0,0,0,0,0,0,0,1,0,0,0,0.023348383605480194,0.4676426351070404,0.4442942515015602,0.5017792582511902,0.7867811322212219,0.0,2,0,0.8333333333333334
data_028,0,0,0,0,0,0,0,0,0,0,0,0,0,0.9968461394309998,0.9968461394309998,0.0,0.9433099627494812,0.7131804823875427,0.521078884601593,2,1,0.0
data_028,0,0,0,0,0,0,0,0,0,0,1,0,0,0.9107356071472168,0.9842236638069153,0.07348805665969849,0.8525775074958801,0.8583310842514038,0.3000451922416687,3,1,0.1666666666666666
data_028,0,0,0,0,0,0,0,0,0,0,1,0,0,0.0359896756708622,0.0359896756708622,0.0,0.6490383744239807,0.616208553314209,0.4250500500202179,0,0,0.0
data_028,0,0,0,0,0,0,0,0,0,0,0,0,0,0.9890025854110718,0.9901843070983887,0.0011817216873168945,0.5523802042007446,0.5150174498558044,0.236465722322464,0,0,0.0
data_028,1,1,1,1,0,1,1,1,0,1,1,1,1,0.004260845948010683,0.15072335302829742,0.14646250708028674,0.4819585978984833,0.6215815544128418,0.0,0,0,0.8333333333333334
data_028,0,0,0,0,0,0,0,0,0,1,0,0,0,0.037175968289375305,0.9668111801147461,0.9296352118253708,0.7508615851402283,0.7540295124053955,0.5854810476303101,2,1,0.1666666666666666
data_028,0,0,0,0,0,0,0,0,0,0,0,0,0,0.9195165634155273,0.9195165634155273,0.0,0.8303765654563904,0.6730021238327026,0.8122422695159912,3,1,0.0
data_028,0,0,0,0,0,0,0,0,0,0,0,0,0,0.6999163627624512,0.6080133318901062,-0.09190303087234497,0.7091062664985657,0.7277742624282837,0.4305748343467712,2,1,0.1666666666666666
data_028,0,0,0,0,0,0,0,0,0,1,1,0,0,0.9906846284866333,0.4681970477104187,-0.5224875807762146,0.7873530387878418,0.655995786190033,0.3248584866523742,2,1,0.0
data_028,0,0,0,0,0,0,0,0,0,0,0,0,0,0.9976175427436829,0.9976175427436829,0.0,0.9425773620605468,0.684914767742157,0.2011162936687469,2,1,0.0
data_028,0,0,1,1,0,0,1,1,0,1,1,1,0,0.46991387009620667,0.29271432757377625,-0.17719954252243042,0.8567550778388977,0.8672724366188049,0.1120329350233078,4,1,0.1666666666666666
data_028,0,0,0,0,0,0,0,0,0,0,0,0,0,0.0037302072159945965,0.2547736167907715,0.2510434095747769,0.514132559299469,0.6709959506988525,0.0924678966403007,1,0,0.8333333333333334
data_028,0,0,0,0,0,0,0,0,0,1,0,0,0,0.13369809091091156,0.7206827998161316,0.58698470890522,0.5121400356292725,0.6706106066703796,0.0,1,0,0.8333333333333334
data_029,0,0,0,0,0,0,0,0,0,0,0,0,0,0.4627441167831421,0.9889780879020691,0.526233971118927,0.6696859002113342,0.7896948456764221,0.0,9,1,0.4615384615384615
data_029,0,0,0,0,0,0,0,0,0,0,0,0,0,0.047142770141363144,0.9976270794868469,0.9504843093454838,0.5986347198486328,0.8036003708839417,0.0,6,0,0.6153846153846154
data_029,0,0,0,0,0,0,1,0,0,1,1,0,0,0.9029462337493896,0.371569961309433,-0.5313762724399567,0.7362035512924194,0.6970940232276917,0.1204602643847465,2,1,0.0
data_029,0,1,1,0,0,1,1,1,1,1,1,1,1,0.16730576753616333,0.9841969609260559,0.8168911933898926,0.6723244190216064,0.8427659869194031,0.3754239976406097,5,1,0.3076923076923077
data_029,0,0,1,0,0,1,1,0,0,1,1,1,1,0.9541467428207397,0.9541467428207397,0.0,0.7112858295440674,0.8023567795753479,0.1999091655015945,7,1,0.0769230769230769
data_029,1,1,1,1,1,1,1,1,1,1,1,1,1,0.20414450764656067,0.9596394896507263,0.7554949820041656,0.5406152009963989,0.7222415208816528,0.0,1,0,0.7692307692307693
data_029,0,0,0,0,0,0,0,0,0,0,0,0,0,0.992293119430542,0.9958872199058533,0.0035941004753112793,0.7398188710212708,0.7808107137680054,0.1000332981348037,10,1,0.3076923076923077
data_029,0,0,0,0,0,0,0,0,0,0,0,0,0,0.4574662148952484,0.8335813283920288,0.3761151134967804,0.615978479385376,0.6950710415840149,0.0,3,0,0.5384615384615384
data_029,0,0,0,0,0,0,0,0,0,0,0,0,0,0.07883100211620331,0.40148046612739563,0.3226494640111923,0.6025391221046448,0.7663611769676208,0.0,4,0,0.5384615384615384
data_029,0,0,0,0,0,0,0,0,0,0,0,0,0,0.1476270705461502,0.37867942452430725,0.23105235397815704,0.7528361082077026,0.7507832050323486,0.302569568157196,7,1,0.0
data_029,0,0,0,0,0,0,0,0,0,0,0,0,0,0.41557714343070984,0.3412629961967468,-0.07431414723396301,0.830365777015686,0.707445502281189,0.313523381948471,8,1,0.0
data_029,0,0,0,0,0,0,0,0,0,1,0,0,0,0.92557293176651,0.9701589941978455,0.04458606243133545,0.7043687701225281,0.7541360855102539,0.2018878161907196,7,1,0.1538461538461538
data_029,1,0,0,0,0,1,0,0,0,1,0,1,0,0.07738275080919266,0.8954794406890869,0.8180966898798943,0.6175032258033752,0.6795850992202759,0.0,4,0,0.4615384615384615
data_029,0,0,0,0,0,0,0,0,0,0,0,0,0,0.5365784168243408,0.4757159948348999,-0.06086242198944092,0.7461893558502197,0.7562047839164734,0.3060462474822998,6,1,0.0769230769230769
data_029,0,0,0,0,0,0,0,0,0,0,0,0,0,0.4588298499584198,0.09528886526823044,-0.36354098469018936,0.8253850340843201,0.7293831706047058,0.2133385390043258,7,1,0.0
data_030,0,0,0,0,0,0,1,0,0,0,1,0,0,0.140620157122612,0.140620157122612,0.0,0.8135637044906616,0.6998302340507507,0.7001570463180542,3,1,0.0
data_030,0,0,0,0,0,0,0,0,0,0,0,0,0,0.041418056935071945,0.041418056935071945,0.0,0.7093614935874939,0.5771104693412781,0.8159822225570679,1,1,0.0
data_030,0,0,0,0,0,0,0,0,0,0,1,0,0,0.5172353982925415,0.5172353982925415,0.0,0.8857852816581726,0.6773656606674194,0.2356579899787902,2,1,0.0
data_030,1,0,0,0,0,1,0,0,0,0,1,0,0,0.0006724911509081721,0.0006724911509081721,0.0,0.689429759979248,0.5149344801902771,0.4365582168102264,1,1,0.0
data_030,0,0,0,0,0,0,0,0,0,0,0,0,0,0.020749488845467567,0.10070781409740448,0.07995832525193691,0.7765790820121765,0.6137521862983704,0.4242999851703644,1,1,0.0
data_030,0,0,0,0,0,0,0,0,0,1,0,0,0,0.7206907272338867,0.7206907272338867,0.0,0.7706098556518555,0.7500016093254089,0.69432532787323,3,1,0.0
data_030,0,0,0,0,0,0,0,0,0,0,0,0,0,0.0005044969730079174,0.0005044969730079174,0.0,0.7547849416732788,0.6468204259872437,0.8082931041717529,1,1,0.0
data_030,0,0,0,0,0,0,0,0,0,0,0,0,0,0.032090723514556885,0.032090723514556885,0.0,0.7021181583404541,0.6407988667488098,0.422008067369461,1,1,0.0
data_030,0,0,0,0,0,0,0,0,0,1,0,1,0,0.04318447783589363,0.0973961129784584,0.054211635142564774,0.7511638402938843,0.7463228702545166,0.4997279047966003,7,1,0.0
data_030,0,0,0,0,0,0,0,0,0,1,1,0,0,0.8766230940818787,0.8766230940818787,0.0,0.7714839577674866,0.7288946509361267,0.4131493866443634,2,1,0.0
data_030,0,0,0,0,0,0,0,0,0,0,0,0,0,0.087929368019104,0.47925543785095215,0.39132606983184814,0.6588804125785828,0.7877066135406494,0.3787709176540375,4,1,0.5
data_030,0,0,0,0,0,1,0,0,0,1,0,0,0,0.0992739126086235,0.012074330821633339,-0.08719958178699017,0.7213584184646606,0.7924506068229675,0.0966076403856277,7,1,0.6666666666666666
data_030,0,0,0,0,0,0,0,0,0,0,0,0,0,0.054544586688280106,0.055627357214689255,0.0010827705264091492,0.8699837923049927,0.580385148525238,0.5278803110122681,1,1,0.0
data_030,0,0,0,0,0,0,0,0,0,0,0,0,0,0.0002551015932112932,0.0002551015932112932,0.0,0.7134975790977478,0.6293909549713135,0.9032312035560608,1,1,0.0
data_030,0,0,0,0,0,0,0,0,0,0,0,0,0,0.4033328592777252,0.4033328592777252,0.0,0.8830124735832214,0.8154740929603577,0.5937352180480957,3,1,0.0
data_030,0,0,0,0,0,0,0,0,0,0,0,0,0,0.004115906078368425,0.4078574478626251,0.4037415417842567,0.7554001808166504,0.7556173205375671,0.3058701753616333,7,1,0.1666666666666666
data_031,0,0,0,0,0,0,0,0,0,0,0,0,0,0.9901600480079651,0.7338410019874573,-0.2563190460205078,0.7731189727783203,0.8214373588562012,0.2939597964286804,11,1,0.1666666666666666
data_031,0,0,0,0,0,1,1,0,0,1,1,0,1,0.9913014769554138,0.9897401332855225,-0.0015613436698913574,0.6414950489997864,0.7327092885971069,0.2856017351150512,4,0,0.3333333333333333
data_031,0,0,0,0,0,0,0,0,0,0,0,0,0,0.38752081990242004,0.9940558671951294,0.6065350472927094,0.7643923759460449,0.77909255027771,0.3974213004112243,9,1,0.1666666666666666
data_031,0,0,0,0,0,0,0,0,0,0,0,0,0,0.8062718510627747,0.8062718510627747,0.0,0.7110985517501831,0.6158319115638733,0.3143860995769501,1,1,0.0
data_031,0,0,0,0,0,0,0,0,0,1,0,0,0,0.9976578950881958,0.9976578950881958,0.0,0.8411460518836975,0.8024728298187256,0.5055169463157654,9,1,0.0
data_031,0,0,0,0,0,0,0,0,0,0,0,0,0,0.9974887371063232,0.9974887371063232,0.0,0.8035299181938171,0.7366268038749695,0.2147012650966644,6,1,0.0
data_031,0,0,0,0,0,0,0,0,0,0,0,0,0,0.9895800948143005,0.9895800948143005,0.0,0.7300928235054016,0.7305073142051697,0.2075207531452179,2,1,0.0833333333333333
data_031,0,0,0,0,0,0,0,0,0,0,0,0,0,0.6293520331382751,0.6293520331382751,0.0,0.7711673974990845,0.7020347118377686,0.4086012244224548,2,1,0.0
data_031,0,0,0,0,0,0,0,0,0,1,1,0,0,0.9190630316734314,0.8647875785827637,-0.054275453090667725,0.7703051567077637,0.7503746747970581,0.1074186712503433,7,1,0.0
data_031,0,0,0,0,0,0,0,0,0,0,0,0,0,0.3238191604614258,0.35554182529449463,0.03172266483306885,0.6564481258392334,0.6224246025085449,0.2129546254873275,1,1,0.0
data_031,0,0,0,0,0,0,0,1,0,1,1,1,0,0.9336435198783875,0.9336435198783875,0.0,0.7108869552612305,0.8350061774253845,0.1015854328870773,4,1,0.0833333333333333
data_031,0,0,0,0,0,0,0,0,0,1,0,0,0,0.9553882479667664,0.8880850672721863,-0.06730318069458008,0.6685373783111572,0.7610959410667419,0.0971093699336052,8,1,0.25
data_031,0,0,0,0,0,0,0,0,0,0,0,0,0,0.16960105299949646,0.16960105299949646,0.0,0.8988595604896545,0.777624249458313,0.1235610470175743,7,1,0.0
data_031,0,0,0,0,0,0,0,0,0,0,0,0,0,0.1738503873348236,0.1738503873348236,0.0,0.7789692878723145,0.6882518529891968,0.4211562871932983,2,1,0.0
data_031,0,0,0,0,0,0,0,0,0,0,0,0,0,0.9592850208282471,0.9959047436714172,0.036619722843170166,0.7944250106811523,0.803184986114502,0.3194745779037475,7,1,0.0833333333333333
data_031,0,1,0,0,0,1,0,0,0,1,1,1,0,0.014581961557269096,0.9978809952735901,0.983299033716321,0.6710016131401062,0.7820512652397156,0.2846021950244903,3,1,0.1666666666666666
data_031,0,0,0,0,0,0,0,0,0,0,0,0,0,0.9963556528091431,0.9963556528091431,0.0,0.567736029624939,0.5474312901496887,0.2122957110404968,0,0,0.0
data_031,0,0,0,0,0,1,0,0,0,1,0,0,0,0.06522050499916077,0.04182875156402588,-0.023391753435134888,0.7313028573989868,0.8631879687309265,0.0950901955366134,11,1,0.5833333333333334
data_031,1,1,1,1,1,1,1,1,1,1,1,1,1,0.17301377654075623,0.69266676902771,0.5196529924869537,0.5335726737976074,0.8024059534072876,0.0,2,0,0.75
data_031,0,0,1,1,1,1,1,1,1,1,1,1,1,0.05765574797987938,0.8947787284851074,0.837122980505228,0.4901709258556366,0.7889087200164795,0.0,2,0,0.6666666666666666
data_032,0,0,0,0,0,0,0,0,0,0,0,0,0,0.9214359521865845,0.7812526226043701,-0.14018332958221436,0.8475445508956909,0.7656301856040955,0.32278773188591,9,1,0.0
data_032,0,0,0,0,0,0,0,0,0,0,0,0,0,0.8181781768798828,0.8181781768798828,0.0,0.7593322992324829,0.7079005241394043,0.4147653877735138,8,1,0.0
data_032,0,0,0,0,0,0,0,0,0,0,0,0,0,0.11045179516077042,0.11045179516077042,0.0,0.86490797996521,0.7689201235771179,0.4099579155445099,8,1,0.0
data_032,0,0,0,0,0,0,0,0,0,0,0,0,0,0.9978591799736023,0.9978591799736023,0.0,0.7589669227600098,0.7080627083778381,0.6223064661026001,2,1,0.0
data_032,1,1,0,0,0,1,1,0,0,1,1,0,0,0.8592706918716431,0.703566312789917,-0.15570437908172607,0.7774670124053955,0.8321378827095032,0.1996040642261505,8,1,0.2
data_032,0,0,0,0,0,0,0,0,0,0,0,0,0,0.12127888202667236,0.01150304451584816,-0.1097758375108242,0.816236674785614,0.7412928342819214,0.4115861356258392,6,1,0.0
data_032,0,0,0,0,0,1,0,0,0,1,0,1,0,0.22489459812641144,0.9083791375160217,0.6834845393896103,0.6932650208473206,0.7291194200515747,0.0977480188012123,9,1,0.4
data_032,0,0,0,0,0,0,0,0,0,1,0,0,0,0.9981385469436646,0.9981385469436646,0.0,0.8205646276473999,0.7290130257606506,0.3170367479324341,2,1,0.0
data_032,0,0,1,0,0,1,1,0,1,1,1,1,0,0.0120450584217906,0.03667166829109192,0.02462660986930132,0.82787024974823,0.5709903240203857,0.3367755115032196,1,1,0.0
data_032,1,1,1,1,1,1,1,1,1,1,1,1,1,0.9865256547927856,0.9865256547927856,0.0,0.8793308734893799,0.8056536912918091,0.4251163303852081,6,1,0.0
data_032,0,1,0,0,1,1,1,1,1,1,1,1,1,0.8400670289993286,0.9663842916488647,0.12631726264953613,0.7341139912605286,0.7746307253837585,0.0,10,1,0.5
data_032,1,1,1,0,0,1,1,1,1,1,1,1,1,0.9956529140472412,0.9981440305709839,0.0024911165237426758,0.7191203832626343,0.8181322813034058,0.3002263903617859,5,1,0.2
data_033,0,0,0,0,0,0,0,0,0,0,0,0,0,0.980530858039856,0.9863670468330383,0.005836188793182373,0.7525911331176758,0.8730823397636414,0.1012884080410003,5,1,0.3333333333333333
data_033,0,0,0,0,0,0,0,0,0,0,0,0,0,0.9928158521652222,0.9934322834014893,0.0006164312362670898,0.5918450951576233,0.6175403594970703,0.3005911409854889,0,0,0.3333333333333333
data_033,0,0,0,0,0,1,0,0,0,1,0,0,0,0.8240652680397034,0.4461131989955902,-0.37795206904411316,0.6015525460243225,0.7247112989425659,0.2814532220363617,3,0,0.6666666666666666
data_033,0,0,0,0,0,0,0,0,0,0,0,0,0,0.9779476523399353,0.9779476523399353,0.0,0.840602457523346,0.5067422986030579,0.2677082419395447,1,1,0.0
data_033,0,0,0,0,0,0,0,0,0,0,0,0,0,0.0869581401348114,0.9571534991264343,0.8701953589916229,0.5244894623756409,0.7211247086524963,0.0,2,0,1.0
data_033,0,0,0,0,0,0,0,0,0,0,0,0,0,0.9964343309402466,0.9964343309402466,0.0,0.6834139823913574,0.7927667498588562,0.296901136636734,3,1,0.1666666666666666
data_033,0,0,0,0,0,1,1,0,0,1,1,1,0,0.7049458622932434,0.9649905562400818,0.2600446939468384,0.7170009613037109,0.747129499912262,0.2908113300800323,5,1,0.1666666666666666
data_033,1,1,1,1,1,1,1,1,1,1,1,1,1,0.0027517813723534346,0.3747153580188751,0.3719635766465217,0.4457476735115051,0.6288508176803589,0.0,0,0,0.8333333333333334
data_033,0,0,0,0,0,0,0,0,0,0,0,0,0,0.9986957907676697,0.9986957907676697,0.0,0.7442929744720459,0.7853007912635803,0.3011538684368133,6,1,0.1666666666666666
data_033,0,0,0,0,0,0,0,0,0,1,0,0,0,0.5537806749343872,0.9349114298820496,0.38113075494766235,0.6737159490585327,0.7435951828956604,0.0959860756993293,6,1,0.6666666666666666
data_033,0,0,0,0,0,0,0,0,0,0,0,0,0,0.9976754784584045,0.9976754784584045,0.0,0.707882285118103,0.7152658700942993,0.104470208287239,4,1,0.1666666666666666
data_033,0,0,0,0,0,0,0,0,0,1,0,0,0,0.3772052526473999,0.013882479630410671,-0.36332277301698923,0.555302083492279,0.5063818097114563,0.3180917203426361,0,0,0.0
data_033,0,0,0,0,0,0,0,0,0,1,0,0,0,0.9834190607070923,0.9850239753723145,0.001604914665222168,0.6144673228263855,0.6372962594032288,0.2043406367301941,0,0,0.3333333333333333
data_033,0,0,0,0,0,0,0,0,0,0,0,0,0,0.9932860732078552,0.9932860732078552,0.0,0.7086047530174255,0.784548282623291,0.3063648641109466,2,1,0.1666666666666666
data_033,0,0,0,0,0,1,0,0,0,1,0,0,0,0.8579949736595154,0.8325484991073608,-0.02544647455215454,0.6537583470344543,0.7063862085342407,0.0966971889138221,5,1,0.6666666666666666
data_033,0,0,0,0,0,1,0,0,0,1,1,0,0,0.007288426626473665,0.898079514503479,0.8907910878770053,0.7639959454536438,0.7714892625808716,0.2007418423891067,4,1,0.1666666666666666
data_033,1,0,0,0,0,1,1,1,0,1,1,1,0,0.4741629362106323,0.9518507122993469,0.4776877760887146,0.681870698928833,0.8706470131874084,0.1823035031557083,5,1,0.3333333333333333
data_033,0,0,0,0,0,0,0,0,0,0,1,0,0,0.3799259662628174,0.389849990606308,0.0099240243434906,0.5184717774391174,0.5448104739189148,0.2942342162132263,0,0,0.5
data_034,0,0,1,0,0,1,1,0,1,1,1,1,1,0.026799537241458893,0.28874874114990234,0.26194920390844345,0.6795267462730408,0.7146859169006348,0.2953002154827118,5,1,0.3333333333333333
data_034,0,0,0,0,0,0,0,0,0,0,0,0,0,0.8626760840415955,0.9865004420280457,0.1238243579864502,0.7883915901184082,0.6939507722854614,0.7146737575531006,3,1,0.0
data_034,0,0,0,0,0,0,0,0,0,0,0,0,0,0.8830691576004028,0.8830691576004028,0.0,0.7090879678726196,0.6200054883956909,0.4097890555858612,1,1,0.0
data_034,0,0,0,0,0,0,0,0,0,0,0,0,0,0.9981130361557007,0.9981130361557007,0.0,0.8112438321113586,0.7073441743850708,0.3126498758792877,3,1,0.0
data_034,0,0,0,0,0,0,0,0,0,1,1,1,0,0.557269275188446,0.03775371238589287,-0.5195155628025532,0.4936850965023041,0.6877981424331665,0.0975060388445854,1,0,0.2222222222222222
data_034,0,0,1,0,0,1,1,1,1,1,1,1,1,0.9216672778129578,0.9216672778129578,0.0,0.7809106111526489,0.5288845300674438,1.0,1,1,0.0
data_034,0,0,0,0,0,0,0,0,0,1,0,0,0,0.012394004501402378,0.4797009229660034,0.46730691846460104,0.7212072014808655,0.8155636787414551,0.1976702511310577,5,1,0.2222222222222222
data_034,0,0,0,0,0,0,0,0,0,1,0,1,0,0.9139257073402405,0.9139257073402405,0.0,0.6355310082435608,0.6932860612869263,0.2001204490661621,1,0,0.2222222222222222
data_034,0,0,0,0,0,0,0,0,0,0,0,0,0,0.06478780508041382,0.9545614719390869,0.8897736668586731,0.6324396729469299,0.5581628084182739,0.6100042462348938,0,0,0.0
data_034,0,0,0,0,0,0,0,0,0,1,1,0,0,0.002533478196710348,0.0024618173483759165,-7.166084833443165e-05,0.7653392553329468,0.6946823000907898,0.4328974485397339,3,1,0.0
data_034,0,0,0,0,0,0,0,0,0,1,0,0,0,0.9993663430213928,0.9993663430213928,0.0,0.7463412284851074,0.701694130897522,0.6100690364837646,5,1,0.0
data_034,0,0,0,0,0,0,1,0,0,0,1,0,0,0.8652337193489075,0.8652337193489075,0.0,0.7469272017478943,0.6399386525154114,0.711969256401062,1,1,0.0
data_034,0,0,0,0,0,0,0,0,0,1,0,0,0,0.9883987307548523,0.9883987307548523,0.0,0.7635539174079895,0.7176871299743652,0.6100128293037415,5,1,0.0
data_035,0,0,0,0,0,0,0,0,0,0,0,0,0,0.8747270703315735,0.8747270703315735,0.0,0.8436916470527649,0.8761662244796753,0.1125467866659164,11,1,0.0769230769230769
data_035,0,0,0,0,0,0,0,0,0,0,0,0,0,0.011143743991851807,0.011143743991851807,0.0,0.9002788066864014,0.7759348154067993,0.4163179993629455,5,1,0.0
data_035,0,0,0,0,0,0,0,0,0,1,0,1,0,0.20873357355594635,0.20873357355594635,0.0,0.6542801260948181,0.4944542646408081,0.4321391880512237,1,1,0.0
data_035,0,0,0,0,0,0,1,0,0,0,1,0,0,0.958518922328949,0.9808238744735718,0.022304952144622803,0.8070752024650574,0.7854947447776794,0.4046946763992309,9,1,0.0
data_035,0,0,0,0,0,0,0,0,0,1,0,0,0,0.11078960448503494,0.023131968453526497,-0.08765763603150845,0.6650345325469971,0.7075079083442688,0.2938753068447113,4,1,0.1538461538461538
data_035,0,0,0,0,0,0,0,0,0,0,0,0,0,0.9923259019851685,0.9780154824256897,-0.01431041955947876,0.8843712210655212,0.6523502469062805,0.3469219207763672,3,1,0.0
data_035,1,1,1,0,1,1,1,1,1,1,1,1,1,0.04291367158293724,0.9372869729995728,0.8943733014166355,0.6219205260276794,0.7571747899055481,0.0,4,0,0.3846153846153846
data_035,1,1,1,1,1,1,1,1,1,1,1,1,1,0.027105171233415604,0.8227820992469788,0.7956769280135632,0.5154240727424622,0.8573127388954163,0.091802179813385,1,0,0.2307692307692307
data_035,0,0,0,0,0,1,1,0,0,1,1,1,0,0.7608246803283691,0.6733652353286743,-0.08745944499969482,0.5971410274505615,0.7223040461540222,0.0,3,0,0.5384615384615384
data_035,0,0,0,0,0,0,0,0,0,0,0,0,0,0.9410667419433594,0.9410667419433594,0.0,0.7940210700035095,0.8823532462120056,0.2036832123994827,7,1,0.0769230769230769
data_035,0,0,0,0,0,0,1,1,0,1,1,1,0,0.26429808139801025,0.16527386009693146,-0.0990242213010788,0.678004801273346,0.7841274738311768,0.0,6,1,0.3076923076923077
data_035,0,0,0,0,0,0,0,0,0,0,0,0,0,0.032054826617240906,0.032054826617240906,0.0,0.8529018759727478,0.6798660159111023,0.2426889538764953,2,1,0.0
data_035,1,1,1,1,1,1,1,1,1,1,1,1,1,0.11624857038259506,0.9963580965995789,0.8801095262169838,0.645901620388031,0.8626999258995056,0.0,13,0,1.0
data_035,0,0,0,0,0,0,0,0,0,1,0,0,0,0.9610578417778015,0.9610578417778015,0.0,0.7890934348106384,0.7199596762657166,0.3095906972885132,5,1,0.0
data_035,0,0,0,0,0,0,0,0,0,0,0,0,0,0.25807133316993713,0.4019434452056885,0.14387211203575134,0.6700093746185303,0.7749372720718384,0.0,9,1,0.6153846153846154
data_036,1,1,1,1,1,1,1,1,1,1,1,1,1,0.030976474285125732,0.9967718720436096,0.9657953977584839,0.4724096357822418,0.8692476153373718,0.0,3,0,0.8235294117647058
data_036,1,1,1,1,1,1,1,1,1,1,1,1,1,0.047173406928777695,0.9909620881080627,0.943788681179285,0.278550237417221,0.9245734810829164,0.0,1,0,1.0
data_036,1,1,1,1,1,1,1,1,1,1,1,1,1,0.00702799204736948,0.9696409106254578,0.9626129185780883,0.2648588120937347,0.9030540585517884,0.0,6,0,1.0
data_036,1,1,1,1,1,1,1,1,1,1,1,1,1,0.00478411465883255,0.9485071897506714,0.9437230750918388,0.343836098909378,0.7604925036430359,0.0,7,0,1.0
data_036,0,0,0,0,0,0,0,0,0,0,0,0,0,0.9920449256896973,0.9920449256896973,0.0,0.9019742012023926,0.7717027068138123,0.2184728235006332,13,1,0.0
data_036,0,0,0,0,0,0,0,0,0,0,0,0,0,0.31881627440452576,0.5630444288253784,0.24422815442085266,0.6547976732254028,0.7714444398880005,0.0,9,1,0.4705882352941176
data_036,0,0,0,0,0,0,0,0,0,0,0,0,0,0.7361794114112854,0.6256195306777954,-0.11055988073348999,0.7652730345726013,0.797968327999115,0.200101301074028,9,1,0.0588235294117647
data_036,0,0,0,0,0,1,1,1,0,1,1,1,0,0.0738840326666832,0.5843614339828491,0.5104774013161659,0.8021552562713623,0.6820865869522095,0.3203582167625427,4,1,0.0
data_036,1,1,1,1,1,1,1,1,1,1,1,1,1,0.008541867136955261,0.993683934211731,0.9851420670747757,0.6141574382781982,0.9572723507881165,0.0,6,0,0.5882352941176471
data_036,1,1,1,1,1,1,1,1,1,1,1,1,1,0.005173478741198778,0.9480688571929932,0.9428953784517944,0.4216822385787964,0.7958219647407532,0.0,7,0,1.0
data_036,1,1,1,1,1,1,1,1,1,1,1,1,1,0.01409964356571436,0.9726194143295288,0.9585197707638144,0.5849195122718811,0.955876350402832,0.0,6,0,0.5882352941176471
data_036,0,1,1,1,1,1,1,1,1,1,1,1,1,0.2389155477285385,0.7800427079200745,0.541127160191536,0.8348920345306396,0.761674165725708,0.1115089803934097,7,1,0.0
data_036,1,1,1,1,1,1,1,1,1,1,1,1,1,0.0020485850982367992,0.003374612657353282,0.0013260275591164827,0.8491469025611877,0.7160317897796631,0.3048060536384582,4,1,0.0
data_036,0,0,0,0,0,0,0,0,0,0,0,0,0,0.014794833026826382,0.014794833026826382,0.0,0.7587565183639526,0.7571943998336792,0.2153451889753341,4,1,0.0
data_037,0,0,0,0,0,0,0,0,0,0,0,0,0,0.8448821902275085,0.8448821902275085,0.0,0.8051416277885437,0.7671404480934143,0.7930485606193542,3,1,0.0
data_037,0,0,0,0,0,0,0,0,0,0,0,0,0,0.6370214223861694,0.6370214223861694,0.0,0.8515089154243469,0.7975926399230957,0.6115670204162598,3,1,0.0
data_037,0,0,0,0,0,0,0,0,0,0,0,0,0,0.9749749302864075,0.9749749302864075,0.0,0.8626749515533447,0.7499721646308899,0.7090446352958679,4,1,0.0
data_037,0,0,0,0,0,1,1,0,0,1,1,0,0,0.16589732468128204,0.16589732468128204,0.0,0.7349811792373657,0.6364982724189758,0.706020176410675,1,1,0.0
data_037,0,0,0,0,0,0,0,0,0,1,1,0,0,0.6728106737136841,0.6728106737136841,0.0,0.7693766355514526,0.7406933903694153,0.8002326488494873,3,1,0.0
data_037,0,0,0,0,0,0,0,0,0,0,0,0,0,0.8182926774024963,0.8182926774024963,0.0,0.8999392986297607,0.7899979948997498,0.617662250995636,4,1,0.0
data_037,0,0,0,0,0,0,0,0,0,0,1,0,0,0.15367087721824646,0.5179461240768433,0.3642752468585968,0.9355579614639282,0.7699215412139893,0.2379204034805297,3,1,0.0
data_037,0,0,0,0,0,0,0,0,0,1,0,0,0,0.10017168521881104,0.05325959995388985,-0.04691208526492119,0.72156822681427,0.5532123446464539,0.350637674331665,1,1,0.0
data_037,0,0,0,0,0,1,0,0,0,1,0,1,0,0.9906754493713379,0.9906754493713379,0.0,0.7815794348716736,0.947844624519348,0.3020394444465637,4,1,0.25
data_037,1,1,0,0,0,1,1,0,0,1,1,1,0,0.033334001898765564,0.021524157375097275,-0.01180984452366829,0.696941614151001,0.7018576264381409,0.1031266525387764,3,1,0.5
data_037,0,0,0,0,0,1,1,0,0,1,1,0,0,0.8425847887992859,0.8425847887992859,0.0,0.7698563933372498,0.916500210762024,0.1075822412967681,5,1,0.25
data_037,0,0,0,0,0,0,0,0,0,1,0,0,0,0.520314633846283,0.520314633846283,0.0,0.7495656609535217,0.7676310539245605,0.2024559378623962,4,1,0.25
data_037,0,0,0,0,0,0,0,0,0,1,0,0,0,0.8078476190567017,0.006418080534785986,-0.8014295385219157,0.6258854866027832,0.7221768498420715,0.098634272813797,1,0,0.5
data_037,0,0,0,0,0,0,0,0,0,1,0,1,0,0.1003955602645874,0.6226940751075745,0.5222985148429871,0.7207180261611938,0.736739993095398,0.1075705662369728,2,1,0.25
data_038,0,0,1,0,0,1,1,1,0,1,1,1,0,0.012259731069207191,0.05167125165462494,0.03941152058541775,0.3009122312068939,0.7296545505523682,0.0,3,0,1.0
data_038,1,1,1,1,1,1,1,1,1,1,1,1,1,0.0407731793820858,0.028556857258081436,-0.012216322124004364,0.3161866068840027,0.7271546721458435,0.0,1,0,1.0
data_038,0,0,0,0,0,0,0,0,0,0,0,0,0,0.9911720156669617,0.9911720156669617,0.0,0.8714843988418579,0.711578369140625,0.4347061216831207,2,1,0.0
data_038,0,0,0,0,0,0,0,0,0,0,0,0,0,0.021022610366344452,0.021022610366344452,0.0,0.8231219053268433,0.6364941000938416,0.5511801838874817,1,1,0.0
data_038,0,0,0,0,0,0,0,0,0,0,0,0,0,0.9807429313659668,0.9807429313659668,0.0,0.7460426092147827,0.7135937213897705,0.3189161121845245,3,1,0.0
data_038,0,0,0,0,0,0,0,0,0,1,0,0,0,0.3782782256603241,0.3782782256603241,0.0,0.822068452835083,0.7563303709030151,0.3152641355991363,5,1,0.0
data_038,0,0,0,0,0,0,0,0,0,1,0,0,1,0.21378467977046967,0.24396859109401703,0.030183911323547363,0.6668652296066284,0.770265519618988,0.0958407744765281,7,1,0.3333333333333333
data_038,0,0,0,0,0,0,0,0,0,1,1,1,0,0.07937987893819809,0.2719261944293976,0.1925463154911995,0.784131646156311,0.7762995362281799,0.2146224677562713,5,1,0.0
data_038,0,0,0,0,0,0,0,0,0,0,1,0,0,0.3397083580493927,0.3397083580493927,0.0,0.8129282593727112,0.7785043716430664,0.5043333768844604,7,1,0.0
data_038,0,0,0,0,0,1,1,0,0,1,1,1,0,0.08860951662063599,0.0075490837916731834,-0.0810604328289628,0.6036909818649292,0.7172924876213074,0.0956361591815948,1,0,0.3333333333333333
data_038,0,0,0,0,0,0,0,0,0,1,0,0,0,0.9535726308822632,0.017204347997903824,-0.9363682828843594,0.6720111966133118,0.6943415403366089,0.2012598067522049,4,1,0.2222222222222222
data_038,0,0,0,0,0,0,0,0,0,1,1,1,0,0.17074400186538696,0.1671457290649414,-0.0035982728004455566,0.7622562646865845,0.8609344959259033,0.0985306650400161,7,1,0.2222222222222222
data_038,0,0,0,0,0,0,0,0,0,0,0,1,0,0.09669732302427292,0.9538582563400269,0.8571609333157539,0.6372265219688416,0.741754412651062,0.0948289781808853,3,0,0.3333333333333333
data_038,0,0,0,0,1,1,1,1,0,1,1,1,1,0.8213838338851929,0.015070038847625256,-0.8063137950375676,0.5804039835929871,0.869121789932251,0.1747911721467971,2,0,0.3333333333333333
data_039,0,0,0,0,0,0,0,0,0,0,0,0,0,0.2877296507358551,0.9458513259887695,0.6581216752529144,0.7288453578948975,0.8005019426345825,0.2963046431541443,4,1,0.1333333333333333
data_039,0,0,0,0,0,0,0,0,0,0,0,0,0,0.8876700401306152,0.8876700401306152,0.0,0.6652200222015381,0.6914854645729065,0.5039856433868408,2,1,0.0666666666666666
data_039,0,0,0,0,0,0,1,0,0,0,0,0,0,0.20393386483192444,0.21663664281368256,0.012702777981758118,0.8022838830947876,0.6249186396598816,0.4323595762252807,1,1,0.0
data_039,0,0,0,0,0,0,0,0,0,1,0,1,0,0.7409608960151672,0.7409608960151672,0.0,0.7197996973991394,0.5747185349464417,0.6295026540756226,1,1,0.0
data_039,0,0,0,0,0,0,0,0,0,0,0,0,0,0.6568259596824646,0.6568259596824646,0.0,0.7182700037956238,0.6223100423812866,0.508034884929657,1,1,0.0
data_039,0,0,0,0,0,0,0,0,0,0,0,0,0,0.09286417812108994,0.09286417812108994,0.0,0.7266876101493835,0.6377833485603333,0.8061348795890808,1,1,0.0
data_039,0,0,0,0,0,0,0,0,0,0,0,0,0,0.9919341802597046,0.9919341802597046,0.0,0.8951771259307861,0.6989350914955139,0.3376513719558716,2,1,0.0
data_039,0,0,0,0,0,0,0,0,0,0,0,0,0,0.9370017051696777,0.9370017051696777,0.0,0.923053741455078,0.8183524012565613,0.2240466773509979,5,1,0.0
data_039,0,0,0,0,0,1,0,0,0,1,0,0,1,0.16519981622695923,0.5309807658195496,0.36578094959259033,0.5907742977142334,0.701539158821106,0.0,2,0,0.4666666666666667
data_039,0,0,0,0,0,1,1,0,0,1,1,0,0,0.14131657779216766,0.33452481031417847,0.1932082325220108,0.876645028591156,0.7080636620521545,0.4216662347316742,6,1,0.0
data_039,0,0,0,0,0,0,0,0,0,0,0,0,0,0.8585008382797241,0.8585008382797241,0.0,0.6574928760528564,0.6987329721450806,0.3019444644451141,4,1,0.0666666666666666
data_039,0,0,1,1,0,1,1,0,0,1,1,0,0,0.03347255662083626,0.0833115503191948,0.049838993698358536,0.7268820405006409,0.7330883741378784,0.2037017792463302,12,1,0.0666666666666666
data_039,0,0,0,0,0,0,0,0,0,0,0,0,0,0.4983842074871063,0.4983842074871063,0.0,0.8677234053611755,0.7189804315567017,0.2188645750284195,4,1,0.0
data_039,0,0,0,0,0,0,0,0,0,0,0,0,0,0.4264010190963745,0.4264010190963745,0.0,0.7920313477516174,0.4958737194538116,0.6350919604301453,1,1,0.0
data_039,0,0,0,0,0,0,0,0,0,0,0,0,0,0.9123693704605103,0.9123693704605103,0.0,0.8209459781646729,0.7343902587890625,0.2194771021604538,3,1,0.0
data_039,0,0,0,0,0,0,0,0,0,0,0,0,0,0.5533514022827148,0.5533514022827148,0.0,0.6962035894393921,0.5763224363327026,0.7178187966346741,1,1,0.0
data_040,0,0,0,0,0,0,0,0,0,0,0,0,0,0.07112210243940353,0.10825913399457932,0.03713703155517578,0.8188223838806152,0.7722622156143188,0.606778085231781,9,1,0.0
data_040,0,0,0,0,0,0,0,0,0,1,0,0,0,0.8881416320800781,0.8881416320800781,0.0,0.8351324200630188,0.8464756011962891,0.4065355062484741,10,1,0.0909090909090909
data_040,0,0,0,0,0,0,0,0,0,0,0,0,0,0.9981794357299805,0.9981794357299805,0.0,0.8798151016235352,0.765224277973175,0.4211781620979309,8,1,0.0
data_040,0,0,0,0,0,0,0,0,0,0,0,1,0,0.9943363070487976,0.9943363070487976,0.0,0.8253872990608215,0.7637932300567627,0.4012678861618042,10,1,0.0
data_040,0,0,0,0,0,0,0,0,0,0,0,0,0,0.9181144833564758,0.9181144833564758,0.0,0.847393810749054,0.8450403809547424,0.4062867760658264,10,1,0.0
data_040,0,1,1,0,0,1,1,1,0,1,1,1,0,0.6955555081367493,0.987762451171875,0.29220694303512573,0.7521155476570129,0.8610459566116333,0.2900516092777252,8,1,0.0909090909090909
data_040,0,0,0,0,0,0,0,0,0,0,0,0,0,0.9949057102203369,0.9949057102203369,0.0,0.8375334739685059,0.7488840222358704,0.3169330358505249,9,1,0.0
data_040,0,0,0,0,0,0,0,0,0,0,0,0,0,0.7617563605308533,0.7197647094726562,-0.04199165105819702,0.7229965925216675,0.9073561429977416,0.092877559363842,7,1,0.3636363636363636
data_040,0,0,0,0,0,0,0,0,0,0,0,0,0,0.8057826161384583,0.9412974119186401,0.13551479578018188,0.8894903063774109,0.8679670095443726,0.2165214121341705,10,1,0.0
data_040,0,0,0,0,0,0,0,0,0,0,0,0,0,0.9979296922683716,0.9979296922683716,0.0,0.9289932250976562,0.8201562166213989,0.403942197561264,8,1,0.0
data_040,0,0,0,0,0,1,0,0,0,1,0,0,0,0.8233892321586609,0.8233892321586609,0.0,0.7516022324562073,0.7084084749221802,0.607572078704834,7,1,0.0
data_040,0,0,0,0,0,0,0,0,0,0,0,0,0,0.9867379069328308,0.9861313104629517,-0.0006065964698791504,0.8372625708580017,0.8157167434692383,0.1114830151200294,8,1,0.0
data_040,0,0,0,0,0,0,0,0,0,1,0,0,0,0.2402883619070053,0.44159987568855286,0.20131151378154755,0.7238016128540039,0.823650062084198,0.0,9,1,0.4545454545454545
data_040,0,0,0,0,0,0,0,0,1,0,0,0,0,0.41849175095558167,0.7053248286247253,0.2868330776691437,0.6932923197746277,0.8056356310844421,0.0,10,1,0.4545454545454545
data_040,1,1,0,1,0,1,1,0,0,1,1,0,0,0.9880656003952026,0.9705854654312134,-0.017480134963989258,0.6569909453392029,0.7785753011703491,0.0940340682864189,6,1,0.3636363636363636
data_040,0,0,0,0,0,0,0,0,0,0,0,0,0,0.8589836955070496,0.8589836955070496,0.0,0.8097660541534424,0.7660907506942749,0.4111162722110748,5,1,0.0
data_040,0,0,0,0,0,0,0,0,0,0,0,0,0,0.7123074531555176,0.924778938293457,0.21247148513793945,0.731009304523468,0.8532929420471191,0.0953936502337455,9,1,0.2727272727272727
data_040,0,0,0,0,0,0,0,0,0,0,1,0,0,0.33582842350006104,0.33582842350006104,0.0,0.8519013524055481,0.7686742544174194,0.4116837382316589,9,1,0.0
data_041,0,0,0,0,0,0,0,0,0,0,0,0,0,0.35729384422302246,0.4607066512107849,0.10341280698776245,0.8085654973983765,0.670132577419281,0.4212972223758697,2,1,0.0
data_041,0,0,0,0,0,1,0,0,0,1,0,0,0,0.9698473215103149,0.9698473215103149,0.0,0.9085415601730348,0.9170288443565368,0.6969748735427856,6,1,0.1666666666666666
data_041,0,0,0,0,0,0,0,0,0,0,0,0,0,0.9928116202354431,0.8930193781852722,-0.0997922420501709,0.8531640768051147,0.8284120559692383,0.5067101120948792,7,1,0.0
data_041,0,0,0,0,0,0,0,0,0,0,0,0,0,0.9820484519004822,0.9820484519004822,0.0,0.9999989867210388,0.6792254447937012,1.0,3,1,0.0
data_041,0,0,0,0,0,0,0,0,0,0,0,0,0,0.05536910891532898,0.30665209889411926,0.2512829899787903,0.7809504866600037,0.830919623374939,0.7853883504867554,4,1,0.1666666666666666
data_041,0,0,0,0,0,0,0,0,0,0,0,0,0,0.9972846508026123,0.9972846508026123,0.0,0.9158591032028198,0.7848692536354065,0.516842782497406,5,1,0.0
data_041,0,0,0,0,0,0,0,0,0,0,0,0,0,0.9973827004432678,0.9973827004432678,0.0,0.6602810621261597,0.7144134044647217,0.1986705809831619,4,1,0.5
data_041,0,0,0,0,0,0,0,0,0,0,0,0,0,0.27701592445373535,0.5605568885803223,0.2835409641265869,0.8575241565704346,0.831321656703949,0.2997248470783233,6,1,0.0
data_041,0,0,0,0,0,0,0,0,0,0,1,0,0,0.8998011946678162,0.9688795804977417,0.06907838582992554,0.7636116147041321,0.7813825011253357,0.102572001516819,6,1,0.3333333333333333
data_041,0,0,0,0,0,0,0,0,0,0,0,0,0,0.06377751380205154,0.9390446543693542,0.8752671405673027,0.8435565829277039,0.8143678903579712,0.4924575090408325,3,1,0.0
data_041,0,0,0,0,0,0,0,0,0,0,0,0,0,0.553179144859314,0.9359228014945984,0.3827436566352844,0.77538001537323,0.8205978274345398,0.1095683127641677,3,1,0.1666666666666666
data_041,0,0,0,0,0,1,1,0,0,1,1,1,1,0.03472563996911049,0.8436671495437622,0.8089415095746517,0.6846907734870911,0.7664470672607422,0.0962022840976715,6,1,0.8333333333333334
data_041,0,0,0,0,0,0,0,0,0,0,0,0,0,0.20443712174892426,0.05773245170712471,-0.14670467004179955,0.6036896705627441,0.6188641786575317,0.2969513535499573,0,0,0.3333333333333333
data_041,0,0,0,0,0,0,0,0,0,0,0,0,0,0.9834930896759033,0.9834930896759033,0.0,0.8266401886940002,0.7567906975746155,0.5205494165420532,5,1,0.0
data_041,0,1,1,0,0,1,1,1,0,1,1,1,0,0.005844782572239637,0.045518659055233,0.039673876482993364,0.7023844718933105,0.7523372769355774,0.3875277936458587,5,1,0.5
data_041,0,0,0,0,0,0,0,0,0,0,0,0,0,0.11714832484722137,0.01425780076533556,-0.10289052408188581,0.8564889430999756,0.8010390996932983,0.3116829991340637,4,1,0.0
data_041,0,0,0,0,0,0,0,0,0,0,0,0,0,0.8068534731864929,0.8068534731864929,0.0,0.8029807209968567,0.7297152876853943,0.3215026557445526,4,1,0.0
data_041,0,0,0,0,0,0,0,0,0,0,0,0,0,0.9672514200210571,0.9672514200210571,0.0,0.8215000629425049,0.6331244707107544,0.3181372284889221,1,1,0.0
data_042,0,0,0,0,0,0,0,0,0,0,0,0,0,0.9725469946861267,0.9876320362091064,0.015085041522979736,0.7893635034561157,0.7550427913665771,0.2109218537807464,5,1,0.0
data_042,0,0,0,0,0,0,0,0,0,0,0,0,0,0.9959495067596436,0.9959495067596436,0.0,0.8472496271133423,0.5727062225341797,0.4338443875312805,1,1,0.0
data_042,0,0,0,0,0,0,0,0,0,0,0,0,0,0.9656038284301758,0.9548711776733398,-0.010732650756835938,0.7162862420082092,0.7111984491348267,0.3106091916561126,2,1,0.0
data_042,0,0,0,0,0,0,0,0,0,0,0,0,0,0.8331058621406555,0.8331058621406555,0.0,0.6246774196624756,0.6599512696266174,0.20061756670475,1,0,0.1
data_042,0,0,0,0,0,1,0,0,0,1,1,0,0,0.020349819213151932,0.0016064280644059181,-0.018743391148746014,0.629927396774292,0.7305370569229126,0.3919305205345154,2,0,0.1
data_042,0,0,0,0,0,0,0,0,0,0,0,0,0,0.020328128710389137,0.020328128710389137,0.0,0.8648033142089844,0.5642849802970886,0.7378425598144531,1,1,0.0
data_042,0,0,0,0,0,0,1,0,0,1,1,0,0,0.9389674067497253,0.9389674067497253,0.0,0.7094069719314575,0.5938646197319031,0.4249415099620819,1,1,0.0
data_042,0,0,0,0,0,0,0,0,0,0,0,0,0,0.8389413952827454,0.8389413952827454,0.0,0.792644739151001,0.7550769448280334,0.2170956879854202,8,1,0.0
data_042,0,0,0,0,0,0,0,0,0,1,1,0,0,0.5470051765441895,0.926886260509491,0.3798810839653015,0.8296164870262146,0.7162778973579407,0.2204215675592422,4,1,0.0
data_042,0,0,0,0,0,0,0,0,0,0,0,0,0,0.18448644876480103,0.7570711970329285,0.5725847482681274,0.7419627904891968,0.7582846283912659,0.3065031766891479,4,1,0.05
data_042,1,1,1,0,0,1,1,1,1,1,1,1,0,0.029042556881904602,0.6746802926063538,0.6456377357244492,0.8010367155075073,0.6318881511688232,0.420695960521698,1,1,0.0
data_042,0,0,0,0,0,0,0,0,0,1,0,0,0,0.8450701832771301,0.5691964626312256,-0.27587372064590454,0.6621490716934204,0.7022453546524048,0.097786083817482,7,1,0.25
data_042,0,0,0,0,0,0,0,0,0,1,0,0,0,0.25251510739326477,0.9082469344139099,0.6557318270206451,0.6576278209686279,0.7408159971237183,0.0,9,1,0.4
data_042,0,0,0,0,0,0,0,0,0,0,1,0,0,0.007734179962426424,0.007378753274679184,-0.00035542668774724007,0.4855389595031738,0.6298628449440002,0.0,0,0,0.35
data_042,0,0,0,0,0,0,0,0,0,1,0,0,0,0.07569949328899384,0.21462702751159668,0.13892753422260284,0.6236871480941772,0.6123498678207397,0.5010058879852295,0,0,0.0
data_042,0,0,0,0,0,0,0,0,0,1,0,0,0,0.5501410961151123,0.5501410961151123,0.0,0.6928133964538574,0.5456305146217346,0.5385498404502869,1,1,0.0
data_043,1,1,1,1,1,1,1,1,1,1,1,1,1,0.5253059267997742,0.7090452313423157,0.1837393045425415,0.6011209487915039,0.6860952973365784,0.0960993841290474,2,0,0.375
data_043,0,1,0,1,1,1,1,1,1,1,1,1,1,0.47838151454925537,0.9954877495765686,0.5171062350273132,0.5166770815849304,0.72194904088974,0.0913132354617118,1,0,0.625
data_043,0,1,1,0,0,1,1,0,0,1,1,0,0,0.26389455795288086,0.8934628367424011,0.6295682787895203,0.4347214102745056,0.6714885234832764,0.0,3,0,1.0
data_043,0,0,0,0,0,1,0,0,0,1,1,0,0,0.30356884002685547,0.9122034311294556,0.6086345911026001,0.4959654510021209,0.72914719581604,0.0,3,0,1.0
data_043,0,0,1,0,1,1,1,1,1,1,1,1,1,0.3184190094470978,0.6052266955375671,0.28680768609046936,0.7426030039787292,0.8065709471702576,0.5818337202072144,3,1,0.25
data_043,0,0,0,0,0,0,0,0,0,0,0,0,0,0.9946204423904419,0.8610534071922302,-0.13356703519821167,0.7448330521583557,0.6584218144416809,0.6129257678985596,2,1,0.0
data_043,0,0,0,0,0,1,0,0,0,1,0,0,0,0.8189516067504883,0.8189516067504883,0.0,0.7411113381385803,0.7537513971328735,0.303940862417221,4,1,0.125
data_043,0,0,1,1,0,0,1,1,0,1,1,1,0,0.018366340547800064,0.025470316410064697,0.007103975862264633,0.6178138256072998,0.6493329405784607,0.2964131832122803,0,0,0.25
data_043,0,0,0,0,0,0,1,0,1,0,1,1,1,0.0192355178296566,0.21949273347854614,0.20025721564888954,0.6611776351928711,0.7226920127868652,0.2935546934604645,5,1,0.5
data_043,1,0,1,0,0,1,1,1,0,1,1,1,0,0.45040252804756165,0.45040252804756165,0.0,0.6530312299728394,0.6310688853263855,0.7996277809143066,1,1,0.0
data_043,0,0,1,0,0,1,1,1,0,1,1,1,1,0.754223108291626,0.754223108291626,0.0,0.7764987349510193,0.6415157914161682,0.6185390949249268,1,1,0.0
data_043,0,0,0,0,0,1,0,0,0,1,0,0,0,0.05547920987010002,0.21754492819309235,0.16206571832299232,0.7931413054466248,0.6737818121910095,0.4111887812614441,4,1,0.0
data_043,0,0,0,0,0,0,0,0,0,0,0,0,0,0.5808073282241821,0.004369745962321758,-0.5764375822618604,0.6712056398391724,0.7339710593223572,0.685225784778595,3,1,0.125
data_043,1,0,0,0,0,0,1,1,0,1,1,1,0,0.08785085380077362,0.32323259115219116,0.23538173735141754,0.6217073798179626,0.7034135460853577,0.2933120429515838,2,0,0.25
data_043,0,0,0,0,0,0,0,0,0,0,0,0,0,0.11622896045446396,0.4343511164188385,0.31812215596437454,0.841308057308197,0.7591350078582764,0.4238049387931824,3,1,0.0
data_043,0,0,0,0,0,1,0,0,0,1,1,0,0,0.42568859457969666,0.39801982045173645,-0.027668774127960205,0.6644403338432312,0.7341927289962769,0.295926034450531,3,1,0.25
data_044,0,0,0,0,0,0,0,0,0,0,0,0,0,0.9575920701026917,0.9782061576843262,0.02061408758163452,0.9430980682373048,0.7485555410385132,0.1290527135133743,10,1,0.0
data_044,0,0,0,0,0,0,0,0,0,1,0,1,0,0.6637921333312988,0.27465328574180603,-0.3891388475894928,0.7349391579627991,0.7710689306259155,0.1046051010489463,5,1,0.1176470588235294
data_044,0,0,0,0,0,1,1,0,0,1,1,0,0,0.19254238903522491,0.39630433917045593,0.20376195013523102,0.6062857508659363,0.675463855266571,0.0969749838113784,3,0,0.3529411764705882
data_044,1,1,1,1,1,1,1,1,1,1,1,1,1,0.9379859566688538,0.6157923936843872,-0.32219356298446655,0.7006765007972717,0.765631377696991,0.1946749836206436,7,1,0.1764705882352941
data_044,0,0,0,0,0,0,0,0,0,0,0,0,0,0.7137017846107483,0.19512221217155457,-0.5185795724391937,0.631147027015686,0.730344831943512,0.1948988586664199,3,0,0.1764705882352941
data_044,0,0,0,0,0,0,0,0,0,0,0,0,0,0.9983356595039368,0.9983356595039368,0.0,0.7260745167732239,0.7675206661224365,0.2990220785140991,6,1,0.0588235294117647
data_044,0,0,0,0,0,0,0,0,0,0,0,0,0,0.9573723077774048,0.22685760259628296,-0.7305147051811218,0.5547184348106384,0.6175973415374756,0.0,0,0,0.3529411764705882
data_044,0,0,0,0,0,0,0,0,0,0,0,0,0,0.009399275295436382,0.009399275295436382,0.0,0.7495851516723633,0.714591383934021,0.4198358654975891,3,1,0.0
data_044,0,0,0,0,0,0,0,0,0,1,1,0,0,0.8487189412117004,0.6012375950813293,-0.2474813461303711,0.6439655423164368,0.7466456294059753,0.0969889611005783,4,0,0.2352941176470588
data_044,0,0,0,0,0,0,1,0,0,1,1,1,0,0.7442113161087036,0.8036725521087646,0.059461236000061035,0.6643824577331543,0.6675763726234436,0.1040564626455307,2,1,0.0588235294117647
data_044,1,1,1,1,1,1,1,1,1,1,1,1,1,0.0014875399647280574,0.00043135671876370907,-0.0010561832459643483,0.6470969319343567,0.7310287356376648,0.2903926074504852,2,0,0.1176470588235294
data_044,0,0,0,0,0,0,0,0,0,0,0,0,0,0.8568896055221558,0.8568896055221558,0.0,0.7572650909423828,0.7473301887512207,0.3085830807685852,6,1,0.0
data_044,0,0,0,0,0,0,0,0,0,1,1,0,0,0.8986990451812744,0.8986990451812744,0.0,0.8357168436050415,0.8130902051925659,0.3133214116096496,6,1,0.0
data_044,0,0,0,0,0,1,1,0,0,1,1,1,0,0.04676621034741402,0.20024409890174866,0.15347788855433464,0.6625145673751831,0.6937532424926758,0.1057282909750938,2,1,0.0588235294117647
data_044,0,0,0,0,0,0,0,0,0,0,0,0,0,0.747503399848938,0.747503399848938,0.0,0.7743926644325256,0.6670071482658386,0.5181734561920166,2,1,0.0
data_044,0,0,0,0,0,1,1,0,0,1,1,1,0,0.0751592367887497,0.0751592367887497,0.0,0.8146349191665649,0.7460556626319885,0.2179454714059829,3,1,0.0
data_044,0,0,0,0,0,0,0,0,0,0,0,0,0,0.4800727963447571,0.2598365843296051,-0.22023621201515198,0.6392361521720886,0.663405179977417,0.396280288696289,3,0,0.1764705882352941
data_044,0,0,0,0,0,0,0,0,0,1,0,0,0,0.9594396352767944,0.25649288296699524,-0.7029467523097992,0.7278845310211182,0.6350321173667908,0.4121719896793365,1,1,0.0
data_044,0,0,0,0,0,0,0,0,0,0,1,0,0,0.8056488037109375,0.8056488037109375,0.0,0.666424036026001,0.7273737788200378,0.4993123412132263,2,1,0.0588235294117647
data_045,0,0,0,0,0,0,0,0,0,0,0,0,0,0.020227298140525818,0.020227298140525818,0.0,0.7512140870094299,0.5705977082252502,1.0,1,1,0.0
data_045,0,0,0,0,0,0,0,0,0,0,0,0,0,0.9958784580230713,0.9958784580230713,0.0,0.9843066930770874,0.766260027885437,0.8970630168914795,2,1,0.0
data_045,0,0,0,0,0,0,0,0,0,1,0,0,0,0.352560430765152,0.352560430765152,0.0,0.7863209843635559,0.5913236141204834,1.0,1,1,0.0
data_045,1,0,1,1,0,1,1,1,1,1,1,1,0,0.0027890026103705168,0.0027890026103705168,0.0,0.7729219794273376,0.7008079886436462,1.0,2,1,0.0
data_045,0,0,0,0,0,0,0,0,0,0,0,0,0,0.017069650813937187,0.017069650813937187,0.0,0.7403668165206909,0.7001568675041199,0.8024691939353943,2,1,0.0
data_045,0,1,1,0,0,1,1,1,1,1,1,1,0,0.0574883334338665,0.018855832517147064,-0.03863250091671944,0.850171685218811,0.7222006916999817,0.7145853638648987,2,1,0.0
data_045,0,0,0,0,0,0,0,0,0,0,0,0,0,0.5350673794746399,0.1803808957338333,-0.3546864837408066,0.5695581436157227,0.7034481167793274,0.192962184548378,1,0,0.1666666666666666
data_045,0,0,0,0,0,0,0,0,0,1,1,1,0,0.07241068035364151,0.08665993809700012,0.014249257743358612,0.6723634004592896,0.708562970161438,0.097359225153923,3,1,0.0833333333333333
data_045,0,0,0,0,0,0,0,0,0,0,0,0,0,0.9497272968292236,0.9497272968292236,0.0,0.8840368390083313,0.7429690957069397,0.4283856451511383,2,1,0.0
data_045,0,0,0,0,0,0,0,0,0,0,0,0,0,0.6656568646430969,0.6656568646430969,0.0,0.7037180662155151,0.6963815689086914,0.3215166628360748,2,1,0.0
data_046,0,0,1,0,0,1,1,0,0,1,1,1,0,0.0042345249094069,0.05560062453150749,0.05136609962210059,0.6383571624755859,0.7429627776145935,0.0,6,0,1.0
data_046,0,0,0,0,0,0,1,0,0,0,0,0,0,0.0011093441862612963,0.00457682553678751,0.0034674813505262136,0.6243228912353516,0.7395105957984924,0.0930448323488235,3,0,0.4285714285714285
data_046,0,0,0,0,0,0,0,0,0,1,1,1,0,0.1013868972659111,0.13240130245685577,0.03101440519094467,0.7677517533302307,0.8583564162254333,0.2971623837947845,7,1,0.1428571428571428
data_046,1,1,1,0,1,1,1,1,1,1,1,1,1,0.012961742468178272,0.2707635760307312,0.25780183356255293,0.6335251927375793,0.7583526372909546,0.1794319003820419,3,0,0.4285714285714285
data_046,0,0,0,0,0,1,1,0,0,1,1,0,0,0.01868561841547489,0.10693816095590591,0.08825254254043102,0.7528218030929565,0.7972721457481384,0.2028009742498397,5,1,0.1428571428571428
data_046,0,0,0,0,0,1,1,0,0,1,1,0,0,0.01506742276251316,0.18545059859752655,0.1703831758350134,0.7379475235939026,0.7160767316818237,0.3931551873683929,4,1,0.0
data_046,0,0,0,0,0,0,0,0,0,0,0,0,0,0.5433251857757568,0.5433251857757568,0.0,0.9615808129310608,0.6075976490974426,0.4552102386951446,1,1,0.0
data_046,0,0,0,0,0,0,0,0,0,1,0,1,0,0.008196999318897724,0.9831538796424866,0.9749568803235888,0.6919158101081848,0.7798422574996948,0.1948504894971847,6,1,0.5714285714285714
data_046,0,0,0,0,0,0,0,0,0,1,0,0,0,0.03879329562187195,0.03879329562187195,0.0,0.8129373788833618,0.8107853531837463,0.304844468832016,6,1,0.0
data_046,0,0,0,0,0,0,0,0,0,0,0,0,0,0.5422261357307434,0.5422261357307434,0.0,0.8344345688819885,0.6426169872283936,0.6205654740333557,1,1,0.0
data_046,0,0,0,0,0,0,0,0,0,0,0,0,0,0.6021772027015686,0.6021772027015686,0.0,0.8260964751243591,0.6856052279472351,0.908999502658844,6,1,0.0
data_046,0,0,0,0,0,0,0,0,0,1,1,0,0,0.007160099223256111,0.0042950171045959,-0.0028650821186602116,0.8416367173194885,0.7624647617340088,0.5013773441314697,2,1,0.0
data_046,0,0,0,0,0,1,0,0,0,1,1,0,0,0.26007843017578125,0.26007843017578125,0.0,0.7892502546310425,0.7591426372528076,0.3043481409549713,8,1,0.0
data_046,0,0,0,0,0,0,0,0,0,1,0,0,0,0.04554727301001549,0.04554727301001549,0.0,0.7296006679534912,0.6537408232688904,0.4235441982746124,2,1,0.0
data_046,0,0,0,0,0,0,0,0,0,0,0,0,0,0.3340541422367096,0.3340541422367096,0.0,0.7214420437812805,0.6184015274047852,0.2219172269105911,1,1,0.0
data_046,0,0,0,0,0,0,0,0,0,0,0,0,0,0.9977303147315979,0.9977303147315979,0.0,0.8469772338867188,0.5282902717590332,0.3460943698883056,1,1,0.0
data_046,0,0,0,0,0,0,0,0,0,1,0,0,0,0.021081261336803436,0.035495322197675705,0.014414060860872269,0.6840302348136902,0.7618504762649536,0.097436174750328,6,1,0.4285714285714285
data_047,0,0,0,0,0,0,0,0,0,0,0,0,0,0.029854999855160713,0.43296346068382263,0.4031084608286619,0.8395678400993347,0.7103757262229919,0.5326479077339172,3,1,0.0
data_047,0,0,0,0,0,0,0,0,0,0,0,0,0,0.9971300959587097,0.9971300959587097,0.0,0.8036381602287292,0.777351438999176,0.6690995693206787,3,1,0.0
data_047,0,0,0,0,0,0,0,0,0,0,0,0,0,0.03329271078109741,0.03329271078109741,0.0,0.9129908680915833,0.5894518494606018,0.6323321461677551,1,1,0.0
data_047,0,0,0,0,0,0,0,0,0,1,0,0,0,0.9461588263511658,0.9461588263511658,0.0,0.6975579857826233,0.6354436874389648,0.6876101493835449,1,1,0.0
data_047,0,0,0,0,0,0,0,0,0,0,0,0,0,0.608018159866333,0.608018159866333,0.0,0.8478344082832336,0.7348634600639343,0.7989828586578369,2,1,0.0
data_047,0,0,0,0,0,0,0,0,0,0,0,0,0,0.9405274987220764,0.9405274987220764,0.0,0.6875442266464233,0.5737719535827637,0.8002750873565674,1,1,0.0
data_047,0,0,0,0,0,0,0,0,0,0,0,0,0,0.9654222726821899,0.9654222726821899,0.0,0.8455507159233093,0.6125388741493225,0.2500550150871277,1,1,0.0
data_047,0,0,0,0,0,0,0,0,0,0,0,1,0,0.9462888836860657,0.036119502037763596,-0.9101693816483021,0.7333869338035583,0.6827643513679504,0.2155903726816177,2,1,0.0
data_047,0,0,0,0,0,0,0,0,0,0,0,0,0,0.4105875492095947,0.4105875492095947,0.0,0.7383854389190674,0.6234538555145264,0.2389606088399887,1,1,0.0
data_047,0,0,1,0,0,0,1,0,0,1,1,1,0,0.08330606669187546,0.9973165392875671,0.9140104725956917,0.6657186150550842,0.8457832336425781,0.101014494895935,4,1,0.375
data_047,0,0,0,0,0,0,0,0,0,1,0,0,0,0.11961148679256439,0.1264106184244156,0.006799131631851196,0.6679143905639648,0.7246049642562866,0.0991211161017417,3,1,0.25
data_047,0,0,0,0,0,0,0,1,0,1,1,0,0,0.00634181359782815,0.028986794874072075,0.022644981276243925,0.7914779782295227,0.6772961616516113,0.2319578528404235,2,1,0.0
data_047,0,0,0,0,0,0,0,0,0,1,0,0,0,0.3143400251865387,0.01544729620218277,-0.2988927289843559,0.7207854986190796,0.7404980659484863,0.1121880188584327,3,1,0.25
data_047,0,0,0,0,0,0,0,0,0,0,0,0,0,0.15314097702503204,0.15314097702503204,0.0,0.7535473108291626,0.711778998374939,0.6048370003700256,3,1,0.0
data_047,0,0,0,0,0,0,0,0,0,0,0,0,0,0.8728444576263428,0.9683908224105835,0.09554636478424072,0.8067137598991394,0.6641393899917603,0.3221554160118103,3,1,0.0
data_047,0,0,0,0,0,1,0,0,0,1,0,0,0,0.0011069008614867926,0.01928710751235485,0.018180206650868058,0.4782883524894714,0.7362657189369202,0.0,1,0,0.75
data_047,0,0,0,0,0,0,0,0,0,0,0,0,0,0.08981076627969742,0.34927886724472046,0.25946810096502304,0.8488075137138367,0.7353509664535522,0.2132014632225036,9,1,0.0
data_047,0,0,0,0,0,0,0,0,0,1,0,0,0,0.29421764612197876,0.20545785129070282,-0.08875979483127594,0.7595342993736267,0.6843109726905823,0.4135062396526336,2,1,0.0
data_047,0,0,0,0,0,0,0,0,0,1,0,0,0,0.5448476672172546,0.04510572925209999,-0.49974193796515465,0.5635560154914856,0.6418372988700867,0.1882509589195251,0,0,0.125
data_047,0,0,0,0,0,0,0,0,0,0,0,0,0,0.1517443060874939,0.1517443060874939,0.0,0.8456555008888245,0.6647725105285645,0.641571581363678,2,1,0.0
data_047,0,0,0,0,0,0,0,0,0,0,0,0,0,0.9914394617080688,0.9914394617080688,0.0,0.8437049388885498,0.701249361038208,0.1235923841595649,4,1,0.0
data_047,0,0,0,0,0,0,0,0,0,0,0,0,0,0.9962745904922485,0.9962745904922485,0.0,0.7300592064857483,0.4577129185199737,0.6664380431175232,1,1,0.0
data_048,0,0,0,0,0,0,0,0,0,0,0,0,0,0.8807387948036194,0.9962888956069946,0.11555010080337524,0.6840558648109436,0.8203446269035339,0.0,12,1,0.6111111111111112
data_048,1,1,1,1,1,1,1,1,1,1,1,1,1,0.21294982731342316,0.42485520243644714,0.211905375123024,0.6520916819572449,0.7101793885231018,0.0,12,1,0.6111111111111112
data_048,0,0,0,0,0,0,0,0,0,0,0,0,0,0.08451934158802032,0.8115571737289429,0.7270378321409225,0.7126592397689819,0.8355065584182739,0.0,12,1,0.3333333333333333
data_048,0,0,0,0,0,0,0,0,0,0,0,0,0,0.9984927177429199,0.9984927177429199,0.0,0.9070764780044556,0.7749229073524475,0.2361047863960266,5,1,0.0
data_048,0,0,0,0,0,1,1,1,0,1,1,1,0,0.5153623819351196,0.9410743713378906,0.425711989402771,0.7141964435577393,0.8049207329750061,0.0,12,1,0.4444444444444444
data_048,0,0,0,0,0,0,0,0,0,0,0,0,0,0.17958731949329376,0.9791406989097595,0.7995533794164658,0.635971188545227,0.7744321823120117,0.0,6,0,0.4444444444444444
data_048,0,0,0,0,0,0,0,0,0,0,0,0,0,0.13186447322368622,0.20402805507183075,0.07216358184814453,0.6047364473342896,0.6538108587265015,0.0,1,0,0.4444444444444444
data_048,0,0,0,0,0,0,0,0,0,0,0,0,0,0.9976435303688049,0.9976435303688049,0.0,0.8444890379905701,0.8230851888656616,0.1079713329672813,12,1,0.0
data_048,1,1,1,1,1,1,1,1,1,1,1,1,1,0.011365726590156555,0.013879106380045414,0.002513379789888859,0.6668568849563599,0.6850309371948242,0.1985986977815628,3,1,0.1111111111111111
data_048,0,0,0,0,0,0,0,0,0,0,0,0,0,0.019584232941269875,0.20302297174930573,0.18343873880803585,0.7925913333892822,0.6944199800491333,0.217141717672348,7,1,0.0
data_048,1,1,1,1,0,1,1,1,0,1,1,1,0,0.17537713050842285,0.9499754309654236,0.7745983004570007,0.581967294216156,0.676007091999054,0.0960677340626716,2,0,0.2222222222222222
data_048,0,0,0,0,0,0,0,0,0,0,0,0,0,0.0009224191890098155,0.0023067230358719826,0.0013843038468621671,0.8092677593231201,0.8358347415924072,0.6933966875076294,7,1,0.1111111111111111
data_048,1,0,0,0,0,0,0,0,0,1,0,1,0,0.012988430447876453,0.05378752201795578,0.04079909157007933,0.6242937445640564,0.7357227802276611,0.0,4,0,0.4444444444444444
data_048,1,1,1,1,1,1,1,1,1,1,1,1,1,0.184434175491333,0.9853626489639282,0.8009284734725952,0.5075064897537231,0.4484038949012756,0.2408676147460937,0,0,0.0
data_048,1,0,0,0,0,0,0,0,0,1,0,0,0,0.07790099829435349,0.3014138638973236,0.22351286560297012,0.5557622313499451,0.5898242592811584,0.1942943632602691,0,0,0.1111111111111111
data_048,0,0,0,0,0,0,0,0,0,0,1,0,0,0.9902011752128601,0.976266622543335,-0.013934552669525146,0.6937935948371887,0.834149181842804,0.0,7,1,0.2222222222222222
data_049,0,0,0,0,0,0,0,0,0,0,0,0,0,0.9990963935852051,0.9990963935852051,0.0,0.8922265768051147,0.667304277420044,0.4387938678264618,2,1,0.0
data_049,0,0,0,0,0,0,0,0,0,0,0,0,0,0.9968252182006836,0.9968252182006836,0.0,0.6924047470092773,0.6043400168418884,0.532930314540863,1,1,0.0
data_049,0,0,0,0,0,0,0,0,0,0,0,0,0,0.997657299041748,0.9952242374420166,-0.0024330615997314453,0.8553746342658997,0.7082505226135254,0.716077446937561,2,1,0.0
data_049,0,0,0,0,0,0,0,0,0,0,0,0,0,0.9972327351570129,0.9972327351570129,0.0,0.7864311337471008,0.6585527062416077,0.417647510766983,2,1,0.0
data_049,0,0,0,0,0,0,0,0,0,0,0,0,0,0.9689611792564392,0.9689611792564392,0.0,0.8221389055252075,0.6072021126747131,0.632301926612854,1,1,0.0
data_049,0,0,0,0,0,0,0,0,0,0,0,0,0,0.7165818214416504,0.7165818214416504,0.0,0.6619657874107361,0.6912477612495422,0.3015607595443725,3,1,0.3333333333333333
data_049,1,1,1,0,0,1,1,1,0,1,1,1,0,0.220882385969162,0.044570282101631165,-0.17631210386753082,0.6756188869476318,0.7153934836387634,0.2923835515975952,3,1,0.3333333333333333
data_049,0,0,0,0,0,0,0,0,0,0,0,0,0,0.23333024978637695,0.4714798331260681,0.23814958333969116,0.7175434827804565,0.662458598613739,0.6067920923233032,2,1,0.0
data_049,0,0,0,0,0,0,1,0,0,1,1,0,0,0.45883601903915405,0.45883601903915405,0.0,0.6884503960609436,0.6343948245048523,0.4282003939151764,1,1,0.0
data_049,0,0,0,0,0,0,0,0,0,0,0,1,0,0.47133705019950867,0.47133705019950867,0.0,0.5886280536651611,0.6223987936973572,0.298353374004364,0,0,0.1666666666666666
data_049,0,0,0,0,0,1,1,0,0,1,1,1,0,0.937109649181366,0.997581958770752,0.060472309589385986,0.6028975248336792,0.6558088660240173,0.2996459901332855,1,0,0.1666666666666666
data_049,1,1,1,0,0,1,1,1,0,1,1,1,0,0.15179407596588135,0.27281516790390015,0.1210210919380188,0.5433632135391235,0.5564587116241455,0.2010576128959655,0,0,0.1666666666666666
data_049,0,0,0,0,0,0,0,0,0,0,0,0,0,0.641874372959137,0.9898485541343689,0.34797418117523193,0.8285619020462036,0.6793020367622375,0.4318678677082062,2,1,0.0
data_049,0,0,0,0,0,0,0,0,0,1,0,0,0,0.9840213656425476,0.9840213656425476,0.0,0.7847780585289001,0.6084020137786865,0.4481515884399414,1,1,0.0
data_049,0,0,0,0,0,0,0,0,0,0,0,0,0,0.1906304955482483,0.9306782484054565,0.7400477528572083,0.6959252953529358,0.6036514639854431,0.2152397185564041,1,1,0.0
data_049,0,0,0,0,0,1,0,0,0,1,0,0,0,0.36563840508461,0.31263935565948486,-0.05299904942512512,0.5711448192596436,0.5572868585586548,0.1143510192632675,0,0,0.0
data_049,0,0,1,0,0,1,1,1,0,1,1,1,0,0.6404957175254822,0.06300004571676254,-0.5774956718087196,0.7581350803375244,0.6556420922279358,0.2174081951379776,2,1,0.0
data_049,0,0,0,0,0,0,0,0,0,0,0,0,0,0.962915301322937,0.962915301322937,0.0,0.5693066120147705,0.5214608311653137,0.3173997402191162,0,0,0.0
data_049,0,0,0,0,0,1,1,0,0,1,1,1,0,0.2798899710178375,0.11493903398513794,-0.16495093703269958,0.5560425519943237,0.6078445911407471,0.0983116552233696,0,0,0.5
data_050,0,0,0,0,0,0,0,0,0,0,0,0,0,0.6049333214759827,0.6049333214759827,0.0,0.6427925825119019,0.6194509863853455,0.8929184079170227,0,0,0.0
data_050,0,0,0,0,0,0,1,0,0,1,1,1,0,0.41462934017181396,0.30362772941589355,-0.11100161075592041,0.6272796988487244,0.720031201839447,0.8770873546600342,1,0,0.1428571428571428
data_050,0,0,0,0,0,0,0,0,0,0,0,0,0,0.9976141452789307,0.9976141452789307,0.0,0.8144883513450623,0.7539241909980774,0.1145879626274108,4,1,0.0
data_050,0,0,0,0,0,0,0,0,0,0,1,0,0,0.969180166721344,0.969180166721344,0.0,0.8535317182540894,0.785261869430542,0.2269348204135894,4,1,0.0
data_050,0,0,0,0,0,0,0,0,0,0,0,0,0,0.9315341114997864,0.9315341114997864,0.0,0.5592799782752991,0.5127812623977661,0.339896559715271,0,0,0.0
data_050,0,0,0,0,0,0,0,0,0,0,0,0,0,0.9988477230072021,0.9988477230072021,0.0,0.5399824976921082,0.5506410598754883,0.4003008604049682,0,0,0.1428571428571428
data_050,0,0,0,0,0,0,0,0,0,0,0,0,0,0.9765656590461731,0.9765656590461731,0.0,0.7683113217353821,0.7608742117881775,0.4079256653785705,5,1,0.0
data_050,0,0,0,0,0,0,0,0,0,0,0,0,0,0.9127945303916931,0.9127945303916931,0.0,0.7098889350891113,0.6878159642219543,0.7033352255821228,2,1,0.0
data_050,0,0,0,0,0,0,0,0,0,0,0,0,0,0.008921453729271889,0.008921453729271889,0.0,0.6615228652954102,0.5743526220321655,0.809132993221283,1,1,0.0
data_050,0,0,0,0,0,0,0,0,0,0,0,0,0,0.9041630625724792,0.9041630625724792,0.0,0.6792722344398499,0.6102882027626038,0.7119452953338623,1,1,0.0
data_050,0,0,0,0,0,0,0,0,0,0,0,0,0,0.9625269174575806,0.5875846743583679,-0.37494224309921265,0.7415639758110046,0.7391261458396912,0.7965940833091736,3,1,0.0
data_050,0,0,0,0,0,1,1,0,0,1,1,0,0,0.9317527413368225,0.9825464487075806,0.05079370737075806,0.6391186118125916,0.7943663597106934,0.3762262165546417,3,0,0.4285714285714285
data_050,1,1,0,0,1,1,1,0,0,1,1,0,0,0.48881563544273376,0.9934449195861816,0.5046292841434479,0.5177788138389587,0.6739317178726196,0.0,1,0,0.7142857142857143
data_050,0,0,0,0,0,0,0,0,0,0,0,0,0,0.8342759609222412,0.09121377021074295,-0.7430621907114983,0.6893828511238098,0.7318434119224548,0.1959075331687927,4,1,0.2857142857142857
data_050,0,0,0,0,0,0,0,0,0,0,0,0,0,0.992419421672821,0.992419421672821,0.0,0.8056769967079163,0.7535863518714905,0.3263688683509826,3,1,0.0
data_050,0,0,0,0,0,0,0,0,0,0,0,0,0,0.04596766456961632,0.10847711563110352,0.0625094510614872,0.5440225005149841,0.5149495601654053,0.1112863719463348,0,0,0.0
data_050,0,0,1,0,0,0,1,0,0,1,1,0,0,0.9880834221839905,0.9880834221839905,0.0,0.7419552206993103,0.6996809840202332,0.3238381743431091,3,1,0.0
data_051,0,0,0,0,0,0,0,0,0,1,0,1,0,0.9882991313934326,0.9882991313934326,0.0,0.9194047451019288,0.8005043864250183,0.1247212961316108,8,1,0.0
data_051,0,0,0,0,0,1,1,0,0,1,1,0,1,0.4483587443828583,0.6456741094589233,0.19731536507606506,0.6422439813613892,0.734707772731781,0.0,13,0,0.5416666666666666
data_051,0,0,0,0,0,0,0,0,0,0,1,0,0,0.1355990171432495,0.9904431700706482,0.8548441529273987,0.7552982568740845,0.7577851414680481,0.2074140310287475,10,1,0.0416666666666666
data_051,0,0,0,0,0,0,0,0,0,0,0,0,0,0.8366603851318359,0.8366603851318359,0.0,0.6702238917350769,0.7416119575500488,0.4844196140766144,4,1,0.125
data_051,0,0,0,0,0,0,0,0,0,0,0,0,0,0.9075304269790649,0.952032208442688,0.04450178146362305,0.7501797676086426,0.8192525506019592,0.2931891679763794,14,1,0.1666666666666666
data_051,0,0,0,0,0,0,0,0,0,1,0,0,0,0.030406750738620758,0.02611149102449417,-0.004295259714126587,0.649339497089386,0.6084761619567871,0.3077499568462372,0,0,0.0
data_051,0,0,0,0,0,0,0,0,0,1,0,0,0,0.7034557461738586,0.7034557461738586,0.0,0.7345079183578491,0.55767422914505,0.534513533115387,1,1,0.0
data_051,1,1,1,1,1,1,1,1,0,1,1,1,0,0.09426228702068329,0.8018122911453247,0.7075500041246414,0.4704601168632507,0.7508090734481812,0.0,2,0,0.3333333333333333
data_051,0,0,0,0,0,0,0,0,0,0,0,0,0,0.814902126789093,0.814902126789093,0.0,0.8476852774620056,0.8274744749069214,0.3146969079971313,11,1,0.0
data_051,0,0,0,0,0,0,0,0,0,0,0,0,0,0.8920750617980957,0.9841181039810181,0.09204304218292236,0.7534739375114441,0.8071922063827515,0.1022330671548843,10,1,0.0833333333333333
data_051,0,0,0,0,0,0,0,0,0,0,0,0,0,0.08160325139760971,0.16281907260417938,0.08121582120656967,0.812540590763092,0.6529656052589417,0.4166407883167267,2,1,0.0
data_051,0,0,0,0,0,0,0,0,0,0,0,0,0,0.8254042863845825,0.8619523048400879,0.03654801845550537,0.7071269154548645,0.8032868504524231,0.0,16,1,0.375
data_051,0,0,0,0,0,0,0,0,0,0,0,0,0,0.6379011273384094,0.6379011273384094,0.0,0.8011379837989807,0.7228876948356628,0.11333629488945,9,1,0.0
data_051,0,0,0,0,0,1,0,0,1,1,1,1,0,0.11490408331155777,0.05990820750594139,-0.05499587580561638,0.8581103682518005,0.671851396560669,0.2348379641771316,3,1,0.0
data_052,0,0,0,0,0,0,0,0,0,0,0,0,0,0.9022788405418396,0.8271665573120117,-0.07511228322982788,0.8338444232940674,0.7623805999755859,0.3008213937282562,4,1,0.0
data_052,0,0,1,0,0,1,1,0,0,1,1,1,0,0.08344411849975586,0.6450865268707275,0.5616424083709717,0.7895252108573914,0.7630565762519836,0.3009375333786011,4,1,0.0
data_052,0,0,0,0,0,0,0,0,0,0,0,0,0,0.802410900592804,0.9710326194763184,0.1686217188835144,0.8460464477539062,0.7676796317100525,0.7921328544616699,2,1,0.0
data_052,0,1,1,1,0,1,1,1,1,1,1,1,1,0.025985298678278923,0.053818680346012115,0.027833381667733192,0.7252564430236816,0.8221935629844666,0.2113619893789291,2,1,0.125
data_052,0,0,0,0,0,0,0,0,0,0,0,0,0,0.787007749080658,0.7449074983596802,-0.04210025072097778,0.811213493347168,0.7620377540588379,0.603124737739563,6,1,0.0
data_052,1,1,1,0,0,1,1,0,1,1,1,1,1,0.8570151925086975,0.8570151925086975,0.0,0.7459489107131958,0.6935837268829346,0.5114409923553467,2,1,0.0
data_052,0,0,0,0,0,0,0,0,0,0,0,0,0,0.9022365808486938,0.9022365808486938,0.0,0.812993586063385,0.7827602028846741,0.3119653165340423,2,1,0.0
data_052,0,0,0,0,0,0,0,0,0,0,0,0,0,0.9989032745361328,0.9989032745361328,0.0,0.8088542819023132,0.6450011134147644,0.3205852210521698,1,1,0.0
data_052,0,0,0,0,0,0,0,0,0,0,0,0,0,0.9966070652008057,0.9890402555465698,-0.00756680965423584,0.7392191290855408,0.6536184549331665,0.4198953807353973,3,1,0.0
data_052,0,0,0,0,0,1,1,0,0,1,1,1,0,0.0010296948021277785,0.0011798429768532515,0.00015014817472547293,0.6157554984092712,0.7243189811706543,0.0,5,0,0.75
data_052,0,1,0,0,0,1,1,0,0,1,1,1,0,0.8378229737281799,0.8378229737281799,0.0,0.6962084770202637,0.6780126094818115,0.7023112773895264,2,1,0.0
data_052,0,0,1,0,0,0,1,1,0,1,1,1,0,0.7220748662948608,0.9720112681388855,0.24993640184402466,0.7354112863540649,0.6238360404968262,0.5188392996788025,1,1,0.0
data_052,0,0,0,0,0,0,0,0,0,0,0,0,0,0.7668720483779907,0.7668720483779907,0.0,0.7100096344947815,0.6297850012779236,0.6180453896522522,1,1,0.0
data_052,0,0,0,0,0,0,0,0,0,0,0,0,0,0.9949712753295898,0.9949712753295898,0.0,0.6801987290382385,0.6136654019355774,0.3292773067951202,1,1,0.0
data_052,0,0,0,0,0,0,0,0,0,1,1,0,0,0.07170718163251877,0.9756306409835815,0.9039234593510628,0.6474528908729553,0.7049580812454224,0.0983529761433601,2,0,0.375
data_052,0,0,0,0,0,0,1,1,0,1,1,1,0,0.01280473917722702,0.2907782196998596,0.2779734805226326,0.4723784029483795,0.5877927541732788,0.0,0,0,0.625
data_053,0,0,0,0,0,0,0,0,0,0,0,0,0,0.9301809668540955,0.9301809668540955,0.0,0.7042771577835083,0.6829010844230652,0.3074169456958771,2,1,0.0
data_053,0,0,0,0,0,0,0,0,0,0,0,0,0,0.9900462031364441,0.9857592582702637,-0.00428694486618042,0.7252623438835144,0.6419929265975952,0.3343494534492492,1,1,0.0
data_053,0,0,0,0,0,0,0,0,0,0,0,0,0,0.09889750182628632,0.5713757872581482,0.4724782854318619,0.8281177878379822,0.7594464421272278,0.2100684344768524,8,1,0.0
data_053,0,0,0,0,0,0,0,0,0,0,0,0,0,0.37671127915382385,0.37671127915382385,0.0,0.6615176796913147,0.6727754473686218,0.2087093442678451,2,1,0.0625
data_053,0,0,0,0,0,1,0,0,0,1,0,0,0,0.4152812957763672,0.7301439046859741,0.31486260890960693,0.7074540853500366,0.8087215423583984,0.0,10,1,0.4375
data_053,0,0,0,0,0,0,1,0,0,1,1,0,0,0.0400557741522789,0.0400557741522789,0.0,0.7991121411323547,0.5908433198928833,0.7357652187347412,1,1,0.0
data_053,0,0,1,0,0,0,1,0,0,0,0,0,0,0.024156603962183,0.024156603962183,0.0,0.7518256902694702,0.6091488003730774,0.5316539406776428,1,1,0.0
data_053,0,0,0,0,0,0,0,0,0,0,0,0,0,0.9972212314605713,0.9972212314605713,0.0,0.7935591340065002,0.6028011441230774,0.723730206489563,1,1,0.0
data_053,0,0,0,0,0,0,0,0,0,0,0,0,0,0.9840408563613892,0.9920700192451477,0.008029162883758545,0.7758302688598633,0.7093655467033386,0.3085647821426391,3,1,0.0
data_053,0,0,0,0,0,0,0,0,0,0,0,0,0,0.1341763138771057,0.12528477609157562,-0.00889153778553009,0.7230688333511353,0.6740602254867554,0.311070054769516,5,1,0.0
data_053,0,0,0,0,0,0,0,0,0,0,0,0,0,0.4131861627101898,0.4131861627101898,0.0,0.6736610531806946,0.5927204489707947,0.5056858658790588,1,1,0.0
data_053,0,0,0,0,0,1,0,0,0,1,0,0,0,0.7742487192153931,0.9823439121246338,0.20809519290924072,0.8732380867004395,0.8519079089164734,0.2076449990272522,10,1,0.0
data_053,0,0,0,0,0,0,0,0,0,0,0,0,0,0.9852951765060425,0.9852951765060425,0.0,0.9193847179412842,0.5270637273788452,1.0,1,1,0.0
data_053,0,0,0,0,0,0,0,0,0,1,0,0,0,0.9817177057266235,0.0631413459777832,-0.9185763597488403,0.7021040320396423,0.7236621975898743,0.1981937140226364,7,1,0.25
data_053,0,0,0,0,0,0,0,0,0,1,0,0,0,0.40346693992614746,0.40346693992614746,0.0,0.8208889365196228,0.713702380657196,0.904245376586914,3,1,0.0
data_053,0,0,0,0,0,0,0,0,0,0,0,0,0,0.9972597360610962,0.9972597360610962,0.0,0.8668729066848755,0.6596992015838623,0.2260196357965469,3,1,0.0
data_053,0,0,0,0,0,0,0,0,0,0,0,0,0,0.7929826378822327,0.8975967764854431,0.10461413860321045,0.785854160785675,0.7002155780792236,0.1221102699637413,3,1,0.0
data_053,0,0,0,0,0,0,0,0,0,1,1,0,0,0.25959089398384094,0.25959089398384094,0.0,0.7360799312591553,0.6628937721252441,0.6088064312934875,2,1,0.0
data_053,1,1,1,1,1,1,1,1,1,1,1,1,1,0.18597720563411713,0.9886581301689148,0.8026809245347977,0.2561136484146118,0.8789395093917847,0.0,5,0,0.875
data_053,1,1,1,1,1,1,1,1,1,1,1,1,1,0.016186639666557312,0.13708244264125824,0.12089580297470093,0.3703003823757171,0.6005971431732178,0.0,0,0,0.5
data_053,1,1,1,1,1,1,1,1,1,1,1,1,1,0.025816520676016808,0.9586274027824402,0.9328108821064234,0.3650101125240326,0.6287209987640381,0.0,0,0,0.875
data_053,1,1,1,1,1,1,1,1,1,1,1,1,1,0.3489352762699127,0.9807276725769043,0.6317923963069916,0.1811554431915283,0.5986270308494568,0.0,0,0,0.9375
data_053,1,1,1,1,1,1,1,1,1,1,1,1,1,0.312666118144989,0.9970845580101013,0.6844184398651123,0.2719994485378265,0.9055190086364746,0.0,11,0,0.875
data_054,0,0,0,0,0,0,0,0,0,0,0,0,0,0.997122585773468,0.997122585773468,0.0,0.8851341009140015,0.7626743912696838,0.6096609830856323,3,1,0.0
data_054,0,0,0,0,0,0,0,0,0,0,0,0,0,0.9964739680290222,0.9964739680290222,0.0,0.8096567988395691,0.5166981816291809,1.0,1,1,0.0
data_054,1,1,1,0,1,1,1,1,1,1,1,1,1,0.15918803215026855,0.15918803215026855,0.0,0.7733227014541626,0.5923947095870972,0.8160887360572815,1,1,0.0
data_054,0,0,0,0,0,0,0,0,0,0,0,0,0,0.9864002466201782,0.9624522924423218,-0.023947954177856445,0.8692328929901123,0.7370221614837646,0.3110848665237427,3,1,0.0
data_054,0,0,0,0,0,0,0,0,0,0,0,0,0,0.9439444541931152,0.9439444541931152,0.0,0.7440832853317261,0.555760383605957,0.912432849407196,1,1,0.0
data_054,0,0,0,0,0,0,1,1,0,1,1,1,0,0.9204187393188477,0.039212536066770554,-0.8812062032520771,0.7471616864204407,0.7039855122566223,0.2131449878215789,2,1,0.0
data_054,0,0,0,0,0,0,0,0,0,0,0,0,0,0.9824956655502319,0.9824956655502319,0.0,0.8064844608306885,0.6673784852027893,0.8847488760948181,2,1,0.0
data_054,0,0,0,0,0,0,0,0,0,0,0,0,0,0.9822537302970886,0.9822537302970886,0.0,0.6608389616012573,0.7021626830101013,0.1997615844011306,3,1,0.6666666666666666
data_054,0,0,0,0,0,0,0,0,0,1,0,0,0,0.08889878541231155,0.33475205302238464,0.2458532676100731,0.7359274625778198,0.6880785226821899,0.4083673357963562,3,1,0.0
data_054,0,0,0,0,0,0,0,0,0,0,0,0,0,0.8799906969070435,0.8799906969070435,0.0,0.7424774765968323,0.732035756111145,0.4085220992565155,2,1,0.0
data_054,0,0,1,0,0,1,1,1,0,1,1,1,0,0.9008120894432068,0.7745050191879272,-0.12630707025527954,0.605096161365509,0.8259458541870117,0.1835364401340484,2,0,0.6666666666666666
data_054,0,0,0,0,0,0,0,0,0,0,1,0,0,0.33816447854042053,0.33816447854042053,0.0,0.8070409297943115,0.7248413562774658,0.1255280971527099,2,1,0.0
data_054,0,0,0,0,0,1,0,0,0,1,0,0,0,0.9421148896217346,0.9421148896217346,0.0,0.6548861861228943,0.7091536521911621,0.2027799487113952,2,1,0.3333333333333333
data_055,0,0,0,0,0,0,0,0,0,1,0,0,0,0.8971477746963501,0.8971477746963501,0.0,0.8338283896446228,0.8195189237594604,0.6073654890060425,14,1,0.0
data_055,0,0,0,0,0,0,0,0,0,0,0,0,0,0.7870355248451233,0.951967716217041,0.16493219137191772,0.7826715707778931,0.7627418637275696,0.5089492201805115,7,1,0.0
data_055,0,0,0,0,0,0,0,0,0,0,0,0,0,0.08723755180835724,0.08723755180835724,0.0,0.7722060084342957,0.5346988439559937,0.5630190372467041,1,1,0.0
data_055,0,0,0,0,0,0,1,0,0,1,1,0,0,0.18065735697746277,0.9237678050994873,0.7431104481220245,0.6862084269523621,0.7642844319343567,0.5762327909469604,3,1,0.0526315789473684
data_055,0,0,0,0,0,0,0,0,0,0,0,0,0,0.994778037071228,0.994778037071228,0.0,0.8620228171348572,0.7547281980514526,0.319439023733139,10,1,0.0
data_055,0,0,0,0,0,0,0,0,0,0,0,0,0,0.2006414532661438,0.018882254138588905,-0.1817591991275549,0.6438357830047607,0.7567853331565857,0.0,5,0,0.2631578947368421
data_055,1,1,1,1,1,1,1,1,1,1,1,1,1,0.2598358690738678,0.20789340138435364,-0.05194246768951416,0.5901601910591125,0.8083880543708801,0.0,6,0,0.3684210526315789
data_055,0,0,0,0,0,0,1,0,0,0,1,0,1,0.7362850904464722,0.00453440984711051,-0.7317506805993617,0.7096133232116699,0.8038101196289062,0.1907096207141876,11,1,0.2631578947368421
data_055,0,0,0,0,0,0,0,0,0,0,0,0,0,0.44066715240478516,0.44066715240478516,0.0,0.8542203307151794,0.7370883822441101,0.4128695428371429,6,1,0.0
data_055,0,0,0,0,0,0,0,0,0,0,0,0,0,0.9456285238265991,0.5465940833091736,-0.39903444051742554,0.7229084372520447,0.7755863070487976,0.3047651648521423,7,1,0.0526315789473684
data_055,0,0,0,0,0,0,0,0,0,1,0,0,0,0.2572542428970337,0.2179376780986786,-0.0393165647983551,0.7977048754692078,0.6992626190185547,0.3189025521278381,6,1,0.0
data_055,0,0,0,0,0,0,0,0,0,1,0,0,0,0.9961872696876526,0.9961872696876526,0.0,0.8337114453315735,0.6852685809135437,0.5220909714698792,2,1,0.0
data_055,0,0,0,0,0,0,0,0,0,0,0,0,0,0.9978380799293518,0.8776999711990356,-0.12013810873031616,0.6269760131835938,0.7704472541809082,0.0,2,0,0.3157894736842105
data_055,1,1,1,1,1,1,1,1,1,1,1,1,1,0.08833730965852737,0.9731272459030151,0.8847899362444878,0.5983735918998718,0.7609220147132874,0.0,9,0,0.6842105263157895
data_055,0,0,0,0,0,0,0,0,0,1,0,0,0,0.9977425336837769,0.9977425336837769,0.0,0.7130930423736572,0.7005589008331299,0.415147602558136,4,1,0.0
data_055,1,1,1,1,1,1,1,1,1,1,1,1,1,0.04947357252240181,0.3991324007511139,0.3496588282287121,0.5387076139450073,0.7570813894271851,0.0,1,0,0.8421052631578947
data_055,0,0,0,0,0,0,0,0,0,0,0,0,0,0.014530941843986511,0.002259086351841688,-0.012271855492144823,0.7646075487136841,0.7604320645332336,0.2139856070280075,5,1,0.0
data_055,1,0,0,0,0,1,1,0,0,1,1,0,0,0.008675557561218739,0.14677676558494568,0.13810120802372694,0.6201151013374329,0.7547106146812439,0.0,4,0,0.4210526315789473
data_055,0,0,0,0,0,0,0,0,0,1,0,1,0,0.9772126078605652,0.5200243592262268,-0.4571882486343384,0.6201211810112,0.6942456960678101,0.0944375693798065,5,0,0.3684210526315789
data_056,0,0,0,0,0,0,0,0,0,0,0,0,0,0.206231951713562,0.8984698057174683,0.6922378540039062,0.7710610628128052,0.7723420262336731,0.3886578977108001,3,1,0.1666666666666666
data_056,0,0,1,0,0,0,1,0,0,0,0,0,0,0.050094954669475555,0.0033602009061723948,-0.04673475376330316,0.6891143918037415,0.6522481441497803,0.410916119813919,2,1,0.0
data_056,0,0,0,0,0,0,0,0,0,0,0,0,0,0.018620876595377922,0.01774289645254612,-0.0008779801428318024,0.7893862128257751,0.6615571975708008,0.7052741050720215,2,1,0.0
data_056,0,0,0,0,0,0,0,0,0,0,1,0,0,0.9602359533309937,0.9602359533309937,0.0,0.7194277048110962,0.7683284878730774,0.3975222706794739,3,1,0.3333333333333333
data_056,0,0,0,0,0,0,0,0,0,0,0,0,0,0.07544815540313721,0.005566905252635479,-0.06988125015050173,0.5515013337135315,0.7924330234527588,0.0,2,0,0.8333333333333334
data_056,0,0,0,0,0,0,0,0,0,0,0,0,0,0.3027845621109009,0.2875700891017914,-0.015214473009109497,0.9598475098609924,0.6223030686378479,0.3402448892593384,1,1,0.0
data_056,0,0,1,0,0,0,1,1,0,1,1,1,0,0.9718228578567505,0.9718228578567505,0.0,0.6743366122245789,0.6693841218948364,0.3979790806770324,2,1,0.0
data_056,0,0,0,0,0,0,0,0,0,0,0,0,0,0.20020179450511932,0.20003613829612732,-0.0001656562089920044,0.6666629910469055,0.6219374537467957,0.5111865997314453,1,1,0.0
data_056,0,0,0,0,0,0,0,0,0,0,0,0,0,0.9964293837547302,0.9964293837547302,0.0,0.8833659291267395,0.73431396484375,0.6237289309501648,5,1,0.0
data_056,0,0,0,0,0,0,0,0,0,0,1,0,0,0.7880064845085144,0.7880064845085144,0.0,0.720604419708252,0.7421891093254089,0.6982609033584595,3,1,0.1666666666666666
data_056,0,0,1,0,0,0,1,0,0,1,1,1,0,0.06653796881437302,0.009315838105976582,-0.057222130708396435,0.4245442152023315,0.5434815287590027,0.0924609377980232,0,0,0.5
data_056,0,0,0,0,0,0,1,0,0,1,1,1,0,0.03302060067653656,0.183540478348732,0.15051987767219543,0.6273837685585022,0.6415385603904724,0.3946571350097656,0,0,0.3333333333333333
data_056,0,0,0,0,0,0,0,0,0,1,0,0,0,0.9925448298454285,0.9927621483802795,0.00021731853485107422,0.6389334201812744,0.763884425163269,0.0,5,0,0.8333333333333334
data_056,0,0,0,0,0,0,0,0,0,0,0,0,0,0.14709042012691498,0.14709042012691498,0.0,0.7915288209915161,0.7056965231895447,0.6109747290611267,3,1,0.0
data_056,0,0,0,0,0,0,0,0,0,0,0,0,0,0.07385681569576263,0.07385681569576263,0.0,0.7752121686935425,0.6010491847991943,0.8126340508460999,1,1,0.0
data_056,0,0,0,0,0,0,0,0,0,0,0,0,0,0.95765221118927,0.95765221118927,0.0,0.8669266104698181,0.6493136882781982,0.9066526889801024,1,1,0.0
data_057,0,0,0,0,0,0,0,0,0,0,0,0,0,0.011931972578167915,0.1678905040025711,0.1559585314244032,0.6410112977027893,0.8151575922966003,0.0,10,0,0.8461538461538461
data_057,0,0,0,0,0,0,0,0,0,1,0,0,0,0.06778424233198166,0.15752659738063812,0.08974235504865646,0.3856289386749267,0.5697672367095947,0.0,0,0,0.7692307692307693
data_057,0,0,0,0,0,0,0,0,0,0,0,0,0,0.980144739151001,0.980144739151001,0.0,0.884122371673584,0.6758485436439514,0.2350903153419494,2,1,0.0
data_057,0,0,0,0,0,0,0,0,0,0,0,0,0,0.9559603929519653,0.9559603929519653,0.0,0.9255542755126952,0.5997333526611328,0.428270012140274,1,1,0.0
data_057,0,0,0,0,0,0,0,0,0,1,0,0,0,0.9083039164543152,0.9940329194068909,0.08572900295257568,0.7881151437759399,0.8382801413536072,0.1000856161117553,11,1,0.2307692307692307
data_057,0,0,0,0,0,0,1,0,0,0,0,0,0,0.09126871079206467,0.9973957538604736,0.906127043068409,0.6112937331199646,0.7906309962272644,0.0,9,0,0.8461538461538461
data_057,0,0,0,0,0,0,0,0,0,0,0,0,0,0.301765114068985,0.9782388806343079,0.6764737665653229,0.5236124992370605,0.5453538298606873,0.6948094367980957,0,0,0.0769230769230769
data_057,0,0,0,0,0,0,0,0,0,0,0,0,0,0.1344815492630005,0.26736196875572205,0.13288041949272156,0.6214113831520081,0.6985669136047363,0.1015197560191154,1,0,0.1538461538461538
data_057,0,0,0,0,0,0,0,0,0,0,0,0,0,0.926728367805481,0.8689765930175781,-0.05775177478790283,0.8420191407203674,0.8631523251533508,0.2067613899707794,8,1,0.1538461538461538
data_057,1,1,1,1,1,1,1,1,1,1,1,1,1,0.9510521292686462,0.28633737564086914,-0.6647147536277771,0.5793637037277222,0.5286611318588257,0.4010030329227447,0,0,0.0
data_057,0,0,0,0,0,0,0,0,0,0,0,0,0,0.9965670108795166,0.9965670108795166,0.0,0.8399051427841187,0.7067638635635376,0.3161881566047668,5,1,0.0
data_057,0,0,0,0,0,0,0,0,0,1,0,0,0,0.981315553188324,0.9704653024673462,-0.010850250720977783,0.6222348213195801,0.8207516074180603,0.0,11,0,0.8461538461538461
data_057,0,0,0,0,0,0,0,0,0,0,0,0,0,0.9901140928268433,0.9901140928268433,0.0,0.6289888024330139,0.7254416942596436,0.1940080225467682,3,0,0.3076923076923077
data_057,0,0,0,0,0,0,0,0,0,0,0,0,0,0.9205335974693298,0.9971944093704224,0.07666081190109253,0.634654700756073,0.7103961706161499,0.0,7,0,0.7692307692307693
data_057,0,0,0,0,0,0,0,0,0,0,0,0,0,0.9991810917854309,0.9991810917854309,0.0,0.7617039680480957,0.7871959805488586,0.1019490882754325,9,1,0.1538461538461538
data_057,0,0,0,0,0,0,0,0,0,0,0,0,0,0.3326646089553833,0.13437001407146454,-0.19829459488391876,0.847245991230011,0.7599285840988159,0.2204052805900573,6,1,0.0
data_057,1,0,0,0,0,0,0,0,0,1,1,0,0,0.6794381737709045,0.9986056685447693,0.31916749477386475,0.7842201590538025,0.8400880098342896,0.2977445423603058,12,1,0.0769230769230769
data_057,0,0,0,0,0,0,0,0,0,0,0,0,0,0.1642639935016632,0.6647697687149048,0.5005057752132416,0.7976669669151306,0.7463122606277466,0.2087162733078003,9,1,0.0
data_057,1,1,1,1,0,1,1,1,1,1,1,1,1,0.041652560234069824,0.014154870994389057,-0.027497689239680767,0.6905556321144104,0.7318217158317566,0.1961183845996856,6,1,0.2307692307692307
data_057,0,0,0,0,0,0,0,0,0,0,1,0,0,0.03606606647372246,0.819951593875885,0.7838855274021626,0.6725395917892456,0.6961035132408142,0.0999839156866073,6,1,0.2307692307692307
data_057,0,0,0,0,0,0,0,0,0,0,0,0,0,0.9947040677070618,0.9947040677070618,0.0,0.7248681783676147,0.5069360136985779,0.5912667512893677,1,1,0.0
data_057,0,0,0,0,0,0,0,0,0,1,0,0,0,0.13630783557891846,0.9858157634735107,0.8495079278945923,0.8268684148788452,0.748243510723114,0.1161722838878631,5,1,0.0
data_057,0,0,0,0,0,0,0,0,0,0,0,0,0,0.4610791504383087,0.4610791504383087,0.0,0.776663601398468,0.6164554357528687,0.5243200659751892,1,1,0.0
data_057,0,0,0,0,0,0,0,0,0,0,0,0,0,0.9965108036994934,0.9965108036994934,0.0,0.763883650302887,0.5941212773323059,0.3441875874996185,1,1,0.0
data_057,0,0,0,0,0,0,0,0,0,0,0,0,0,0.05348064377903938,0.9379251003265381,0.8844444565474987,0.5942512154579163,0.7314494252204895,0.188259094953537,3,0,0.3846153846153846
data_058,0,0,0,0,0,0,0,0,0,1,0,0,0,0.9305835962295532,0.9305835962295532,0.0,0.8800308704376221,0.8149796724319458,0.5111550092697144,9,1,0.0
data_058,0,0,1,0,0,1,1,0,0,1,1,0,0,0.018892765045166016,0.018892765045166016,0.0,0.7482287883758545,0.6242490410804749,0.534534215927124,1,1,0.0
data_058,0,0,0,0,0,0,0,0,0,0,0,0,0,0.9519529938697815,0.9519529938697815,0.0,0.8433679342269897,0.7305733561515808,0.4158833920955658,6,1,0.0
data_058,0,0,0,0,0,0,0,0,0,1,0,0,0,0.2485666275024414,0.3059192895889282,0.057352662086486816,0.8177518844604492,0.7493637800216675,0.415254145860672,5,1,0.0
data_058,0,0,1,0,0,1,1,0,1,1,1,1,0,0.41595372557640076,0.41595372557640076,0.0,0.7488899827003479,0.7644611597061157,0.5977838039398193,9,1,0.0909090909090909
data_058,0,0,0,0,0,1,1,0,0,1,1,0,0,0.08807175606489182,0.7301948666572571,0.6421231105923653,0.6565289497375488,0.6214344501495361,0.3040926456451416,1,1,0.0
data_058,1,1,1,0,1,1,1,1,1,1,1,1,1,0.397117555141449,0.9752018451690674,0.5780842900276184,0.6156541705131531,0.7689581513404846,0.0,8,0,0.7272727272727273
data_058,0,0,0,0,0,1,1,0,0,1,1,1,0,0.39149782061576843,0.9410339593887329,0.5495361387729645,0.6791930198669434,0.8419485688209534,0.0986573100090026,5,1,0.1818181818181818
data_058,1,1,1,1,1,1,1,1,1,1,1,1,1,0.04169255495071411,0.8485021591186523,0.8068096041679382,0.5630323886871338,0.8656969666481018,0.0,4,0,0.7272727272727273
data_058,0,0,0,0,0,0,0,0,0,0,1,0,0,0.969692587852478,0.969692587852478,0.0,0.7883511781692505,0.7649261355400085,0.3100358843803406,5,1,0.0
data_058,0,0,0,0,0,0,0,0,0,0,0,0,0,0.9976565837860107,0.9976565837860107,0.0,0.7542140483856201,0.7042961120605469,0.5054016709327698,4,1,0.0
data_058,0,0,0,0,0,1,0,0,0,1,0,0,0,0.9826372265815735,0.9633032083511353,-0.019334018230438232,0.7619233131408691,0.7433909177780151,0.4020229279994964,6,1,0.0
data_058,0,1,1,1,1,1,1,0,0,1,1,1,0,0.8760930299758911,0.8760930299758911,0.0,0.7013115882873535,0.6997408270835876,0.3020368814468384,4,1,0.0
data_058,0,0,0,0,0,0,0,0,0,0,0,0,0,0.5330291390419006,0.5330291390419006,0.0,0.8188744187355042,0.6590846180915833,0.8035985827445984,2,1,0.0
data_058,0,0,0,0,0,0,0,0,0,0,0,0,0,0.5962263345718384,0.9990283250808716,0.4028019905090332,0.6299140453338623,0.7966822981834412,0.0,5,0,0.4545454545454545
data_058,0,0,0,0,0,0,0,0,0,1,1,0,0,0.8903951048851013,0.9354814291000366,0.0450863242149353,0.7198589444160461,0.720014214515686,0.2028183192014694,4,1,0.0909090909090909
data_058,0,0,0,0,0,0,0,0,0,0,0,0,0,0.9849370121955872,0.9849370121955872,0.0,0.912467360496521,0.6891489624977112,0.3292646706104278,2,1,0.0
data_058,0,1,0,0,0,1,0,0,0,1,1,0,0,0.990562379360199,0.990562379360199,0.0,0.8056955337524414,0.6992131471633911,0.7189142107963562,4,1,0.0
data_059,0,0,0,0,0,0,0,0,0,0,0,0,0,0.04343486949801445,0.08549033105373383,0.042055461555719376,0.729270339012146,0.6433498859405518,0.3062248826026916,1,1,0.0
data_059,0,0,0,0,0,0,0,0,0,0,0,0,0,0.026262180879712105,0.07713884115219116,0.05087666027247906,0.8677379488945007,0.7828903794288635,0.2257624715566635,5,1,0.0
data_059,0,0,0,0,0,0,0,0,0,0,0,0,0,0.31198644638061523,0.9246297478675842,0.612643301486969,0.6585516929626465,0.7493178844451904,0.0,5,1,0.6666666666666666
data_059,0,0,0,0,0,0,0,0,0,0,0,0,0,0.9957758784294128,0.9957758784294128,0.0,0.7959235310554504,0.6299511194229126,0.2497526109218597,1,1,0.0
data_059,0,0,0,0,0,0,0,0,0,0,0,0,0,0.9109333157539368,0.36756980419158936,-0.5433635115623474,0.8499649167060852,0.6363608241081238,0.3259714245796203,1,1,0.0
data_059,0,0,0,0,0,0,0,0,0,1,1,0,0,0.9681400060653687,0.9646577835083008,-0.003482222557067871,0.6944111585617065,0.781827986240387,0.0965955778956413,5,1,0.5
data_059,0,0,0,0,0,0,0,0,0,1,0,0,0,0.18169300258159637,0.016450654715299606,-0.16524234786629677,0.7279760837554932,0.7840986847877502,0.1011118665337562,7,1,0.1666666666666666
data_059,0,0,1,0,0,1,1,1,1,1,1,1,0,0.01902216114103794,0.5068482160568237,0.4878260549157858,0.4572440087795257,0.6087474226951599,0.0,0,0,0.6666666666666666
data_059,0,0,0,0,0,0,0,0,0,0,0,0,0,0.9899515509605408,0.3739987015724182,-0.6159528493881226,0.5862143635749817,0.757914662361145,0.0,5,0,1.0
data_059,0,0,0,0,0,0,0,0,0,0,0,0,0,0.1526242047548294,0.1526242047548294,0.0,0.7220990657806396,0.6456801295280457,0.3372083306312561,1,1,0.0
data_059,0,0,0,0,0,0,0,0,0,0,0,0,0,0.9855259656906128,0.9855259656906128,0.0,0.7964388728141785,0.7931545376777649,0.5971007347106934,6,1,0.0
data_059,0,0,0,0,0,0,0,0,0,0,0,0,0,0.047395169734954834,0.022555425763130188,-0.024839743971824646,0.6780195236206055,0.5905902981758118,0.124197207391262,1,1,0.0
data_059,0,0,0,0,0,0,0,0,0,0,0,0,0,0.25352877378463745,0.3624912202358246,0.10896244645118713,0.5102434754371643,0.5902169346809387,0.1007050573825836,0,0,0.6666666666666666
data_059,1,0,0,0,0,1,1,0,1,1,1,1,0,0.9981266856193542,0.9981266856193542,0.0,0.7854278683662415,0.790964663028717,0.1974389404058456,7,1,0.3333333333333333
data_059,0,0,0,0,0,0,0,0,0,0,0,0,0,0.9958479404449463,0.9958479404449463,0.0,0.7903729677200317,0.7680615782737732,0.1084094494581222,6,1,0.0
data_059,0,0,0,0,0,0,0,0,0,1,0,0,0,0.012565584853291512,0.07180468738079071,0.0592391025274992,0.5672427415847778,0.6176953315734863,0.4912398755550384,0,0,0.3333333333333333
data_059,0,0,0,0,0,0,0,0,0,0,0,0,0,0.303930401802063,0.303930401802063,0.0,0.667985200881958,0.6401452422142029,0.4905130267143249,1,1,0.0
data_059,0,0,0,0,0,0,0,0,0,0,0,0,0,0.001679757609963417,0.17004472017288208,0.16836496256291866,0.7331214547157288,0.7658193111419678,0.2032490223646164,6,1,0.3333333333333333
data_060,0,0,0,0,0,0,0,0,0,0,0,0,0,0.9956672191619873,0.9956672191619873,0.0,0.77833092212677,0.7638733983039856,0.4075470864772796,6,1,0.0
data_060,0,0,0,0,0,0,0,0,0,0,0,0,0,0.9891499876976013,0.9891499876976013,0.0,0.9213871955871582,0.5961893796920776,0.6338555216789246,1,1,0.0
data_060,0,0,0,0,0,0,0,0,0,0,0,0,0,0.19653867185115814,0.15190930664539337,-0.04462936520576477,0.8202993273735046,0.6824615001678467,0.3090150654315948,3,1,0.0
data_060,0,0,0,0,0,0,0,0,0,0,0,0,0,0.19814619421958923,0.19814619421958923,0.0,0.8401399850845337,0.76482754945755,0.5927866101264954,5,1,0.0
data_060,0,0,0,0,0,1,0,1,0,1,1,1,0,0.9789794683456421,0.9789794683456421,0.0,0.7682270407676697,0.7505801916122437,0.510823667049408,3,1,0.0
data_060,0,0,0,0,0,0,0,0,0,0,0,0,0,0.11014971882104874,0.8871040940284729,0.7769543752074242,0.7736563086509705,0.8016295433044434,0.2994384467601776,6,1,0.5
data_060,0,0,0,0,0,0,0,0,0,0,0,0,0,0.076605424284935,0.3516787588596344,0.2750733345746994,0.7911399602890015,0.7869707345962524,0.1095008328557014,5,1,0.0
data_060,0,0,0,0,0,0,0,0,0,1,0,0,0,0.060818158090114594,0.060818158090114594,0.0,0.7727134823799133,0.6344485282897949,0.7144010663032532,1,1,0.0
data_060,0,0,0,0,0,0,0,0,0,1,0,0,0,0.0006140623590908945,0.9368289113044739,0.936214848945383,0.7678471803665161,0.766831636428833,0.2944313883781433,6,1,0.0
data_060,0,0,0,0,0,0,0,0,0,0,0,0,0,0.9950966238975525,0.9950966238975525,0.0,0.7079208493232727,0.776540219783783,0.099810741841793,5,1,0.5
data_060,1,1,1,0,1,1,1,1,1,1,1,1,1,0.0014000567607581615,0.003924846183508635,0.002524789422750473,0.5948576927185059,0.7777937054634094,0.0893683731555938,1,0,0.3333333333333333
data_060,1,0,0,0,0,0,0,0,0,0,1,0,0,0.003187743481248617,0.777956485748291,0.7747687422670424,0.8173844218254089,0.8365238904953003,0.1089810505509376,5,1,0.1666666666666666
data_060,0,0,0,0,0,0,0,0,0,1,0,0,0,0.3483535945415497,0.09662497788667679,-0.2517286166548729,0.6002273559570312,0.7501155734062195,0.0925688371062278,3,0,0.6666666666666666
data_060,0,0,0,0,0,0,0,0,0,0,0,0,0,0.003909775521606207,0.003909775521606207,0.0,0.8124427795410156,0.8203350305557251,0.5206722021102905,4,1,0.1666666666666666
data_060,0,0,0,0,0,0,0,0,0,0,0,0,0,0.12270147353410721,0.12270147353410721,0.0,0.7489032745361328,0.751504123210907,0.3124420940876007,4,1,0.1666666666666666
data_061,0,0,0,0,0,0,0,0,0,1,0,0,0,0.6202372908592224,0.8251681327819824,0.20493084192276,0.7997322678565979,0.749248206615448,0.3128722012042999,7,1,0.0
data_061,0,0,0,0,0,0,0,0,0,0,0,0,0,0.9866160154342651,0.9399080872535706,-0.04670792818069458,0.9151089191436768,0.5737457275390625,0.7178520560264587,1,1,0.0
data_061,0,0,0,0,0,0,0,0,0,0,0,0,0,0.9833696484565735,0.5285428762435913,-0.4548267722129822,0.8264987468719482,0.6818061470985413,0.5204041600227356,2,1,0.0
data_061,0,0,0,0,0,0,0,0,0,0,0,0,0,0.8772904872894287,0.8120835423469543,-0.06520694494247437,0.6509861946105957,0.6371069550514221,0.4086297750473022,1,1,0.0
data_061,0,0,0,0,0,0,0,0,0,0,1,0,0,0.5527666807174683,0.9844415783882141,0.43167489767074585,0.6876358985900879,0.8855717778205872,0.7742846012115479,2,1,0.125
data_061,0,0,0,0,0,0,0,0,0,0,0,0,0,0.9931696653366089,0.9947027564048767,0.0015330910682678223,0.8184484243392944,0.6487117409706116,0.7159050107002258,1,1,0.0
data_061,0,0,0,0,0,0,0,0,0,0,0,0,0,0.040240656584501266,0.0046303956769406796,-0.03561026090756059,0.7237542271614075,0.660662055015564,0.6093149781227112,2,1,0.0
data_061,0,0,1,1,1,1,1,1,1,1,1,0,0,0.550711452960968,0.985584557056427,0.434873104095459,0.6590156555175781,0.6537653803825378,0.7030802965164185,2,1,0.0
data_061,0,0,0,0,0,1,0,0,0,1,1,0,0,0.40048110485076904,0.40048110485076904,0.0,0.7269408702850342,0.6436097621917725,0.5065193176269531,1,1,0.0
data_061,0,0,0,0,0,1,0,0,0,1,0,0,0,0.02439257502555847,0.015114461071789265,-0.009278113953769207,0.5845896601676941,0.6451135873794556,0.0972495526075363,0,0,0.375
data_061,0,0,0,0,0,1,1,1,0,1,1,1,0,0.4044816792011261,0.11719471216201782,-0.2872869670391083,0.5120143294334412,0.5795130133628845,0.2930448651313782,0,0,0.375
data_061,0,0,0,0,0,0,0,0,0,0,0,0,0,0.15680517256259918,0.15680517256259918,0.0,0.6574044227600098,0.6048209071159363,0.4327572882175445,1,1,0.0
data_061,0,0,0,0,0,0,0,0,0,0,0,0,0,0.9871381521224976,0.9871381521224976,0.0,0.930524468421936,0.6263856887817383,0.3461163341999054,1,1,0.0
data_061,0,0,0,0,0,0,0,0,0,1,0,0,0,0.46323108673095703,0.9613855481147766,0.4981544613838196,0.6040977835655212,0.7409201860427856,0.1862364560365677,2,0,0.25
data_061,0,0,0,0,0,0,0,0,0,0,0,1,0,0.9580996632575989,0.9580996632575989,0.0,0.8377795219421387,0.595063328742981,0.3433687686920166,1,1,0.0
data_061,0,0,0,0,0,0,0,0,0,0,0,0,0,0.7672358155250549,0.7672358155250549,0.0,0.8161764144897461,0.6599582433700562,0.3296212255954742,2,1,0.0
data_062,0,0,0,0,0,0,0,0,0,0,0,0,0,0.9915981292724609,0.9915981292724609,0.0,0.7379401326179504,0.4871467649936676,0.9057093262672424,1,1,0.0
data_062,1,1,1,0,0,1,1,1,0,1,1,1,0,0.7659526467323303,0.5705121159553528,-0.19544053077697754,0.677866518497467,0.6795106530189514,0.2110528647899627,2,1,0.1666666666666666
data_062,1,1,1,1,1,1,1,1,1,1,1,1,1,0.0028390923980623484,0.07387017458677292,0.07103108218871057,0.6428138017654419,0.6830536127090454,0.3880839347839355,1,0,0.1666666666666666
data_062,0,0,0,0,0,0,0,0,0,0,0,0,0,0.9970343112945557,0.9970343112945557,0.0,0.93331640958786,0.6477282047271729,0.7147617340087891,1,1,0.0
data_062,0,0,0,0,0,0,0,0,0,0,0,0,0,0.40343204140663147,0.9940500259399414,0.5906179845333099,0.7439457178115845,0.8278042078018188,0.4861701428890228,4,1,0.1666666666666666
data_062,0,0,0,0,0,0,0,0,0,0,0,0,0,0.7122744917869568,0.9005201458930969,0.18824565410614014,0.645244836807251,0.6996344923973083,0.5048094391822815,1,0,0.1666666666666666
data_062,0,0,0,0,0,0,0,0,0,1,0,0,0,0.4785078465938568,0.9849265813827515,0.5064187347888947,0.615731418132782,0.7803583741188049,0.1899926662445068,3,0,0.6666666666666666
data_062,0,0,0,0,0,0,0,0,0,0,0,0,0,0.48371344804763794,0.48371344804763794,0.0,0.6132873892784119,0.5702007412910461,0.2068342566490173,0,0,0.0
data_062,0,0,0,0,0,0,0,0,0,0,0,0,0,0.9911072850227356,0.9911072850227356,0.0,0.9197626113891602,0.6942810416221619,0.4401979148387909,2,1,0.0
data_062,0,0,0,0,0,0,0,0,0,1,0,1,0,0.9285643100738525,0.9285643100738525,0.0,0.72939532995224,0.6708561778068542,0.4154982268810272,2,1,0.0
data_062,0,0,0,0,0,1,1,0,0,1,1,0,0,0.9987945556640625,0.9987945556640625,0.0,0.7393696904182434,0.6548135876655579,0.4209363758563995,2,1,0.0
data_062,0,0,0,0,0,0,0,0,0,1,0,0,0,0.9984980821609497,0.9984980821609497,0.0,0.6588730812072754,0.718964695930481,0.297892302274704,4,1,0.5
data_062,0,0,0,0,0,0,0,0,0,0,1,0,0,0.2602240741252899,0.027447491884231567,-0.23277658224105835,0.581813395023346,0.663124144077301,0.1970819383859634,1,0,0.1666666666666666
data_062,1,1,1,1,1,1,1,1,1,1,1,1,1,0.7862122654914856,0.8759550452232361,0.08974277973175049,0.5427875518798828,0.7208433151245117,0.0949872061610221,1,0,0.5
data_062,0,0,0,0,0,0,0,0,0,1,0,0,0,0.06743234395980835,0.06743234395980835,0.0,0.7107498049736023,0.681061327457428,0.5003439784049988,3,1,0.0
data_062,0,0,0,0,0,0,0,0,0,0,0,0,0,0.9930684566497803,0.9930684566497803,0.0,0.877936840057373,0.5925471782684326,0.8227745294570923,1,1,0.0
data_062,0,0,0,0,0,0,0,0,0,0,0,0,0,0.8948110342025757,0.8948110342025757,0.0,0.9035062193870544,0.7554625868797302,0.2213131636381149,3,1,0.0
data_062,0,0,0,0,1,0,1,0,1,1,1,1,1,0.03856288269162178,0.024711601436138153,-0.013851281255483627,0.6916157007217407,0.6431137919425964,0.218822106719017,1,1,0.0
data_062,0,0,0,0,0,0,0,0,0,1,0,0,0,0.8336746692657471,0.8336746692657471,0.0,0.6060324907302856,0.595685601234436,0.1084267646074295,0,0,0.0
data_062,0,0,0,0,0,0,0,0,0,1,0,0,0,0.7995093464851379,0.9966145157814026,0.19710516929626465,0.6071648001670837,0.7407417297363281,0.0892183780670166,2,0,0.3333333333333333
data_063,0,0,0,0,0,1,0,0,0,1,1,0,0,0.961181104183197,0.9260271787643433,-0.03515392541885376,0.8502190709114075,0.8011682629585266,0.1158680617809295,5,1,0.0
data_063,0,0,0,0,0,0,0,0,0,0,0,0,0,0.9754881858825684,0.9754881858825684,0.0,0.8170719146728516,0.7108184099197388,0.5239272713661194,2,1,0.0
data_063,0,0,0,0,0,0,0,0,0,0,0,0,0,0.9631741046905518,0.9831189513206482,0.019944846630096436,0.7277501225471497,0.6335864663124084,0.5171859264373779,1,1,0.0
data_063,0,0,0,0,0,0,0,0,0,0,0,0,0,0.05589735880494118,0.05589735880494118,0.0,0.7759451866149902,0.7008413076400757,0.3274691998958587,2,1,0.0
data_063,0,0,0,0,0,0,0,0,0,1,0,0,0,0.9986818432807922,0.9978196620941162,-0.0008621811866760254,0.6690908074378967,0.8240516185760498,0.1915268003940582,7,1,0.5
data_063,0,0,0,0,0,0,0,0,0,0,0,0,0,0.48849135637283325,0.6607376933097839,0.17224633693695068,0.7087046504020691,0.6476202607154846,0.3046008944511413,1,1,0.0
data_063,0,0,0,0,0,0,0,0,0,1,0,0,0,0.9936916828155518,0.5676918625831604,-0.42599982023239136,0.7135132551193237,0.7458281517028809,0.1973761469125747,6,1,0.5
data_063,0,0,0,0,0,0,0,0,0,0,0,0,0,0.6771907210350037,0.028221599757671356,-0.6489691212773323,0.7620455622673035,0.7850199937820435,0.109949953854084,7,1,0.125
data_063,0,0,0,0,0,0,0,0,0,1,0,0,0,0.12495369464159012,0.09142930805683136,-0.03352438658475876,0.6807244420051575,0.5976499319076538,0.4129321873188019,1,1,0.0
data_063,0,0,0,0,0,0,0,0,0,0,0,0,0,0.7130767703056335,0.3292774260044098,-0.38379934430122375,0.6157407164573669,0.6059687733650208,0.4006464779376983,0,0,0.0
data_063,0,0,0,0,0,0,0,0,0,0,0,0,0,0.9950264096260071,0.9950264096260071,0.0,0.609483003616333,0.5423277020454407,0.8036338686943054,0,0,0.0
data_063,0,0,0,0,0,0,0,0,0,0,0,0,0,0.014664010144770145,0.020400242879986763,0.005736232735216618,0.7637762427330017,0.6276019215583801,0.6203886866569519,1,1,0.0
data_063,0,0,0,0,0,0,0,0,0,0,0,0,0,0.9816006422042847,0.9816006422042847,0.0,0.8510016798973083,0.5858417749404907,0.630930483341217,1,1,0.0
data_063,0,0,0,0,0,1,0,0,0,1,1,0,0,0.09078822284936905,0.4145243465900421,0.32373612374067307,0.6563529372215271,0.5654019713401794,0.1240288317203521,1,1,0.0
data_063,1,0,1,0,0,1,1,1,1,1,1,1,1,0.9297974109649658,0.0211745984852314,-0.9086228124797344,0.5666828751564026,0.7441230416297913,0.0,3,0,0.375
data_063,1,0,1,1,1,1,1,1,1,1,1,1,1,0.09456478804349899,0.03901631757616997,-0.055548470467329025,0.5480852127075195,0.5820881724357605,0.1981897801160812,0,0,0.125
data_064,0,0,0,0,0,0,0,0,0,0,0,0,0,0.9873672723770142,0.9873672723770142,0.0,0.9898855686187744,0.7773361206054688,0.2419128119945526,5,1,0.0
data_064,0,0,0,0,0,0,0,0,0,0,0,0,0,0.9216794967651367,0.9216794967651367,0.0,0.8609813451766968,0.6909405589103699,0.1281802952289581,2,1,0.0
data_064,0,0,1,0,0,0,1,1,0,0,0,0,0,0.25734204053878784,0.08621035516262054,-0.1711316853761673,0.7830955982208252,0.7795419692993164,0.4007846713066101,6,1,0.0
data_064,0,0,0,0,0,0,0,0,0,0,0,0,0,0.01998063735663891,0.01998063735663891,0.0,0.7226571440696716,0.6250064969062805,0.3445900380611419,1,1,0.0
data_064,0,0,0,0,0,0,0,0,0,0,0,0,0,0.019449383020401,0.019449383020401,0.0,0.7850646376609802,0.5109322667121887,0.6602902412414551,1,1,0.0
data_064,1,1,1,1,1,1,1,1,0,1,1,1,1,0.09884142875671387,0.21264006197452545,0.11379863321781158,0.819586455821991,0.7872195243835449,0.2053787112236023,7,1,0.0
data_064,0,0,0,0,0,0,0,0,0,0,0,0,0,0.003505475353449583,0.0028373016975820065,-0.0006681736558675766,0.6227105259895325,0.4993184208869934,0.3619917333126068,0,0,0.0
data_064,0,0,0,0,0,0,0,0,0,1,1,0,0,0.3330933153629303,0.3330933153629303,0.0,0.7557294964790344,0.677610456943512,0.2163175791501999,2,1,0.0
data_064,0,0,0,0,0,0,0,0,0,0,0,0,0,0.9981439113616943,0.9981439113616943,0.0,0.8539882898330688,0.8664652109146118,0.2119691967964172,5,1,0.125
data_064,0,0,0,0,0,1,0,0,0,1,1,0,0,0.14965185523033142,0.14965185523033142,0.0,0.7177978754043579,0.6988093852996826,0.806080162525177,2,1,0.0
data_064,0,0,0,0,0,0,0,0,0,0,0,0,0,0.9942759871482849,0.9942759871482849,0.0,0.9322327971458436,0.7618133425712585,0.1239676028490066,7,1,0.0
data_064,0,0,0,0,0,0,0,0,0,0,0,0,0,0.2701078951358795,0.5908748507499695,0.32076695561408997,0.7792118191719055,0.7955411076545715,0.2016690671443939,5,1,0.125
data_064,0,1,1,0,1,1,1,1,1,1,1,1,1,0.01259975228458643,0.003522332990542054,-0.009077419294044375,0.6094909906387329,0.754923939704895,0.0,3,0,0.5
data_064,1,0,0,0,0,1,0,0,0,1,1,0,0,0.0009673350141383708,0.9779787659645081,0.9770114309503697,0.4155041575431824,0.7057002186775208,0.0,1,0,0.75
data_064,0,1,0,0,0,1,0,0,0,1,1,0,0,0.013548842631280422,0.013548842631280422,0.0,0.7030963897705078,0.6574146747589111,0.2098214775323867,2,1,0.0
data_064,0,0,0,0,0,0,0,0,0,1,0,0,0,0.10299459099769592,0.25944095849990845,0.15644636750221252,0.6548201441764832,0.5942620635032654,0.4928926825523376,1,1,0.0
data_064,0,0,0,0,0,1,0,0,0,1,0,0,0,0.9576871991157532,0.9760501980781555,0.018362998962402344,0.606450617313385,0.7322711944580078,0.4862143695354461,1,0,0.125
data_064,0,0,0,0,0,1,1,1,0,1,1,0,0,0.3710766136646271,0.3710766136646271,0.0,0.8193296790122986,0.5912600159645081,0.6444159746170044,1,1,0.0
data_065,0,0,1,0,0,1,1,0,0,1,1,0,0,0.06287915259599686,0.09693759679794312,0.03405844420194626,0.5886293053627014,0.5688802003860474,0.3069187998771667,0,0,0.0
data_065,1,0,1,0,0,0,1,0,0,1,1,0,0,0.009225009940564632,0.015582031570374966,0.006357021629810333,0.547722339630127,0.6230894923210144,0.103023275732994,0,0,0.2857142857142857
data_065,0,0,0,0,0,1,0,0,0,1,0,0,0,0.6851882934570312,0.9818364977836609,0.29664820432662964,0.4286620914936065,0.5506434440612793,0.0,0,0,1.0
data_065,0,0,1,0,0,1,1,0,0,1,1,1,0,0.20990249514579773,0.3084116578102112,0.09850916266441345,0.5946349501609802,0.7218459248542786,0.1922378987073898,1,0,0.4285714285714285
data_065,1,1,1,1,1,1,1,1,1,1,1,1,1,0.11076942831277847,0.9955829977989197,0.8848135694861412,0.6610778570175171,0.7547228932380676,0.1004835069179534,4,1,0.4285714285714285
data_065,0,0,0,0,0,0,0,0,0,0,0,0,0,0.9060134291648865,0.9140180349349976,0.008004605770111084,0.6742495894432068,0.5786135792732239,0.3304274380207062,1,1,0.0
data_065,0,0,0,0,0,0,0,0,0,1,0,0,0,0.969727098941803,0.4304017722606659,-0.5393253266811371,0.8114561438560486,0.7087569236755371,0.3109181821346283,5,1,0.0
data_065,1,1,1,1,1,1,1,1,1,1,1,1,1,0.4970676302909851,0.2978781759738922,-0.1991894543170929,0.7187404036521912,0.6948446035385132,0.1115255951881408,3,1,0.0
data_065,0,0,0,0,0,0,1,0,0,1,0,0,0,0.7085068821907043,0.7085068821907043,0.0,0.764636218547821,0.5576868653297424,0.5352326035499573,1,1,0.0
data_065,0,0,0,0,0,0,0,0,0,1,0,0,0,0.9832620620727539,0.43181535601615906,-0.5514467060565948,0.7879845499992371,0.7745268940925598,0.2015999257564544,8,1,0.0
data_065,1,1,1,0,0,0,1,0,0,1,1,0,0,0.5192689299583435,0.9646250605583191,0.4453561305999756,0.6859808564186096,0.6879653930664062,0.4012201428413391,2,1,0.1428571428571428
data_065,0,0,0,0,0,0,0,0,0,1,0,0,0,0.4034459590911865,0.2359391450881958,-0.16750681400299072,0.7264506220817566,0.8124942779541016,0.0966071859002113,8,1,0.4285714285714285
data_065,1,1,1,0,0,1,1,1,1,1,1,1,1,0.01846887543797493,0.9161346554756165,0.8976657800376415,0.6911343932151794,0.7758563756942749,0.0982580408453941,7,1,0.2857142857142857
data_065,1,0,0,0,1,0,1,0,0,1,1,1,1,0.03608454763889313,0.20869503915309906,0.17261049151420593,0.6447048187255859,0.6877795457839966,0.1017063036561012,2,0,0.2857142857142857
data_066,0,0,0,0,0,0,0,0,0,0,0,0,0,0.15111318230628967,0.07182332873344421,-0.07928985357284546,0.6253795623779297,0.6409997940063477,0.39582559466362,0,0,0.2
data_066,0,0,0,0,0,0,0,0,0,1,0,0,0,0.3601301908493042,0.15019072592258453,-0.20993946492671967,0.6848155856132507,0.6353815197944641,0.3060364723205566,1,1,0.0
data_066,1,1,1,1,1,1,1,1,1,1,1,1,1,0.3413436710834503,0.9187594056129456,0.5774157345294952,0.7398569583892822,0.8313429355621338,0.2052780091762542,4,1,0.2
data_066,1,1,1,1,1,1,1,1,1,1,1,1,1,0.1924206167459488,0.9964547157287598,0.804034098982811,0.6551814675331116,0.6914198398590088,0.2037128508090973,2,1,0.2
data_066,0,0,0,0,0,0,0,0,0,0,0,0,0,0.051582563668489456,0.28671643137931824,0.23513386771082878,0.7034670114517212,0.6714089512825012,0.311916172504425,2,1,0.0
data_066,0,0,1,1,0,1,1,1,0,1,1,1,0,0.972997784614563,0.9424877762794495,-0.030510008335113525,0.6288936734199524,0.5834370255470276,0.3112565279006958,0,0,0.0
data_066,1,1,1,1,0,1,1,1,1,1,1,1,1,0.0275166854262352,0.4473007917404175,0.4197841063141823,0.7482771873474121,0.7253566384315491,0.3069992661476135,3,1,0.0
data_066,0,0,0,0,0,0,0,0,0,0,0,0,0,0.9741978049278259,0.9595805406570435,-0.01461726427078247,0.771949052810669,0.6865706443786621,0.6039881706237793,2,1,0.0
data_066,0,0,0,0,0,0,0,0,0,0,0,0,0,0.9279493093490601,0.9293505549430847,0.0014012455940246582,0.6602092981338501,0.7470537424087524,0.0990024879574775,5,1,0.8
data_066,0,0,0,0,0,0,0,0,0,0,0,0,0,0.9739446043968201,0.9128705859184265,-0.061074018478393555,0.6033233404159546,0.7094163298606873,0.0933640301227569,3,0,0.8
data_066,1,0,0,1,0,0,1,0,0,1,1,1,0,0.02472478337585926,0.6373845338821411,0.6126597505062819,0.7235791683197021,0.6652088761329651,0.5058760046958923,2,1,0.0
data_066,1,1,1,0,0,1,1,1,1,1,1,1,1,0.8265160322189331,0.9911205172538757,0.16460448503494263,0.5576165914535522,0.7280408143997192,0.0,1,0,0.8
data_066,0,0,0,0,0,0,0,0,0,0,0,0,0,0.9811268448829651,0.9811268448829651,0.0,0.8541760444641113,0.6261380314826965,0.6292195320129395,1,1,0.0
data_066,0,0,0,0,0,0,0,0,0,0,0,0,0,0.11044858396053314,0.11044858396053314,0.0,0.6901715993881226,0.7107508182525635,0.3057397603988647,3,1,0.2
data_066,1,0,0,0,0,0,1,0,0,0,1,0,0,0.9987143278121948,0.5862361788749695,-0.41247814893722534,0.6093258261680603,0.6294195652008057,0.7850051522254944,0,0,0.2
data_066,0,0,0,0,0,0,0,0,0,1,0,0,0,0.8794489502906799,0.8794489502906799,0.0,0.6342126131057739,0.5206166505813599,1.0,0,0,0.0
data_067,0,0,0,0,0,0,0,0,0,1,0,0,0,0.3596391975879669,0.9694507718086243,0.6098115742206573,0.7702410221099854,0.701129138469696,0.5976284742355347,2,1,0.0
data_067,0,0,0,0,0,0,0,0,0,0,0,0,0,0.02476002648472786,0.11164384335279465,0.08688381686806679,0.7442039251327515,0.7087685465812683,0.4155269861221313,3,1,0.0
data_067,0,0,0,0,0,0,0,0,0,0,0,0,0,0.029273902997374535,0.08794660121202469,0.058672698214650154,0.7218343019485474,0.5843287706375122,0.6131672263145447,1,1,0.0
data_067,0,0,0,0,0,0,0,0,0,0,0,0,0,0.04548156261444092,0.04548156261444092,0.0,0.7774790525436401,0.7277688384056091,0.5904886722564697,3,1,0.0
data_067,0,0,0,0,0,0,0,0,0,0,0,0,0,0.0033049581106752157,0.0033049581106752157,0.0,0.8153674602508545,0.6712982058525085,0.5243258476257324,2,1,0.0
data_067,0,0,0,0,0,1,0,0,0,1,0,1,0,0.0017493129707872868,0.004813679493963718,0.0030643665231764317,0.5768253207206726,0.6773340106010437,0.0,2,0,0.8
data_067,0,0,1,0,0,1,1,0,0,1,1,1,0,0.015651768073439598,0.5483483672142029,0.5326965991407633,0.557267427444458,0.5807862877845764,0.1140158250927925,0,0,0.2
data_067,0,0,0,0,0,0,0,0,0,1,0,0,0,0.9953765869140625,0.9953765869140625,0.0,0.7026481032371521,0.7581904530525208,0.1065583005547523,3,1,0.2
data_067,0,0,0,0,1,1,1,0,1,1,1,1,0,0.7428326606750488,0.9958714842796326,0.25303882360458374,0.6489827632904053,0.7445101737976074,0.0961726978421211,2,0,0.4
data_067,0,0,0,0,0,0,0,0,0,0,0,0,0,0.9897528886795044,0.9897528886795044,0.0,0.6153470277786255,0.7583861947059631,0.2034892290830612,1,0,0.4
data_067,0,0,0,0,0,0,0,0,0,0,0,0,0,0.14625871181488037,0.2427881956100464,0.09652948379516602,0.5296986103057861,0.7647882103919983,0.0,4,0,0.8
data_067,0,0,0,0,0,0,0,0,0,1,0,0,0,0.11502673476934433,0.8241503238677979,0.7091235890984535,0.5426483750343323,0.7175222039222717,0.0,2,0,0.8
data_067,0,0,0,0,0,0,0,1,0,1,1,1,0,0.04425909370183945,0.8649817109107971,0.8207226172089577,0.6780926585197449,0.5884609222412109,0.2213397622108459,1,1,0.0
data_067,1,1,1,1,1,1,1,1,1,1,1,1,1,0.09850159287452698,0.09593646228313446,-0.002565130591392517,0.4530342817306518,0.6474213600158691,0.0,0,0,1.0
data_067,0,0,0,0,0,0,0,0,0,0,0,0,0,0.9798911213874817,0.9798911213874817,0.0,0.6925376653671265,0.7243639230728149,0.2962910532951355,3,1,0.4
data_067,0,0,0,0,0,0,0,0,0,0,0,0,0,0.9941957592964172,0.9941957592964172,0.0,0.8161669969558716,0.7528237104415894,0.216698482632637,3,1,0.0
data_067,0,0,0,0,0,0,0,0,0,0,0,0,0,0.4401184618473053,0.844986617565155,0.40486815571784973,0.8150277733802795,0.7272524237632751,0.2155296951532364,3,1,0.0
data_068,0,0,0,0,0,0,0,0,0,0,0,0,0,0.8147819638252258,0.8147819638252258,0.0,0.825348436832428,0.7521258592605591,0.4195862114429474,7,1,0.0
data_068,0,0,0,0,0,0,0,0,0,0,0,0,0,0.9982642531394958,0.9982642531394958,0.0,0.8409262299537659,0.7451188564300537,0.616475522518158,4,1,0.0
data_068,0,0,0,0,0,0,0,0,0,0,0,0,0,0.9239585995674133,0.9239585995674133,0.0,0.9924117922782898,0.7771238088607788,0.6028609871864319,4,1,0.0
data_068,0,0,0,0,0,0,0,0,0,0,0,0,0,0.4583045542240143,0.4583045542240143,0.0,0.6436823606491089,0.5386053323745728,0.8210318088531494,0,0,0.0
data_068,0,0,0,0,0,0,0,0,0,0,0,0,0,0.1144518330693245,0.1144518330693245,0.0,0.7916818261146545,0.7654470205307007,0.4194439053535461,3,1,0.0
data_068,0,0,0,0,0,0,0,0,0,1,0,0,0,0.94695645570755,0.94695645570755,0.0,0.7061190605163574,0.6318447589874268,0.1162174418568611,1,1,0.0
data_068,0,0,0,0,0,0,0,0,0,0,1,0,0,0.02073127217590809,0.17297562956809998,0.1522443573921919,0.7818379998207092,0.7103528380393982,0.1281553953886032,2,1,0.0
data_068,0,0,0,0,0,0,0,1,0,1,1,1,0,0.7286163568496704,0.8550874590873718,0.12647110223770142,0.789306104183197,0.718489944934845,0.1155633330345153,4,1,0.0
data_068,0,0,0,0,0,0,0,0,0,0,0,0,0,0.48702338337898254,0.8891203999519348,0.40209701657295227,0.6871470808982849,0.7918007373809814,0.0,7,1,0.7142857142857143
data_068,0,0,0,0,0,0,1,0,0,0,1,0,0,0.8524220585823059,0.8524220585823059,0.0,0.8876085877418518,0.7499760985374451,0.2261993438005447,3,1,0.0
data_068,1,0,0,0,0,0,0,0,0,1,1,0,0,0.8030661940574646,0.8030661940574646,0.0,0.6884231567382812,0.6224707365036011,0.4106661379337311,1,1,0.0
data_068,0,0,0,0,0,0,0,0,0,0,0,0,0,0.28628161549568176,0.39950695633888245,0.11322534084320068,0.7972645163536072,0.8045361638069153,0.4042593836784363,6,1,0.1428571428571428
data_068,0,0,0,0,0,0,0,0,0,0,0,0,0,0.343187153339386,0.10655107349157333,-0.23663607984781265,0.8391327857971191,0.6383038759231567,0.229652926325798,1,1,0.0
data_068,0,0,0,0,0,0,0,0,0,0,0,0,0,0.21007707715034485,0.3167513906955719,0.10667431354522705,0.740967869758606,0.7211255431175232,0.50235915184021,4,1,0.0
data_068,1,0,0,0,0,0,0,0,0,1,0,0,0,0.6599418520927429,0.6599418520927429,0.0,0.6563023924827576,0.6393062472343445,0.5032434463500977,1,1,0.0
data_068,0,0,0,0,0,0,0,0,0,1,0,0,0,0.3050897419452667,0.3050897419452667,0.0,0.6965942978858948,0.6851839423179626,0.2127759158611297,3,1,0.0
data_068,0,0,0,0,0,0,0,0,0,1,0,0,0,0.9608862400054932,0.950616717338562,-0.010269522666931152,0.8743410110473633,0.7776232957839966,0.3308034837245941,2,1,0.0
data_068,0,0,0,0,0,0,0,0,0,0,0,0,0,0.17714405059814453,0.2051183134317398,0.027974262833595276,0.9033403396606444,0.7605819702148438,0.4109639227390289,4,1,0.0
data_068,0,0,0,0,0,0,0,0,0,0,0,0,0,0.02780306525528431,0.01232226099818945,-0.01548080425709486,0.6865090131759644,0.6451021432876587,0.5021035075187683,1,1,0.0
data_068,0,0,0,0,0,0,0,0,0,1,0,0,0,0.6859960556030273,0.6859960556030273,0.0,0.6595699787139893,0.760646641254425,0.2851342558860779,3,1,0.2857142857142857
data_068,0,0,0,0,0,0,0,0,0,0,0,0,0,0.9561237096786499,0.9561237096786499,0.0,0.957805871963501,0.533381998538971,0.1818713843822479,1,1,0.0
data_068,0,0,0,0,0,0,0,0,0,0,0,0,0,0.8216257095336914,0.9866551160812378,0.1650294065475464,0.6240326166152954,0.7243506908416748,0.0948488339781761,2,0,0.5714285714285714
data_069,0,0,0,0,0,1,0,0,0,1,1,0,0,0.8463952541351318,0.4137314558029175,-0.43266379833221436,0.7422242760658264,0.7200555801391602,0.3070144057273865,5,1,0.0
data_069,1,0,0,0,0,0,0,0,0,0,0,0,0,0.9951679706573486,0.9951679706573486,0.0,0.7410861253738403,0.6726970672607422,0.7109812498092651,3,1,0.0
data_069,0,0,0,0,0,0,0,0,0,0,0,0,0,0.7515599131584167,0.9609638452529907,0.20940393209457397,0.823152482509613,0.6539211273193359,0.5427820086479187,2,1,0.0
data_069,0,0,0,0,0,0,0,0,0,0,0,0,0,0.03189874812960625,0.01619735173881054,-0.015701396390795708,0.8029724955558777,0.7508589029312134,0.317610502243042,5,1,0.0
data_069,0,0,0,0,0,0,0,0,0,0,0,0,0,0.9043833613395691,0.9114137291908264,0.007030367851257324,0.8979121446609497,0.8007126450538635,0.6281886696815491,3,1,0.0
data_069,0,0,0,0,0,0,0,0,0,0,0,0,0,0.9139695167541504,0.9139695167541504,0.0,0.8930538892745972,0.4701475203037262,0.5744128227233887,1,1,0.0
data_069,0,0,0,0,0,0,0,0,0,0,0,0,0,0.9619274735450745,0.9619274735450745,0.0,0.8006348013877869,0.7473754286766052,0.4054096341133117,5,1,0.0
data_069,0,0,0,0,0,0,0,0,0,0,0,0,0,0.9855899214744568,0.9855899214744568,0.0,0.8067010045051575,0.7029737234115601,0.5302640795707703,5,1,0.0
data_069,0,0,0,0,0,0,0,0,0,1,0,1,0,0.03435755893588066,0.022591402754187584,-0.011766156181693077,0.5342540740966797,0.6115707159042358,0.396645724773407,0,0,0.1666666666666666
data_069,0,0,0,0,0,0,0,0,0,0,0,0,0,0.3332725763320923,0.9700289964675903,0.636756420135498,0.7448195815086365,0.7497851848602295,0.315989226102829,4,1,0.1666666666666666
data_069,0,0,0,0,0,0,0,0,0,0,0,0,0,0.9277779459953308,0.9675206542015076,0.03974270820617676,0.6684308648109436,0.6764159202575684,0.3991647362709045,3,1,0.1666666666666666
data_069,0,0,0,0,0,0,0,0,0,0,0,0,0,0.47785744071006775,0.19612395763397217,-0.2817334830760956,0.7393743991851807,0.6778563857078552,0.5152620673179626,2,1,0.0
data_069,0,0,0,0,0,1,1,0,0,1,1,1,0,0.05935859680175781,0.9583748579025269,0.899016261100769,0.6014914512634277,0.7060033679008484,0.1892209202051162,1,0,0.3333333333333333
data_069,0,0,0,0,0,0,0,0,0,0,0,0,0,0.9741137623786926,0.9741137623786926,0.0,0.8687540292739868,0.6479053497314453,0.4452386200428009,1,1,0.0
data_069,0,0,0,0,0,1,1,0,0,1,1,1,0,0.018493372946977615,0.001576748094521463,-0.016916624852456152,0.7405441403388977,0.8096393346786499,0.3912828266620636,6,1,0.3333333333333333
data_069,0,0,0,0,0,0,0,0,0,0,0,0,0,0.9566659927368164,0.9566659927368164,0.0,0.6923845410346985,0.4824645221233368,0.6546909809112549,1,1,0.0
data_069,0,0,0,0,0,0,0,0,0,0,0,0,0,0.04968756437301636,0.04968756437301636,0.0,0.6548600792884827,0.541982114315033,0.7089043259620667,1,1,0.0
data_069,0,0,0,0,0,0,0,0,0,0,0,0,0,0.997117280960083,0.997117280960083,0.0,0.7736073732376099,0.7122880220413208,0.1135439872741699,6,1,0.0
data_069,0,0,0,0,0,0,0,0,0,0,0,0,0,0.9830259680747986,0.9830259680747986,0.0,0.5985226035118103,0.6235840916633606,0.7004002928733826,0,0,0.1666666666666666
data_070,0,0,0,0,0,0,0,0,0,0,0,0,0,0.005401481408625841,0.9085273146629333,0.9031258332543075,0.4089911580085754,0.7625308036804199,0.0,1,0,1.0
data_070,0,0,0,0,0,0,0,0,0,0,0,0,0,0.024874377995729446,0.9858690500259399,0.9609946720302105,0.1707045286893844,0.8788247108459473,0.0,4,0,1.0
data_070,0,0,0,0,0,0,0,0,0,1,0,0,0,0.001171547221019864,0.5021957755088806,0.5010242282878608,0.1852975338697433,0.6851644515991211,0.0,1,0,1.0
data_070,0,0,0,0,0,0,0,0,0,0,0,0,0,0.9968200922012329,0.9968200922012329,0.0,0.6534176468849182,0.6642009019851685,0.5055081844329834,2,1,0.1666666666666666
data_070,0,0,0,0,0,0,0,0,0,0,0,0,0,0.9516459703445435,0.9328970909118652,-0.018748879432678223,0.7071661353111267,0.6560494303703308,0.4029283225536346,2,1,0.0
data_070,0,0,0,0,0,0,0,0,0,1,0,0,0,0.809238612651825,0.27641814947128296,-0.532820463180542,0.6908596754074097,0.609455943107605,0.5008426308631897,1,1,0.0
data_070,0,0,0,0,0,0,0,0,0,1,1,0,0,0.995096743106842,0.995096743106842,0.0,0.699287474155426,0.6587421298027039,0.3122890889644623,2,1,0.0
data_070,0,0,0,0,0,0,0,0,0,1,0,0,0,0.4549129009246826,0.9806807637214661,0.5257678627967834,0.8492134809494019,0.7475544214248657,0.4352177381515503,2,1,0.0
data_070,0,0,0,0,0,0,0,0,0,0,0,0,0,0.5590190887451172,0.5590190887451172,0.0,0.9634320139884948,0.635083019733429,0.7182126641273499,1,1,0.0
data_070,0,0,0,0,0,0,0,0,0,1,1,1,0,0.34859564900398254,0.34859564900398254,0.0,0.6637986898422241,0.6588833928108215,0.3074744641780853,2,1,0.0
data_070,0,0,0,0,0,0,0,0,0,1,1,0,0,0.03152192756533623,0.9212708473205566,0.8897489197552204,0.7755230665206909,0.6828638911247253,0.5038807392120361,2,1,0.0
data_070,0,0,0,0,0,0,0,0,0,0,1,0,0,0.5504174828529358,0.9988855719566345,0.44846808910369873,0.6559990644454956,0.6945329904556274,0.1039399579167366,3,1,0.3333333333333333
data_070,0,0,0,0,0,0,0,0,0,1,0,0,0,0.831627607345581,0.831627607345581,0.0,0.6550536751747131,0.560966968536377,0.811825156211853,1,1,0.0
data_070,0,0,0,0,0,0,0,0,1,0,1,0,0,0.03608741983771324,0.4340430796146393,0.39795565977692604,0.807470977306366,0.7366316318511963,0.4228751361370086,2,1,0.0
data_070,0,0,0,0,0,0,0,0,0,0,1,1,0,0.03728638216853142,0.03728638216853142,0.0,0.8596963882446289,0.7219654321670532,0.6981269121170044,3,1,0.0
data_070,0,0,0,0,0,0,0,0,0,1,0,0,0,0.2799239754676819,0.18942414224147797,-0.09049983322620392,0.6910252571105957,0.659282922744751,0.3042823374271393,2,1,0.0
data_070,0,0,0,0,0,0,0,0,0,0,0,0,0,0.002139330841600895,0.002196981804445386,5.7650962844491005e-05,0.7635970711708069,0.6881808042526245,0.5144188404083252,2,1,0.0
data_070,0,0,0,0,0,0,0,0,0,0,0,0,0,0.679284393787384,0.679284393787384,0.0,0.6419013738632202,0.4809131026268005,0.5205621123313904,0,0,0.0
data_071,0,0,0,0,0,0,0,0,0,0,0,0,0,0.9914407730102539,0.9914407730102539,0.0,0.8117075562477112,0.6281915903091431,0.5321251153945923,1,1,0.0
data_071,0,0,0,0,0,0,0,0,0,0,0,0,0,0.6997341513633728,0.6997341513633728,0.0,0.8715898990631104,0.5739412903785706,0.4764763414859772,1,1,0.0
data_071,0,0,0,0,0,0,0,0,0,0,0,0,0,0.32456570863723755,0.056952837854623795,-0.26761287078261375,0.692280113697052,0.6860306859016418,0.2022698074579239,3,1,0.0
data_071,0,0,0,0,0,0,0,0,0,0,0,0,0,0.9781190156936646,0.9781190156936646,0.0,0.7996050715446472,0.6292656660079956,0.7134289741516113,1,1,0.0
data_071,0,0,0,0,0,0,0,0,0,1,0,0,0,0.04653311148285866,0.04653311148285866,0.0,0.6628759503364563,0.6656020283699036,0.4110358655452728,2,1,0.2
data_071,1,1,1,1,1,1,1,1,1,1,1,1,1,0.02132377400994301,0.009677727706730366,-0.011646046303212643,0.6737425327301025,0.7885792851448059,0.192622885107994,4,1,0.2
data_071,0,0,0,0,0,0,0,0,0,0,0,0,0,0.46220704913139343,0.46220704913139343,0.0,0.8292095065116882,0.5696766376495361,0.3404615819454193,1,1,0.0
data_071,0,0,0,0,0,1,0,0,0,1,0,0,0,0.1184135153889656,0.4750961363315582,0.3566826209425926,0.784614622592926,0.7173135876655579,0.4280994832515716,2,1,0.0
data_071,0,0,0,0,0,0,1,0,0,1,1,0,0,0.29948318004608154,0.014308005571365356,-0.2851751744747162,0.6405911445617676,0.622839093208313,0.3096802830696106,0,0,0.0
data_071,0,0,0,0,0,0,0,0,0,0,0,0,0,0.9024336338043213,0.9024336338043213,0.0,0.6669239401817322,0.5466412305831909,0.6117737889289856,1,1,0.0
data_071,0,0,0,0,0,0,0,0,0,1,0,0,0,0.8425737619400024,0.9008842706680298,0.058310508728027344,0.7757646441459656,0.6486805081367493,0.3275999724864959,1,1,0.0
data_071,0,0,0,0,0,0,0,0,0,0,0,0,0,0.9887386560440063,0.9887386560440063,0.0,0.6352584958076477,0.7293300032615662,0.298803299665451,1,0,0.2
data_071,0,0,0,0,0,0,0,0,0,1,1,1,0,0.004523050505667925,0.025156984105706215,0.02063393360003829,0.7041885256767273,0.6714434623718262,0.4047810733318329,3,1,0.0
data_071,0,0,0,0,0,0,1,0,0,0,1,0,0,0.9472506046295166,0.9472506046295166,0.0,0.8380849361419678,0.7856066823005676,0.6014062762260437,3,1,0.0
data_071,0,0,0,0,0,1,0,0,0,1,1,1,0,0.0048748767003417015,0.008149424567818642,0.00327454786747694,0.764775812625885,0.6704868078231812,0.5024173855781555,3,1,0.0
data_071,0,0,0,0,0,1,0,0,0,1,1,0,0,0.009106075391173363,0.03705226257443428,0.027946187183260918,0.6964128613471985,0.7558148503303528,0.5934427976608276,2,1,0.2
data_072,0,0,0,0,0,0,0,0,0,0,0,0,0,0.021956486627459526,0.00673412811011076,-0.015222358517348766,0.8159148097038269,0.692527711391449,0.2161577641963958,6,1,0.0
data_072,0,0,0,0,0,1,0,0,0,0,1,0,0,0.9991059899330139,0.9991059899330139,0.0,0.8458797931671143,0.8390502333641052,0.2052887231111526,9,1,0.0
data_072,0,0,0,0,0,0,0,0,0,0,0,0,0,0.989513099193573,0.989513099193573,0.0,0.8327605724334717,0.6456753611564636,0.2362848371267318,1,1,0.0
data_072,0,0,0,0,0,1,1,0,0,0,1,0,0,0.024806560948491096,0.024806560948491096,0.0,0.712855339050293,0.5408360362052917,0.3338234424591064,1,1,0.0
data_072,0,0,0,0,0,0,0,0,0,0,0,0,0,0.9923700094223022,0.9923700094223022,0.0,0.8952888250350952,0.7927759289741516,0.4336016178131103,2,1,0.0
data_072,0,0,0,0,0,0,0,0,0,0,0,0,0,0.02913656085729599,0.9616422057151794,0.9325056448578835,0.7968113422393799,0.8399033546447754,0.108388565480709,8,1,0.0833333333333333
data_072,0,0,0,0,0,1,1,0,0,1,1,1,1,0.13804207742214203,0.13804207742214203,0.0,0.6581693887710571,0.5095173716545105,0.5357378125190735,1,1,0.0
data_072,0,0,0,0,0,0,0,0,0,0,0,0,0,0.7191464304924011,0.7191464304924011,0.0,0.838742196559906,0.7293554544448853,0.4094280004501343,5,1,0.0
data_072,0,0,0,0,0,0,0,0,0,0,0,0,0,0.3800489008426666,0.3800489008426666,0.0,0.7953212261199951,0.7835505604743958,0.3981466591358185,9,1,0.0
data_072,0,0,0,0,0,0,0,0,0,0,0,0,0,0.9825313687324524,0.9825313687324524,0.0,0.7980294227600098,0.6562389731407166,0.6241227984428406,2,1,0.0
data_072,0,0,0,0,0,0,0,0,0,0,0,0,0,0.006158654578030109,0.006158654578030109,0.0,0.8390748500823975,0.8306177258491516,0.4075371623039245,12,1,0.0
data_072,0,0,0,0,0,0,0,0,0,0,0,0,0,0.37356850504875183,0.504127025604248,0.13055852055549622,0.6516559720039368,0.6442932486534119,0.2039260864257812,1,1,0.0
data_072,0,0,0,0,0,0,0,0,0,0,0,0,0,0.9940752983093262,0.9940752983093262,0.0,0.7582901120185852,0.7360550165176392,0.2117017656564712,2,1,0.0
data_072,0,0,0,0,0,0,1,0,0,1,1,0,0,0.9734106659889221,0.45507127046585083,-0.5183393955230713,0.6711866855621338,0.5691657662391663,0.3262364268302917,1,1,0.0
data_072,0,0,0,0,0,0,0,0,0,0,0,0,0,0.8339159488677979,0.8339159488677979,0.0,0.9636520743370056,0.8475340008735657,0.3128495812416076,11,1,0.0
data_072,0,0,0,0,0,0,0,0,0,0,0,0,0,0.989434540271759,0.989434540271759,0.0,0.7756617069244385,0.7340392470359802,0.6072818636894226,6,1,0.0
data_072,0,0,0,0,0,0,0,0,0,0,0,0,0,0.9081933498382568,0.9081933498382568,0.0,0.7564544081687927,0.6609876751899719,0.6175259351730347,2,1,0.0
data_072,0,0,0,0,0,0,0,0,0,0,0,0,0,0.42434054613113403,0.42434054613113403,0.0,0.8018501996994019,0.5507407784461975,0.1463849991559982,1,1,0.0
data_072,0,0,0,0,0,0,0,0,0,0,0,0,0,0.9925835132598877,0.9925835132598877,0.0,0.8824061751365662,0.7053234577178955,0.1296284645795822,4,1,0.0
data_072,0,0,0,0,0,0,0,0,0,0,0,0,0,0.9974979758262634,0.9974979758262634,0.0,0.7327264547348022,0.6336525082588196,0.4194171130657196,1,1,0.0
data_073,1,0,0,0,0,1,0,1,0,1,1,1,0,0.9655516147613525,0.9655516147613525,0.0,0.7382579445838928,0.8123398423194885,0.3191097676753998,3,1,0.125
data_073,0,0,0,0,0,0,0,0,0,1,0,0,0,0.016042476519942284,0.016042476519942284,0.0,0.7800639271736145,0.7659659385681152,0.6999149918556213,5,1,0.0
data_073,0,0,0,0,0,0,0,0,0,1,0,0,0,0.12441928684711456,0.12441928684711456,0.0,0.6749078631401062,0.6349310874938965,0.5113124251365662,1,1,0.0
data_073,0,0,0,0,0,0,1,0,0,1,1,0,0,0.9752814173698425,0.9752814173698425,0.0,0.5884296894073486,0.6897068023681641,0.3156878650188446,1,0,0.125
data_073,0,0,0,0,0,0,0,0,0,1,0,0,0,0.9721959233283997,0.9721959233283997,0.0,0.8412519693374634,0.7073239088058472,0.3167990744113922,2,1,0.0
data_073,0,0,0,0,0,1,0,0,0,1,0,0,0,0.0008407752029597759,0.010923841968178749,0.010083066765218973,0.7061414122581482,0.7345114946365356,0.1015064418315887,5,1,0.25
data_073,0,0,0,0,0,0,0,0,0,1,0,0,0,0.9437810182571411,0.9752814173698425,0.031500399112701416,0.4207528233528137,0.6897068023681641,0.0842211544513702,1,0,0.375
data_073,0,0,0,0,0,0,0,0,0,0,0,0,0,0.27798745036125183,0.27798745036125183,0.0,0.8073530793190002,0.7881087064743042,0.31100794672966,7,1,0.0
data_073,0,0,0,0,0,0,0,0,0,0,0,0,0,0.9702206254005432,0.9702206254005432,0.0,0.8332198262214661,0.7190483808517456,0.6081622838973999,4,1,0.0
data_073,0,0,0,0,0,0,0,0,0,0,0,0,0,0.7914550304412842,0.7914550304412842,0.0,0.8239220380783081,0.7647712826728821,0.6046032905578613,5,1,0.0
data_073,0,0,0,0,0,0,1,0,0,1,0,0,0,0.15757961571216583,0.15757961571216583,0.0,0.7681044936180115,0.6558623909950256,0.7155381441116333,2,1,0.0
data_073,0,0,0,0,0,0,0,0,0,0,0,0,0,0.8210391402244568,0.9953893423080444,0.17435020208358765,0.7025642395019531,0.6731482148170471,0.2121039628982544,2,1,0.0
data_073,0,0,0,0,0,0,0,0,0,0,0,0,0,0.9595703482627869,0.9709349274635315,0.011364579200744629,0.8128852248191833,0.7658159136772156,0.1108484268188476,7,1,0.0
data_073,0,0,0,0,0,0,0,0,0,1,1,0,0,0.08227194100618362,0.9039866328239441,0.8217146918177605,0.6864636540412903,0.7153326869010925,0.199246659874916,5,1,0.125
data_073,0,0,0,0,0,0,0,0,0,0,0,0,0,0.08111327141523361,0.09493822604417801,0.013824954628944397,0.6849956512451172,0.7661935687065125,0.0,9,1,0.75
data_073,0,0,0,0,0,1,1,0,0,1,1,1,0,0.6014926433563232,0.37378165125846863,-0.22771099209785461,0.6724367737770081,0.774200439453125,0.3902982175350189,6,1,0.5
data_073,0,0,0,0,0,1,0,0,0,1,0,0,0,0.9582933783531189,0.2588861286640167,-0.6994072496891022,0.7098714709281921,0.7321925759315491,0.3967242836952209,6,1,0.25
data_073,0,0,0,0,0,0,0,0,0,0,0,0,0,0.008231337182223797,0.008231337182223797,0.0,0.8176664113998413,0.7355116605758667,0.419101744890213,7,1,0.0
data_073,0,0,0,0,0,0,0,0,0,0,0,0,0,0.9780174493789673,0.9780174493789673,0.0,0.8299043774604797,0.7551719546318054,0.1200142726302146,4,1,0.0
data_073,0,0,0,0,0,0,0,0,0,1,0,1,0,0.605045735836029,0.9527776837348938,0.34773194789886475,0.7412360310554504,0.7285717725753784,0.1076201051473617,6,1,0.0
data_073,1,0,0,0,0,1,0,0,0,0,0,0,0,0.2970487177371979,0.9274511337280273,0.6304024159908295,0.5316266417503357,0.7143135070800781,0.2723924815654754,1,0,0.25
data_074,0,0,0,0,0,0,0,0,0,0,0,0,0,0.5965564846992493,0.7983840703964233,0.20182758569717407,0.5892877578735352,0.6116544604301453,0.1988642215728759,0,0,0.0833333333333333
data_074,0,0,0,0,0,0,0,0,0,0,0,0,0,0.05363302305340767,0.05363302305340767,0.0,0.6317733526229858,0.6682826280593872,0.2093292623758316,1,0,0.0833333333333333
data_074,0,0,0,0,0,0,0,0,0,0,0,0,0,0.9869580864906311,0.9869580864906311,0.0,0.8082040548324585,0.6975440979003906,0.5333367586135864,2,1,0.0
data_074,0,0,0,0,0,0,0,0,0,1,0,0,0,0.9896966218948364,0.9896966218948364,0.0,0.6866216659545898,0.5783072113990784,0.4191235899925232,1,1,0.0
data_074,0,0,0,0,0,0,0,0,0,0,0,0,0,0.9878902435302734,0.9878902435302734,0.0,0.7100597620010376,0.7143056988716125,0.2055501788854599,7,1,0.0833333333333333
data_074,0,0,0,0,0,1,1,0,0,1,1,0,0,0.9519968628883362,0.9519968628883362,0.0,0.8821684122085571,0.7840946912765503,0.3199374377727508,11,1,0.0
data_074,0,0,0,0,0,0,0,0,0,0,0,0,0,0.9743145704269409,0.8476346731185913,-0.1266798973083496,0.7630223035812378,0.7874420285224915,0.2954184710979461,9,1,0.1666666666666666
data_074,0,0,0,0,0,0,1,0,0,1,1,0,0,0.9607028961181641,0.9607028961181641,0.0,0.8657199740409851,0.7988080978393555,0.1398760080337524,3,1,0.0
data_074,0,0,0,0,0,0,0,0,0,0,0,0,0,0.22824779152870178,0.4341777265071869,0.2059299349784851,0.6362120509147644,0.6845337152481079,0.2948770523071289,2,0,0.1666666666666666
data_074,0,0,0,0,0,0,0,0,0,0,0,0,0,0.6377745866775513,0.6377745866775513,0.0,0.89490807056427,0.6749842166900635,0.3331204652786255,4,1,0.0
data_074,0,0,0,0,0,0,0,0,0,0,0,0,0,0.9981417655944824,0.9986602067947388,0.0005184412002563477,0.8167620301246643,0.7215574383735657,0.4267401099205017,2,1,0.0
data_074,0,0,0,0,0,0,0,0,0,0,0,0,0,0.7208956480026245,0.7013395428657532,-0.019556105136871338,0.8248324394226074,0.6396088004112244,0.526936948299408,1,1,0.0
data_074,0,0,0,0,0,0,0,0,0,0,0,0,0,0.999091625213623,0.999091625213623,0.0,0.8443424701690674,0.5890610218048096,0.9136573076248168,1,1,0.0
data_074,0,0,0,0,0,0,0,0,0,0,0,0,0,0.9971427321434021,0.9971427321434021,0.0,0.8722832798957825,0.6895530223846436,0.5317548513412476,4,1,0.0
data_074,0,0,0,0,0,0,0,0,0,0,0,0,0,0.9902005791664124,0.9902005791664124,0.0,0.7438263297080994,0.597684919834137,0.3338888585567474,1,1,0.0
data_074,0,0,0,0,0,0,0,0,0,0,0,0,0,0.9931336641311646,0.9931336641311646,0.0,0.93254417181015,0.764796257019043,0.4187695384025574,9,1,0.0
data_074,0,0,0,0,0,0,0,0,0,0,0,0,0,0.9385000467300415,0.9385000467300415,0.0,0.8354767560958862,0.7835196852684021,0.4072041809558868,8,1,0.0
data_074,0,0,0,0,0,0,0,0,0,0,0,0,0,0.9315499067306519,0.9635821580886841,0.03203225135803223,0.6818409562110901,0.6851900219917297,0.2097876667976379,2,1,0.0833333333333333
data_074,0,0,0,0,0,0,0,0,0,0,0,0,0,0.9964284300804138,0.9964284300804138,0.0,0.8433244228363037,0.7069424390792847,0.3284496068954468,3,1,0.0
data_074,0,0,0,0,0,0,0,0,0,1,0,0,0,0.8864664435386658,0.33734023571014404,-0.5491262078285217,0.8107917904853821,0.8002182245254517,0.4113674461841583,5,1,0.0
data_074,0,0,0,0,0,0,0,0,0,0,0,0,0,0.9945960640907288,0.9945960640907288,0.0,0.7526005506515503,0.5214352011680603,0.6490576863288879,1,1,0.0
data_074,0,0,0,0,0,0,0,0,0,1,0,0,0,0.9720574617385864,0.9643715620040894,-0.00768589973449707,0.7351521849632263,0.7529077529907227,0.1043809577822685,7,1,0.25
data_074,0,0,0,0,0,0,0,0,0,0,0,0,0,0.9794788956642151,0.9794788956642151,0.0,0.759580135345459,0.6295942664146423,0.5319911241531372,1,1,0.0
data_074,0,0,0,0,0,0,0,0,0,0,0,0,0,0.9843011498451233,0.8856416344642639,-0.09865951538085938,0.6044922471046448,0.6213768124580383,0.3974963426589966,0,0,0.1666666666666666
data_074,0,0,0,0,0,0,0,0,0,1,0,0,0,0.8881602883338928,0.6960684657096863,-0.19209182262420654,0.6467617154121399,0.8740502595901489,0.1963801831007003,3,0,0.25
data_075,0,0,0,0,0,0,0,0,0,0,0,0,0,0.16459769010543823,0.16459769010543823,0.0,0.7830777168273926,0.7427269220352173,0.4129921197891235,12,1,0.0
data_075,0,0,0,0,0,0,0,0,0,1,0,0,0,0.11518622189760208,0.500714123249054,0.3855279013514519,0.7197641730308533,0.7271871566772461,0.3072887063026428,5,1,0.0714285714285714
data_075,0,0,0,0,0,0,0,0,0,0,1,0,0,0.274789959192276,0.8810539245605469,0.6062639653682709,0.7514289021492004,0.7799588441848755,0.4928549528121948,8,1,0.0714285714285714
data_075,0,0,0,0,0,0,0,0,0,0,0,0,0,0.9442685842514038,0.9442685842514038,0.0,0.7875328660011292,0.6909921765327454,0.3194470405578613,5,1,0.0
data_075,0,0,0,0,0,0,0,0,0,0,0,0,0,0.9984580278396606,0.9984580278396606,0.0,0.8995428085327148,0.762473464012146,0.2193462997674942,9,1,0.0
data_075,0,0,0,0,0,0,1,0,0,1,1,1,0,0.12889716029167175,0.035247839987277985,-0.09364932030439377,0.6423628926277161,0.669792890548706,0.30466428399086,1,0,0.0714285714285714
data_075,0,0,0,0,0,1,0,0,0,1,0,0,0,0.4566279351711273,0.8951733708381653,0.43854543566703796,0.7508549690246582,0.7626772522926331,0.297510951757431,11,1,0.0714285714285714
data_075,0,0,0,0,0,0,0,0,0,0,0,0,0,0.6284880042076111,0.6249649524688721,-0.0035230517387390137,0.7702595591545105,0.6975477933883667,0.336031436920166,2,1,0.0
data_075,0,0,0,0,0,0,0,0,0,1,0,0,0,0.2310350090265274,0.2310350090265274,0.0,0.821056067943573,0.6922616362571716,0.6201942563056946,2,1,0.0
data_075,0,0,0,0,0,0,0,0,0,0,0,0,0,0.32211530208587646,0.17016832530498505,-0.15194697678089142,0.8089317083358765,0.8074280023574829,0.1100267171859741,11,1,0.0
data_075,0,0,0,0,0,0,0,0,0,0,0,0,0,0.8646773099899292,0.19729109108448029,-0.6673862189054489,0.7380619049072266,0.6595216393470764,0.3164840042591095,4,1,0.0
data_075,0,0,0,0,0,0,0,0,0,0,0,0,0,0.7185554504394531,0.7963519096374512,0.07779645919799805,0.6869749426841736,0.8191578388214111,0.0968605428934097,7,1,0.1428571428571428
data_075,0,0,0,0,0,0,0,0,0,0,0,0,0,0.024222640320658684,0.024222640320658684,0.0,0.7648450136184692,0.6051279306411743,0.4376184940338135,1,1,0.0
data_075,0,0,0,0,0,0,0,0,0,1,0,0,0,0.6252528429031372,0.6252528429031372,0.0,0.7272759675979614,0.6786453127861023,0.3078593313694,5,1,0.0
data_075,0,0,0,0,0,0,0,0,0,0,0,0,0,0.6350590586662292,0.9570786952972412,0.32201963663101196,0.6839230060577393,0.8101869821548462,0.3884665369987488,9,1,0.4285714285714285
data_075,0,0,0,0,0,0,1,1,0,1,1,1,0,0.027889765799045563,0.8047622442245483,0.7768724784255028,0.6827870607376099,0.7495517730712891,0.0,8,1,0.4285714285714285
data_075,0,0,0,0,0,0,0,0,0,0,0,0,0,0.013025863096117973,0.006550190970301628,-0.006475672125816345,0.5167005658149719,0.6080578565597534,0.0,0,0,0.3571428571428571
data_075,0,0,0,0,0,0,0,1,0,1,0,1,0,0.013868355192244053,0.022931130602955818,0.009062775410711765,0.6386013627052307,0.6953546404838562,0.0967745557427406,5,0,0.3571428571428571
data_075,0,0,0,0,0,0,0,0,0,0,0,0,0,0.4436943531036377,0.4436943531036377,0.0,0.6917779445648193,0.6797088384628296,0.41028693318367,2,1,0.0
data_075,0,0,0,0,0,0,0,0,0,0,0,0,0,0.13631653785705566,0.8926090598106384,0.7562925219535828,0.7043952345848083,0.7228099703788757,0.2971400618553161,2,1,0.0714285714285714
data_075,0,0,0,0,0,0,0,0,0,1,1,0,0,0.0724620670080185,0.8124576210975647,0.7399955540895462,0.7058326601982117,0.6965513229370117,0.4043848216533661,2,1,0.0
data_075,0,0,0,0,0,0,0,0,0,1,0,0,0,0.8595972061157227,0.5869489908218384,-0.2726482152938843,0.7169538736343384,0.7455911636352539,0.1019004881381988,8,1,0.0714285714285714
data_075,0,0,0,0,0,0,0,0,0,0,0,0,0,0.8993882536888123,0.8993882536888123,0.0,0.5819649696350098,0.5909780859947205,0.1028530076146125,0,0,0.1428571428571428
data_075,1,1,0,0,0,1,1,0,0,1,1,1,0,0.3841433525085449,0.3841433525085449,0.0,0.769829273223877,0.5647361874580383,0.5788059830665588,1,1,0.0
data_075,0,0,0,0,0,0,0,0,0,0,0,0,0,0.013992762193083763,0.013992762193083763,0.0,0.7300673127174377,0.7174462676048279,0.404755175113678,3,1,0.0
data_075,0,0,0,0,0,0,0,0,0,0,0,0,0,0.967657208442688,0.967657208442688,0.0,0.6635198593139648,0.7482784390449524,0.3948619067668915,3,1,0.1428571428571428
data_075,0,0,0,0,0,0,0,0,0,0,0,0,0,0.901905357837677,0.901905357837677,0.0,0.7951858639717102,0.7619785666465759,0.2139835506677627,7,1,0.0
data_075,0,0,0,0,0,0,0,0,0,0,0,0,0,0.7023555040359497,0.7023555040359497,0.0,0.6940393447875977,0.6072096228599548,0.612971842288971,1,1,0.0
data_075,0,0,0,0,0,0,0,0,0,0,0,0,0,0.14215585589408875,0.9455404281616211,0.8033845722675323,0.6075246334075928,0.66810142993927,0.2892011702060699,1,0,0.3571428571428571
data_076,0,0,0,0,0,0,0,0,0,0,0,0,0,0.9844059944152832,0.5806041359901428,-0.4038018584251404,0.8149086236953735,0.7588357925415039,0.3156968355178833,6,1,0.0
data_076,0,0,0,0,0,0,0,0,0,0,0,0,0,0.9247321486473083,0.9248361587524414,0.00010401010513305664,0.7921255230903625,0.7308061122894287,0.1164931282401084,4,1,0.0
data_076,0,0,0,0,0,0,0,0,0,0,0,0,0,0.4786694049835205,0.9921431541442871,0.5134737491607666,0.7594788670539856,0.6854745745658875,0.1210696399211883,2,1,0.0
data_076,0,0,0,0,0,0,0,0,0,0,0,0,0,0.9913783073425293,0.9913783073425293,0.0,0.7237440943717957,0.6889533996582031,0.5153396725654602,3,1,0.0
data_076,0,0,0,0,0,0,0,0,0,0,0,0,0,0.8427035212516785,0.8427035212516785,0.0,0.7417767643928528,0.6955126523971558,0.5041592717170715,2,1,0.0
data_076,0,0,0,0,0,0,0,0,0,1,0,0,0,0.9551927447319031,0.9551927447319031,0.0,0.7190059423446655,0.772241473197937,0.2065380960702896,5,1,0.0769230769230769
data_076,0,0,0,0,0,0,0,0,0,0,0,0,0,0.710581362247467,0.710581362247467,0.0,0.67112135887146,0.6723883748054504,0.2087981402873993,3,1,0.0769230769230769
data_076,0,0,0,0,0,0,0,0,0,1,1,0,0,0.9976717829704285,0.9976717829704285,0.0,0.7519806027412415,0.7129725813865662,0.319877952337265,6,1,0.0
data_076,0,0,0,0,0,0,0,0,0,0,0,0,0,0.7794198393821716,0.9647296667098999,0.18530982732772827,0.7527000308036804,0.6115027070045471,0.2270161509513855,1,1,0.0
data_076,0,0,0,0,0,0,0,0,0,1,1,0,0,0.5011968612670898,0.5011968612670898,0.0,0.6665535569190979,0.6985056400299072,0.3045941293239593,3,1,0.1538461538461538
data_076,0,0,0,0,0,0,0,0,0,1,1,0,0,0.9980771541595459,0.9980771541595459,0.0,0.8104020357131958,0.6430059671401978,0.328265517950058,1,1,0.0
data_076,0,0,0,0,0,0,0,0,0,0,0,0,0,0.9943063855171204,0.9819351434707642,-0.012371242046356201,0.7737608551979065,0.7470836043357849,0.1136939600110054,4,1,0.0
data_076,0,0,0,0,0,0,0,0,0,1,1,0,0,0.22923356294631958,0.22923356294631958,0.0,0.8149456977844238,0.609471321105957,0.4516017138957977,1,1,0.0
data_076,0,0,0,0,0,0,0,0,0,0,1,0,0,0.6721041798591614,0.4438454508781433,-0.22825872898101807,0.4667825400829315,0.5947816371917725,0.0,0,0,0.4615384615384615
data_076,0,0,0,0,0,0,0,0,0,0,1,0,0,0.3934424817562103,0.023189598694443703,-0.3702528830617666,0.5418499112129211,0.6129250526428223,0.0,0,0,0.6153846153846154
data_076,0,0,0,0,0,0,0,0,0,1,0,0,0,0.04873630031943321,0.7355703115463257,0.6868340112268925,0.7456015348434448,0.7474937438964844,0.3028169274330139,6,1,0.0769230769230769
data_076,0,0,0,0,0,0,0,0,0,0,0,0,0,0.9984527826309204,0.9984527826309204,0.0,0.7322924733161926,0.7401730418205261,0.1187768802046775,2,1,0.0769230769230769
data_076,0,0,0,0,0,1,0,0,0,1,0,0,0,0.8725519776344299,0.8725519776344299,0.0,0.6894091367721558,0.7578155398368835,0.3000600337982178,3,1,0.0769230769230769
data_076,0,0,0,0,0,0,0,0,0,1,0,0,0,0.9106717109680176,0.9066592454910278,-0.004012465476989746,0.8176628947257996,0.8223903775215149,0.3996520638465881,8,1,0.0769230769230769
data_077,0,0,0,0,0,0,0,0,0,0,0,0,0,0.9555273652076721,0.9979267120361328,0.04239934682846069,0.7543823719024658,0.8390224575996399,0.096179760992527,4,1,0.6666666666666666
data_077,0,0,0,0,0,0,0,0,0,1,0,0,0,0.018290512263774872,0.056461285799741745,0.03817077353596687,0.6690484881401062,0.732549250125885,0.194639191031456,2,1,0.3333333333333333
data_077,0,0,0,0,0,0,0,0,0,0,0,0,0,0.7615198493003845,0.7615198493003845,0.0,0.8753151297569275,0.7154216170310974,0.5130703449249268,3,1,0.0
data_077,0,0,0,0,0,0,0,0,0,0,0,0,0,0.48910632729530334,0.48910632729530334,0.0,0.7074025273323059,0.6444289684295654,0.5080420970916748,1,1,0.0
data_077,0,0,0,0,0,0,0,0,0,0,0,0,0,0.6065201759338379,0.8242017030715942,0.21768152713775635,0.8315456509590149,0.7495919466018677,0.4093835651874542,4,1,0.0
data_077,1,0,0,0,0,0,0,0,0,0,0,0,0,0.08668512850999832,0.008696922101080418,-0.0779882064089179,0.6671338677406311,0.7209804654121399,0.2925533652305603,2,1,0.3333333333333333
data_077,0,0,0,0,0,0,0,0,0,0,0,0,0,0.9981789588928223,0.9981789588928223,0.0,0.8104257583618164,0.6839715838432312,0.5167891383171082,2,1,0.0
data_077,0,0,0,0,0,0,0,0,0,0,0,0,0,0.7068965435028076,0.769588828086853,0.06269228458404541,0.7749316692352295,0.6784801483154297,0.4235755801200866,2,1,0.0
data_077,0,0,0,0,0,0,0,0,0,0,1,0,0,0.6339178085327148,0.6339178085327148,0.0,0.702172577381134,0.6269813179969788,0.7133217453956604,1,1,0.0
data_077,0,0,0,0,0,0,0,0,0,0,0,0,0,0.11152902245521545,0.0498477928340435,-0.06168122962117195,0.8229947686195374,0.589343786239624,0.5298710465431213,1,1,0.0
data_077,0,0,0,0,0,0,0,0,0,0,0,0,0,0.9548655152320862,0.9858432412147522,0.030977725982666016,0.6321749687194824,0.6875550746917725,0.0967711582779884,3,0,1.0
data_077,0,0,0,0,0,0,0,0,0,0,0,0,0,0.9765636920928955,0.9959410429000854,0.01937735080718994,0.5946300625801086,0.6964430809020996,0.0,2,0,1.0
data_077,0,0,0,0,0,0,0,0,0,0,0,0,0,0.03978673368692398,0.03978673368692398,0.0,0.8021815419197083,0.6827823519706726,0.1209555193781852,2,1,0.0
data_077,0,0,0,0,0,0,0,0,0,1,0,1,0,0.9481029510498047,0.4255550801753998,-0.5225478708744049,0.7035927772521973,0.8004075884819031,0.0936149731278419,4,1,0.6666666666666666
data_077,0,0,0,0,0,1,1,1,0,1,1,0,0,0.989368736743927,0.989368736743927,0.0,0.71349036693573,0.7045742869377136,0.3129501938819885,2,1,0.0
data_078,0,0,0,0,0,0,0,0,0,0,0,0,0,0.0022040437906980515,0.8920074105262756,0.8898033667355776,0.1373656690120697,0.7130292654037476,0.0,2,0,1.0
data_078,0,0,0,0,0,0,0,0,0,0,0,0,0,0.0010968440910801291,0.0009296716889366508,-0.0001671724021434784,0.0204925742000341,0.7893664836883545,0.0,1,0,1.0
data_078,0,0,0,0,0,0,0,0,0,0,0,0,0,0.0626707598567009,0.669110894203186,0.6064401343464851,0.2260978072881698,0.7230562567710876,0.0,2,0,1.0
data_078,0,0,0,0,0,0,0,0,0,0,0,0,0,0.2753469944000244,0.8919302821159363,0.6165832877159119,0.6423314213752747,0.6786047220230103,0.502371072769165,1,0,0.1666666666666666
data_078,0,0,0,0,0,0,0,0,0,1,0,0,0,0.003983271773904562,0.003983271773904562,0.0,0.8659694194793701,0.4670152962207794,0.556027352809906,1,1,0.0
data_078,1,1,1,0,1,1,1,1,1,1,1,1,1,0.003928577993065119,0.0002730682317633182,-0.0036555097613018006,0.6790030598640442,0.6560372710227966,0.2221768051385879,2,1,0.0
data_078,0,0,0,0,0,0,0,0,0,0,0,0,0,0.031523969024419785,0.031523969024419785,0.0,0.7148674726486206,0.8050563931465149,0.4884768426418304,3,1,0.1666666666666666
data_078,0,0,1,0,0,1,0,0,0,1,1,1,0,0.021202564239501953,0.021202564239501953,0.0,0.7536926865577698,0.6925826668739319,0.5094445943832397,3,1,0.0
data_078,0,0,1,0,1,0,1,1,1,1,1,1,1,0.0519404374063015,0.0136812012642622,-0.0382592361420393,0.673842191696167,0.6287818551063538,0.208088144659996,1,1,0.0
data_078,0,0,0,0,0,0,0,0,0,0,0,0,0,0.35694625973701477,0.35694625973701477,0.0,0.7151084542274475,0.5863062143325806,0.3430751860141754,1,1,0.0
data_078,0,0,0,0,0,0,1,0,0,1,1,0,0,0.018588751554489136,0.018588751554489136,0.0,0.7032808065414429,0.6868640184402466,0.6099146604537964,2,1,0.0
data_078,0,1,1,1,1,1,1,1,1,1,1,1,1,0.014027672819793224,0.014027672819793224,0.0,0.7018960118293762,0.6605919003486633,0.8078234195709229,2,1,0.0
data_078,0,0,0,0,0,0,0,0,0,0,0,0,0,0.005452123936265707,0.03524002805352211,0.029787904117256403,0.5884987711906433,0.5916903018951416,0.3099488019943237,0,0,0.1666666666666666
data_078,1,0,1,0,0,0,1,1,0,1,1,1,0,0.008478398434817791,0.008478398434817791,0.0,0.787450909614563,0.6343477964401245,0.6069103479385376,1,1,0.0
data_078,0,0,0,0,0,0,1,0,0,1,1,1,0,0.26511701941490173,0.26511701941490173,0.0,0.5200899243354797,0.6120525598526001,0.4881144762039184,0,0,0.1666666666666666
data_079,1,0,0,0,0,1,1,0,0,1,1,1,0,0.7660374641418457,0.7660374641418457,0.0,0.7760939598083496,0.7438122034072876,0.207520380616188,6,1,0.0
data_079,0,0,0,0,0,1,0,0,0,1,0,0,0,0.9642025828361511,0.9642025828361511,0.0,0.6981752514839172,0.6958900690078735,0.202266052365303,5,1,0.0
data_079,0,0,0,0,0,0,0,0,0,0,0,0,0,0.9586539268493652,0.9974966645240784,0.038842737674713135,0.8041020631790161,0.7689082622528076,0.2067650556564331,12,1,0.0
data_079,0,0,0,0,0,0,0,0,0,0,0,0,0,0.3576090633869171,0.736757755279541,0.3791486918926239,0.8233799338340759,0.6760404706001282,0.2199896275997162,4,1,0.0
data_079,0,0,0,0,0,0,0,0,0,1,0,0,0,0.15446604788303375,0.15446604788303375,0.0,0.6972953677177429,0.7083997130393982,0.3098630011081695,3,1,0.05
data_079,0,0,0,0,0,0,0,0,0,0,0,0,0,0.03924243524670601,0.2413894087076187,0.2021469734609127,0.7524107694625854,0.746753454208374,0.2028944343328476,13,1,0.0
data_079,0,0,0,0,0,0,0,0,0,0,0,0,0,0.008401023223996162,0.003034270601347089,-0.005366752622649074,0.8726299405097961,0.768669605255127,0.1217967867851257,10,1,0.0
data_079,0,0,0,1,0,1,1,0,1,1,1,0,1,0.5994815230369568,0.1286603957414627,-0.4708211272954941,0.7474716305732727,0.7713834047317505,0.1027583107352256,12,1,0.1
data_079,0,0,0,0,0,0,0,0,0,0,0,1,0,0.9357234239578247,0.04562222957611084,-0.8901011943817139,0.7206262946128845,0.706096351146698,0.2072188407182693,9,1,0.0
data_079,0,0,0,0,0,0,0,0,0,0,0,0,0,0.11574657261371613,0.24437113106250763,0.1286245584487915,0.8530359268188477,0.6859028935432434,0.3287645876407623,2,1,0.0
data_079,0,0,0,0,0,1,0,0,0,1,0,0,0,0.21854721009731293,0.9757881760597229,0.75724096596241,0.6180142760276794,0.7201535105705261,0.0,12,0,0.75
data_079,0,0,0,0,0,0,0,0,0,0,1,0,0,0.6763100028038025,0.107854925096035,-0.5684550777077675,0.6436415314674377,0.7469469308853149,0.0,12,0,0.6
data_079,0,0,0,0,0,0,0,0,0,1,0,0,0,0.7929416298866272,0.566475510597229,-0.2264661192893982,0.7763823866844177,0.7433658838272095,0.2189986258745193,4,1,0.0
data_079,0,0,0,0,0,0,0,0,0,0,0,0,0,0.993594229221344,0.993594229221344,0.0,0.7903226017951965,0.7617748379707336,0.2188258022069931,5,1,0.0
data_079,0,0,0,0,0,0,0,0,0,0,0,0,0,0.2214200645685196,0.7340937256813049,0.5126736611127853,0.7599553465843201,0.7068556547164917,0.3402841985225677,2,1,0.0
data_079,0,0,0,0,0,1,0,0,0,1,0,0,0,0.5666841864585876,0.2575651705265045,-0.30911901593208313,0.703201413154602,0.7398714423179626,0.1967820078134536,10,1,0.15
data_080,0,0,0,0,0,0,0,0,0,0,1,1,0,0.5054421424865723,0.7599815726280212,0.254539430141449,0.7086760997772217,0.7920913100242615,0.0981230959296226,9,1,0.4
data_080,1,0,1,0,0,1,1,0,0,1,1,1,0,0.00935222115367651,0.004796355497092009,-0.004555865656584501,0.674465537071228,0.7428406476974487,0.1986242681741714,5,1,0.2
data_080,0,0,0,0,0,0,0,0,0,0,0,0,0,0.020052021369338036,0.020052021369338036,0.0,0.780804455280304,0.6727056503295898,0.3156705498695373,3,1,0.0
data_080,0,0,0,0,0,0,0,0,0,0,0,0,0,0.038358911871910095,0.038358911871910095,0.0,0.7607002258300781,0.6533470153808594,0.217822253704071,3,1,0.0
data_080,1,0,0,0,0,0,0,0,0,0,0,0,0,0.3693949282169342,0.23513178527355194,-0.13426314294338226,0.7095528244972229,0.7538994550704956,0.1011594459414482,11,1,0.1333333333333333
data_080,0,0,0,0,0,0,0,0,0,1,0,0,0,0.8542042970657349,0.011128595098853111,-0.8430757019668818,0.8168885111808777,0.717731773853302,0.3219557404518127,6,1,0.0
data_080,0,0,0,0,0,0,0,0,0,0,0,0,0,0.44468218088150024,0.1514449268579483,-0.29323725402355194,0.7066765427589417,0.8355679512023926,0.0986917987465858,8,1,0.1333333333333333
data_080,0,0,0,0,0,0,0,0,0,1,0,0,0,0.0828264057636261,0.0828264057636261,0.0,0.5980258584022522,0.5909618735313416,0.1054364964365959,0,0,0.0
data_080,0,0,0,0,0,0,0,0,0,0,1,0,0,0.8811900019645691,0.1961156278848648,-0.6850743740797043,0.7510365843772888,0.7481074929237366,0.2062023431062698,6,1,0.0
data_080,0,0,0,0,0,0,0,0,0,0,0,0,0,0.328665167093277,0.4273187518119812,0.09865358471870422,0.6506872177124023,0.59537273645401,0.1142472997307777,1,1,0.0
data_080,0,0,0,0,0,0,0,0,0,0,0,0,0,0.05183830112218857,0.036865200847387314,-0.014973100274801254,0.647237241268158,0.7373623251914978,0.0,5,0,0.3333333333333333
data_080,0,0,0,0,0,0,0,0,0,0,0,0,0,0.6503133773803711,0.6503133773803711,0.0,0.7310424447059631,0.7100340127944946,0.4028497338294983,4,1,0.0
data_080,0,0,0,0,0,1,0,0,0,1,1,0,0,0.8845987915992737,0.7315038442611694,-0.15309494733810425,0.6643621921539307,0.7560374736785889,0.0976204425096511,7,1,0.3333333333333333
data_080,0,0,0,0,0,0,0,1,0,1,0,1,0,0.06360562890768051,0.06360562890768051,0.0,0.6243901252746582,0.6572757959365845,0.3003513216972351,2,0,0.2
data_080,0,0,0,0,0,0,0,0,0,0,0,0,0,0.9659319519996643,0.3330976068973541,-0.6328343451023102,0.8113772869110107,0.7071400880813599,0.2304013520479202,4,1,0.0
data_080,0,0,0,0,0,0,0,0,0,0,0,0,0,0.9924207329750061,0.9924207329750061,0.0,0.928433120250702,0.7228296995162964,0.2390110343694687,5,1,0.0
data_080,0,0,0,0,0,0,0,0,0,0,0,0,0,0.97625732421875,0.97625732421875,0.0,0.748060941696167,0.6990646123886108,0.413164883852005,7,1,0.0
data_080,0,0,0,0,0,0,0,0,0,0,0,0,0,0.9949514865875244,0.9949514865875244,0.0,0.8813078999519348,0.6802970170974731,0.4249531924724579,4,1,0.0
data_080,0,0,0,0,0,0,0,0,0,0,0,0,0,0.240823432803154,0.240823432803154,0.0,0.7747359871864319,0.6707835793495178,0.5137336850166321,2,1,0.0
data_080,0,0,0,0,0,0,0,0,0,1,0,0,0,0.720151424407959,0.8854900002479553,0.16533857583999634,0.845895528793335,0.7645004987716675,0.5168588161468506,3,1,0.0
data_080,0,0,0,0,0,0,0,0,0,0,0,0,0,0.967362642288208,0.967362642288208,0.0,0.9431106448173524,0.7244387269020081,0.3216358423233032,10,1,0.0
data_080,0,0,0,0,0,0,0,0,0,0,0,0,0,0.884166955947876,0.9667844772338867,0.08261752128601074,0.6554772853851318,0.759014368057251,0.0979665517807006,4,1,0.2
data_080,0,0,0,0,0,0,0,0,0,1,0,0,0,0.20720446109771729,0.4104689359664917,0.20326447486877441,0.6732979416847229,0.7361389994621277,0.0,10,1,0.5333333333333333
data_080,0,0,0,0,0,0,0,0,0,0,0,0,0,0.5192847847938538,0.5192847847938538,0.0,0.7951688766479492,0.7658533453941345,0.3189130127429962,4,1,0.0
data_080,1,0,0,0,0,1,0,0,0,1,0,0,0,0.8854948282241821,0.8854948282241821,0.0,0.7788549065589905,0.7138692140579224,0.3133335709571838,7,1,0.0
data_080,0,0,0,0,0,0,0,1,0,0,0,0,0,0.038321904838085175,0.05657091736793518,0.018249012529850006,0.8358176946640015,0.6089616417884827,0.2593176364898681,1,1,0.0
data_080,0,0,0,0,0,0,0,0,0,0,0,0,0,0.08098633587360382,0.07613106817007065,-0.004855267703533173,0.8477813601493835,0.7128731608390808,0.3239402770996094,3,1,0.0
data_080,0,0,0,0,0,0,0,0,0,1,0,0,0,0.4206099212169647,0.4206099212169647,0.0,0.6805579662322998,0.6605980396270752,0.4043158590793609,2,1,0.0
data_081,0,0,0,0,0,0,0,0,0,0,1,0,0,0.49621665477752686,0.2378815859556198,-0.25833506882190704,0.6744146347045898,0.6313614845275879,0.7153881192207336,1,1,0.0
data_081,0,0,0,0,0,0,0,0,0,1,0,0,0,0.013166596181690693,0.3917602300643921,0.3785936338827014,0.6619576811790466,0.7922000288963318,0.282565176486969,3,1,0.3333333333333333
data_081,1,0,0,0,0,0,0,0,0,1,0,1,0,0.0033801202662289143,0.06045714020729065,0.057077019941061735,0.7009796500205994,0.8121406435966492,0.1960103660821914,3,1,0.3333333333333333
data_081,0,0,0,0,0,0,0,0,0,0,0,0,0,0.9200937747955322,0.9200937747955322,0.0,0.6633833050727844,0.6216685175895691,0.6021187901496887,1,1,0.0
data_081,0,0,0,0,0,0,0,0,0,0,0,0,0,0.007074194028973579,0.8226044178009033,0.8155302237719297,0.6657041907310486,0.6722344160079956,0.1123253777623176,2,1,0.1666666666666666
data_081,1,0,0,0,0,1,1,1,0,1,1,1,1,0.05713227391242981,0.008973742835223675,-0.048158531077206135,0.6201665997505188,0.6492254734039307,0.3049930334091186,0,0,0.1666666666666666
data_081,0,0,0,0,0,0,0,0,0,0,0,0,0,0.0022479803301393986,0.010058164596557617,0.007810184266418219,0.7093844413757324,0.7459772229194641,0.3025154173374176,4,1,0.1666666666666666
data_081,0,0,0,0,0,1,0,0,0,1,0,0,0,0.0014530137414112687,0.00431989599019289,0.0028668822487816215,0.63168865442276,0.6830824613571167,0.5951395034790039,1,0,0.1666666666666666
data_081,1,0,1,0,0,1,1,1,0,1,1,0,0,0.055037420243024826,0.23811618983745575,0.18307876959443092,0.7344842553138733,0.7078595757484436,0.4054747819900512,3,1,0.0
data_081,0,0,0,0,0,0,0,0,0,1,0,0,0,0.09043344110250473,0.24295438826084137,0.15252094715833664,0.6802757978439331,0.5905209183692932,0.4334583580493927,1,1,0.0
data_081,1,0,1,0,1,0,1,0,0,0,1,0,0,0.0017729047685861588,0.003296886570751667,0.0015239818021655083,0.6451636552810669,0.6692513227462769,0.5010307431221008,1,0,0.1666666666666666
data_081,0,0,0,0,0,0,0,0,0,0,0,0,0,0.9582223296165466,0.9582223296165466,0.0,0.797319769859314,0.6321903467178345,0.636627733707428,1,1,0.0
data_081,0,0,0,0,0,0,1,0,0,1,1,0,0,0.04971984773874283,0.04971984773874283,0.0,0.7460507750511169,0.6551817655563354,0.8101571798324585,2,1,0.0
data_081,0,0,0,0,0,0,0,0,0,0,0,0,0,0.9617371559143066,0.15412849187850952,-0.8076086640357971,0.7289645671844482,0.7630676031112671,0.3938038647174835,4,1,0.3333333333333333
data_081,0,0,0,0,0,0,0,0,0,0,0,0,0,0.7794135212898254,0.7794135212898254,0.0,0.7037145495414734,0.79579097032547,0.2032095193862915,4,1,0.1666666666666666
data_081,0,0,0,0,0,0,0,0,0,0,0,0,0,0.058686476200819016,0.008608825504779816,-0.0500776506960392,0.7199623584747314,0.7038445472717285,0.4143182039260864,2,1,0.0
data_082,1,1,1,0,0,1,1,1,1,1,1,1,1,0.8079767227172852,0.8933426141738892,0.085365891456604,0.5834988355636597,0.6827330589294434,0.095949612557888,1,0,0.3
data_082,1,0,0,0,0,0,0,0,0,1,1,1,0,0.9862337112426758,0.9961333274841309,0.009899616241455078,0.7197537422180176,0.7435967922210693,0.1077033355832099,4,1,0.1
data_082,0,0,0,0,0,0,0,0,0,1,0,0,0,0.9800788760185242,0.9705492854118347,-0.009529590606689453,0.6800507307052612,0.7089752554893494,0.3014072775840759,3,1,0.1
data_082,0,0,0,0,0,0,0,0,0,0,0,0,0,0.8593234419822693,0.8593234419822693,0.0,0.8081540465354919,0.7520408034324646,0.5098816156387329,5,1,0.0
data_082,0,0,0,0,0,0,0,0,0,0,0,0,0,0.32693225145339966,0.596750020980835,0.2698177695274353,0.7202004194259644,0.7001046538352966,0.2108493000268936,2,1,0.0
data_082,0,0,0,0,0,0,0,0,0,1,0,0,0,0.7752164602279663,0.7752164602279663,0.0,0.7256829142570496,0.769429087638855,0.1952730566263198,8,1,0.2
data_082,0,0,0,0,0,0,0,0,0,0,1,0,0,0.7476296424865723,0.7476296424865723,0.0,0.7931972146034241,0.7144426703453064,0.3227637410163879,3,1,0.0
data_082,0,0,0,0,0,0,0,0,0,0,0,0,0,0.1307010054588318,0.17425820231437683,0.043557196855545044,0.7070029973983765,0.719721257686615,0.2056049257516861,4,1,0.1
data_082,0,0,0,0,0,1,0,0,0,1,1,0,0,0.45552968978881836,0.28068915009498596,-0.1748405396938324,0.6382649540901184,0.6349762082099915,0.205233484506607,0,0,0.0
data_082,0,0,0,0,0,0,0,0,0,1,0,0,0,0.9731441736221313,0.9731441736221313,0.0,0.8382238745689392,0.7516403198242188,0.3123560845851898,6,1,0.0
data_082,0,0,0,0,0,1,0,0,0,1,1,1,0,0.9911110401153564,0.9930176734924316,0.0019066333770751953,0.552500307559967,0.6991128921508789,0.0943909883499145,1,0,0.3
data_082,0,0,0,0,0,1,0,0,0,1,1,1,0,0.02123701013624668,0.8338354229927063,0.8125984128564596,0.5872814059257507,0.806455671787262,0.0,3,0,0.5
data_082,0,0,0,0,0,0,0,0,0,1,0,0,0,0.87877357006073,0.9824944138526917,0.10372084379196167,0.6757382750511169,0.7485325932502747,0.0961415767669677,6,1,0.4
data_082,0,0,0,0,0,0,0,0,0,1,1,0,0,0.4539409875869751,0.4539409875869751,0.0,0.7323959469795227,0.7325242161750793,0.4003572165966034,5,1,0.1
data_082,1,0,0,0,0,1,1,0,0,1,1,0,0,0.01367401797324419,0.11470454186201096,0.10103052388876677,0.5646312236785889,0.7982190251350403,0.0,5,0,0.8
data_083,0,0,0,0,0,0,0,0,0,0,0,0,0,0.5845623016357422,0.9415454864501953,0.3569831848144531,0.8063329458236694,0.7857120037078857,0.2989557087421417,7,1,0.0
data_083,0,0,0,0,0,1,0,0,0,1,1,1,0,0.9689763784408569,0.9848968982696533,0.015920519828796387,0.7442375421524048,0.7343786358833313,0.3054594099521637,7,1,0.0
data_083,1,1,1,1,1,1,1,1,1,1,1,1,1,0.042761944234371185,0.28120157122612,0.2384396269917488,0.6066545844078064,0.6538342833518982,0.0,1,0,0.5833333333333334
data_083,1,1,1,1,1,1,1,1,1,1,1,1,1,0.004557360429316759,0.0073293414898216724,0.0027719810605049133,0.5558124780654907,0.7598393559455872,0.0,4,0,0.75
data_084,0,0,0,0,0,0,0,0,0,1,1,0,0,0.9918537735939026,0.9918537735939026,0.0,0.7469343543052673,0.679744303226471,0.4036046862602234,2,1,0.0
data_084,0,0,0,0,0,0,0,0,0,0,0,0,0,0.911584734916687,0.9812654852867126,0.06968075037002563,0.6975567936897278,0.6969761252403259,0.2004881799221038,6,1,0.0
data_084,0,0,0,0,0,0,1,0,0,0,1,0,0,0.8804812431335449,0.8804812431335449,0.0,0.7673121690750122,0.7465084195137024,0.3109933137893677,5,1,0.0
data_084,0,0,0,0,0,0,0,0,0,0,0,0,0,0.9358211159706116,0.9932090640068054,0.05738794803619385,0.6759657263755798,0.794758141040802,0.096366174519062,7,1,0.5454545454545454
data_084,0,0,0,0,0,0,0,0,0,0,0,0,0,0.04943569377064705,0.06849074363708496,0.019055049866437912,0.8518735766410828,0.7773507833480835,0.3204784989356994,4,1,0.0
data_084,1,0,1,0,1,1,1,1,1,1,1,1,1,0.0054555791430175304,0.9797302484512329,0.9742746693082154,0.6707983016967773,0.7861918210983276,0.0970739349722862,6,1,0.4545454545454545
data_084,1,1,1,1,1,1,1,1,1,1,1,1,1,0.5823653936386108,0.9915738701820374,0.4092084765434265,0.5248793959617615,0.86980140209198,0.0,4,0,0.8181818181818182
data_084,1,1,1,1,1,1,1,1,1,1,1,1,1,0.03533875197172165,0.022647812962532043,-0.012690939009189606,0.5270266532897949,0.6670255064964294,0.0,2,0,0.6363636363636364
data_084,1,1,1,1,1,1,1,1,1,1,1,1,1,0.1870824545621872,0.9686805605888367,0.7815981060266495,0.578342854976654,0.768227756023407,0.0,3,0,0.5454545454545454
data_084,1,1,1,1,1,1,1,1,1,1,1,1,1,0.23196423053741455,0.8325613141059875,0.600597083568573,0.5823643207550049,0.6883248090744019,0.0,2,0,0.7272727272727273
data_084,0,0,0,0,0,0,0,0,0,0,0,0,0,0.996100902557373,0.996100902557373,0.0,0.9470921754837036,0.6733421683311462,0.2399594038724899,2,1,0.0
data_084,0,0,0,0,0,0,0,0,0,0,0,0,0,0.9861534833908081,0.889386773109436,-0.09676671028137207,0.6668329834938049,0.6917374134063721,0.5886886715888977,3,1,0.0909090909090909
data_084,0,0,0,0,0,0,0,0,0,0,0,0,0,0.9300523400306702,0.9300523400306702,0.0,0.8145421743392944,0.781380832195282,0.3066121935844421,9,1,0.0
data_084,0,0,1,0,0,1,1,0,0,1,1,0,0,0.8956378698348999,0.9604417681694031,0.06480389833450317,0.6052584052085876,0.6806882619857788,0.0948214754462242,3,0,0.5454545454545454
data_084,0,0,0,0,0,0,0,0,0,1,0,0,0,0.9645757079124451,0.9625611901283264,-0.0020145177841186523,0.6992928385734558,0.6435733437538147,0.3148645460605621,1,1,0.0
data_084,0,0,0,0,0,0,0,0,0,0,0,0,0,0.9983534812927246,0.9983534812927246,0.0,0.7985569834709167,0.7486422061920166,0.2121468782424926,5,1,0.0
data_084,0,0,0,0,0,0,0,0,0,0,0,0,0,0.9294151067733765,0.994922935962677,0.06550782918930054,0.6130682229995728,0.6525635123252869,0.3979850709438324,1,0,0.0909090909090909
data_084,0,0,0,0,0,0,0,0,0,0,0,0,0,0.5354878306388855,0.9426696300506592,0.4071817994117737,0.6813035011291504,0.7346277236938477,0.2951155304908752,7,1,0.1818181818181818
data_084,0,0,0,0,0,0,1,0,0,1,1,0,0,0.019107675179839134,0.23126107454299927,0.21215339936316013,0.7212747931480408,0.7815775871276855,0.1951914578676223,9,1,0.3636363636363636
data_084,1,1,1,0,0,1,1,0,0,1,1,0,1,0.07712183147668839,0.6235855221748352,0.5464636906981468,0.6950977444648743,0.6365041732788086,0.1137784942984581,1,1,0.0
data_084,0,0,0,0,0,0,0,0,0,1,0,0,0,0.3182947635650635,0.031169084832072258,-0.2871256787329912,0.7554823756217957,0.7782965302467346,0.2976150810718536,9,1,0.0909090909090909
data_084,1,0,1,0,0,1,1,0,0,1,1,1,1,0.9883219599723816,0.9883219599723816,0.0,0.7213611602783203,0.7746415138244629,0.2050286531448364,4,1,0.0909090909090909
data_084,0,0,1,0,0,1,1,1,0,1,1,1,0,0.8347672820091248,0.9980269074440002,0.1632596254348755,0.6166136860847473,0.6710627675056458,0.0976088568568229,2,0,0.4545454545454545
data_084,0,0,0,0,0,0,0,0,0,1,0,0,0,0.6812284588813782,0.6812284588813782,0.0,0.6892534494400024,0.708225667476654,0.5034003853797913,3,1,0.0909090909090909
data_084,1,1,1,1,1,1,1,1,1,1,1,1,1,0.9387635588645935,0.9947578310966492,0.055994272232055664,0.6348233222961426,0.7164162397384644,0.0,6,0,0.6363636363636364
data_085,0,0,0,0,0,0,0,0,0,0,0,0,0,0.9702126383781433,0.9702126383781433,0.0,0.9188742637634276,0.7296531796455383,0.1318673640489578,6,1,0.0
data_085,0,0,0,0,0,0,0,0,0,0,0,0,0,0.9946659803390503,0.9946659803390503,0.0,0.7856162786483765,0.9000332951545715,0.1012975722551345,7,1,0.3333333333333333
data_085,0,0,0,0,0,0,0,0,0,0,0,0,0,0.0985509529709816,0.6276740431785583,0.5291230902075768,0.7496669888496399,0.7280794382095337,0.309600293636322,2,1,0.0
data_085,0,0,0,0,0,0,0,0,0,0,0,0,0,0.673575222492218,0.945175051689148,0.27159982919692993,0.85423743724823,0.8546757102012634,0.3040590584278106,6,1,0.1666666666666666
data_085,0,0,0,0,1,0,1,0,1,1,1,0,1,0.3183729946613312,0.9852828979492188,0.6669099032878876,0.7654682993888855,0.7567883729934692,0.2106043547391891,5,1,0.0
data_085,0,0,0,0,0,0,0,0,0,0,0,0,0,0.9622480273246765,0.9622480273246765,0.0,0.7318019866943359,0.6495298147201538,0.5079210996627808,1,1,0.0
data_085,0,0,0,0,0,0,0,0,0,0,0,0,0,0.5944055914878845,0.5944055914878845,0.0,0.8278290033340454,0.8784753680229187,0.3011877536773681,7,1,0.1666666666666666
data_085,0,0,0,0,0,1,0,0,0,0,0,0,0,0.9832452535629272,0.9832452535629272,0.0,0.8525155186653137,0.7374960780143738,0.5143873691558838,6,1,0.0
data_085,0,0,0,0,0,0,0,0,0,0,0,0,0,0.855906069278717,0.855906069278717,0.0,0.8038133978843689,0.7320511341094971,0.3190878927707672,3,1,0.0
data_085,0,0,0,0,0,0,0,0,0,1,0,0,0,0.9897249937057495,0.9897249937057495,0.0,0.7895744442939758,0.6996411085128784,0.7020809650421143,3,1,0.0
data_085,0,0,0,0,0,0,0,0,0,0,0,0,0,0.8615689873695374,0.8615689873695374,0.0,0.738820493221283,0.6774536371231079,0.3171117901802063,4,1,0.0
data_085,0,0,0,0,0,0,0,0,0,0,0,0,0,0.8967238664627075,0.574020504951477,-0.32270336151123047,0.6845645904541016,0.7377285361289978,0.3942295908927917,3,1,0.3333333333333333
data_085,0,0,0,0,0,0,0,0,0,1,0,0,0,0.7874501943588257,0.7874501943588257,0.0,0.8627235889434814,0.8108292818069458,0.5119838118553162,7,1,0.0
data_085,0,0,0,0,0,0,0,0,0,1,0,0,0,0.6128796935081482,0.6128796935081482,0.0,0.8532158136367798,0.7830619812011719,0.7068543434143066,7,1,0.0
data_085,0,0,0,0,0,0,0,0,0,0,0,0,0,0.90570467710495,0.90570467710495,0.0,0.9481576681137084,0.7262152433395386,0.5166746377944946,6,1,0.0
data_085,0,0,0,0,0,1,1,0,0,1,1,1,0,0.059568844735622406,0.8595465421676636,0.7999776974320412,0.7242076992988586,0.7511692047119141,0.2930388450622558,6,1,0.5
data_085,0,0,0,0,0,0,0,0,0,0,0,0,0,0.10229106992483139,0.07499159872531891,-0.02729947119951248,0.7390755414962769,0.7207651138305664,0.2054032534360885,5,1,0.0
data_085,0,0,0,0,0,0,0,0,0,1,0,0,0,0.9786961078643799,0.9786961078643799,0.0,0.7223497629165649,0.7708953619003296,0.2007842659950256,7,1,0.1666666666666666
data_085,0,0,0,0,0,0,0,0,0,0,0,0,0,0.7023599743843079,0.39074698090553284,-0.311612993478775,0.743952751159668,0.7793363332748413,0.3084836900234222,2,1,0.1666666666666666
data_085,0,0,0,0,0,0,0,0,0,1,0,0,0,0.5383028984069824,0.5553607940673828,0.01705789566040039,0.8136072754859924,0.7973172664642334,0.1054013893008232,7,1,0.0
data_085,0,0,0,0,0,0,0,0,0,0,0,0,0,0.08607233315706253,0.5867837071418762,0.5007113739848137,0.8953385353088379,0.7418509125709534,0.5193749666213989,5,1,0.0
data_085,0,0,0,0,0,0,0,0,0,0,0,0,0,0.20245018601417542,0.20245018601417542,0.0,0.803146243095398,0.7488637566566467,0.6097686886787415,5,1,0.0
data_085,0,0,0,0,0,0,0,0,0,0,0,0,0,0.7903419733047485,0.7903419733047485,0.0,0.7867096662521362,0.7216793298721313,0.6109830737113953,3,1,0.0
data_085,0,0,0,0,0,0,0,0,0,0,0,0,0,0.661156952381134,0.661156952381134,0.0,0.7655290961265564,0.7629445791244507,0.2064806222915649,5,1,0.0
data_086,1,1,1,1,0,1,1,1,0,1,1,1,0,0.0017986432649195194,0.008057957515120506,0.006259314250200987,0.6018288135528564,0.7723236083984375,0.2033858895301818,1,0,0.1111111111111111
data_086,0,0,0,0,0,0,0,0,0,0,0,0,0,0.9808207750320435,0.9976200461387634,0.01679927110671997,0.7504770159721375,0.8174556493759155,0.410611093044281,3,1,0.1111111111111111
data_086,0,0,0,0,0,0,0,0,0,0,0,0,0,0.15028846263885498,0.18560124933719635,0.03531278669834137,0.6685748100280762,0.7923460602760315,0.3033050000667572,2,1,0.1111111111111111
data_086,0,0,0,0,0,0,0,0,0,0,0,0,0,0.8036084771156311,0.00855274312198162,-0.7950557339936495,0.6883291006088257,0.6344610452651978,0.116193950176239,1,1,0.0
data_086,0,0,0,0,0,0,0,0,0,0,0,0,0,0.007942953146994114,0.04270164668560028,0.03475869353860617,0.6488269567489624,0.6580308675765991,0.2994326949119568,1,0,0.2222222222222222
data_086,0,0,0,0,0,0,0,0,0,0,0,0,0,0.9588399529457092,0.985300600528717,0.026460647583007812,0.7013239860534668,0.7484515905380249,0.2081446945667266,4,1,0.1111111111111111
data_086,0,0,0,0,0,0,0,0,0,0,0,0,0,0.06381189823150635,0.06381189823150635,0.0,0.8418723940849304,0.7201413512229919,0.6157965064048767,4,1,0.0
data_086,0,0,0,0,0,0,0,0,0,0,0,0,0,0.917839527130127,0.917839527130127,0.0,0.7308819890022278,0.6846785545349121,0.4063178300857544,3,1,0.0
data_086,0,0,0,0,0,0,0,0,0,0,0,0,0,0.9684004187583923,0.9684004187583923,0.0,0.7714817523956299,0.6453902721405029,0.715726375579834,1,1,0.0
data_086,0,0,0,0,0,0,0,0,0,1,0,0,0,0.1336933672428131,0.1336933672428131,0.0,0.714593231678009,0.6759259700775146,0.8946570158004761,2,1,0.0
data_087,0,0,0,0,0,0,0,0,0,0,0,0,0,0.8706260919570923,0.9941834807395935,0.12355738878250122,0.7356394529342651,0.8118476867675781,0.0955597981810569,15,1,0.1875
data_087,0,0,0,0,0,1,1,1,0,1,1,1,0,0.10073217749595642,0.9773763418197632,0.8766441643238068,0.6011393070220947,0.7669772505760193,0.0,9,0,0.46875
data_087,0,0,0,0,0,0,0,0,0,0,0,0,0,0.997252881526947,0.997252881526947,0.0,0.5829818248748779,0.5811644196510315,0.2060040682554245,0,0,0.0
data_087,0,0,0,0,0,0,0,0,0,0,0,0,0,0.8612335920333862,0.9859709143638611,0.12473732233047485,0.7430436015129089,0.7976616621017456,0.0986192822456359,20,1,0.125
data_087,0,0,0,0,0,0,0,0,0,0,0,0,0,0.5752010345458984,0.5752010345458984,0.0,0.7426002025604248,0.7306011319160461,0.2055383324623108,5,1,0.0
data_087,1,0,0,0,0,1,0,0,0,1,1,0,0,0.3074502944946289,0.7588707804679871,0.45142048597335815,0.5768854022026062,0.6645519733428955,0.0936814025044441,1,0,0.25
data_087,0,0,0,0,0,1,0,0,0,1,1,1,0,0.4898233115673065,0.4898233115673065,0.0,0.7462381720542908,0.5992103219032288,0.622654139995575,1,1,0.0
data_087,1,0,0,0,0,0,0,0,0,1,0,0,0,0.9813451766967773,0.9813451766967773,0.0,0.6663698554039001,0.6574532389640808,0.4046854972839355,2,1,0.0
data_087,1,1,1,1,1,1,1,1,1,1,1,1,1,0.013321827165782452,0.0030948189087212086,-0.010227008257061243,0.6792720556259155,0.6598657965660095,0.4075190722942352,2,1,0.0
data_087,0,0,0,0,0,0,0,0,0,0,0,0,0,0.47896134853363037,0.9896764159202576,0.5107150673866272,0.7447864413261414,0.7530972957611084,0.1030722856521606,11,1,0.03125
data_087,0,0,0,0,0,0,0,0,0,0,0,0,0,0.23295490443706512,0.28466174006462097,0.05170683562755585,0.7445760369300842,0.767223060131073,0.1025531068444252,9,1,0.125
data_087,0,0,0,0,0,0,0,0,0,0,0,0,0,0.36895114183425903,0.29308146238327026,-0.07586967945098877,0.7424221634864807,0.7806363701820374,0.2912075221538543,7,1,0.09375
data_087,0,0,1,1,0,1,1,1,1,1,1,1,1,0.15847758948802948,0.044547874480485916,-0.11392971500754356,0.6074985861778259,0.6470709443092346,0.0996310859918594,0,0,0.125
data_087,0,0,0,1,0,0,1,0,1,1,1,1,1,0.21789467334747314,0.9932871460914612,0.775392472743988,0.6464579701423645,0.7735593318939209,0.0922485068440437,7,0,0.21875
data_088,1,0,0,0,0,1,1,0,0,1,1,0,0,0.2820208668708801,0.9956795573234558,0.7136586904525757,0.6574181914329529,0.6882383227348328,0.2943688631057739,2,1,0.2
data_088,0,0,0,0,0,0,0,0,0,0,0,0,0,0.8515421152114868,0.8515421152114868,0.0,0.5890358686447144,0.5200902223587036,0.2137556225061416,0,0,0.0
data_088,0,0,0,0,0,0,0,0,0,0,0,0,0,0.9860624670982361,0.02848288230597973,-0.9575795847922564,0.6351416110992432,0.7845728397369385,0.1901687085628509,3,0,0.6
data_088,0,0,0,0,0,0,0,0,0,1,0,0,0,0.013321064412593842,0.10144864767789841,0.08812758326530457,0.6106491088867188,0.7460512518882751,0.0984181612730026,1,0,0.4
data_088,0,0,0,0,0,0,0,0,0,1,0,0,0,0.05104152113199234,0.22524139285087585,0.17419987171888351,0.6667969226837158,0.6644191741943359,0.2055097818374633,2,1,0.0
data_088,0,0,0,0,0,0,0,0,0,0,0,0,0,0.13872013986110687,0.7638695240020752,0.6251493841409683,0.7305087447166443,0.5606641173362732,0.6426748633384705,1,1,0.0
data_088,0,0,0,0,0,0,0,0,0,0,0,0,0,0.997330904006958,0.997330904006958,0.0,0.7734544277191162,0.6902338266372681,0.5132178068161011,3,1,0.0
data_088,0,0,0,0,0,0,0,0,0,0,0,0,0,0.9756491780281067,0.9756491780281067,0.0,0.838408887386322,0.7325755953788757,0.3094953000545501,5,1,0.0
data_088,0,0,0,0,0,0,0,0,0,0,0,0,0,0.978038489818573,0.978038489818573,0.0,0.8307749629020691,0.6440621614456177,0.5187062621116638,1,1,0.0
data_088,0,0,0,0,0,0,0,0,0,0,1,1,0,0.050067245960235596,0.02813650108873844,-0.021930744871497154,0.586951732635498,0.5959328413009644,0.4018486738204956,0,0,0.4
data_088,0,0,0,0,0,0,0,0,0,0,0,0,0,0.940159797668457,0.7874329090118408,-0.1527268886566162,0.7165095210075378,0.7558225393295288,0.1126055791974067,3,1,0.2
data_088,0,0,0,0,0,0,0,0,0,0,0,0,0,0.6697720289230347,0.6697720289230347,0.0,0.6334157586097717,0.660078763961792,0.2075574845075607,1,0,0.2
data_088,0,0,0,0,0,0,0,0,0,0,0,0,0,0.9437193274497986,0.9955155253410339,0.05179619789123535,0.8117784857749939,0.7439942955970764,0.319597065448761,5,1,0.0
data_088,1,0,0,0,0,0,0,0,0,0,0,0,0,0.92344069480896,0.92344069480896,0.0,0.6711732149124146,0.5554726123809814,0.8169100284576416,1,1,0.0
data_088,0,0,0,0,0,1,0,0,0,1,0,0,0,0.0005680375033989549,0.0005680375033989549,0.0,0.9120171666145324,0.6707878112792969,0.4351148903369903,2,1,0.0
data_088,0,0,0,0,0,0,1,0,0,0,1,0,0,0.7820060849189758,0.7820060849189758,0.0,0.6603291034698486,0.7087945342063904,0.5970475077629089,2,1,0.2
data_088,0,0,0,0,0,1,0,0,0,1,0,0,0,0.750318169593811,0.8278895020484924,0.0775713324546814,0.6839699745178223,0.6016420722007751,0.3120313882827759,1,1,0.0
data_089,0,0,0,0,0,0,0,0,0,0,0,0,0,0.7411869764328003,0.10669419169425964,-0.6344927847385406,0.7961426973342896,0.6579667329788208,0.5277954339981079,3,1,0.0
data_089,0,0,0,0,0,0,0,0,0,0,0,0,0,0.9311216473579407,0.9311216473579407,0.0,0.728520393371582,0.6939598321914673,0.7055628895759583,2,1,0.0
data_089,0,0,0,0,0,0,0,0,0,0,0,0,0,0.011055664159357548,0.9257194995880127,0.9146638354286551,0.7134672999382019,0.6336585283279419,0.4140060544013977,1,1,0.0
data_089,0,0,0,0,0,0,0,0,0,0,0,0,0,0.9770714640617371,0.9162667393684387,-0.06080472469329834,0.802325427532196,0.646796464920044,0.2204928249120712,1,1,0.0
data_089,0,0,0,0,0,0,0,0,0,0,0,0,0,0.9255800843238831,0.9255800843238831,0.0,0.7573527693748474,0.8779535293579102,0.1967607289552688,3,1,0.1666666666666666
data_089,0,0,0,0,0,0,0,0,0,0,0,0,0,0.9689134955406189,0.9689134955406189,0.0,0.8132109045982361,0.697453498840332,0.8096038103103638,3,1,0.0
data_089,0,0,0,0,0,0,0,0,0,0,0,0,0,0.9989884495735168,0.9989884495735168,0.0,0.9191944599151612,0.8055880069732666,0.808501660823822,6,1,0.0
data_089,0,0,0,0,0,0,0,0,0,0,0,0,0,0.9916841983795166,0.9916841983795166,0.0,0.7923221588134766,0.5899770259857178,0.8200637698173523,1,1,0.0
data_089,0,0,0,0,0,0,0,0,0,0,0,0,0,0.9938749670982361,0.9897317290306091,-0.004143238067626953,0.841528594493866,0.7471511960029602,0.4103740751743316,6,1,0.0
data_089,0,0,0,0,0,0,0,0,0,0,1,0,0,0.9707942605018616,0.994891881942749,0.02409762144088745,0.750141441822052,0.8164896965026855,0.2949597537517547,5,1,0.3333333333333333
data_089,0,0,0,0,0,0,0,0,0,0,0,0,0,0.9821001887321472,0.9975618124008179,0.015461623668670654,0.7880280613899231,0.758364737033844,0.4118694365024566,4,1,0.0
data_089,0,0,0,0,0,0,0,0,0,0,0,0,0,0.9859039187431335,0.8761640191078186,-0.10973989963531494,0.692425549030304,0.658542275428772,0.2200034707784652,2,1,0.0
data_089,0,0,0,0,0,0,0,0,0,0,0,0,0,0.9454642534255981,0.9454642534255981,0.0,0.8043927550315857,0.7399529814720154,0.3073607981204986,5,1,0.0
data_089,0,0,0,0,0,0,0,0,0,1,0,0,0,0.9966034889221191,0.9960147142410278,-0.0005887746810913086,0.7152779698371887,0.6549478769302368,0.21140156686306,2,1,0.0
data_089,0,0,0,0,0,0,0,0,0,0,0,0,0,0.9788249135017395,0.9788249135017395,0.0,0.8106951713562012,0.7444274425506592,0.2225749641656875,4,1,0.0
data_089,0,0,0,0,0,0,0,0,0,1,0,0,0,0.7918551564216614,0.7918551564216614,0.0,0.8086338043212891,0.6791852116584778,0.5343612432479858,5,1,0.0
data_089,1,0,1,0,0,1,1,0,0,1,1,1,0,0.9977551102638245,0.9977551102638245,0.0,0.7031970024108887,0.6980265974998474,0.2010930925607681,5,1,0.0
data_089,0,0,0,0,0,0,0,0,0,1,0,0,0,0.9769330024719238,0.9769330024719238,0.0,0.7277277112007141,0.7206174731254578,0.7046818137168884,2,1,0.0
data_090,1,1,1,1,1,1,1,1,1,1,1,1,1,0.08200542628765106,0.047005992382764816,-0.034999433904886246,0.7007272243499756,0.9268393516540528,0.2818300426006317,2,1,0.1666666666666666
data_090,0,0,1,0,0,1,1,1,0,1,1,1,0,0.01846292056143284,0.7794009447097778,0.760938024148345,0.6575586199760437,0.7192107439041138,0.2915301918983459,4,1,0.5
data_090,0,0,0,0,0,0,0,0,0,0,0,0,0,0.9983177185058594,0.9983177185058594,0.0,0.9901638627052308,0.740234911441803,0.8102603554725647,4,1,0.0
data_090,0,0,0,0,0,0,0,0,0,1,1,0,0,0.9635947942733765,0.9635947942733765,0.0,0.8892697691917419,0.6882297396659851,0.609163761138916,4,1,0.0
data_090,0,0,0,0,0,0,0,0,0,0,0,0,0,0.9959532022476196,0.9959532022476196,0.0,0.7929487228393555,0.6229875683784485,0.8106209635734558,1,1,0.0
data_090,0,0,0,0,0,0,0,0,0,0,0,0,0,0.7964614033699036,0.7964614033699036,0.0,0.8502628207206726,0.6459358334541321,1.0,1,1,0.0
data_090,0,0,0,0,0,0,0,0,0,1,0,0,0,0.5373627543449402,0.8653523325920105,0.3279895782470703,0.6937126517295837,0.923669934272766,0.1887834668159485,4,1,0.5
data_090,0,0,0,0,0,0,0,0,0,0,1,0,0,0.917207658290863,0.917207658290863,0.0,0.8383585214614868,0.7453088760375977,0.7108717560768127,4,1,0.0
data_090,0,0,0,0,0,0,0,0,0,0,0,0,0,0.6466041803359985,0.17126193642616272,-0.4753422439098358,0.8352657556533813,0.8592528104782104,0.4052510559558868,4,1,0.1666666666666666
data_090,0,0,0,0,0,0,0,0,0,0,0,0,0,0.9118086695671082,0.20827500522136688,-0.7035336643457413,0.6721487641334534,0.814838171005249,0.0,7,1,0.6666666666666666
data_090,0,0,0,0,0,0,0,0,0,0,0,0,0,0.9959596991539001,0.9959596991539001,0.0,0.7926075458526611,0.6276682019233704,0.9061518311500548,1,1,0.0
data_090,0,0,0,0,0,0,0,0,0,0,0,0,0,0.9840118885040283,0.9840118885040283,0.0,0.8674954175949097,0.606634795665741,0.7208350896835327,1,1,0.0
data_090,0,0,0,0,0,0,0,0,0,0,0,0,0,0.10485464334487915,0.18972808122634888,0.08487343788146973,0.6429250240325928,0.5909406542778015,0.6138598918914795,0,0,0.0
data_090,0,0,0,0,0,0,0,0,0,1,0,0,0,0.8919492363929749,0.9875878691673279,0.09563863277435303,0.8374279141426086,0.7757394313812256,0.8003235459327698,4,1,0.0
data_090,0,0,0,0,0,0,0,0,0,1,0,0,0,0.9538246989250183,0.9521922469139099,-0.0016324520111083984,0.6396480798721313,0.7259814739227295,0.3008167147636413,1,0,0.1666666666666666
data_091,0,0,0,0,0,0,0,0,0,0,0,0,0,0.9373781085014343,0.9373781085014343,0.0,0.850127637386322,0.7624000906944275,0.21872478723526,6,1,0.0
data_091,0,0,0,0,0,0,0,0,0,0,0,0,0,0.9292899966239929,0.9292899966239929,0.0,0.6991299390792847,0.6771504878997803,0.4128111600875854,2,1,0.0
data_091,1,0,0,1,1,0,1,1,1,0,1,1,0,0.27125123143196106,0.01050598919391632,-0.26074524223804474,0.7926020622253418,0.6895662546157837,0.2192147523164749,2,1,0.0
data_091,0,0,0,0,0,0,0,0,0,0,0,0,0,0.6972317695617676,0.6972317695617676,0.0,0.7443163394927979,0.6997759938240051,0.6049713492393494,2,1,0.0
data_091,0,0,0,0,0,0,0,0,0,0,0,0,0,0.9576686024665833,0.9576686024665833,0.0,0.7755879759788513,0.7216324210166931,0.6107780337333679,5,1,0.0
data_091,0,0,0,0,0,0,0,0,0,0,0,0,0,0.3109150230884552,0.3109150230884552,0.0,0.7223140597343445,0.680805504322052,0.6017115712165833,3,1,0.0
data_091,0,0,0,0,0,0,0,0,0,0,0,0,0,0.11218076199293137,0.9547434449195862,0.8425626829266548,0.8914526700973511,0.8193793892860413,0.2113837152719497,5,1,0.0
data_091,0,0,0,0,0,0,0,0,0,0,0,0,0,0.9759498238563538,0.3052396774291992,-0.6707101464271545,0.7051832675933838,0.6187300682067871,0.3436790108680725,1,1,0.0
data_091,0,0,0,0,0,0,0,0,0,0,0,0,0,0.014647708274424076,0.014647708274424076,0.0,0.6535897254943848,0.7166813015937805,0.1012754365801811,3,1,0.1333333333333333
data_091,0,0,0,0,0,0,0,0,0,1,0,0,0,0.003989506047219038,0.003989506047219038,0.0,0.5787155628204346,0.5488197803497314,0.3141510784626007,0,0,0.0
data_091,0,0,0,0,0,0,0,0,0,0,0,0,0,0.10814909636974335,0.9684255719184875,0.8602764755487442,0.7367048859596252,0.7234715223312378,0.1081838831305503,5,1,0.0
data_091,0,0,0,0,0,0,0,0,0,0,0,0,0,0.9680879712104797,0.11776110529899597,-0.8503268659114838,0.5821920037269592,0.6261959075927734,0.1023483350872993,0,0,0.1333333333333333
data_091,0,0,0,0,0,0,0,0,0,0,0,0,0,0.7549116611480713,0.7747517824172974,0.019840121269226074,0.6653811931610107,0.6837882995605469,0.4968320727348327,4,1,0.1333333333333333
data_091,0,0,0,0,0,0,0,0,0,1,0,0,0,0.045610249042510986,0.23053869605064392,0.18492844700813293,0.6639713644981384,0.7506048679351807,0.0972435399889946,5,1,0.2666666666666666
data_091,0,0,0,0,0,0,0,0,0,0,0,0,0,0.053898416459560394,0.08244889974594116,0.028550483286380768,0.8107720017433167,0.6490411162376404,0.1320878714323043,1,1,0.0
data_091,0,0,0,0,0,0,0,0,0,0,0,0,0,0.5469141006469727,0.5469141006469727,0.0,0.75126051902771,0.6598865985870361,0.2185701131820678,2,1,0.0
data_091,0,0,0,0,0,1,1,0,0,1,1,1,0,0.022741567343473434,0.03401556238532066,0.011273995041847229,0.5617274641990662,0.6714219450950623,0.0,1,0,0.4666666666666667
data_092,0,0,0,0,0,0,0,0,0,0,0,0,0,0.9968129992485046,0.9968129992485046,0.0,0.9157084822654724,0.7589740753173828,0.3124001026153564,5,1,0.0
data_092,0,0,0,0,0,0,0,0,0,0,0,0,0,0.9679548144340515,0.9679548144340515,0.0,0.8490661978721619,0.6450608968734741,0.7256904244422913,1,1,0.0
data_092,0,0,0,0,0,0,0,0,0,0,0,0,0,0.994260311126709,0.994260311126709,0.0,0.9804825186729432,0.6974794864654541,0.4289936423301697,3,1,0.0
data_092,0,0,0,0,0,0,0,0,0,0,0,0,0,0.9815559983253479,0.9815559983253479,0.0,0.8082520365715027,0.6636151671409607,0.9054865837097168,3,1,0.0
data_092,0,0,0,0,0,0,0,0,0,0,0,0,0,0.9989727735519409,0.9989727735519409,0.0,0.9765724539756776,0.73238205909729,0.520294189453125,4,1,0.0
data_092,0,0,0,0,0,0,0,0,0,0,0,0,0,0.7875095009803772,0.8634340763092041,0.0759245753288269,0.7428420782089233,0.7263340353965759,0.3011858761310577,5,1,0.0
data_092,0,1,0,0,0,1,0,0,0,1,1,0,0,0.983558714389801,0.983558714389801,0.0,0.6915683150291443,0.7513404488563538,0.587718665599823,3,1,0.2
data_092,1,1,1,1,1,1,1,1,1,1,1,1,1,0.012202111072838306,0.4497263729572296,0.4375242618843913,0.6081964373588562,0.7825344800949097,0.1812428385019302,2,0,0.6
data_092,0,0,0,0,0,0,0,0,0,1,0,0,0,0.5931851863861084,0.9611838459968567,0.3679986596107483,0.6323230862617493,0.6474364995956421,0.1044602170586586,0,0,0.2
data_092,0,1,1,1,0,1,1,1,0,1,1,1,0,0.047044359147548676,0.01392743457108736,-0.033116924576461315,0.6353574395179749,0.6151278018951416,0.4084122478961944,0,0,0.0
data_092,0,0,0,0,0,0,0,0,0,0,0,0,0,0.9958898425102234,0.9958898425102234,0.0,0.8911945819854736,0.6074643731117249,1.0,1,1,0.0
data_092,0,0,0,0,0,0,0,0,0,0,0,0,0,0.9973065853118896,0.9973065853118896,0.0,0.9389013051986694,0.7160883545875549,0.8065493106842041,3,1,0.0
data_092,0,0,0,0,0,0,0,0,0,1,0,0,0,0.8826329708099365,0.8826329708099365,0.0,0.741664707660675,0.7280287742614746,0.8936960101127625,2,1,0.0
data_092,0,0,0,0,0,0,0,0,0,0,1,0,0,0.9976207613945007,0.9976207613945007,0.0,0.6028521060943604,0.5858197808265686,0.2182669937610626,0,0,0.0
data_092,0,0,0,0,0,0,0,0,0,0,0,0,0,0.1943589448928833,0.13477922976016998,-0.05957971513271332,0.7615208029747009,0.7641960382461548,0.5023216009140015,5,1,0.2
data_092,0,0,0,0,1,0,0,0,0,0,0,0,0,0.523640513420105,0.523640513420105,0.0,0.6060819625854492,0.5569946765899658,0.4082555174827575,0,0,0.0
data_093,0,0,0,0,0,0,1,0,0,1,1,0,0,0.9807712435722351,0.9947716593742371,0.014000415802001953,0.7845450639724731,0.7576901316642761,0.3115810453891754,5,1,0.0
data_093,0,0,0,0,0,0,0,0,0,0,0,0,0,0.8790731430053711,0.9643692970275879,0.0852961540222168,0.8488887548446655,0.7492116689682007,0.1347397118806839,2,1,0.0
data_093,0,0,0,0,0,0,0,0,0,1,1,0,0,0.9133031368255615,0.9133031368255615,0.0,0.7170978784561157,0.7377017140388489,0.3079310953617096,3,1,0.25
data_093,0,0,0,0,0,0,0,0,0,0,0,0,0,0.7526416182518005,0.9380728006362915,0.18543118238449097,0.8086739182472229,0.7545223832130432,0.5971160531044006,4,1,0.0
data_093,0,0,0,0,0,0,0,0,0,0,0,0,0,0.9767252802848816,0.9767252802848816,0.0,0.7464665174484253,0.648918092250824,0.805623471736908,1,1,0.0
data_093,0,0,0,0,0,0,0,0,0,1,0,0,0,0.03711101412773132,0.03711101412773132,0.0,0.7628490328788757,0.5750111937522888,0.9117016196250916,1,1,0.0
data_093,0,0,0,0,0,0,0,0,0,1,1,1,0,0.9861432909965515,0.9949839115142822,0.008840620517730713,0.8788964748382568,0.7943094372749329,0.2136204987764358,5,1,0.0
data_093,0,0,1,1,0,1,1,1,0,1,1,1,0,0.018327312543988228,0.9469998478889465,0.9286725353449583,0.7571679353713989,0.818111002445221,0.3978279531002044,4,1,0.5
data_093,0,0,0,0,0,0,0,0,0,0,0,0,0,0.4887414276599884,0.46383044123649597,-0.02491098642349243,0.8114986419677734,0.6971493363380432,0.413470596075058,4,1,0.0
data_093,0,0,0,0,0,0,0,0,0,1,0,0,0,0.8116276860237122,0.8116276860237122,0.0,0.8090846538543701,0.7404819130897522,0.5108519792556763,5,1,0.0
data_093,0,0,0,0,0,0,0,0,0,1,0,0,0,0.9691108465194702,0.4765210747718811,-0.4925897717475891,0.6313597559928894,0.6068529486656189,0.6010826230049133,0,0,0.0
data_093,0,0,0,0,0,0,0,0,0,1,1,1,0,0.832231879234314,0.9315725564956665,0.09934067726135254,0.7325760722160339,0.7032192945480347,0.3051623106002807,5,1,0.0
data_094,1,1,1,0,0,1,1,1,0,1,1,1,0,0.7592294812202454,0.5311394929885864,-0.22808998823165894,0.7754958271980286,0.8643680214881897,0.0,14,1,0.6666666666666666
data_094,0,0,0,0,0,0,0,0,0,0,0,0,0,0.1428542137145996,0.0681246817111969,-0.07472953200340271,0.8169800639152527,0.7156385779380798,0.2131102532148361,10,1,0.0
data_094,0,0,0,0,0,0,1,0,0,1,1,1,0,0.07193665206432343,0.12538355588912964,0.05344690382480621,0.8309376835823059,0.8312932848930359,0.2113364189863205,11,1,0.0666666666666666
data_094,0,0,0,0,0,0,0,0,0,1,0,0,0,0.2081129401922226,0.2081129401922226,0.0,0.721347451210022,0.7307705283164978,0.2093157619237899,4,1,0.0666666666666666
data_094,0,0,0,0,0,1,0,0,0,1,1,1,0,0.7095534801483154,0.5600556135177612,-0.1494978666305542,0.8312384486198425,0.8396958708763123,0.1013118997216224,14,1,0.0666666666666666
data_094,0,0,0,0,0,0,0,0,0,1,1,1,0,0.31643223762512207,0.31643223762512207,0.0,0.95648992061615,0.8359915018081665,0.5168405175209045,14,1,0.0
data_094,0,0,0,0,0,0,0,0,0,1,0,0,0,0.42597496509552,0.42597496509552,0.0,0.6440436840057373,0.6873322129249573,0.2088375389575958,1,0,0.0666666666666666
data_094,0,0,0,0,0,0,0,0,0,0,0,0,0,0.01394751388579607,0.01394751388579607,0.0,0.688205897808075,0.6944339275360107,0.1108756735920906,2,1,0.0666666666666666
data_094,1,1,1,1,1,1,1,1,1,1,1,1,1,0.9677311182022095,0.9896837472915649,0.02195262908935547,0.8744160532951355,0.8797039985656738,0.1029878184199333,14,1,0.0666666666666666
data_094,0,0,1,1,0,1,1,1,0,1,1,1,0,0.9851546883583069,0.9688275456428528,-0.0163271427154541,0.8274544477462769,0.8556300401687622,0.1984760612249374,14,1,0.0666666666666666
data_094,0,0,0,0,0,1,1,1,0,1,1,1,0,0.12921634316444397,0.5186323523521423,0.38941600918769836,0.551555871963501,0.6906296610832214,0.0,2,0,0.2666666666666666
data_095,0,0,0,0,0,0,0,0,0,0,0,0,0,0.9912629127502441,0.38373520970344543,-0.6075277030467987,0.5840243697166443,0.6287274360656738,0.2943021357059479,0,0,0.5
data_095,0,0,0,0,0,0,0,0,0,0,0,0,0,0.03271147608757019,0.03271147608757019,0.0,0.816228985786438,0.8002320528030396,0.2181460708379745,6,1,0.0
data_095,0,0,0,0,0,0,0,0,0,1,0,0,0,0.015815280377864838,0.973597526550293,0.9577822461724281,0.7705748081207275,0.7829492688179016,0.3174368143081665,3,1,0.1666666666666666
data_095,0,0,0,0,0,0,0,0,0,1,0,0,0,0.08041993528604507,0.12821097671985626,0.04779104143381119,0.7112632989883423,0.671533465385437,0.3092969954013824,3,1,0.0
data_095,0,0,0,0,0,0,0,0,0,0,0,0,0,0.9929335117340088,0.9929335117340088,0.0,0.8273295760154724,0.7243934273719788,0.5121850967407227,3,1,0.0
data_095,0,0,0,0,0,0,0,0,0,0,0,0,0,0.005810099188238382,0.005810099188238382,0.0,0.7520686984062195,0.67925626039505,0.8016822934150696,2,1,0.0
data_095,0,0,0,0,0,0,0,0,0,0,0,0,0,0.9259300827980042,0.9259300827980042,0.0,0.7947484850883484,0.4979067146778106,0.6388015151023865,1,1,0.0
data_095,0,0,0,0,0,0,0,0,0,1,1,0,0,0.03894372656941414,0.0536155141890049,0.01467178761959076,0.7837422490119934,0.7617046236991882,0.5985501408576965,3,1,0.0
data_095,0,0,0,0,0,0,0,0,0,1,0,0,0,0.10192913562059402,0.10192913562059402,0.0,0.7130758166313171,0.621307373046875,0.5276326537132263,1,1,0.0
data_095,0,0,0,0,0,0,0,0,0,0,0,0,0,0.9735211730003357,0.9735211730003357,0.0,0.7880073189735413,0.7877760529518127,0.2055897712707519,5,1,0.0
data_095,0,0,0,0,0,0,0,0,0,1,0,0,0,0.2742824852466583,0.7668110728263855,0.4925285875797272,0.8475394248962402,0.6770343780517578,0.8099377155303955,2,1,0.0
data_095,0,0,0,0,0,0,0,0,0,0,0,0,0,0.865382969379425,0.865382969379425,0.0,0.8007397651672363,0.7691376805305481,0.2063712179660797,5,1,0.0
data_095,0,0,0,0,0,0,0,0,0,0,0,0,0,0.9943493008613586,0.9943493008613586,0.0,0.86796635389328,0.6601454615592957,0.8062863349914551,2,1,0.0
data_095,0,0,0,0,0,0,0,0,0,1,1,0,0,0.5276032090187073,0.5276032090187073,0.0,0.7800060510635376,0.7249295711517334,0.5217244029045105,2,1,0.0
data_095,0,0,0,0,0,0,0,0,0,0,0,0,0,0.4413018524646759,0.4413018524646759,0.0,0.669279932975769,0.5757331252098083,0.5240544080734253,1,1,0.0
data_095,0,0,0,0,0,0,1,0,0,1,1,1,1,0.492061585187912,0.492061585187912,0.0,0.7683677673339844,0.7808432579040527,0.1129733622074127,5,1,0.1666666666666666
data_095,0,0,0,0,0,0,0,0,0,0,0,0,0,0.9960256814956665,0.9960256814956665,0.0,0.9229407906532288,0.7674070000648499,0.7056751251220703,7,1,0.0
data_095,0,0,0,0,0,0,1,0,0,1,1,0,0,0.48367297649383545,0.48367297649383545,0.0,0.7196519374847412,0.6146688461303711,0.6180267930030823,1,1,0.0
data_095,0,0,0,0,0,0,0,0,0,0,1,0,0,0.8085668683052063,0.8085668683052063,0.0,0.8711397647857666,0.7867674231529236,0.6167550086975098,5,1,0.0
data_096,0,0,0,0,0,0,0,0,0,0,0,0,0,0.7166364192962646,0.014424745924770832,-0.7022116733714938,0.7631857395172119,0.8216745853424072,0.196357250213623,8,1,0.4285714285714285
data_096,0,0,0,0,0,0,1,0,1,1,1,0,0,0.9758527874946594,0.9758527874946594,0.0,0.8173701763153076,0.7855498790740967,0.4114331603050232,7,1,0.0
data_096,0,0,0,0,0,0,0,0,0,0,0,0,0,0.04673581197857857,0.32354456186294556,0.276808749884367,0.7641669511795044,0.6587015986442566,0.4186221659183502,3,1,0.0
data_096,0,0,0,0,0,0,0,0,0,1,0,0,0,0.6756092309951782,0.8839595317840576,0.2083503007888794,0.7309223413467407,0.7763805389404297,0.2929272055625915,8,1,0.4285714285714285
data_096,0,0,0,0,0,0,0,0,0,1,1,0,0,0.3791395127773285,0.3791395127773285,0.0,0.7561248540878296,0.726073682308197,0.6042938232421875,8,1,0.0
data_096,0,0,0,0,0,0,0,0,0,0,0,0,0,0.8718031048774719,0.8718031048774719,0.0,0.7830696105957031,0.655639111995697,0.3224243223667145,2,1,0.0
data_096,0,0,0,0,0,0,0,0,0,0,0,0,0,0.9982763528823853,0.9982763528823853,0.0,0.8331435918807983,0.8528071045875549,0.301580011844635,8,1,0.1428571428571428
data_096,0,0,0,0,0,0,0,0,0,0,0,0,0,0.9940462112426758,0.8933291435241699,-0.10071706771850586,0.7721970081329346,0.7902573347091675,0.2051314711570739,7,1,0.1428571428571428
data_096,0,0,0,0,0,0,0,0,0,0,0,0,0,0.9505765438079834,0.9505765438079834,0.0,0.8850162029266357,0.7511982321739197,0.4131157100200653,7,1,0.0
data_096,0,0,0,0,0,0,0,0,0,1,0,0,0,0.9702200293540955,0.2393394559621811,-0.7308805733919144,0.6966503858566284,0.7603294253349304,0.1984812915325164,4,1,0.4285714285714285
data_096,0,0,0,0,0,0,0,0,0,1,0,0,0,0.10543455183506012,0.9666641354560852,0.8612295836210251,0.5874488949775696,0.6613689064979553,0.0,1,0,0.5714285714285714
data_096,1,1,1,1,0,1,1,1,0,1,1,1,1,0.47958534955978394,0.0005160252330824733,-0.47906932432670146,0.5434755682945251,0.6562623381614685,0.0943803042173385,1,0,0.4285714285714285
data_096,0,0,0,0,0,0,0,0,0,1,1,0,0,0.9688188433647156,0.9931723475456238,0.024353504180908203,0.700556755065918,0.6679805517196655,0.3110938668251037,3,1,0.0
data_096,0,0,0,0,0,0,0,0,0,0,0,0,0,0.9921999573707581,0.9921999573707581,0.0,0.8899903297424316,0.8033176064491272,0.1140178591012954,8,1,0.0
data_096,0,0,0,0,0,0,0,0,0,0,1,0,0,0.09498952329158783,0.9511350393295288,0.856145516037941,0.6514650583267212,0.7889610528945923,0.0,8,1,1.0
data_096,0,0,0,0,0,0,0,0,0,0,0,0,0,0.8369682431221008,0.8778479695320129,0.04087972640991211,0.8704851865768433,0.8432812094688416,0.3020207285881042,8,1,0.0
data_096,0,0,0,1,0,1,1,1,0,1,1,1,0,0.6672730445861816,0.7986863851547241,0.13141334056854248,0.8493242263793945,0.8750678300857544,0.2987104058265686,8,1,0.1428571428571428
data_096,0,0,0,0,0,0,0,0,0,0,0,0,0,0.968049168586731,0.968049168586731,0.0,0.7761427760124207,0.7613905072212219,0.5011160373687744,6,1,0.0
data_097,0,0,0,0,0,0,0,0,0,0,0,0,0,0.01162695325911045,0.031345613300800323,0.019718660041689873,0.7455347776412964,0.7463682293891907,0.1042230501770973,7,1,0.1666666666666666
data_097,0,0,0,0,0,0,0,0,0,0,0,0,0,0.000865879759658128,0.3963095545768738,0.39544367481721565,0.7612367272377014,0.7520251870155334,0.2087272703647613,6,1,0.0
data_097,0,0,0,0,0,0,0,0,0,1,1,1,0,0.43506675958633423,0.9969658255577087,0.5618990659713745,0.7374982833862305,0.7281319499015808,0.2093582302331924,4,1,0.0
data_097,1,1,1,0,1,1,1,1,1,1,1,1,1,0.3299543857574463,0.285320520401001,-0.04463386535644531,0.6486392021179199,0.8517995476722717,0.0912575051188469,3,0,0.5
data_097,0,0,1,0,0,1,1,1,0,1,1,1,1,0.02875480242073536,0.014183682389557362,-0.014571120031177998,0.6605620980262756,0.6937666535377502,0.3009698092937469,2,1,0.1666666666666666
data_097,1,1,1,1,1,1,1,1,1,1,1,1,1,0.012204601429402828,0.5553426742553711,0.5431380728259683,0.6075478792190552,0.7595529556274414,0.0,2,0,0.5
data_097,0,0,0,0,0,0,1,0,0,0,1,0,0,0.08546850830316544,0.8345873951911926,0.7491188868880272,0.7984493970870972,0.7295698523521423,0.5102008581161499,4,1,0.0
data_097,0,0,0,0,0,0,0,0,0,0,0,0,0,0.7388365268707275,0.7388365268707275,0.0,0.7696450352668762,0.710562527179718,0.7037140727043152,6,1,0.0
data_097,1,1,1,1,1,1,1,1,1,1,1,1,1,0.015373911708593369,0.9958420395851135,0.9804681278765202,0.6288135647773743,0.7836155891418457,0.0,3,0,0.6666666666666666
data_097,1,1,1,1,1,1,1,1,1,1,1,1,1,0.001034961431287229,0.019391043111681938,0.01835608168039471,0.6827784180641174,0.6562258005142212,0.110268048942089,2,1,0.0
data_097,1,1,1,1,1,1,1,1,1,1,1,1,1,0.020409949123859406,0.023609258234500885,0.0031993091106414795,0.6091471910476685,0.8849524855613708,0.4711429476737976,1,0,0.1666666666666666
data_097,0,0,0,0,0,0,0,0,0,1,0,0,0,0.8086169362068176,0.43157896399497986,-0.37703797221183777,0.8313368558883667,0.7862417697906494,0.2101899981498718,3,1,0.0
data_097,0,0,0,0,0,0,0,0,0,0,0,0,0,0.38659703731536865,0.38659703731536865,0.0,0.7326474189758301,0.6684051752090454,0.2115482836961746,3,1,0.0
data_098,0,0,1,0,0,1,1,0,0,1,1,1,0,0.007982386276125908,0.11081580072641373,0.10283341445028782,0.6868376135826111,0.776043176651001,0.1969978362321853,4,1,0.1818181818181818
data_098,0,0,0,0,0,0,0,0,0,0,0,0,0,0.03314496949315071,0.052404433488845825,0.019259463995695114,0.8151156902313232,0.7520568370819092,0.2195561528205871,8,1,0.0
data_098,0,0,1,1,0,1,1,0,0,1,1,0,0,0.041829127818346024,0.8142843246459961,0.7724551968276501,0.7474398612976074,0.7609730362892151,0.2023465782403946,10,1,0.1818181818181818
data_098,0,0,0,0,0,0,0,0,0,0,0,0,0,0.10162721574306488,0.24646802246570587,0.144840806722641,0.8754666447639465,0.7875890135765076,0.2231890112161636,8,1,0.0
data_098,0,0,0,0,0,0,1,0,0,1,1,0,0,0.17107319831848145,0.06960861384868622,-0.10146458446979523,0.7141254544258118,0.6897225975990295,0.2034936398267746,3,1,0.0
data_098,0,0,0,0,0,0,0,0,0,0,0,0,0,0.3333906829357147,0.3333906829357147,0.0,0.8058268427848816,0.619967520236969,0.5278587341308594,1,1,0.0
data_098,1,0,0,0,0,1,0,0,0,1,1,0,0,0.016881141811609268,0.016881141811609268,0.0,0.7507086396217346,0.8060857057571411,0.6071678400039673,3,1,0.0909090909090909
data_098,0,0,0,0,0,0,0,0,0,1,0,0,0,0.7907911539077759,0.7907911539077759,0.0,0.7107845544815063,0.6720994710922241,0.3073710203170776,2,1,0.0
data_098,0,0,0,0,0,0,0,0,0,0,0,0,0,0.35630688071250916,0.1661408543586731,-0.19016602635383606,0.698311984539032,0.6857466697692871,0.3055379390716553,4,1,0.0
data_098,0,0,0,0,0,1,1,1,0,1,1,1,0,0.020329046994447708,0.015471972525119781,-0.004857074469327927,0.7561901211738586,0.7463404536247253,0.4014526009559631,7,1,0.0
data_098,0,1,1,1,0,1,1,1,0,1,1,1,0,0.9881062507629395,0.9326549172401428,-0.05545133352279663,0.6287155747413635,0.7354748249053955,0.2934302389621734,1,0,0.0909090909090909
data_098,0,0,0,0,0,0,0,0,0,0,0,0,0,0.9869430065155029,0.9869430065155029,0.0,0.8083703517913818,0.7559324502944946,0.1213437020778656,2,1,0.0
data_098,0,0,0,0,0,0,0,0,0,0,0,0,0,0.942859947681427,0.942859947681427,0.0,0.8436324000358582,0.668416440486908,0.8107165694236755,2,1,0.0
data_098,0,0,0,0,0,0,0,0,0,0,0,0,0,0.9780005216598511,0.9780005216598511,0.0,0.8333003520965576,0.5859719514846802,0.8197014927864075,1,1,0.0
data_098,0,0,0,0,0,1,0,0,0,1,0,0,0,0.618367612361908,0.47581684589385986,-0.1425507664680481,0.7708178162574768,0.705932080745697,0.5140286684036255,2,1,0.0
data_098,0,0,0,0,0,0,0,0,0,0,0,0,0,0.6379649639129639,0.89309161901474,0.2551266551017761,0.7161005139350891,0.7054413557052612,0.2097344696521759,4,1,0.0
data_098,0,0,0,0,0,0,0,0,0,0,0,0,0,0.34813034534454346,0.6588265895843506,0.31069624423980713,0.7319298982620239,0.8082532286643982,0.3034338355064392,4,1,0.1818181818181818
data_098,0,0,0,0,0,0,0,0,0,1,0,0,0,0.7372680902481079,0.986943244934082,0.24967515468597412,0.6990903615951538,0.7456311583518982,0.2941204905509949,7,1,0.1818181818181818
data_098,0,0,0,0,0,0,0,0,0,1,0,0,0,0.9881802797317505,0.9881802797317505,0.0,0.8532664775848389,0.7489433884620667,0.4327764213085174,6,1,0.0
data_098,0,0,1,0,0,1,1,0,0,1,1,0,0,0.3788672387599945,0.3788672387599945,0.0,0.719417929649353,0.628420352935791,0.3268603384494781,1,1,0.0
data_098,0,0,0,0,0,0,0,0,0,1,0,0,0,0.7685043215751648,0.7685043215751648,0.0,0.8160961270332336,0.5717574954032898,0.8327725529670715,1,1,0.0
data_098,0,0,0,0,0,0,0,0,0,1,1,0,0,0.18702979385852814,0.18702979385852814,0.0,0.7447277307510376,0.6118923425674438,0.4319040179252624,1,1,0.0
data_099,0,0,0,0,0,0,0,0,0,0,0,0,0,0.7012161016464233,0.9680444002151489,0.2668282985687256,0.6996809244155884,0.7244844436645508,0.2031603753566742,4,1,0.0952380952380952
data_099,0,0,0,0,0,0,0,0,0,0,0,0,0,0.6297487616539001,0.9602913856506348,0.3305426239967346,0.7235479950904846,0.7425335645675659,0.1052781715989112,6,1,0.0476190476190476
data_099,0,0,0,0,0,0,0,0,0,0,0,0,0,0.9085522890090942,0.9975377321243286,0.08898544311523438,0.223562866449356,0.8044629693031311,0.0,11,0,0.8571428571428571
data_099,0,0,0,0,0,0,0,0,0,0,0,0,0,0.5651873350143433,0.79152512550354,0.22633779048919678,0.2151457220315933,0.7475535273551941,0.0,3,0,1.0
data_099,0,0,0,0,0,0,0,0,0,0,0,0,0,0.217560812830925,0.1029883325099945,-0.11457248032093048,0.7275844216346741,0.7752927541732788,0.2076776325702667,3,1,0.0476190476190476
data_099,0,0,0,0,0,0,0,0,0,0,0,0,0,0.463442862033844,0.9856711030006409,0.5222282409667969,0.6660635471343994,0.8081713318824768,0.0,7,1,0.238095238095238
data_099,0,0,0,0,0,0,0,0,0,1,1,1,0,0.38201797008514404,0.8848716616630554,0.5028536915779114,0.7043424844741821,0.7890551090240479,0.1993979066610336,7,1,0.1428571428571428
data_099,0,0,0,0,0,0,0,0,0,1,0,0,0,0.7812430262565613,0.9834920763969421,0.20224905014038086,0.6721475720405579,0.6677834987640381,0.2013628333806991,4,1,0.0
data_099,1,1,1,1,1,1,1,1,1,1,1,1,1,0.005973437801003456,0.010860981419682503,0.004887543618679047,0.6781612038612366,0.7858120799064636,0.0968270823359489,7,1,0.238095238095238
data_099,1,1,1,1,1,1,1,1,1,1,1,1,1,0.9822791814804077,0.9972960352897644,0.01501685380935669,0.5658120512962341,0.784259557723999,0.0,7,0,0.5238095238095238
data_099,0,0,0,0,0,0,0,0,0,0,0,0,0,0.736974835395813,0.825945258140564,0.08897042274475098,0.781174898147583,0.68570476770401,0.5243515372276306,4,1,0.0
data_099,0,0,0,0,0,0,0,0,0,0,0,0,0,0.9830727577209473,0.9839926362037659,0.0009198784828186035,0.7798058986663818,0.6488341093063354,0.6154394149780273,1,1,0.0
data_099,1,0,1,1,0,1,1,1,1,1,1,1,1,0.5479718446731567,0.9391240477561951,0.39115220308303833,0.5473618507385254,0.7640666365623474,0.0,10,0,0.6666666666666666
data_100,0,0,0,0,0,0,0,0,0,0,0,0,0,0.9495843052864075,0.9926010966300964,0.043016791343688965,0.7556053996086121,0.8045450448989868,0.1059676334261894,6,1,0.1666666666666666
data_100,0,0,0,0,0,0,0,0,0,0,0,0,0,0.6597503423690796,0.6597503423690796,0.0,0.8076131939888,0.6050799489021301,0.2349355965852737,1,1,0.0
data_100,0,0,0,0,0,0,0,0,0,0,0,0,0,0.8554304242134094,0.34632977843284607,-0.5091006457805634,0.7336565852165222,0.7371674180030823,0.1076284646987915,5,1,0.0833333333333333
data_100,0,0,0,0,0,0,0,0,0,0,0,0,0,0.9942424893379211,0.9942424893379211,0.0,0.8168514966964722,0.6106044054031372,0.1428559869527816,1,1,0.0
data_100,0,0,0,0,0,0,0,0,0,0,0,0,0,0.7395567297935486,0.9926026463508606,0.253045916557312,0.6393609642982483,0.5879213809967041,0.4037999808788299,0,0,0.0
data_100,0,0,0,0,0,0,0,0,0,1,0,1,0,0.015139607712626457,0.30949878692626953,0.2943591792136431,0.6472801566123962,0.723540186882019,0.2898925244808197,3,0,0.3333333333333333
data_100,1,1,1,1,1,1,1,1,1,1,1,1,1,0.125469371676445,0.17768149077892303,0.05221211910247803,0.71048504114151,0.6752015948295593,0.3275052607059479,2,1,0.0
data_100,0,0,0,0,0,0,0,0,0,0,0,0,0,0.04159383103251457,0.10155590623617172,0.05996207520365715,0.7725645899772644,0.6276965141296387,0.321044772863388,1,1,0.0
data_100,0,0,0,0,0,0,0,0,0,0,1,0,0,0.9936268329620361,0.9805929660797119,-0.013033866882324219,0.8357787728309631,0.6922347545623779,0.2328508645296096,2,1,0.0
data_100,0,0,0,0,0,0,0,0,0,0,0,0,0,0.5399038791656494,0.5593481659889221,0.019444286823272705,0.7961439490318298,0.7311103343963623,0.2167165428400039,3,1,0.0
data_100,0,0,0,0,0,0,0,0,0,0,0,0,0,0.941091775894165,0.941091775894165,0.0,0.8960844278335571,0.7035004496574402,0.6131510138511658,6,1,0.0
data_100,0,0,0,0,0,0,0,0,0,0,0,0,0,0.9146853089332581,0.9146853089332581,0.0,0.7448253035545349,0.5585758090019226,0.1373611390590667,1,1,0.0
data_100,1,0,0,0,0,1,0,0,0,1,1,0,0,0.7103550434112549,0.9849608540534973,0.27460581064224243,0.6919037103652954,0.690060555934906,0.2099938988685608,5,1,0.0
data_100,0,0,0,0,0,0,0,0,0,0,0,0,0,0.2104695588350296,0.9596921801567078,0.7492226213216782,0.9601559638977052,0.7311393022537231,0.3252171874046325,2,1,0.0
data_100,0,0,0,0,0,0,0,0,0,0,0,0,0,0.09256027638912201,0.09256027638912201,0.0,0.7797510027885437,0.577926516532898,0.4301544725894928,1,1,0.0
data_100,0,0,0,0,0,0,0,0,0,0,0,0,0,0.9973968267440796,0.9973968267440796,0.0,0.881117045879364,0.7194740176200867,0.1299750655889511,5,1,0.0
data_100,0,0,0,0,0,0,0,0,0,0,0,0,0,0.9917643666267395,0.9917643666267395,0.0,0.8772872090339661,0.6043620109558105,0.2396174371242523,1,1,0.0
data_100,0,0,0,0,0,0,0,0,0,0,0,1,0,0.9943513870239258,0.9943513870239258,0.0,0.7897863984107971,0.6212468147277832,0.1278099566698074,1,1,0.0
data_101,0,0,0,0,0,0,0,0,0,1,1,0,0,0.004054085351526737,0.26183539628982544,0.2577813109382987,0.6775626540184021,0.6433216333389282,0.518056333065033,1,1,0.0
data_101,0,0,0,0,0,0,0,0,0,0,0,0,0,0.9877507090568542,0.9877507090568542,0.0,0.8552200198173523,0.6145476698875427,0.2585876286029815,1,1,0.0
data_101,0,0,0,0,0,1,0,0,0,1,0,0,0,0.10168125480413437,0.789417028427124,0.6877357736229897,0.5771214962005615,0.6839925050735474,0.1007495447993278,1,0,0.1428571428571428
data_101,0,0,0,0,0,0,0,0,0,0,0,0,0,0.8713223338127136,0.8713223338127136,0.0,0.8281248211860657,0.6677402853965759,0.4286931157112121,2,1,0.0
data_101,0,0,0,0,0,0,1,0,0,1,1,0,0,0.9282642602920532,0.9282642602920532,0.0,0.8245502710342407,0.6870535612106323,0.3158962726593017,3,1,0.0
data_101,0,0,0,0,0,0,0,0,0,0,0,0,0,0.9595076441764832,0.9595076441764832,0.0,0.9004234671592712,0.6185598969459534,0.1547915190458297,1,1,0.0
data_101,0,0,0,0,0,0,0,0,0,0,0,0,0,0.16414344310760498,0.16414344310760498,0.0,0.744381308555603,0.5627073645591736,0.2461885511875152,1,1,0.0
data_101,0,0,0,0,0,0,0,0,0,0,0,0,0,0.043229442089796066,0.018202580511569977,-0.02502686157822609,0.8879343271255493,0.8277016282081604,0.2121866941452026,7,1,0.0
data_101,0,0,0,0,0,0,0,0,0,1,0,0,0,0.29601389169692993,0.29601389169692993,0.0,0.872349739074707,0.7225545644760132,1.0,3,1,0.0
data_101,1,0,0,0,0,0,0,0,0,1,1,1,0,0.9965465664863586,0.9965465664863586,0.0,0.7801945805549622,0.7023212313652039,0.8089697957038879,2,1,0.0
data_101,0,0,0,0,0,0,0,0,0,0,0,0,0,0.12588384747505188,0.02793506532907486,-0.09794878214597702,0.685350775718689,0.8128678202629089,0.2796901762485504,5,1,0.2142857142857142
data_101,0,0,0,0,0,0,0,0,0,1,0,0,0,0.056372758001089096,0.1579020619392395,0.1015293039381504,0.7317463755607605,0.7236114740371704,0.1067489460110664,6,1,0.0
data_101,0,0,0,0,0,0,0,0,0,0,0,0,0,0.8224377036094666,0.8224377036094666,0.0,0.6351203918457031,0.5804637670516968,0.3181288242340088,0,0,0.0
data_101,0,0,0,0,0,0,0,0,0,0,0,0,0,0.9144368171691895,0.9144368171691895,0.0,0.665876030921936,0.6104360222816467,0.2086276561021804,1,1,0.0
data_101,1,1,1,1,0,1,1,1,0,1,1,1,0,0.03329423442482948,0.0585508868098259,0.025256652384996414,0.5805267691612244,0.7051982879638672,0.1877430826425552,2,0,0.1428571428571428
data_101,1,0,0,0,0,0,0,1,0,1,1,1,1,0.044356271624565125,0.9471122026443481,0.902755931019783,0.5226479768753052,0.8052825927734375,0.0,10,0,0.8571428571428571
data_101,0,0,0,0,0,0,0,0,0,1,0,0,0,0.5507256388664246,0.31530606746673584,-0.23541957139968872,0.5250983238220215,0.6553994417190552,0.0,1,0,0.6428571428571429
data_101,0,0,0,0,0,0,0,0,0,1,0,0,0,0.5407986044883728,0.5407986044883728,0.0,0.664761483669281,0.5723052620887756,0.2263757288455963,1,1,0.0
data_101,0,0,0,0,0,0,0,0,0,0,0,0,0,0.6038010716438293,0.6038010716438293,0.0,0.7249332070350647,0.7716299295425415,0.2097694873809814,3,1,0.0714285714285714
data_101,0,0,0,0,0,0,0,0,0,0,0,0,0,0.14474442601203918,0.994929850101471,0.8501854240894318,0.68783038854599,0.8229214549064636,0.097249649465084,8,1,0.2857142857142857
data_101,1,1,1,1,1,1,1,1,1,1,1,1,1,0.002723485231399536,0.3438802659511566,0.3411567807197571,0.6036238670349121,0.7900584936141968,0.0,3,0,0.3571428571428571
data_101,1,1,1,1,1,1,1,1,1,1,1,1,1,0.034710440784692764,0.01340534258633852,-0.021305098198354244,0.6637444496154785,0.7430658340454102,0.0966143384575843,7,1,0.4285714285714285
data_102,1,0,1,1,0,1,0,0,0,1,1,0,0,0.19348546862602234,0.24499265849590302,0.051507189869880676,0.4665225148200989,0.7399574518203735,0.0,5,0,1.0
data_102,0,0,0,0,0,0,0,0,0,1,1,0,0,0.3609698712825775,0.9341859817504883,0.5732161104679108,0.434711754322052,0.7632110118865967,0.0,2,0,1.0
data_102,0,0,0,0,0,0,0,0,0,0,0,0,0,0.20378436148166656,0.918536365032196,0.7147520035505295,0.5424976348876953,0.784774899482727,0.0,4,0,1.0
data_102,0,0,0,0,0,0,0,0,0,0,0,0,0,0.668242335319519,0.668242335319519,0.0,0.7374732494354248,0.6020013689994812,0.4270259737968445,1,1,0.0
data_102,0,0,0,0,0,1,0,0,0,1,1,0,0,0.05582864582538605,0.2067604959011078,0.15093185007572174,0.7208147644996643,0.7090983986854553,0.2066248059272766,4,1,0.0
data_102,0,0,0,0,0,0,0,0,0,1,0,0,0,0.051009297370910645,0.051009297370910645,0.0,0.63042813539505,0.5660996437072754,0.3155031204223633,0,0,0.0
data_102,0,0,0,0,0,0,0,0,0,0,0,0,0,0.8969639539718628,0.8969639539718628,0.0,0.910638689994812,0.717128574848175,0.9028841257095336,2,1,0.0
data_102,0,0,0,0,0,0,0,0,0,1,0,0,0,0.9970622658729553,0.9970622658729553,0.0,0.8498737215995789,0.6438738703727722,0.9099794626235962,1,1,0.0
data_102,0,0,0,0,0,0,0,0,0,0,0,0,0,0.9962719678878784,0.9962719678878784,0.0,0.8083690404891968,0.7057352662086487,0.7109444737434387,3,1,0.0
data_102,0,0,0,0,0,0,0,0,0,0,0,0,0,0.028963444754481316,0.028963444754481316,0.0,0.8301771879196167,0.5066643953323364,1.0,1,1,0.0
data_102,0,0,0,0,0,0,0,0,0,1,0,0,0,0.9320995807647705,0.7398182153701782,-0.19228136539459229,0.7778322696685791,0.7825526595115662,0.2025694847106933,5,1,0.1428571428571428
data_102,0,0,0,0,0,0,0,0,0,0,0,0,0,0.23535090684890747,0.8236162662506104,0.5882653594017029,0.7318233251571655,0.6597228050231934,0.4104062616825104,2,1,0.0
data_102,0,0,0,0,0,0,0,0,0,1,0,0,0,0.23367737233638763,0.8582379221916199,0.6245605498552322,0.8318192958831787,0.7166508436203003,0.420139342546463,4,1,0.0
data_102,0,0,0,0,0,0,0,0,0,0,0,0,0,0.2102871835231781,0.7505265474319458,0.5402393639087677,0.8212549090385437,0.6837313771247864,0.319631963968277,3,1,0.0
data_102,0,0,0,0,0,0,0,0,0,0,0,0,0,0.8714036345481873,0.8714036345481873,0.0,0.8004087805747986,0.6720020174980164,0.4323619604110718,3,1,0.0
data_103,0,0,0,0,0,0,0,0,0,1,0,0,0,0.969792366027832,0.969792366027832,0.0,0.6268169283866882,0.6355661153793335,0.8001061677932739,0,0,0.0384615384615384
data_103,0,0,0,0,0,0,0,0,0,0,0,0,0,0.9464812278747559,0.9464812278747559,0.0,0.7417570352554321,0.6907097101211548,0.5165383219718933,6,1,0.0
data_103,0,0,0,0,0,0,0,0,0,0,0,0,0,0.9992844462394714,0.9992114305496216,-7.301568984985352e-05,0.775677502155304,0.7601867914199829,0.3983089625835418,3,1,0.0
data_103,0,0,0,0,0,0,0,0,0,0,0,0,0,0.9974024891853333,0.9974024891853333,0.0,0.6828319430351257,0.6689196228981018,0.2987459599971771,2,1,0.0
data_103,0,0,0,0,0,0,0,0,0,0,0,0,0,0.7717897295951843,0.8557682037353516,0.08397847414016724,0.6650678515434265,0.7015632390975952,0.3972564041614532,2,1,0.0384615384615384
data_103,1,1,1,0,0,1,1,0,0,1,1,1,0,0.0022042973432689905,0.8685961365699768,0.8663918392267078,0.7042760848999023,0.6621028780937195,0.8961791396141052,2,1,0.0
data_103,0,0,0,0,0,0,0,0,0,1,1,0,0,0.36449718475341797,0.8644222021102905,0.49992501735687256,0.5842181444168091,0.6795975565910339,0.0,2,0,0.1923076923076923
data_103,0,0,0,0,0,0,0,0,0,0,0,0,0,0.7708677053451538,0.7708677053451538,0.0,0.7222765684127808,0.7107747793197632,0.4093819856643677,3,1,0.0
data_103,0,0,0,0,0,0,0,0,0,0,0,0,0,0.9965431094169617,0.9965431094169617,0.0,0.6980175971984863,0.6348033547401428,0.3109629452228546,1,1,0.0
data_103,0,0,0,0,0,0,0,0,0,0,0,0,0,0.27505430579185486,0.27505430579185486,0.0,0.7052015662193298,0.5800338387489319,0.2250908613204956,1,1,0.0
data_103,0,0,0,0,0,0,0,0,0,1,1,0,0,0.6385337114334106,0.6385337114334106,0.0,0.6423604488372803,0.638063907623291,0.2148489654064178,0,0,0.0
data_103,0,0,0,0,1,0,0,0,1,1,1,1,1,0.21976058185100555,0.21976058185100555,0.0,0.7528331279754639,0.6671866774559021,0.3242076933383941,2,1,0.0
data_103,0,0,0,0,0,0,0,0,0,0,0,0,0,0.9356803297996521,0.9356803297996521,0.0,0.7027270197868347,0.6341190338134766,0.5224494338035583,1,1,0.0
data_103,0,0,0,0,0,0,0,0,0,0,0,0,0,0.8892282843589783,0.997982382774353,0.10875409841537476,0.6322301030158997,0.6747063994407654,0.2932512462139129,1,0,0.0384615384615384
data_103,0,0,0,0,0,0,1,0,0,1,1,0,0,0.17862141132354736,0.36868372559547424,0.19006231427192688,0.6966481804847717,0.7046969532966614,0.2025933712720871,6,1,0.0384615384615384
data_103,0,0,0,0,0,0,0,0,0,0,0,0,0,0.34721291065216064,0.34721291065216064,0.0,0.6943039894104004,0.6659009456634521,0.2144989222288131,2,1,0.0
data_103,0,0,0,0,0,0,0,0,0,1,0,0,0,0.035764120519161224,0.035764120519161224,0.0,0.8283430337905884,0.7263514399528503,0.8997370004653931,2,1,0.0
data_104,0,0,0,0,0,0,0,0,0,0,0,0,0,0.29643529653549194,0.09107988327741623,-0.20535541325807571,0.8526855111122131,0.6669796109199524,0.5101574659347534,3,1,0.0
data_104,0,0,0,0,0,0,0,0,0,0,0,0,0,0.05149155855178833,0.05149155855178833,0.0,0.8057421445846558,0.6239222288131714,0.7261659502983093,1,1,0.0
data_104,0,0,0,0,0,0,0,0,0,0,0,0,0,0.0009519861778244376,0.0066210683435201645,0.005669082165695727,0.6221712827682495,0.6249671578407288,0.4070910513401031,0,0,0.0526315789473684
data_104,0,0,0,0,0,0,0,0,0,0,0,0,0,0.9917110204696655,0.9917110204696655,0.0,0.8028610348701477,0.7382378578186035,0.6139500737190247,2,1,0.0
data_104,1,1,0,0,0,1,1,0,0,1,1,1,0,0.9257831573486328,0.9257831573486328,0.0,0.6958507299423218,0.6834259033203125,0.4098650813102722,3,1,0.0
data_104,1,1,1,1,0,1,1,0,0,1,1,1,0,0.11923306435346603,0.11923306435346603,0.0,0.7745857238769531,0.7358250617980957,0.4149946570396423,7,1,0.0
data_104,0,0,0,0,0,0,0,0,0,0,1,0,0,0.07841214537620544,0.07841214537620544,0.0,0.9239912629127502,0.7115281224250793,0.3442867994308471,3,1,0.0
data_104,0,0,0,0,0,0,0,0,0,0,0,0,0,0.013654624111950397,0.013654624111950397,0.0,0.8000208735466003,0.7576724290847778,0.4051355421543121,2,1,0.0
data_104,0,0,0,0,0,0,0,0,0,0,0,0,0,0.9418407082557678,0.9418407082557678,0.0,0.7357963919639587,0.7459604144096375,0.2239299565553665,2,1,0.0526315789473684
data_104,0,0,0,0,0,0,0,0,0,0,0,0,0,0.24009662866592407,0.15329021215438843,-0.08680641651153564,0.7035627365112305,0.6091957688331604,0.2220972329378128,1,1,0.0
data_104,0,0,0,0,0,0,0,0,0,0,0,0,0,0.657556414604187,0.6001218557357788,-0.0574345588684082,0.678779661655426,0.6895535588264465,0.2077056318521499,3,1,0.0526315789473684
data_104,0,0,0,0,0,0,0,0,0,0,0,0,0,0.9700722098350525,0.09622566401958466,-0.8738465458154678,0.6943292617797852,0.721366286277771,0.1050197705626487,3,1,0.0526315789473684
data_105,0,0,0,0,0,0,0,0,0,0,0,0,0,0.9631769061088562,0.9631769061088562,0.0,0.7593653202056885,0.7375680208206177,0.3601689040660858,2,1,0.0
data_105,0,0,0,0,0,1,0,0,0,1,0,0,0,0.9840573668479919,0.8592626452445984,-0.12479472160339355,0.8754618167877197,0.7441138029098511,0.1221407800912857,6,1,0.0
data_105,0,0,0,0,0,0,0,0,0,0,0,0,0,0.7260745763778687,0.1205473318696022,-0.6055272445082664,0.6463059782981873,0.7369168996810913,0.2930784523487091,4,0,0.5714285714285714
data_105,0,0,0,0,0,0,0,0,0,0,0,0,0,0.9647660255432129,0.9647660255432129,0.0,0.859033465385437,0.6745368838310242,0.3293552696704864,4,1,0.0
data_105,0,0,0,0,0,0,0,0,0,1,0,0,0,0.3671603500843048,0.9947327375411987,0.6275723874568939,0.6589656472206116,0.6758052110671997,0.3089887797832489,2,1,0.1428571428571428
data_105,0,0,0,0,0,0,0,0,0,0,0,0,0,0.4109565019607544,0.4109565019607544,0.0,0.863547146320343,0.7219228148460388,0.6188981533050537,4,1,0.0
data_105,0,0,0,0,0,0,0,0,0,1,0,0,0,0.6991158723831177,0.035059478133916855,-0.6640563942492008,0.6387202739715576,0.6456806659698486,0.2041856348514557,0,0,0.1428571428571428
data_105,0,0,0,0,0,0,0,0,0,0,0,0,0,0.9814210534095764,0.9814210534095764,0.0,0.8441718816757202,0.5291398167610168,0.7348929047584534,1,1,0.0
data_105,0,0,0,0,0,0,1,0,0,0,1,0,0,0.917559027671814,0.917559027671814,0.0,0.9352766871452332,0.749448299407959,0.1351086795330047,4,1,0.0
data_105,0,0,0,0,0,0,0,0,0,0,0,0,0,0.9452046155929565,0.9452046155929565,0.0,0.814582109451294,0.77132648229599,0.5032532215118408,4,1,0.0
data_105,0,0,0,0,0,0,0,0,0,0,0,0,0,0.9940326809883118,0.9940326809883118,0.0,0.8401056528091431,0.6895596981048584,0.4168940484523773,3,1,0.0
data_105,0,0,0,0,0,0,1,0,0,1,1,1,0,0.49432364106178284,0.8644465208053589,0.37012287974357605,0.7607648968696594,0.8123424649238586,0.3021979928016662,4,1,0.1428571428571428
data_105,1,0,0,0,0,0,0,0,0,0,0,0,0,0.9884259700775146,0.9884259700775146,0.0,0.8944178223609924,0.807121217250824,0.2215510457754135,5,1,0.0
data_105,0,0,0,0,0,0,0,0,0,0,0,0,0,0.9967759251594543,0.9967759251594543,0.0,0.7221385836601257,0.7356913089752197,0.1115172132849693,3,1,0.1428571428571428
data_105,0,0,1,0,0,1,1,0,0,1,1,1,0,0.07917091250419617,0.12794481217861176,0.04877389967441559,0.6195813417434692,0.7542800903320312,0.1016167923808097,2,0,0.2857142857142857
data_105,0,0,0,0,0,0,0,0,0,1,1,0,0,0.2480083853006363,0.840589702129364,0.5925813168287277,0.6601582765579224,0.6423875689506531,0.6025280952453613,1,1,0.0
data_105,0,0,0,0,0,0,0,0,0,0,0,0,0,0.9923213124275208,0.9923213124275208,0.0,0.8720781803131104,0.777629554271698,0.5181663632392883,4,1,0.0
data_105,0,0,0,0,0,1,1,0,0,1,1,1,0,0.14917241036891937,0.9795763492584229,0.8304039388895035,0.7950170040130615,0.7229140400886536,0.1194749996066093,3,1,0.0
data_105,0,0,0,0,0,0,0,0,0,0,0,0,0,0.37843844294548035,0.37843844294548035,0.0,0.7812609672546387,0.6189340353012085,0.3335679769515991,1,1,0.0
data_105,0,0,0,0,0,0,0,0,0,1,0,0,0,0.3979807496070862,0.2303321808576584,-0.1676485687494278,0.6439952254295349,0.6059211492538452,0.2182078063488006,0,0,0.0
data_106,0,0,0,0,0,0,0,0,0,0,0,0,0,0.06118762493133545,0.9116149544715881,0.8504273295402527,0.7338970303535461,0.7415915727615356,0.3979681730270386,3,1,0.1666666666666666
data_106,0,0,0,0,0,0,0,0,0,0,0,0,0,0.6076468825340271,0.8557730317115784,0.24812614917755127,0.8110408782958984,0.8359276056289673,0.4111256301403045,3,1,0.1666666666666666
data_106,0,0,0,0,0,0,0,0,0,1,1,0,0,0.7814449071884155,0.8555421829223633,0.07409727573394775,0.7130250930786133,0.7320844531059265,0.2966221570968628,3,1,0.3333333333333333
data_106,0,0,0,0,0,0,0,0,0,0,0,0,0,0.14146816730499268,0.14146816730499268,0.0,0.7065885663032532,0.6339980363845825,0.3166621923446655,1,1,0.0
data_106,0,0,0,0,0,0,0,0,0,1,0,0,0,0.29652854800224304,0.6573724746704102,0.3608439266681671,0.640169620513916,0.787795901298523,0.1878765076398849,2,0,0.3333333333333333
data_106,0,0,0,0,0,0,0,0,0,0,1,0,0,0.06157826632261276,0.06157826632261276,0.0,0.6513685584068298,0.6770245432853699,0.3056522011756897,2,1,0.1666666666666666
data_106,0,0,0,0,0,0,0,0,0,1,0,0,0,0.7586822509765625,0.7586822509765625,0.0,0.7029399871826172,0.6967642307281494,0.3150059282779693,2,1,0.0
data_106,0,0,0,0,0,0,0,0,0,0,0,0,0,0.07049219310283661,0.07049219310283661,0.0,0.7924507856369019,0.6898019313812256,0.8068059682846069,3,1,0.0
data_106,1,1,1,0,0,1,1,0,0,1,1,1,0,0.9374629855155945,0.4305533170700073,-0.5069096684455872,0.7303968667984009,0.7379040718078613,0.3982422649860382,4,1,0.3333333333333333
data_106,1,1,1,1,1,1,1,1,1,1,1,1,1,0.007525417022407055,0.003186995629221201,-0.004338421393185854,0.6688214540481567,0.6155012249946594,0.3258851170539856,1,1,0.0
data_106,1,0,0,0,0,1,1,0,0,1,1,1,0,0.006128134671598673,0.006128134671598673,0.0,0.5813104510307312,0.5209789872169495,0.7174211144447327,0,0,0.0
data_106,1,0,0,0,0,1,1,0,0,1,1,0,1,0.025037899613380432,0.14948369562625885,0.12444579601287842,0.6637885570526123,0.7530537843704224,0.3866209685802459,5,1,0.5
data_106,1,1,1,1,1,1,1,1,1,1,1,1,1,0.047150868922472,0.047150868922472,0.0,0.7203426957130432,0.708245038986206,0.7012659311294556,2,1,0.0
data_106,0,0,0,0,0,0,0,0,0,1,1,1,0,0.03791625797748566,0.03791625797748566,0.0,0.7698088884353638,0.6574876308441162,0.9052903056144714,2,1,0.0
data_107,0,0,0,0,0,0,0,0,0,1,0,0,0,0.12166237086057663,0.6862609386444092,0.5645985677838326,0.7692347168922424,0.6702128052711487,0.1251384764909744,2,1,0.0
data_107,0,0,0,0,0,0,0,0,0,0,0,0,0,0.6764217615127563,0.6764217615127563,0.0,0.6381672620773315,0.6139082312583923,0.2156949937343597,0,0,0.0
data_107,0,0,0,0,0,0,1,0,0,1,1,0,0,0.026011550799012184,0.2680217921733856,0.24201024137437344,0.696386456489563,0.6838710308074951,0.1133897453546524,2,1,0.0
data_107,0,0,0,0,0,0,0,0,0,0,0,0,0,0.9954627156257629,0.975179135799408,-0.02028357982635498,0.5840249061584473,0.602944552898407,0.1026788279414177,0,0,0.3333333333333333
data_107,0,0,0,0,0,0,0,0,0,1,1,0,0,0.10222075879573822,0.019039129838347435,-0.08318162895739079,0.6952880620956421,0.5801239609718323,0.4255708158016205,1,1,0.0
data_107,0,0,0,0,0,0,0,0,0,0,0,0,0,0.5983359813690186,0.9446659088134766,0.346329927444458,0.7475419044494629,0.6894407868385315,0.2272408008575439,2,1,0.0
data_107,0,0,0,0,0,1,0,0,0,1,0,0,0,0.3200000822544098,0.9728583097457886,0.6528582274913788,0.7660892605781555,0.7024789452552795,0.1194518581032753,4,1,0.0
data_107,1,0,1,0,0,0,1,0,0,1,1,0,1,0.10097768902778625,0.45206376910209656,0.3510860800743103,0.6737496852874756,0.6993463039398193,0.1007402241230011,6,1,0.4444444444444444
data_107,0,0,0,0,0,0,0,0,0,0,0,0,0,0.9933156371116638,0.9933156371116638,0.0,0.5813062787055969,0.5732128024101257,0.3022853434085846,0,0,0.0
data_107,0,0,0,0,0,0,0,0,0,0,0,0,0,0.983613133430481,0.9916581511497498,0.008045017719268799,0.6963852047920227,0.7084605097770691,0.1045156568288803,4,1,0.2222222222222222
data_107,0,0,0,0,0,0,0,0,0,1,0,0,0,0.12930341064929962,0.12930341064929962,0.0,0.6590834259986877,0.6043601036071777,0.2125834673643112,1,1,0.0
data_107,1,1,1,1,1,1,1,1,1,1,1,1,1,0.47720813751220703,0.06842181831598282,-0.4087863191962242,0.5124350190162659,0.606859564781189,0.0,0,0,0.7777777777777778
data_107,1,1,1,1,1,1,1,1,1,1,1,1,1,0.0010970932198688388,0.03986005857586861,0.03876296535599977,0.6129158735275269,0.7691743969917297,0.191791370511055,2,0,0.3333333333333333
data_107,1,1,1,1,1,1,1,1,1,1,1,1,1,0.008356611244380474,0.9933260679244995,0.984969456680119,0.4767030775547027,0.6254924535751343,0.0,0,0,0.5555555555555556
data_108,0,0,0,0,0,0,0,0,0,0,0,0,0,0.27814149856567383,0.6883594989776611,0.4102180004119873,0.4384371340274811,0.7727808952331543,0.0,1,0,0.9473684210526316
data_108,0,0,0,0,0,0,0,0,0,1,1,0,0,0.0265449658036232,0.14547865092754364,0.11893368512392044,0.40969118475914,0.7917911410331726,0.0,3,0,0.5263157894736842
data_108,0,0,0,0,0,0,0,0,0,0,0,0,0,0.8934628367424011,0.9058857560157776,0.012422919273376465,0.7544265985488892,0.826920211315155,0.1031015738844871,6,1,0.1052631578947368
data_108,0,0,0,0,0,0,0,0,0,1,0,0,0,0.9277765154838562,0.9277765154838562,0.0,0.6558018326759338,0.5815761685371399,0.6130743026733398,1,1,0.0
data_108,0,0,0,0,0,1,0,0,0,1,0,0,0,0.8019537925720215,0.8896283507347107,0.08767455816268921,0.5795515179634094,0.6999170780181885,0.2006353139877319,2,0,0.1578947368421052
data_108,0,1,1,0,0,1,1,0,0,1,1,1,0,0.5519056916236877,0.5519056916236877,0.0,0.6037228107452393,0.6305566430091858,0.2011692374944687,0,0,0.1578947368421052
data_108,0,0,0,0,0,0,0,0,0,0,0,0,0,0.2920289933681488,0.25012341141700745,-0.04190558195114136,0.5761433243751526,0.7834185361862183,0.0,4,0,0.3157894736842105
data_108,1,1,1,1,1,1,1,1,1,1,1,1,1,0.3387849032878876,0.9093080759048462,0.5705231726169586,0.4897214770317077,0.7419294118881226,0.0,3,0,0.5263157894736842
data_108,0,1,0,0,0,1,0,1,0,1,1,1,0,0.4091072082519531,0.9599419236183167,0.5508347153663635,0.1903502196073532,0.6479859948158264,0.0,0,0,1.0
data_108,0,0,0,0,0,0,0,0,0,0,0,0,0,0.034968502819538116,0.9896270036697388,0.9546585008502007,0.3875371217727661,0.8217432498931885,0.0,2,0,0.8421052631578947
data_108,1,1,1,1,1,1,1,1,1,1,1,1,1,0.0712599977850914,0.97514408826828,0.9038840904831886,0.1679468601942062,0.8458089232444763,0.0,2,0,1.0
data_108,0,0,0,0,0,1,0,0,0,1,0,0,0,0.9901435375213623,0.9764625430107117,-0.013680994510650635,0.553821325302124,0.6512272953987122,0.0969286784529686,1,0,0.2631578947368421
data_108,0,0,0,0,0,0,0,0,0,1,0,0,0,0.8465364575386047,0.8551664352416992,0.008629977703094482,0.6547700762748718,0.6671358346939087,0.3037145137786865,3,1,0.1052631578947368
data_108,1,1,0,0,0,1,1,1,0,1,1,1,0,0.6303439140319824,0.8089575171470642,0.1786136031150818,0.5129379034042358,0.6277352571487427,0.0,0,0,0.2105263157894736
data_108,0,0,0,0,0,0,0,0,0,0,0,0,0,0.84206622838974,0.8986560106277466,0.05658978223800659,0.7392703890800476,0.7261741161346436,0.2050133049488067,4,1,0.0
data_108,0,0,0,0,0,0,0,0,0,0,0,0,0,0.25122347474098206,0.018334049731492996,-0.23288942500948906,0.6308505535125732,0.5551119446754456,0.3276658356189728,0,0,0.0
data_109,0,0,0,0,0,0,0,0,0,0,0,0,0,0.9828211069107056,0.9828211069107056,0.0,0.8064967393875122,0.8220553398132324,0.4142256379127502,3,1,0.0526315789473684
data_109,0,0,0,0,0,1,0,0,0,1,0,1,0,0.9969413876533508,0.9752364158630371,-0.02170497179031372,0.6895179152488708,0.7175025343894958,0.1978191137313842,3,1,0.0526315789473684
data_109,0,0,0,0,0,0,0,0,0,0,1,1,0,0.9897717833518982,0.8934213519096375,-0.09635043144226074,0.5347532629966736,0.6326442956924438,0.1876441091299057,0,0,0.2105263157894736
data_109,0,0,0,0,0,0,0,0,0,0,0,0,0,0.7981289029121399,0.7981289029121399,0.0,0.8152726292610168,0.6787055134773254,0.5966213345527649,3,1,0.0
data_109,1,0,1,0,0,1,1,1,1,1,1,1,1,0.756940484046936,0.09759347885847092,-0.6593470051884651,0.7293092608451843,0.813370406627655,0.0975416302680969,7,1,0.1578947368421052
data_109,0,0,0,0,0,0,0,0,0,0,0,0,0,0.9980132579803467,0.9978869557380676,-0.00012630224227905273,0.5351550579071045,0.5908588171005249,0.1963848024606704,0,0,0.0526315789473684
data_109,0,0,0,0,0,0,0,0,0,0,0,0,0,0.9969853758811951,0.9837221503257751,-0.013263225555419922,0.7402376532554626,0.7264354825019836,0.4037372767925262,2,1,0.0
data_109,0,0,0,0,0,0,0,0,0,0,0,0,0,0.8341942429542542,0.6796638369560242,-0.15453040599822998,0.7650420665740967,0.6295178532600403,0.4216841757297516,1,1,0.0
data_109,0,0,0,0,0,0,0,0,0,0,0,0,0,0.985245406627655,0.985245406627655,0.0,0.7164844274520874,0.6496530771255493,0.3104998171329498,1,1,0.0
data_110,0,0,0,0,0,0,0,0,0,0,0,0,0,0.9977461695671082,0.9977461695671082,0.0,0.921973705291748,0.8156912922859192,0.2116436213254928,7,1,0.0
data_110,0,0,0,0,0,0,0,0,0,0,0,0,0,0.7026680707931519,0.7026680707931519,0.0,0.7812215089797974,0.5459612607955933,0.1434417515993118,1,1,0.0
data_110,0,0,0,0,0,0,0,0,0,0,0,0,0,0.4342065453529358,0.9905136823654175,0.5563071370124817,0.6077085733413696,0.6650099158287048,0.1993379890918731,1,0,0.1111111111111111
data_110,0,0,0,0,0,0,0,0,0,0,0,0,0,0.9885745644569397,0.9984869956970215,0.009912431240081787,0.8747603297233582,0.8874005079269409,0.4076781570911407,8,1,0.1111111111111111
data_110,0,0,0,0,0,0,0,0,0,0,0,0,0,0.9767147898674011,0.9767147898674011,0.0,0.8863367438316345,0.7652748227119446,0.4082581102848053,6,1,0.0
data_110,0,0,0,0,0,0,0,0,0,0,0,0,0,0.20781895518302917,0.05893333628773689,-0.14888561889529228,0.7720142602920532,0.6060689091682434,0.6158695220947266,1,1,0.0
data_110,0,0,0,0,0,0,1,0,0,1,1,0,0,0.4920564591884613,0.24650484323501587,-0.24555161595344543,0.6499846577644348,0.7169221639633179,0.4850707352161407,2,0,0.2222222222222222
data_110,0,0,0,0,0,0,0,0,0,0,0,0,0,0.06850575655698776,0.9989222288131714,0.9304164722561836,0.631222128868103,0.7615638971328735,0.0,4,0,0.4444444444444444
data_110,0,0,0,0,0,0,0,0,0,0,0,0,0,0.8421598076820374,0.8421598076820374,0.0,0.7890363335609436,0.7427172064781189,0.7060160040855408,2,1,0.0
data_110,1,0,1,0,1,1,1,1,1,1,1,1,1,0.8792046904563904,0.8792046904563904,0.0,0.7366313338279724,0.6857527494430542,0.5090751051902771,3,1,0.0
data_110,0,0,0,0,0,0,0,0,0,0,0,0,0,0.753427267074585,0.10731501132249832,-0.6461122557520866,0.8023239374160767,0.7252406477928162,0.1187996044754982,4,1,0.0
data_110,0,0,0,0,0,0,0,0,0,0,0,0,0,0.9637438058853149,0.9637438058853149,0.0,0.7043287754058838,0.667561948299408,0.8020976781845093,2,1,0.0
data_110,0,0,0,0,0,0,0,0,0,0,0,0,0,0.9749396443367004,0.9978160858154297,0.022876441478729248,0.7237672209739685,0.7374117374420166,0.1020471900701522,7,1,0.1111111111111111
data_110,0,0,0,0,0,0,0,0,0,1,0,0,0,0.23337231576442719,0.23337231576442719,0.0,0.7047803401947021,0.6035263538360596,0.8200147151947021,1,1,0.0
data_110,0,0,0,0,0,0,0,0,0,0,0,0,0,0.994688868522644,0.994688868522644,0.0,0.8312904238700867,0.6349107027053833,0.5398678779602051,1,1,0.0
data_110,0,0,0,0,0,1,1,0,0,1,1,1,0,0.3337034285068512,0.9886112809181213,0.6549078524112701,0.7304922342300415,0.8467686772346497,0.0,7,1,0.3333333333333333
data_110,1,0,1,1,0,1,1,1,1,1,1,1,0,0.9947414398193359,0.9947414398193359,0.0,0.7266009449958801,0.778877317905426,0.3068846762180328,4,1,0.1111111111111111
data_110,0,0,0,0,0,0,0,0,0,1,0,0,0,0.22137807309627533,0.9982128143310547,0.7768347412347794,0.6311853528022766,0.7960032224655151,0.0,6,0,0.8888888888888888
data_110,1,1,1,1,1,1,1,1,1,1,1,1,1,0.2994832694530487,0.5909673571586609,0.2914840877056122,0.1999852061271667,0.7429112195968628,0.0,3,0,1.0
data_110,1,1,1,1,1,1,1,1,1,1,1,1,1,0.05000895634293556,0.42230096459388733,0.37229200825095177,0.1070730537176132,0.7519977688789368,0.0,4,0,1.0
data_110,1,1,1,1,1,1,1,1,1,1,1,1,1,0.4132770299911499,0.21027682721614838,-0.20300020277500153,0.2855074405670166,0.5966184735298157,0.0,0,0,1.0
data_110,0,0,0,0,0,0,0,0,0,0,0,0,0,0.9857083559036255,0.9857083559036255,0.0,0.9463682174682616,0.5746173858642578,0.359536200761795,1,1,0.0
data_110,0,0,0,0,0,0,0,0,0,1,1,0,0,0.9879357814788818,0.998790442943573,0.010854661464691162,0.7495090961456299,0.7834693193435669,0.1020231321454048,8,1,0.2222222222222222
data_110,0,0,0,0,0,0,0,0,0,1,0,0,0,0.12566548585891724,0.9884933829307556,0.8628278970718384,0.7380247712135315,0.7790911793708801,0.1012113019824028,7,1,0.2222222222222222
data_110,0,0,0,0,0,1,0,0,0,1,0,0,0,0.4366913139820099,0.9506760835647583,0.5139847695827484,0.6713213920593262,0.7987937331199646,0.0,8,1,0.7777777777777778
data_110,0,0,0,0,0,0,0,0,0,1,0,0,0,0.8564481139183044,0.9992929697036743,0.14284485578536987,0.6065630912780762,0.7529375553131104,0.0,4,0,0.4444444444444444
data_110,0,1,1,1,1,1,1,1,1,1,1,1,1,0.024971941486001015,0.032016314566135406,0.007044373080134392,0.6142604947090149,0.6357900500297546,0.5044478178024292,0,0,0.1111111111111111
data_111,1,1,1,1,1,1,1,1,1,1,1,1,1,0.32099276781082153,0.9006664156913757,0.5796736478805542,0.2723179161548614,0.8281192183494568,0.0,1,0,0.7777777777777778
data_111,1,1,1,1,1,1,1,1,1,1,1,1,1,0.26215052604675293,0.4290829598903656,0.16693243384361267,0.1626099795103073,0.8231408596038818,0.0,3,0,0.5555555555555556
data_111,1,1,1,1,1,1,1,1,1,1,1,1,1,0.06591922044754028,0.6657214164733887,0.5998021960258484,0.2679018676280975,0.983673334121704,0.0,5,0,0.5555555555555556
data_111,1,1,1,1,1,1,1,1,1,1,1,1,1,0.019315816462039948,0.9978356957435608,0.9785198792815208,0.1931180357933044,0.9357183575630188,0.0,3,0,0.5555555555555556
data_111,1,1,1,1,1,1,1,1,1,1,1,1,1,0.029233688488602638,0.18740211427211761,0.15816842578351498,0.214075282216072,0.861367404460907,0.0,5,0,0.6666666666666666
data_111,1,1,1,1,1,1,1,1,1,1,1,1,1,0.012751201167702675,0.30688849091529846,0.2941372897475958,0.1847478002309799,0.8955401182174683,0.0,5,0,0.7777777777777778
data_111,1,1,1,1,1,1,1,1,1,1,1,1,1,0.013232524506747723,0.003096098778769374,-0.010136425727978349,0.1347788125276565,0.8037248849868774,0.0,5,0,0.7777777777777778
data_111,1,1,1,1,1,1,1,1,1,1,1,1,1,0.004275138024240732,0.19817908108234406,0.19390394305810332,0.0842989012598991,0.8145855665206909,0.0,3,0,1.0
data_111,1,1,1,1,1,1,1,1,1,1,1,1,1,0.0016675526276230812,0.4275159239768982,0.4258483713492751,0.2089893072843551,0.858934760093689,0.0,5,0,0.7777777777777778
data_111,1,1,1,1,1,1,1,1,1,1,1,1,1,0.0008890412282198668,0.9964401125907898,0.9955510713625699,0.4145004153251648,0.9702326059341432,0.0,3,0,0.6666666666666666
data_111,1,1,1,1,1,1,1,1,1,1,1,1,1,0.00762493722140789,0.0736820176243782,0.06605708040297031,0.1845024228096008,0.7933945655822754,0.0,4,0,0.7777777777777778
data_111,1,1,1,1,1,1,1,1,1,1,1,1,1,0.0050970460288226604,0.5715299248695374,0.5664328788407147,0.2276381403207779,0.7944039106369019,0.0,2,0,0.5555555555555556
data_111,1,1,1,1,1,1,1,1,1,1,1,1,1,0.007643113844096661,0.20598335564136505,0.1983402417972684,0.4112088680267334,0.8348327875137329,0.0,1,0,0.5555555555555556
data_111,1,1,1,1,1,1,1,1,1,1,1,1,1,0.06067262217402458,0.5130476951599121,0.4523750729858875,0.158922404050827,0.926669418811798,0.0,5,0,1.0
data_111,1,1,1,1,1,1,1,1,1,1,1,1,1,0.11932405829429626,0.9576078057289124,0.8382837474346161,0.1252428591251373,0.881260335445404,0.0,5,0,0.8888888888888888
data_111,1,1,1,1,1,1,1,1,1,1,1,1,1,0.09889018535614014,0.11771459877490997,0.018824413418769836,0.2967980206012726,0.7081496119499207,0.0,1,0,0.5555555555555556
data_112,0,1,1,1,1,1,1,1,1,1,1,1,1,0.8606660962104797,0.9301041960716248,0.06943809986114502,0.7383191585540771,0.6821751594543457,0.3184783458709717,2,1,0.0
data_112,0,0,0,0,0,0,0,0,0,0,0,0,0,0.03751418739557266,0.03751418739557266,0.0,0.690290629863739,0.7680580019950867,0.2051579505205154,3,1,0.0714285714285714
data_112,0,0,0,0,0,1,0,1,0,1,1,1,0,0.35432589054107666,0.3763260841369629,0.02200019359588623,0.682887852191925,0.7563969492912292,0.192306637763977,8,1,0.1428571428571428
data_112,0,0,0,0,0,0,0,0,0,0,0,0,0,0.23495922982692719,0.23495922982692719,0.0,0.6938772797584534,0.6331930756568909,0.5150715112686157,1,1,0.0
data_112,0,0,0,0,0,0,0,0,0,0,0,0,0,0.094674251973629,0.5069265365600586,0.4122522845864296,0.7535620927810669,0.623525083065033,0.2309059500694275,1,1,0.0
data_112,0,0,0,0,0,0,0,0,0,0,0,0,0,0.03091537393629551,0.021176375448703766,-0.009738998487591743,0.667491614818573,0.566643238067627,0.623520016670227,1,1,0.0
data_112,0,0,0,0,0,0,0,0,0,1,0,0,0,0.31228986382484436,0.9135676026344299,0.6012777388095856,0.5151209235191345,0.6457906365394592,0.0,0,0,0.3214285714285714
data_112,0,0,0,0,0,0,0,0,0,0,0,0,0,0.0628422275185585,0.021372485905885696,-0.041469741612672806,0.7246931195259094,0.6530579328536987,0.3206399381160736,2,1,0.0
data_112,0,0,0,0,0,0,0,0,0,0,0,0,0,0.9524089097976685,0.9524089097976685,0.0,0.666679322719574,0.7097346186637878,0.1091865897178649,3,1,0.0357142857142857
data_112,0,0,0,0,0,0,0,0,0,0,1,0,0,0.2475292831659317,0.12046393752098083,-0.12706534564495087,0.6009078025817871,0.6467640399932861,0.2905289232730865,0,0,0.1071428571428571
data_112,0,0,0,0,0,1,0,0,0,1,0,0,0,0.3810056447982788,0.9072892069816589,0.5262835621833801,0.7297284603118896,0.7078498005867004,0.1067699491977691,9,1,0.0
data_112,0,0,0,0,0,0,0,0,0,0,0,0,0,0.991330623626709,0.991330623626709,0.0,0.7964884638786316,0.5712906718254089,0.5331704616546631,1,1,0.0
data_112,0,0,0,0,0,0,0,0,0,0,0,0,0,0.9973167777061462,0.9973167777061462,0.0,0.7011897563934326,0.4869836270809173,0.4426603019237518,1,1,0.0
data_112,0,0,0,0,0,0,0,0,0,0,0,0,0,0.30554822087287903,0.30554822087287903,0.0,0.7357025742530823,0.7497917413711548,0.3084872961044311,4,1,0.0357142857142857
data_112,0,0,0,0,0,0,0,0,0,0,0,0,0,0.985039234161377,0.985039234161377,0.0,0.7864745855331421,0.7598419785499573,0.1133666187524795,6,1,0.0
data_112,0,0,0,0,0,0,0,0,0,0,0,0,0,0.8367705345153809,0.996032178401947,0.15926164388656616,0.6192936301231384,0.7268931269645691,0.294054239988327,1,0,0.0714285714285714
data_112,0,0,0,0,0,0,0,0,0,1,0,1,0,0.6644192934036255,0.6679383516311646,0.0035190582275390625,0.7813026309013367,0.7077431082725525,0.2175820469856262,4,1,0.0
data_112,0,0,0,0,0,0,0,0,0,0,0,0,0,0.47882968187332153,0.8241270780563354,0.3452973961830139,0.7272642254829407,0.6477786302566528,0.324800968170166,1,1,0.0
data_112,0,0,0,0,0,0,0,0,0,0,0,0,0,0.592009961605072,0.4202580153942108,-0.1717519462108612,0.7839699983596802,0.6725339889526367,0.4259433150291443,2,1,0.0
data_113,0,0,0,0,0,0,0,0,0,0,1,0,0,0.5338154435157776,0.5338154435157776,0.0,0.7721482515335083,0.6147480607032776,1.0,1,1,0.0
data_113,0,0,0,0,0,0,1,0,0,0,1,0,0,0.6882075667381287,0.8232011198997498,0.1349935531616211,0.6804909110069275,0.5179893970489502,0.5119242072105408,1,1,0.0
data_113,0,0,0,0,0,0,0,0,0,0,0,0,0,0.0028965864330530167,0.0028965864330530167,0.0,0.7767060399055481,0.6534285545349121,1.0,2,1,0.0
data_113,0,0,0,0,0,0,0,0,0,0,0,0,0,0.9343436360359192,0.9343436360359192,0.0,0.7586220502853394,0.6617537140846252,0.8102269172668457,2,1,0.0
data_113,0,0,0,0,0,1,0,0,0,1,0,0,0,0.10202653706073761,0.029883140698075294,-0.07214339636266232,0.7753797173500061,0.7418858408927917,0.4152365028858185,2,1,0.0
data_113,0,0,0,0,0,0,0,0,0,0,0,0,0,0.9986334443092346,0.9986334443092346,0.0,0.7932636141777039,0.7251607775688171,0.5030875205993652,2,1,0.0
data_113,0,0,0,0,0,0,0,0,0,0,0,0,0,0.03732535243034363,0.03732535243034363,0.0,0.6325438618659973,0.5783714652061462,0.3218968510627746,0,0,0.0
data_113,1,0,0,0,0,0,0,1,0,1,0,1,0,0.14503741264343262,0.28762906789779663,0.142591655254364,0.4708500802516937,0.7695486545562744,0.0,1,0,1.0
data_113,0,0,0,0,0,0,0,0,0,0,0,0,0,0.4740612804889679,0.772264301776886,0.2982030212879181,0.6894046068191528,0.6820688247680664,0.2059563994407653,4,1,0.0
data_114,0,0,0,0,0,0,0,0,0,1,0,0,0,0.8017055988311768,0.9390528798103333,0.1373472809791565,0.6749134063720703,0.8485757112503052,0.1855244636535644,7,1,0.4545454545454545
data_114,0,0,0,0,0,0,0,0,0,0,0,0,0,0.1447044014930725,0.1447044014930725,0.0,0.7186537981033325,0.5138705968856812,0.2647087872028351,1,1,0.0
data_114,0,0,0,0,0,0,0,0,0,0,0,0,0,0.8225847482681274,0.9475743770599365,0.12498962879180908,0.762626588344574,0.770415723323822,0.2985451221466064,5,1,0.0909090909090909
data_114,0,0,0,0,0,0,0,0,0,1,1,0,0,0.037745151668787,0.037745151668787,0.0,0.8236857056617737,0.606095016002655,1.0,1,1,0.0
data_114,0,0,0,0,0,0,0,0,0,0,0,0,0,0.9644105434417725,0.9644105434417725,0.0,0.8636876940727234,0.840071976184845,0.8925758004188538,4,1,0.0
data_114,0,0,0,0,0,0,0,0,0,1,0,0,0,0.1971888542175293,0.1971888542175293,0.0,0.8744390606880188,0.7466765642166138,0.9012401103973388,4,1,0.0
data_114,1,0,1,0,0,1,1,1,0,1,1,1,0,0.00809705350548029,0.2526169419288635,0.24451988842338324,0.4679708778858185,0.7958988547325134,0.0837727412581443,2,0,0.5454545454545454
data_114,1,0,0,0,0,1,0,0,0,1,1,1,0,0.8287457823753357,0.9675102233886719,0.13876444101333618,0.7630545496940613,0.7875274419784546,0.1995012909173965,8,1,0.2727272727272727
data_114,0,1,1,1,1,1,1,1,1,1,1,1,1,0.47071903944015503,0.9944065809249878,0.5236875414848328,0.7291473746299744,0.793108344078064,0.4881555438041687,5,1,0.0909090909090909
data_114,0,0,0,1,0,1,0,0,0,1,1,1,0,0.8695022463798523,0.9940171241760254,0.1245148777961731,0.7159888744354248,0.8066006302833557,0.1964296698570251,7,1,0.3636363636363636
data_114,0,0,0,0,0,0,0,0,0,0,0,0,0,0.8202590346336365,0.8202590346336365,0.0,0.7134125232696533,0.5811008214950562,0.7195374369621277,1,1,0.0
data_114,0,0,0,0,0,0,0,0,0,0,0,0,0,0.12810823321342468,0.12810823321342468,0.0,0.8700228333473206,0.5744602084159851,0.7283046245574951,1,1,0.0
data_114,1,1,1,1,1,1,1,1,1,1,1,1,1,0.04133455455303192,0.9683285355567932,0.9269939810037613,0.6972644925117493,0.957714319229126,0.4747495353221893,2,1,0.0909090909090909
data_115,0,0,0,0,0,0,0,0,0,0,0,0,0,0.9926954507827759,0.9926954507827759,0.0,0.933966338634491,0.7503284811973572,0.3153389394283294,5,1,0.0
data_115,0,0,0,0,0,0,0,0,0,0,0,0,0,0.06102418154478073,0.06102418154478073,0.0,0.8531754612922668,0.6881067752838135,0.8017524480819702,2,1,0.0
data_115,0,0,0,0,0,0,0,0,0,0,0,0,0,0.09282390028238297,0.09282390028238297,0.0,0.9077836871147156,0.6597821712493896,1.0,3,1,0.0
data_115,1,1,0,1,1,1,1,1,1,1,1,1,1,0.0048076738603413105,0.008067838847637177,0.003260164987295866,0.7377042770385742,0.7956053018569946,0.2013643532991409,5,1,0.0833333333333333
data_115,1,1,1,1,1,1,1,1,1,1,1,1,1,0.019048867747187614,0.5177635550498962,0.4987146873027086,0.5994347333908081,0.806455671787262,0.0,4,0,0.5
data_115,0,0,0,0,0,1,0,0,0,1,1,1,0,0.244632750749588,0.4872162640094757,0.2425835132598877,0.6775461435317993,0.8225825428962708,0.0,7,1,0.4166666666666667
data_115,0,0,0,0,0,0,0,0,0,1,0,0,0,0.9470820426940918,0.9470820426940918,0.0,0.7512390613555908,0.7047637104988098,0.1132378503680229,2,1,0.0
data_115,0,1,0,1,0,0,1,0,0,1,1,1,0,0.17982061207294464,0.9838951230049133,0.8040745109319687,0.5328820943832397,0.7503123879432678,0.0,4,0,0.6666666666666666
data_115,0,0,0,0,0,0,0,0,0,1,1,0,0,0.36675378680229187,0.9179808497428894,0.5512270629405975,0.8121532201766968,0.815121054649353,0.1086094826459884,6,1,0.0833333333333333
data_115,0,0,0,0,0,0,0,0,0,0,0,0,0,0.9609478712081909,0.9609478712081909,0.0,0.7899768948554993,0.8512489795684814,0.1069355234503746,2,1,0.0833333333333333
data_115,0,0,0,0,0,0,0,0,0,0,0,0,0,0.7173616290092468,0.7173616290092468,0.0,0.7363302111625671,0.6948465704917908,0.2250136435031891,2,1,0.0
data_115,0,0,0,0,0,0,0,0,0,0,0,0,0,0.5745878219604492,0.5745878219604492,0.0,0.7198895215988159,0.690954327583313,0.3155513405799866,3,1,0.0
data_115,0,0,0,0,0,0,0,0,0,0,0,0,0,0.6145315766334534,0.9933736324310303,0.3788420557975769,0.689577579498291,0.6801745295524597,0.305579125881195,2,1,0.0
data_115,0,0,0,0,0,0,0,0,0,0,0,0,0,0.11359450966119766,0.3607306182384491,0.24713610857725143,0.7636456489562988,0.6222169399261475,0.1235092878341674,1,1,0.0
data_116,0,0,0,0,0,0,0,0,0,1,1,0,0,0.9865915179252625,0.9865915179252625,0.0,0.8124710917472839,0.6831931471824646,0.6089358925819397,3,1,0.0
data_116,0,0,0,0,0,0,0,0,0,0,0,0,0,0.9970331192016602,0.06720978021621704,-0.9298233389854431,0.5417893528938293,0.6835215091705322,0.0,2,0,0.4
data_116,0,0,0,0,0,0,0,0,0,0,0,0,0,0.9805212020874023,0.19777576625347137,-0.782745435833931,0.8446511626243591,0.7059857845306396,0.3161315619945526,3,1,0.0
data_116,0,0,0,0,0,0,0,0,0,0,0,0,0,0.9949265718460083,0.9949265718460083,0.0,0.7298046946525574,0.7150713801383972,0.699500560760498,3,1,0.0
data_116,0,0,0,0,0,0,0,0,0,0,0,0,0,0.9908210635185242,0.9908210635185242,0.0,0.7856919765472412,0.7684445977210999,0.6981226205825806,3,1,0.0
data_116,0,0,1,0,0,1,1,0,0,1,1,1,0,0.19707147777080536,0.0720447301864624,-0.12502674758434296,0.6454839706420898,0.7601481080055237,0.095255471765995,4,0,0.3333333333333333
data_116,0,0,0,0,0,0,0,0,0,0,1,0,0,0.8588081002235413,0.8588081002235413,0.0,0.6234344840049744,0.5888746976852417,0.2200870662927627,0,0,0.0
data_116,0,0,0,0,0,0,1,0,0,0,1,0,0,0.4152905344963074,0.9922444224357605,0.5769538879394531,0.691768229007721,0.7173648476600647,0.1006330326199531,6,1,0.1333333333333333
data_116,0,0,0,0,0,0,0,0,0,0,0,0,0,0.07260201126337051,0.06813710927963257,-0.0044649019837379456,0.6515086889266968,0.7877265810966492,0.0,8,1,0.4666666666666667
data_116,0,0,0,0,0,0,0,0,0,1,0,0,0,0.13734781742095947,0.16690324246883392,0.02955542504787445,0.6674286127090454,0.5977677702903748,0.3112109303474426,1,1,0.0
data_116,0,0,0,0,0,0,0,0,0,0,0,0,0,0.8114724159240723,0.8114724159240723,0.0,0.8859272003173828,0.7557275295257568,0.2211021929979324,8,1,0.0
data_116,0,0,0,0,0,0,0,0,0,1,0,0,0,0.5055683255195618,0.998234748840332,0.49266642332077026,0.7989086508750916,0.6796979308128357,0.2241844981908798,3,1,0.0
data_116,0,0,0,0,0,0,0,0,0,1,1,1,0,0.8912979960441589,0.7700374126434326,-0.12126058340072632,0.7354260683059692,0.6887118816375732,0.2046465426683426,5,1,0.0
data_116,0,0,0,0,0,0,0,0,0,0,0,0,0,0.763725221157074,0.763725221157074,0.0,0.7528514266014099,0.7820170521736145,0.208558440208435,3,1,0.0666666666666666
data_116,0,0,0,0,0,1,1,0,0,1,1,1,0,0.901401937007904,0.25477370619773865,-0.6466282308101654,0.5307400226593018,0.672519862651825,0.0,4,0,0.5333333333333333
data_116,0,0,0,0,0,0,0,0,0,0,0,0,0,0.15662908554077148,0.4162616729736328,0.25963258743286133,0.6854649782180786,0.6655223369598389,0.1049794852733612,5,1,0.0
data_116,0,0,0,0,0,0,0,0,0,1,0,0,0,0.4681563973426819,0.000739416282158345,-0.46741698106052354,0.800517737865448,0.6932525634765625,0.410633385181427,3,1,0.0
data_116,0,0,0,0,0,0,0,0,0,0,0,0,0,0.9984976053237915,0.9984976053237915,0.0,0.679103434085846,0.5948832631111145,0.3111756145954132,1,1,0.0
data_116,0,0,0,0,0,0,0,0,0,0,0,0,0,0.9240564107894897,0.9789891839027405,0.05493277311325073,0.6049408316612244,0.7044889330863953,0.0936895757913589,4,0,0.4
data_116,0,0,0,0,0,0,0,0,0,0,0,0,0,0.9317653775215149,0.9317653775215149,0.0,0.722930908203125,0.6939857602119446,0.4021746218204498,2,1,0.0
data_116,0,0,0,0,0,0,0,0,0,0,0,0,0,0.7745458483695984,0.9730374217033386,0.19849157333374023,0.8760926723480225,0.7238873839378357,0.1277946978807449,4,1,0.0
data_116,0,0,0,0,0,0,0,0,0,0,0,0,0,0.046417590230703354,0.015167629346251488,-0.031249960884451866,0.7165887951850891,0.7292400598526001,0.1107947751879692,3,1,0.0666666666666666
data_116,0,0,0,0,0,0,0,0,0,1,0,1,0,0.5061940550804138,0.9643041491508484,0.45811009407043457,0.7042734622955322,0.7413762807846069,0.3019600212574005,3,1,0.0666666666666666
data_116,0,0,0,0,0,0,0,0,0,1,0,0,0,0.2526395320892334,0.2526395320892334,0.0,0.6903423070907593,0.698070228099823,0.5012316107749939,3,1,0.0666666666666666
data_117,0,0,0,0,0,0,0,0,0,0,0,0,0,0.9443539381027222,0.9871184825897217,0.04276454448699951,0.9999997615814208,0.7238233089447021,0.5214666724205017,4,1,0.0
data_117,0,0,0,0,0,0,0,0,0,0,1,0,0,0.010425313375890255,0.010425313375890255,0.0,0.5490466356277466,0.5726590752601624,0.5030052661895752,0,0,0.1111111111111111
data_117,0,0,0,0,0,0,0,0,0,0,0,0,0,0.7111361026763916,0.7111361026763916,0.0,0.7160748839378357,0.6037400364875793,1.0,1,1,0.0
data_117,0,1,1,1,1,1,1,0,0,1,1,0,0,0.3011004328727722,0.17945735156536102,-0.1216430813074112,0.8815171122550964,0.7189182043075562,0.8965074419975281,2,1,0.0
data_117,0,0,0,0,0,0,0,0,0,0,0,0,0,0.9879634380340576,0.9879634380340576,0.0,0.8688440322875977,0.6805155873298645,0.3664576709270477,2,1,0.0
data_117,0,0,0,0,0,0,0,0,0,0,0,0,0,0.9967653751373291,0.9967653751373291,0.0,0.9704037308692932,0.6059929728507996,0.4469679892063141,1,1,0.0
data_117,1,1,1,1,1,1,1,1,1,1,1,1,1,0.3878382444381714,0.3878382444381714,0.0,0.8858804702758789,0.6094773411750793,0.1464486569166183,1,1,0.0
data_117,0,0,0,0,0,0,1,0,0,0,1,0,1,0.01853359304368496,0.01853359304368496,0.0,0.7620912790298462,0.5786541104316711,0.6268519759178162,1,1,0.0
data_117,0,0,0,0,0,0,0,0,0,0,0,0,0,0.9944912195205688,0.9944912195205688,0.0,0.9519782066345216,0.5672925710678101,0.353876531124115,1,1,0.0
data_117,0,0,0,0,0,0,0,0,0,0,0,0,0,0.0327717624604702,0.02018050290644169,-0.012591259554028511,0.6141732335090637,0.6408607363700867,0.300382137298584,0,0,0.1111111111111111
data_117,0,0,0,0,0,0,0,0,0,0,0,0,0,0.9926808476448059,0.9926808476448059,0.0,0.8802046775817871,0.7586712837219238,0.157534047961235,2,1,0.0
data_117,0,0,0,0,0,0,0,0,0,0,0,0,0,0.927905797958374,0.927905797958374,0.0,0.8712033033370972,0.7746756076812744,0.4148352444171905,3,1,0.0
data_117,0,0,0,0,0,0,0,0,0,0,0,0,0,0.9945465326309204,0.9945465326309204,0.0,0.8165693283081055,0.6270429491996765,0.9094511270523072,1,1,0.0
data_117,0,0,0,0,0,0,0,0,0,0,0,0,0,0.9900279641151428,0.9900279641151428,0.0,0.8894898295402527,0.5226854085922241,0.5835257768630981,1,1,0.0
data_117,0,0,0,0,0,0,0,0,0,0,0,0,0,0.130451500415802,0.2865055203437805,0.15605401992797852,0.6042042970657349,0.6016736030578613,0.5056754946708679,0,0,0.0
data_117,0,0,0,0,0,0,0,0,0,0,0,0,0,0.9897768497467041,0.9897768497467041,0.0,0.8644497990608215,0.6100944876670837,0.2480234056711197,1,1,0.0
data_118,0,0,0,0,0,0,0,0,0,0,0,0,0,0.08406982570886612,0.18850362300872803,0.10443379729986191,0.8441857099533081,0.8113049268722534,0.4032468497753143,4,1,0.0
data_118,0,0,0,0,0,0,0,0,0,0,0,0,0,0.18810908496379852,0.18810908496379852,0.0,0.8300644755363464,0.7041673064231873,0.6117775440216064,5,1,0.0
data_118,0,0,0,0,0,0,0,0,1,0,1,0,0,0.4937918484210968,0.4937918484210968,0.0,0.6013452410697937,0.6177018880844116,0.3003769516944885,0,0,0.1
data_118,0,0,0,0,0,0,0,0,0,0,0,0,0,0.44200530648231506,0.33487197756767273,-0.10713332891464233,0.587051510810852,0.5371626615524292,0.4120525419712066,0,0,0.0
data_118,0,0,0,0,0,0,0,0,0,1,1,0,0,0.9904783964157104,0.9597510695457458,-0.0307273268699646,0.7078070044517517,0.7417978048324585,0.4844563007354736,5,1,0.2
data_118,0,0,0,0,0,0,0,0,0,0,0,0,0,0.1643591970205307,0.23933057487010956,0.07497137784957886,0.7591148018836975,0.6572781801223755,0.4003882110118866,2,1,0.0
data_118,0,0,0,0,0,0,0,0,0,0,0,0,0,0.235012024641037,0.235012024641037,0.0,0.8441540002822876,0.6216168999671936,0.5287102460861206,1,1,0.0
data_118,0,0,0,0,0,0,0,0,0,0,0,0,0,0.10938751697540283,0.3330029249191284,0.22361540794372559,0.4818577170372009,0.6740425825119019,0.0,1,0,0.7
data_118,0,0,0,0,0,0,0,0,0,0,0,0,0,0.03702482953667641,0.0005211114184930921,-0.036503718118183315,0.5613199472427368,0.7428051233291626,0.0923155769705772,1,0,0.5
data_118,0,0,0,0,0,1,0,0,0,0,0,0,0,0.9232978820800781,0.8644519448280334,-0.05884593725204468,0.5949581265449524,0.687687873840332,0.0,3,0,0.5
data_118,0,0,0,0,0,0,0,0,0,1,0,0,0,0.1332947164773941,0.9788504242897034,0.8455557078123093,0.652036190032959,0.7211999893188477,0.204852893948555,2,1,0.1
data_118,1,1,1,1,0,1,1,1,0,1,1,1,1,0.9570704698562622,0.9705469608306885,0.01347649097442627,0.6348757743835449,0.5839245915412903,0.1141092181205749,0,0,0.0
data_118,0,0,0,0,0,0,0,0,0,0,0,0,0,0.6828885078430176,0.9766604900360107,0.29377198219299316,0.7880811095237732,0.6850011348724365,0.3199735879898071,3,1,0.0
data_118,0,0,0,0,0,0,0,0,0,1,1,0,0,0.005043354816734791,0.018753129988908768,0.013709775172173977,0.6762102842330933,0.7030301690101624,0.2039011865854263,3,1,0.1
data_118,0,0,1,0,0,0,1,1,0,1,1,1,0,0.23663368821144104,0.9139350056648254,0.6773013174533844,0.7068703174591064,0.763562798500061,0.1095998734235763,4,1,0.2
data_118,0,0,0,0,0,0,0,0,0,0,0,0,0,0.9897567629814148,0.9897567629814148,0.0,0.6763482093811035,0.6037815809249878,0.3362602293491363,1,1,0.0
data_118,0,0,0,0,0,0,0,0,0,0,0,0,0,0.12222958356142044,0.17382781207561493,0.05159822851419449,0.5320450663566589,0.6217490434646606,0.0955341532826423,0,0,0.3
data_119,0,0,0,0,0,0,0,0,0,0,0,0,0,0.8349257707595825,0.8349257707595825,0.0,0.8937600255012512,0.6565326452255249,0.4718912541866302,2,1,0.0
data_119,0,0,1,0,0,0,1,0,0,1,1,1,0,0.9987101554870605,0.9987101554870605,0.0,0.6795538663864136,0.652033269405365,0.1069490537047386,3,1,0.0
data_119,0,0,0,0,0,0,0,0,0,1,0,0,0,0.9742076396942139,0.9742076396942139,0.0,0.7562295198440552,0.6087710857391357,0.5347808599472046,1,1,0.0
data_119,0,0,0,0,0,0,0,0,0,1,0,0,0,0.03500290960073471,0.03500290960073471,0.0,0.6556093096733093,0.6026390790939331,0.5090811848640442,1,1,0.0
data_119,0,0,0,0,0,0,0,0,0,0,0,0,0,0.92922443151474,0.92922443151474,0.0,0.9493061304092408,0.8856461048126221,0.1168292313814163,8,1,0.0
data_119,0,0,0,0,0,0,0,0,0,0,0,0,0,0.5626879930496216,0.5626879930496216,0.0,0.8218571543693542,0.7012505531311035,0.8104287385940552,2,1,0.0
data_119,0,0,0,0,0,0,0,0,0,0,0,0,0,0.9987832903862,0.9987832903862,0.0,0.8940054178237915,0.6286449432373047,0.3405744731426239,1,1,0.0
data_119,0,1,1,1,0,1,1,0,0,1,1,1,1,0.20004703104496002,0.4257548749446869,0.22570784389972687,0.6539050936698914,0.7043028473854065,0.1992710679769516,3,1,0.2857142857142857
data_119,0,0,0,0,0,0,0,0,0,0,0,0,0,0.9956732392311096,0.983600914478302,-0.012072324752807617,0.7244372367858887,0.7960739731788635,0.1994770914316177,6,1,0.2857142857142857
data_119,0,0,0,0,0,0,0,0,0,1,0,0,0,0.9702366590499878,0.08706241101026535,-0.8831742480397224,0.6658991575241089,0.6982681751251221,0.5928672552108765,3,1,0.2857142857142857
data_119,0,0,0,0,0,0,0,0,0,0,0,0,0,0.003615864086896181,0.003942189272493124,0.0003263251855969429,0.5513185858726501,0.639985203742981,0.0,0,0,0.7142857142857143
data_119,0,0,0,0,0,0,1,0,0,1,1,0,0,0.34439921379089355,0.7562346458435059,0.4118354320526123,0.8203036189079285,0.8028546571731567,0.1068380922079086,6,1,0.0
data_119,0,0,0,0,0,0,0,0,0,0,0,0,0,0.9686630964279175,0.9230830073356628,-0.04558008909225464,0.6625469923019409,0.6897634267807007,0.403649628162384,2,1,0.1428571428571428
data_119,0,0,0,0,0,0,0,0,0,0,0,0,0,0.9185499548912048,0.9185499548912048,0.0,0.874950110912323,0.7294370532035828,0.3191310465335846,7,1,0.0
data_119,0,0,0,0,0,0,0,0,0,1,0,0,0,0.7725257277488708,0.7725257277488708,0.0,0.6467834115028381,0.6655654907226562,0.1061550825834274,2,0,0.2857142857142857
data_119,0,0,0,0,0,0,1,0,0,1,1,0,0,0.9044947624206543,0.9044947624206543,0.0,0.7447211146354675,0.601823627948761,0.7251316905021667,1,1,0.0
data_119,0,0,0,0,0,0,0,0,0,0,0,0,0,0.39201605319976807,0.5445601344108582,0.1525440812110901,0.5706004500389099,0.7433722019195557,0.0,3,0,1.0
data_119,0,0,0,0,0,0,0,0,0,0,0,0,1,0.3975740075111389,0.9691481590270996,0.5715741515159607,0.6781269311904907,0.7783975005149841,0.2014315277338028,4,1,0.2857142857142857
data_119,0,0,0,0,0,0,0,0,0,0,0,0,0,0.009669961407780647,0.9503628015518188,0.9406928401440382,0.6668760776519775,0.7610723972320557,0.1970226019620895,2,1,0.1428571428571428
data_119,0,0,0,0,0,0,0,0,0,0,0,0,0,0.9850519895553589,0.9850519895553589,0.0,0.7512826323509216,0.6790459752082825,0.6086336374282837,3,1,0.0
data_119,0,0,0,0,0,0,0,0,0,0,1,0,0,0.9853109121322632,0.9540948271751404,-0.031216084957122803,0.5939893126487732,0.722840428352356,0.1867332607507705,3,0,0.7142857142857143
data_119,0,0,0,0,0,0,0,0,0,1,0,0,0,0.9943658113479614,0.9943658113479614,0.0,0.7845853567123413,0.6263716220855713,0.7124146223068237,1,1,0.0
data_120,1,0,0,0,0,0,0,0,0,0,0,0,0,0.9861810803413391,0.9861810803413391,0.0,0.8774486184120178,0.7890145778656006,0.7983810305595398,2,1,0.0
data_120,0,0,0,0,0,0,0,0,0,0,0,0,0,0.04308999702334404,0.04308999702334404,0.0,0.9285019040107728,0.6282915472984314,0.5296947956085205,1,1,0.0
data_120,0,0,0,0,0,0,0,0,0,0,0,0,0,0.055160101503133774,0.8030888438224792,0.7479287423193455,0.864619791507721,0.7940315008163452,0.1463315933942794,2,1,0.0
data_120,0,0,0,0,0,0,0,0,0,0,0,0,0,0.5139967799186707,0.9965938925743103,0.48259711265563965,0.8570627570152283,0.7733698487281799,0.217138335108757,7,1,0.0
data_120,1,1,1,0,1,1,1,1,1,1,1,1,1,0.9625100493431091,0.2644178867340088,-0.6980921626091003,0.7660192847251892,0.694638192653656,0.80159592628479,4,1,0.0
data_120,0,0,0,0,0,0,0,0,0,1,0,0,0,0.26501142978668213,0.29086610674858093,0.025854676961898804,0.8055222034454346,0.8633809089660645,0.2106009572744369,6,1,0.125
data_120,0,0,0,0,0,0,0,0,0,1,0,0,0,0.7760521173477173,0.016419583931565285,-0.759632533416152,0.585743248462677,0.6599515676498413,0.0933510661125183,1,0,0.5
data_120,0,0,0,0,0,0,0,0,0,0,0,0,0,0.11771559715270996,0.11771559715270996,0.0,0.7421911358833313,0.6418525576591492,0.1180202960968017,1,1,0.0
data_120,0,0,0,0,0,1,0,0,0,1,1,0,0,0.046995215117931366,0.02771344967186451,-0.019281765446066856,0.5622804760932922,0.6580690145492554,0.286093920469284,1,0,0.5
data_120,0,0,0,0,0,0,0,0,0,0,0,0,0,0.9976638555526733,0.9976638555526733,0.0,0.8375081419944763,0.6846452951431274,0.6208940744400024,2,1,0.0
data_120,0,0,0,0,0,0,0,0,0,0,0,0,0,0.5809352993965149,0.5809352993965149,0.0,0.7475778460502625,0.7109320759773254,0.7034775614738464,2,1,0.0
data_120,0,0,0,0,0,0,0,0,0,0,0,0,0,0.9886619448661804,0.9886619448661804,0.0,0.8381150364875793,0.7696865797042847,0.4278118014335632,6,1,0.0
data_120,0,0,0,0,0,0,0,0,0,0,1,0,0,0.6477693319320679,0.6545596718788147,0.006790339946746826,0.8085117936134338,0.7342358827590942,0.3148688375949859,5,1,0.0
data_120,0,0,0,0,0,0,0,0,0,0,0,0,0,0.9960032105445862,0.9960032105445862,0.0,0.8617305755615234,0.7204151153564453,0.3207884430885315,6,1,0.0
data_120,0,0,0,0,0,0,0,0,0,0,0,0,0,0.9664627909660339,0.03445599973201752,-0.9320067912340164,0.6864755749702454,0.6982582807540894,0.2023225575685501,3,1,0.125
data_120,0,0,0,0,0,0,0,0,0,1,0,0,0,0.009371505118906498,0.13266019523143768,0.12328869011253119,0.5758700370788574,0.667138934135437,0.1958959251642227,1,0,0.375
data_120,0,0,0,0,0,0,0,0,0,0,0,0,0,0.02518814243376255,0.02518814243376255,0.0,0.9065826535224916,0.7231376767158508,0.4241630434989929,3,1,0.0
data_120,0,0,0,0,0,1,1,1,1,1,1,1,1,0.30893728137016296,0.30893728137016296,0.0,0.678652286529541,0.6818085312843323,0.2985580563545227,3,1,0.125
data_120,0,0,0,0,0,0,0,0,0,0,0,0,0,0.006594029255211353,0.006594029255211353,0.0,0.820508599281311,0.7281684279441833,0.5337198972702026,2,1,0.0
data_120,0,0,0,0,0,0,0,0,0,1,0,0,0,0.3673951327800751,0.3673951327800751,0.0,0.7666728496551514,0.6808958649635315,0.7103930115699768,3,1,0.0
data_120,0,0,1,0,0,0,1,0,0,1,1,0,0,0.6254643201828003,0.6254643201828003,0.0,0.7723671197891235,0.6701697111129761,0.2247247099876403,2,1,0.0
data_120,0,0,0,0,0,0,0,0,0,0,0,0,0,0.22522489726543427,0.22522489726543427,0.0,0.7857553362846375,0.611257016658783,0.5375897288322449,1,1,0.0
data_121,0,0,0,0,0,0,0,0,0,0,0,0,0,0.1110408827662468,0.48025262355804443,0.36921174079179764,0.824752688407898,0.6913051009178162,0.327358216047287,3,1,0.0
data_121,0,0,0,0,0,1,0,0,0,1,1,0,0,0.28679272532463074,0.09531055390834808,-0.19148217141628265,0.6556254625320435,0.7493447065353394,0.288209468126297,4,1,0.4
data_121,0,0,0,0,0,0,0,0,0,0,0,0,0,0.36703309416770935,0.3095771372318268,-0.05745595693588257,0.8140460252761841,0.769263505935669,0.4057425260543823,5,1,0.0
data_121,0,0,0,0,0,0,1,0,0,1,1,0,0,0.2749381959438324,0.74753737449646,0.47259917855262756,0.7544184327125549,0.7797567844390869,0.4938467442989349,4,1,0.4
data_121,0,0,0,0,0,0,0,0,0,0,0,0,0,0.9472134709358215,0.9472134709358215,0.0,0.909820020198822,0.6444588899612427,0.3294644951820373,1,1,0.0
data_121,0,0,0,0,0,0,0,0,0,0,0,0,0,0.9857629537582397,0.9857629537582397,0.0,0.7127763032913208,0.5297430753707886,0.4324576556682586,1,1,0.0
data_121,0,0,0,0,0,0,0,0,0,0,0,0,0,0.2618485689163208,0.04228009656071663,-0.21956847235560417,0.6656192541122437,0.6538930535316467,0.1119835153222084,2,1,0.0
data_121,0,0,0,0,0,0,0,0,0,1,1,0,0,0.04248422756791115,0.02785256877541542,-0.014631658792495728,0.7299261689186096,0.7510088086128235,0.1002252772450447,6,1,0.8
data_121,0,0,0,0,0,0,0,0,0,0,0,0,0,0.8889170289039612,0.8889170289039612,0.0,0.725730836391449,0.6378793716430664,0.7191294431686401,1,1,0.0
data_121,0,0,0,0,0,0,0,0,0,0,0,0,0,0.9895830154418945,0.9895830154418945,0.0,0.8632672429084778,0.8025501370429993,0.20949088037014,6,1,0.0
data_121,0,0,0,0,0,0,0,0,0,0,0,0,0,0.8276750445365906,0.8877492547035217,0.06007421016693115,0.7296990156173706,0.8629375100135803,0.3879458308219909,4,1,0.4
data_121,0,0,0,0,0,0,0,0,0,0,0,0,0,0.991558313369751,0.991558313369751,0.0,0.8252182006835938,0.7752771377563477,0.3060505390167236,5,1,0.0
data_121,0,0,0,0,0,0,0,0,0,0,0,0,0,0.07067167013883591,0.08283722400665283,0.012165553867816925,0.8110349774360657,0.5315331816673279,0.2573026716709137,1,1,0.0
data_121,0,0,0,0,0,0,0,0,0,0,0,0,0,0.9952996969223022,0.9952996969223022,0.0,0.9474457502365112,0.7970050573348999,0.529442310333252,3,1,0.0
data_121,0,0,0,0,0,0,0,0,0,0,0,0,0,0.9971051812171936,0.9971051812171936,0.0,0.8520309925079346,0.7566046118736267,0.2174148708581924,6,1,0.0
data_121,1,0,0,0,0,1,0,0,0,0,1,0,0,0.131569966673851,0.131569966673851,0.0,0.6933918595314026,0.7054855823516846,0.2030320018529892,4,1,0.2
data_121,0,0,0,0,0,0,0,0,0,0,0,0,0,0.11412010341882706,0.9320917725563049,0.8179716691374779,0.757079541683197,0.7687169909477234,0.4840767383575439,3,1,0.2
data_121,0,0,0,0,0,1,0,0,0,1,0,0,0,0.04320348799228668,0.03741263598203659,-0.0057908520102500916,0.6726836562156677,0.674077033996582,0.6027481555938721,2,1,0.2
data_121,1,0,0,0,0,0,0,0,0,1,0,0,0,0.009847007691860199,0.0517900250852108,0.0419430173933506,0.7261515855789185,0.7075223922729492,0.207240879535675,5,1,0.0
data_121,0,0,0,0,0,1,1,1,0,1,1,1,0,0.13080093264579773,0.5654085874557495,0.4346076548099518,0.7605494856834412,0.7049741148948669,0.5092119574546814,3,1,0.0
data_122,0,0,0,0,0,0,0,0,0,1,0,0,0,0.8859065175056458,0.8859065175056458,0.0,0.8167873620986938,0.7337307333946228,0.507937490940094,2,1,0.0
data_122,1,0,1,0,0,1,1,0,0,0,1,1,0,0.8424816131591797,0.8424816131591797,0.0,0.6064985394477844,0.5042288303375244,0.908052384853363,0,0,0.0
data_122,0,0,0,0,0,0,0,0,0,0,0,0,0,0.9679126143455505,0.9679126143455505,0.0,0.8096096515655518,0.6457402110099792,0.718080997467041,1,1,0.0
data_122,1,1,0,0,0,1,1,0,0,1,1,1,0,0.1457754224538803,0.7428473830223083,0.597071960568428,0.70345139503479,0.7749435901641846,0.3891520798206329,3,1,0.1538461538461538
data_122,0,0,0,0,0,0,0,0,0,1,0,0,0,0.9539628028869629,0.9539628028869629,0.0,0.7316725850105286,0.8796082735061646,0.1936664432287216,6,1,0.1538461538461538
data_122,0,0,0,0,0,1,1,0,0,1,1,1,0,0.053278062492609024,0.15323495864868164,0.09995689615607262,0.7050527930259705,0.7212146520614624,0.2074233740568161,4,1,0.0769230769230769
data_122,0,0,0,0,0,0,0,0,0,1,1,0,0,0.01787911355495453,0.6518064141273499,0.6339273005723953,0.7254610657691956,0.5985759496688843,0.2306330800056457,1,1,0.0
data_122,0,0,0,0,0,0,0,0,0,0,0,0,0,0.014371532946825027,0.01779947616159916,0.0034279432147741318,0.640828013420105,0.5930926203727722,0.2087108939886093,0,0,0.0
data_122,0,0,0,0,0,0,0,0,0,1,0,0,0,0.949781596660614,0.949781596660614,0.0,0.639971911907196,0.6205291748046875,0.306680828332901,0,0,0.0
data_122,0,1,0,0,0,1,0,0,0,1,1,0,0,0.976586103439331,0.976586103439331,0.0,0.5582020878791809,0.5619046688079834,0.1085826084017753,0,0,0.0769230769230769
data_122,0,0,0,0,0,0,0,0,0,0,0,0,0,0.3244706094264984,0.20222240686416626,-0.12224820256233215,0.6473448276519775,0.6917489171028137,0.221188485622406,1,0,0.0769230769230769
data_123,0,0,0,0,0,1,0,0,0,1,1,0,0,0.09893160313367844,0.5490177273750305,0.4500861242413521,0.794807493686676,0.7835160493850708,0.1051347330212593,11,1,0.0
data_123,0,0,0,0,0,0,1,0,0,1,1,0,0,0.02209804579615593,0.03614312782883644,0.014045082032680511,0.5510233640670776,0.7995114922523499,0.0,8,0,0.9166666666666666
data_123,0,0,0,0,0,0,0,0,0,0,0,0,0,0.07704879343509674,0.9835108518600464,0.9064620584249496,0.6020578145980835,0.7753835916519165,0.0,6,0,0.75
data_123,1,1,1,1,1,1,1,1,1,1,1,1,1,0.9261295199394226,0.9269737601280212,0.0008442401885986328,0.7564196586608887,0.7794591784477234,0.4090988636016845,6,1,0.0833333333333333
data_123,0,0,0,0,0,0,0,0,0,0,0,0,0,0.9449693560600281,0.9449693560600281,0.0,0.8206493854522705,0.7575184106826782,0.6073287129402161,2,1,0.0
data_123,0,0,0,0,0,1,0,0,0,1,1,0,0,0.9745071530342102,0.9943207502365112,0.019813597202301025,0.7983157634735107,0.8414323925971985,0.2028689682483673,12,1,0.0833333333333333
data_123,0,0,0,0,0,0,0,0,0,0,0,0,0,0.9983093738555908,0.9984512329101562,0.0001418590545654297,0.7007970809936523,0.8612366318702698,0.0,11,1,0.6666666666666666
data_123,1,1,1,1,1,1,1,1,1,1,1,1,1,0.3562655746936798,0.993263304233551,0.6369977295398712,0.4916350245475769,0.6850996017456055,0.0,2,0,0.5833333333333334
data_123,0,1,0,0,1,1,1,0,1,1,1,1,1,0.9695463180541992,0.9937007427215576,0.0241544246673584,0.7099794149398804,0.7482213377952576,0.2956174910068512,11,1,0.25
data_123,0,0,0,0,0,0,0,0,0,0,0,0,0,0.9986592531204224,0.9986592531204224,0.0,0.7587581276893616,0.7091723680496216,0.3153888583183288,5,1,0.0
data_123,0,0,0,0,0,0,0,0,0,0,1,1,0,0.8799803256988525,0.9956012964248657,0.11562097072601318,0.7560929656028748,0.7921169400215149,0.2955290079116821,7,1,0.0833333333333333
data_124,0,0,0,0,0,0,0,0,0,0,0,0,0,0.018957123160362244,0.14236514270305634,0.12340801954269409,0.8846611976623535,0.9037423133850098,0.4001641869544983,3,1,0.2
data_124,0,0,0,0,0,0,0,0,0,1,0,0,0,0.99420565366745,0.99420565366745,0.0,0.7530003190040588,0.6529583930969238,0.4177234470844269,2,1,0.0
data_124,0,0,0,0,0,0,0,0,0,0,0,0,0,0.8065370321273804,0.8309444785118103,0.02440744638442993,0.8971661329269409,0.7017404437065125,0.2410076260566711,2,1,0.0
data_124,0,0,0,0,1,0,0,0,0,1,0,0,0,0.9921686053276062,0.37383270263671875,-0.6183359026908875,0.7845630049705505,0.7121860980987549,0.5054454803466797,2,1,0.0
data_124,0,0,0,0,0,0,0,0,0,0,0,0,0,0.9903140664100647,0.9903140664100647,0.0,0.8336184024810791,0.6381654739379883,0.2288212180137634,1,1,0.0
data_124,0,0,0,0,0,0,0,0,0,0,0,0,0,0.041552506387233734,0.3694276213645935,0.32787511497735977,0.8054287433624268,0.658162534236908,0.2218131721019745,3,1,0.0
data_124,0,0,0,0,0,0,0,0,0,0,0,0,0,0.9874886870384216,0.9874886870384216,0.0,0.8866710662841797,0.6129741072654724,0.8129727840423584,1,1,0.0
data_124,1,1,1,1,1,1,1,1,1,1,1,1,1,0.5408447980880737,0.9266984462738037,0.38585364818573,0.6953626871109009,0.8857106566429138,0.6648379564285278,2,1,0.2
data_124,0,0,1,0,0,1,1,0,0,1,1,0,0,0.37501370906829834,0.9430068731307983,0.5679931640625,0.5845773816108704,0.6396586894989014,0.191069021821022,0,0,0.8
data_124,0,0,0,0,0,0,0,0,0,0,0,0,0,0.012757797725498676,0.2747786343097687,0.26202083658427,0.6205021142959595,0.8033549189567566,0.4844217598438263,1,0,0.2
data_124,0,0,0,0,0,0,0,0,0,0,0,0,0,0.005575941875576973,0.005247883033007383,-0.0003280588425695896,0.5095427632331848,0.6279594302177429,0.0,0,0,0.8
data_124,1,0,0,0,0,1,1,1,0,1,1,1,0,0.02894255332648754,0.2394464612007141,0.21050390787422657,0.6082218885421753,0.6355466842651367,0.2020723074674606,0,0,0.4
data_124,0,0,0,0,0,1,1,0,0,1,1,0,0,0.16169731318950653,0.21523717045783997,0.053539857268333435,0.7636386752128601,0.6883209347724915,0.3332471549510956,2,1,0.0
data_124,0,0,0,0,0,0,0,0,0,0,0,0,0,0.918411374092102,0.918411374092102,0.0,0.9199270009994508,0.6484129428863525,0.2497205883264541,1,1,0.0
data_125,0,0,0,0,0,0,0,0,0,0,0,0,0,0.986772358417511,0.986772358417511,0.0,0.8214109539985657,0.6977738738059998,0.5232251286506653,5,1,0.0
data_125,0,0,0,0,0,1,1,0,0,1,1,0,0,0.8706204891204834,0.8706204891204834,0.0,0.7965327501296997,0.7825218439102173,0.8031589388847351,6,1,0.0
data_125,0,0,0,0,0,0,0,0,0,0,0,0,0,0.7796569466590881,0.7796569466590881,0.0,0.9276172518730164,0.7375158667564392,0.5249756574630737,5,1,0.0
data_125,0,1,1,1,1,1,1,1,0,1,1,1,1,0.24472953379154205,0.7666648626327515,0.5219353288412094,0.6019282937049866,0.7490605711936951,0.0,2,0,1.0
data_125,0,0,0,0,0,0,1,0,0,1,1,0,0,0.48182833194732666,0.6018556356430054,0.12002730369567871,0.888336718082428,0.8484941124916077,0.605402410030365,5,1,0.0
data_125,0,0,0,0,0,0,0,0,0,0,0,0,0,0.39827287197113037,0.39827287197113037,0.0,0.7625336050987244,0.7813073396682739,0.300586074590683,5,1,0.4
data_125,0,0,0,0,0,0,0,0,0,0,0,0,0,0.9978094696998596,0.9978094696998596,0.0,0.7841928005218506,0.7085375189781189,0.2116508483886718,2,1,0.0
data_125,0,0,0,0,0,0,1,1,0,1,1,1,0,0.9861322641372681,0.9861322641372681,0.0,0.8535103797912598,0.6940898299217224,0.4452014565467834,2,1,0.0
data_125,0,0,0,0,0,0,0,0,0,0,0,0,0,0.9803032875061035,0.9803032875061035,0.0,0.7879549264907837,0.7393614649772644,0.6003457307815552,2,1,0.0
data_125,0,0,0,0,0,0,0,0,0,0,0,0,0,0.9820866584777832,0.9820866584777832,0.0,0.822008490562439,0.7842218279838562,0.310557097196579,5,1,0.0
data_125,0,0,0,0,0,0,1,0,0,1,0,1,0,0.06246311590075493,0.00884100142866373,-0.0536221144720912,0.7739364504814148,0.7788147330284119,0.4033219516277313,5,1,0.2
data_125,0,0,0,0,0,0,0,0,0,0,0,0,0,0.9768402576446533,0.9768402576446533,0.0,0.8368788957595825,0.7850413918495178,0.5020079016685486,5,1,0.0
data_125,0,0,0,0,0,0,0,0,0,0,0,0,0,0.40835389494895935,0.5047618746757507,0.09640797972679138,0.808794379234314,0.8207270503044128,0.2991820275783539,4,1,0.2
data_125,0,0,0,0,0,0,0,0,0,1,0,1,0,0.33643147349357605,0.33643147349357605,0.0,0.8420320153236389,0.726183295249939,0.6201930046081543,5,1,0.0
data_125,1,0,0,0,0,0,0,0,0,1,1,0,0,0.1020633652806282,0.8324714303016663,0.730408065021038,0.7221038937568665,0.8142955899238586,0.0952912718057632,6,1,0.6
data_125,0,0,0,0,0,1,1,0,0,1,1,1,0,0.21597295999526978,0.21597295999526978,0.0,0.7780506014823914,0.7558305263519287,0.2952850461006164,4,1,0.0
data_125,0,0,0,0,0,0,0,0,0,1,0,1,0,0.002127639716491103,0.01106405071914196,0.008936411002650857,0.7962354421615601,0.7545099854469299,0.1079170629382133,5,1,0.0
data_126,0,0,0,0,0,0,0,0,0,0,0,0,0,0.9985572695732117,0.9985572695732117,0.0,0.7828870415687561,0.5890287756919861,0.1364689171314239,1,1,0.0
data_126,0,0,0,0,0,0,0,0,0,0,0,0,0,0.2840045094490051,0.1494440883398056,-0.13456042110919952,0.5706652998924255,0.6867658495903015,0.0,2,0,0.375
data_126,0,0,0,0,0,0,1,0,0,1,1,0,0,0.9919804334640503,0.9961711764335632,0.0041907429695129395,0.445838451385498,0.6630144119262695,0.0,2,0,0.8125
data_126,0,0,0,0,0,0,0,0,0,0,0,0,0,0.9111441373825073,0.7758098244667053,-0.135334312915802,0.8581483364105225,0.7391449809074402,0.316864401102066,5,1,0.0
data_126,0,0,0,0,0,0,0,0,0,0,0,0,0,0.8245348334312439,0.8245348334312439,0.0,0.6477012634277344,0.5581861734390259,0.8082791566848755,0,0,0.0
data_126,0,0,0,0,0,0,0,0,0,1,0,0,0,0.32063722610473633,0.9170902371406555,0.5964530110359192,0.6334448456764221,0.6351261138916016,0.3238026201725006,0,0,0.0625
data_126,0,0,0,0,0,0,0,0,0,1,0,1,0,0.1972871720790863,0.1919206976890564,-0.005366474390029907,0.6804807782173157,0.6911716461181641,0.3988279104232788,5,1,0.0625
data_126,0,0,0,0,0,1,0,0,0,1,0,0,0,0.08220581710338593,0.029403729364275932,-0.05280208773910999,0.4895947575569153,0.6651431322097778,0.0,1,0,0.6875
data_126,0,0,0,0,0,0,0,0,0,0,0,0,0,0.8874960541725159,0.04173180088400841,-0.8457642532885075,0.6353994607925415,0.7172919511795044,0.0993643999099731,1,0,0.1875
data_126,0,0,0,0,0,0,0,0,0,1,0,0,0,0.015484142117202282,0.011495671235024929,-0.003988470882177353,0.5682214498519897,0.569534957408905,0.2204899787902832,0,0,0.0625
data_126,0,0,0,0,0,0,0,0,0,0,0,0,0,0.5011217594146729,0.23619884252548218,-0.2649229168891907,0.6872882843017578,0.7530600428581238,0.100324623286724,8,1,0.25
data_126,0,0,0,0,0,0,0,0,0,0,0,0,0,0.9362112283706665,0.40101179480552673,-0.5351994335651398,0.727013349533081,0.6175678372383118,0.126448169350624,1,1,0.0
data_126,0,0,0,0,0,1,0,0,0,1,1,1,0,0.6125425100326538,0.6795827150344849,0.06704020500183105,0.6855251789093018,0.7014389038085938,0.3143571615219116,3,1,0.0625
data_126,0,0,0,0,0,0,0,0,0,1,0,0,0,0.6907352209091187,0.6907352209091187,0.0,0.6199125051498413,0.619757890701294,0.3204201757907867,0,0,0.0
data_126,0,0,0,0,0,0,0,0,0,0,0,0,0,0.7161321043968201,0.7647448182106018,0.04861271381378174,0.6636699438095093,0.6664699912071228,0.1050564050674438,3,1,0.0625
data_126,0,0,0,0,0,0,0,0,0,0,0,0,0,0.1120261698961258,0.4381276071071625,0.3261014372110367,0.6965968608856201,0.7110080718994141,0.2014017850160598,6,1,0.0625
data_126,0,0,0,0,0,0,0,0,0,1,0,0,0,0.6237630248069763,0.387382835149765,-0.2363801896572113,0.6103556752204895,0.7825332880020142,0.0,6,0,0.625
data_126,0,0,0,0,0,0,0,0,0,1,1,1,0,0.43305671215057373,0.13126464188098907,-0.30179207026958466,0.4587929844856262,0.5117243528366089,0.0,0,0,0.4375
data_126,1,0,0,0,0,1,1,0,1,1,1,1,1,0.855006217956543,0.4918786287307739,-0.36312758922576904,0.6234305500984192,0.653185248374939,0.1008154675364494,1,0,0.25
data_126,1,1,0,0,0,1,1,1,0,1,1,1,0,0.19749315083026886,0.20370201766490936,0.006208866834640503,0.572437584400177,0.8034796118736267,0.0,4,0,0.6875
data_126,0,0,0,0,0,0,0,0,0,0,1,1,0,0.29407021403312683,0.29407021403312683,0.0,0.7068154811859131,0.5727651119232178,0.4269920289516449,1,1,0.0
data_126,0,0,0,0,0,0,0,0,0,0,0,0,0,0.07717065513134003,0.6977943778038025,0.6206237226724625,0.6125473976135254,0.6569769382476807,0.3019516468048095,1,0,0.0625
data_126,1,1,0,0,0,1,0,1,0,1,1,1,0,0.11055556684732437,0.46117839217185974,0.35062282532453537,0.6775317192077637,0.7684188485145569,0.1000467389822006,4,1,0.1875
data_126,0,0,0,0,0,0,1,0,0,0,1,1,0,0.5325074791908264,0.9593123197555542,0.4268048405647278,0.6936209201812744,0.6786887645721436,0.3130448758602142,2,1,0.0
data_126,0,0,0,0,0,0,0,0,0,1,0,0,0,0.9800357222557068,0.9800357222557068,0.0,0.6581685543060303,0.6477773189544678,0.3055419623851776,1,1,0.0
data_126,0,0,0,0,0,0,0,0,0,1,1,0,0,0.3513670265674591,0.3513670265674591,0.0,0.6178935170173645,0.6565738320350647,0.4008166193962097,1,0,0.0625
data_126,0,0,0,0,0,0,0,0,0,0,0,0,0,0.9630659818649292,0.9630659818649292,0.0,0.6699512600898743,0.7289943695068359,0.2997317016124725,3,1,0.125
data_127,0,0,0,0,0,0,0,0,0,1,0,0,0,0.10018926858901978,0.8859833478927612,0.7857940793037415,0.6166715025901794,0.8286952972412109,0.0,7,0,0.6153846153846154
data_127,0,0,0,0,0,0,1,0,0,1,1,0,0,0.11770030111074448,0.28096890449523926,0.16326860338449478,0.7681978344917297,0.8012556433677673,0.1008946001529693,11,1,0.2307692307692307
data_127,0,0,0,0,0,0,0,0,0,0,0,0,0,0.9868978261947632,0.7299014329910278,-0.25699639320373535,0.7804392576217651,0.8525699377059937,0.1976486891508102,13,1,0.2307692307692307
data_127,0,0,0,0,0,0,0,0,0,0,0,0,0,0.9808036684989929,0.9808036684989929,0.0,0.8705030679702759,0.6918205618858337,0.2528089880943298,2,1,0.0
data_127,0,0,0,0,0,0,0,0,0,1,0,0,0,0.07221107184886932,0.18723882734775543,0.11502775549888611,0.8121216297149658,0.6152606010437012,0.2472623437643051,1,1,0.0
data_127,0,0,0,0,0,0,0,0,0,0,0,0,0,0.9904764890670776,0.614614725112915,-0.3758617639541626,0.4922802448272705,0.6130220890045166,0.0,0,0,0.3846153846153846
data_127,0,0,0,0,0,0,0,0,0,0,0,0,0,0.8444342613220215,0.8444342613220215,0.0,0.9747387766838074,0.7764816284179688,0.6189037561416626,6,1,0.0
data_127,0,0,0,0,0,0,0,0,0,0,0,0,0,0.977097749710083,0.9813385009765625,0.004240751266479492,0.8860343098640442,0.8255115151405334,0.611082911491394,9,1,0.0
data_127,0,0,0,0,0,0,1,0,0,0,1,0,0,0.7314969897270203,0.7314969897270203,0.0,0.819489061832428,0.7349846959114075,0.1173454076051712,5,1,0.0
data_127,0,0,0,1,1,1,1,1,1,1,1,1,0,0.9833654761314392,0.9833654761314392,0.0,0.77205890417099,0.7553377151489258,0.3030793070793152,10,1,0.0
data_127,0,0,0,0,0,0,0,0,0,0,0,0,0,0.9860127568244934,0.9860127568244934,0.0,0.7973679304122925,0.7227422595024109,0.3076094686985016,3,1,0.0
data_127,1,1,1,0,0,1,1,1,1,1,1,1,1,0.25407007336616516,0.9859189987182617,0.7318489253520966,0.5779841542243958,0.9129520058631896,0.0,10,0,0.9230769230769232
data_127,1,0,0,0,0,1,1,0,0,1,1,1,0,0.8734462261199951,0.9570127129554749,0.08356648683547974,0.7210841178894043,0.8154628872871399,0.0,12,1,0.6153846153846154
data_127,1,1,1,1,1,1,1,1,1,1,1,1,1,0.09150427579879761,0.07561378926038742,-0.015890486538410187,0.6051109433174133,0.8713850378990173,0.0,4,0,0.4615384615384615
data_127,1,1,1,1,1,1,1,1,0,1,1,1,1,0.7925675511360168,0.9914901852607727,0.19892263412475586,0.7816967368125916,0.7859267592430115,0.1024317741394043,11,1,0.1538461538461538
data_128,0,0,0,0,0,1,1,1,1,1,1,1,1,0.9985673427581787,0.9985673427581787,0.0,0.8337112665176392,0.5879064798355103,0.431271493434906,1,1,0.0
data_128,0,0,0,0,0,0,0,0,0,0,0,0,0,0.955229640007019,0.955229640007019,0.0,0.9731482863426208,0.6260744333267212,0.5544142723083496,1,1,0.0
data_128,0,0,0,0,1,1,0,0,1,1,0,0,1,0.060390181839466095,0.060390181839466095,0.0,0.794605553150177,0.6563839316368103,0.4210816323757171,2,1,0.0
data_128,0,0,0,0,0,0,0,0,0,0,0,0,0,0.6516996622085571,0.2754179537296295,-0.3762817084789276,0.7735481262207031,0.754369854927063,0.2144567519426345,2,1,0.0
data_128,0,0,0,0,0,0,0,0,0,0,0,0,0,0.8357374668121338,0.00744157750159502,-0.8282958893105388,0.9209941625595092,0.6393066644668579,0.7105693221092224,1,1,0.0
data_128,0,0,0,0,0,0,0,0,0,0,0,0,0,0.9718899726867676,0.9718899726867676,0.0,0.7172648906707764,0.6756002902984619,0.5125079154968262,4,1,0.0
data_128,0,0,0,0,0,0,0,0,0,0,0,0,0,0.03034970723092556,0.03034970723092556,0.0,0.7512251734733582,0.6059817671775818,0.3309747874736786,1,1,0.0
data_128,0,0,0,0,0,1,0,0,0,1,1,0,0,0.010999365709722042,0.012176116928458214,0.0011767512187361717,0.8350750207901001,0.7673003077507019,0.508243978023529,6,1,0.0
data_128,0,0,0,0,0,0,0,0,0,0,0,0,0,0.006512986030429602,0.006512986030429602,0.0,0.927057683467865,0.7420797944068909,0.3118881285190582,4,1,0.0
data_128,0,0,0,0,0,0,0,0,0,0,0,0,0,0.9955615997314453,0.9955615997314453,0.0,0.973246932029724,0.7216930389404297,0.6144360899925232,4,1,0.0
data_128,0,0,0,0,0,0,0,0,0,1,0,0,0,0.9970368146896362,0.9970368146896362,0.0,0.8301335573196411,0.7866365313529968,0.6070439219474792,8,1,0.0
data_128,0,0,1,0,0,1,1,0,1,1,1,1,1,0.8619887232780457,0.3104816675186157,-0.5515070557594299,0.789282500743866,0.8105322122573853,0.296032041311264,7,1,0.4285714285714285
data_128,0,0,0,0,0,0,0,0,0,0,0,0,0,0.5630850791931152,0.5630850791931152,0.0,0.835378885269165,0.7582635283470154,0.6106427907943726,5,1,0.0
data_128,0,0,0,0,0,0,0,0,0,0,0,0,0,0.003615916706621647,0.003615916706621647,0.0,0.808398962020874,0.7629663348197937,0.7001112699508667,4,1,0.0
data_128,0,0,0,0,0,0,1,0,0,1,1,1,0,0.0004537746135611087,0.0013055999297648668,0.0008518253162037581,0.7712022066116333,0.8589823246002197,0.3958745896816253,5,1,0.1428571428571428
data_128,0,0,0,0,0,0,0,0,0,0,1,0,0,0.03916912525892258,0.10980124026536942,0.07063211500644684,0.8736234903335571,0.7351532578468323,0.8101041316986084,2,1,0.0
data_128,0,0,0,0,0,0,0,0,0,0,0,0,0,0.09230263531208038,0.05664572864770889,-0.03565690666437149,0.9147278070449828,0.793781578540802,0.5231696367263794,2,1,0.0
data_128,0,0,0,0,0,0,0,0,0,0,0,0,0,0.04415752738714218,0.04415752738714218,0.0,0.8050230145454407,0.7165824174880981,0.4293292760848999,4,1,0.0
data_129,0,0,0,0,0,0,0,0,0,0,0,0,0,0.8259325623512268,0.7465510964393616,-0.07938146591186523,0.8301817178726196,0.8325019478797913,0.1038022711873054,11,1,0.0454545454545454
data_129,0,0,0,0,0,0,0,0,0,0,0,0,0,0.6460991501808167,0.830730140209198,0.18463099002838135,0.5046941637992859,0.7712500691413879,0.0,3,0,0.5
data_129,0,0,0,0,0,0,0,0,0,0,0,0,0,0.25329867005348206,0.8553612232208252,0.6020625531673431,0.6626384854316711,0.6036892533302307,0.3052981793880462,1,1,0.0
data_129,0,1,0,0,0,1,1,0,0,1,1,0,0,0.4523071348667145,0.278115838766098,-0.17419129610061646,0.7124892473220825,0.7680615186691284,0.1002736911177635,7,1,0.1818181818181818
data_129,0,0,0,0,0,0,0,0,0,0,0,0,0,0.9970635771751404,0.9970635771751404,0.0,0.891913115978241,0.8245441317558289,0.4289169311523437,10,1,0.0
data_129,0,0,0,0,0,0,0,0,0,0,0,0,0,0.643667995929718,0.643667995929718,0.0,0.6773125529289246,0.6982734203338623,0.3929615616798401,6,1,0.0909090909090909
data_129,0,0,0,0,0,0,0,0,0,0,0,0,0,0.9938220977783203,0.9938220977783203,0.0,0.8275560736656189,0.7285872101783752,0.810971736907959,3,1,0.0
data_129,0,0,0,0,0,0,0,0,0,0,0,0,0,0.9672630429267883,0.9672630429267883,0.0,0.9380514025688172,0.8357272148132324,0.8999470472335815,10,1,0.0
data_129,0,0,1,0,0,0,0,0,0,1,0,0,0,0.9956724643707275,0.9956724643707275,0.0,0.7685309052467346,0.7694290280342102,0.313661128282547,10,1,0.0454545454545454
data_129,0,0,0,0,0,0,0,0,0,0,0,0,0,0.08873358368873596,0.9775996804237366,0.8888660967350006,0.8085238933563232,0.7895071506500244,0.2195259481668472,7,1,0.0
data_129,0,0,0,0,0,0,1,0,0,0,1,1,0,0.1714758723974228,0.989304780960083,0.8178289085626602,0.733522355556488,0.820691704750061,0.0950163975358009,10,1,0.0909090909090909
data_129,0,0,0,0,0,0,0,0,0,1,0,0,0,0.5939743518829346,0.8631294965744019,0.2691551446914673,0.6848932504653931,0.8307472467422485,0.0,12,1,0.5
data_129,0,0,0,0,0,0,0,0,0,0,0,0,0,0.7536015510559082,0.7536015510559082,0.0,0.916635513305664,0.857331395149231,0.2343255579471588,5,1,0.0
data_129,0,0,0,0,0,0,0,0,0,0,0,0,0,0.9969745874404907,0.9969745874404907,0.0,0.7076805233955383,0.7367070317268372,0.1022550463676452,9,1,0.0909090909090909
data_129,0,0,0,0,0,0,0,0,0,0,0,0,0,0.9803035855293274,0.9951708912849426,0.014867305755615234,0.6760337948799133,0.8681169152259827,0.0,11,1,0.3181818181818182
data_130,1,1,1,1,1,1,1,1,1,1,1,1,1,0.06452774256467819,0.018513131886720657,-0.046014610677957535,0.8712739944458008,0.7294572591781616,0.1268443018198013,4,1,0.0
data_130,1,1,1,1,1,1,1,1,1,1,1,1,1,0.07137403637170792,0.055156901478767395,-0.01621713489294052,0.5636956691741943,0.7607865929603577,0.0,6,0,0.6111111111111112
data_130,1,1,1,1,1,1,1,1,1,1,1,1,1,0.9959868788719177,0.9959868788719177,0.0,0.9399733543395996,0.627450168132782,0.3442387282848358,1,1,0.0
data_130,1,1,0,1,0,1,1,1,0,1,1,1,0,0.08414646983146667,0.8424443006515503,0.7582978308200836,0.6111614108085632,0.7039374709129333,0.0942420065402984,5,0,0.3333333333333333
data_130,1,1,1,1,1,1,1,1,1,1,1,1,1,0.008437837474048138,0.006217112764716148,-0.0022207247093319893,0.6211395263671875,0.77561354637146,0.0,6,0,0.4444444444444444
data_130,0,0,1,0,0,1,1,0,1,1,1,1,1,0.27263984084129333,0.006690974347293377,-0.26594886649399996,0.5367646217346191,0.960038959980011,0.0,1,0,0.6111111111111112
data_130,1,1,1,1,1,1,1,1,1,1,1,1,1,0.0876113623380661,0.011081219650804996,-0.0765301426872611,0.5960288047790527,0.6957883238792419,0.0,3,0,0.3333333333333333
data_130,1,1,1,1,1,1,1,1,1,1,1,1,1,0.3257175385951996,0.07236379384994507,-0.2533537447452545,0.5993449687957764,0.7655720114707947,0.0,3,0,0.3333333333333333
data_130,1,0,0,0,0,1,1,1,0,1,1,1,0,0.00428518233820796,0.11672500520944595,0.112439822871238,0.6066185832023621,0.7781529426574707,0.0,5,0,0.3333333333333333
data_130,1,0,0,0,0,1,0,0,0,1,1,1,0,0.2914002239704132,0.6963971853256226,0.40499696135520935,0.6388759613037109,0.6868904829025269,0.0978864431381225,4,0,0.2777777777777778
data_131,1,1,1,1,0,1,1,1,1,1,1,1,1,0.0033938854467123747,0.011595496907830238,0.008201611461117864,0.7095682621002197,0.6545667052268982,0.6090342402458191,2,1,0.0
data_131,0,0,0,0,0,0,0,0,0,0,0,0,0,0.9974018335342407,0.9974018335342407,0.0,0.6935164332389832,0.6353552937507629,0.5315167903900146,1,1,0.0
data_131,0,0,0,0,0,0,0,0,0,0,0,0,0,0.9909899234771729,0.9909899234771729,0.0,0.892671525478363,0.6518054604530334,0.8074272871017456,2,1,0.0
data_131,0,0,0,0,0,0,0,0,0,0,0,0,0,0.9870589971542358,0.9870589971542358,0.0,0.9515599608421326,0.5688127279281616,0.9145137667655944,1,1,0.0
data_131,0,0,0,0,0,0,0,0,0,1,0,0,0,0.02277357317507267,0.009672697633504868,-0.013100875541567802,0.6897701025009155,0.8022366166114807,0.4875605702400207,4,1,0.125
data_131,0,0,0,0,0,0,0,0,0,0,0,0,0,0.24174441397190094,0.030569715425372124,-0.21117469854652882,0.7925233244895935,0.7808403968811035,0.5958519577980042,6,1,0.0
data_131,0,0,0,0,0,0,0,0,0,1,0,0,0,0.2766236960887909,0.2766236960887909,0.0,0.741145133972168,0.7003012299537659,0.6008484959602356,3,1,0.0
data_131,0,0,0,0,0,1,0,0,0,0,0,0,0,0.05379338935017586,0.1550585925579071,0.10126520320773125,0.7500871419906616,0.6586407423019409,0.2173420786857605,2,1,0.0
data_131,0,0,0,0,0,0,0,0,0,0,0,0,0,0.8639856576919556,0.792686402797699,-0.07129925489425659,0.8428053259849548,0.6472321152687073,0.7145193219184875,1,1,0.0
data_131,0,0,0,0,0,0,0,0,0,0,0,0,0,0.2356383502483368,0.1305127739906311,-0.10512557625770569,0.7949222326278687,0.7209337949752808,0.3245379626750946,3,1,0.0
data_131,0,0,0,0,0,0,0,0,0,1,1,1,1,0.00915487576276064,0.009828624315559864,0.0006737485527992249,0.7687552571296692,0.7383689880371094,0.1080606579780578,5,1,0.0
data_131,0,0,0,0,0,0,0,0,0,0,0,0,0,0.09553828835487366,0.09553828835487366,0.0,0.8457865715026855,0.5919150710105896,0.4518449902534485,1,1,0.0
data_132,0,0,0,0,0,0,0,0,0,0,0,0,0,0.04680405929684639,0.0023489599116146564,-0.04445509938523173,0.8292921781539917,0.7076075077056885,0.1287436783313751,3,1,0.0
data_132,0,0,0,0,0,0,0,0,0,0,0,0,0,0.0976376011967659,0.28691336512565613,0.18927576392889023,0.7142796516418457,0.7451211810112,0.1988869905471801,6,1,0.5
data_132,0,0,0,0,0,0,0,0,0,0,0,0,0,0.9966465830802917,0.9966465830802917,0.0,0.8305968046188354,0.6626501679420471,0.2319162189960479,2,1,0.0
data_132,0,0,1,0,0,0,1,0,0,1,1,0,0,0.011686711572110653,0.19687318801879883,0.18518647644668818,0.6896016597747803,0.8611321449279785,0.0946744978427887,6,1,0.5
data_132,0,0,0,0,0,0,0,0,0,1,1,0,0,0.6018222570419312,0.9871244430541992,0.38530218601226807,0.72623610496521,0.8287445902824402,0.1913855969905853,7,1,0.5
data_132,1,1,1,1,0,1,1,1,0,1,1,1,0,0.9649226069450378,0.98610919713974,0.02118659019470215,0.6206466555595398,0.8044765591621399,0.0,6,0,1.0
data_132,1,0,1,0,0,0,1,0,0,0,1,0,0,0.4184606671333313,0.4184606671333313,0.0,0.6109477877616882,0.5599609613418579,0.6076931357383728,0,0,0.0
data_132,0,0,0,0,0,0,0,0,0,1,0,0,0,0.2215920388698578,0.8930938243865967,0.6715017855167389,0.744351327419281,0.7329961657524109,0.2087102681398391,6,1,0.0
data_132,1,0,1,0,0,1,1,1,0,1,1,1,0,0.30670395493507385,0.30670395493507385,0.0,0.8419229984283447,0.8048694729804993,0.3028774857521057,7,1,0.0
data_132,0,0,0,0,0,0,0,0,0,0,0,0,0,0.9907490611076355,0.9907490611076355,0.0,0.8977379202842712,0.8235788941383362,0.3133153915405273,6,1,0.0
data_132,0,0,0,0,0,0,0,0,0,0,0,0,0,0.9716717004776001,0.25284436345100403,-0.7188273370265961,0.7939993143081665,0.8244318962097168,0.4088665246963501,5,1,0.3333333333333333
data_132,0,0,0,0,0,0,0,0,0,1,0,0,0,0.9026526212692261,0.9026526212692261,0.0,0.8246155381202698,0.7292655110359192,0.6065086126327515,2,1,0.0
data_132,0,0,0,0,0,0,0,0,0,0,0,0,0,0.2039378434419632,0.2039378434419632,0.0,0.8761523962020874,0.7576548457145691,0.606514573097229,5,1,0.0
data_132,0,0,0,0,0,0,0,0,0,0,0,0,0,0.4009348452091217,0.4009348452091217,0.0,0.6786732077598572,0.7027157545089722,0.6979717016220093,2,1,0.1666666666666666
data_132,1,1,1,1,1,1,1,1,1,1,1,1,1,0.028121594339609146,0.9744208455085754,0.9462992511689663,0.7128205299377441,0.7802098393440247,0.0979694724082946,6,1,0.6666666666666666
data_133,0,0,0,0,0,0,0,0,0,1,0,0,0,0.9182726740837097,0.004420286975800991,-0.9138523871079087,0.5085055232048035,0.6314135193824768,0.0,0,0,0.5833333333333334
data_133,0,0,0,0,0,0,0,0,0,0,0,0,0,0.3278290927410126,0.09111348539590836,-0.23671560734510422,0.442253053188324,0.7634552121162415,0.0,1,0,0.6666666666666666
data_133,0,0,0,0,0,1,0,0,0,1,0,0,0,0.31035250425338745,0.28565987944602966,-0.024692624807357788,0.7015727758407593,0.7944760322570801,0.2913198471069336,8,1,0.3333333333333333
data_133,0,0,0,0,0,0,0,0,0,0,0,0,0,0.8339372277259827,0.8339372277259827,0.0,0.7414531707763672,0.8489486575126648,0.6007471084594727,2,1,0.0833333333333333
data_133,0,0,0,0,0,0,0,0,0,1,0,0,0,0.9319040775299072,0.8350104093551636,-0.09689366817474365,0.7250665426254272,0.758809506893158,0.2961115837097168,6,1,0.1666666666666666
data_133,1,0,1,1,1,1,1,1,1,1,1,1,1,0.09118287265300751,0.11823868751525879,0.027055814862251282,0.503736674785614,0.6604478359222412,0.0,1,0,0.5833333333333334
data_133,0,1,0,0,0,1,1,0,1,1,1,1,1,0.38833799958229065,0.21300186216831207,-0.17533613741397858,0.6157083511352539,0.8235403299331665,0.0,8,0,0.75
data_133,0,0,0,0,0,0,0,0,0,1,0,0,0,0.0060929544270038605,0.48633289337158203,0.48023993894457817,0.3943894505500793,0.7065967321395874,0.0,1,0,0.9166666666666666
data_133,0,0,0,0,0,0,0,0,0,0,0,0,0,0.9459038376808167,0.9459038376808167,0.0,0.672517716884613,0.7014359831809998,0.1160531193017959,2,1,0.0833333333333333
data_133,0,0,0,0,0,0,1,0,0,1,1,0,0,0.8540880680084229,0.16544359922409058,-0.6886444687843323,0.3944278359413147,0.4942601025104522,0.0,0,0,0.75
data_133,0,0,0,0,0,0,0,0,0,0,0,0,0,0.9133193492889404,0.8972505331039429,-0.01606881618499756,0.6099216341972351,0.6668617725372314,0.1949320584535598,1,0,0.25
data_133,0,0,0,0,0,0,0,0,0,0,0,0,0,0.10353583842515945,0.10353583842515945,0.0,0.7721063494682312,0.7891297936439514,0.2061441540718078,6,1,0.0833333333333333
data_133,0,0,0,0,0,0,0,0,0,0,0,0,0,0.10046765953302383,0.6624802947044373,0.5620126351714134,0.6672805547714233,0.711936354637146,0.1019158884882927,5,1,0.1666666666666666
data_133,0,0,0,0,0,1,1,0,0,1,1,0,0,0.13628920912742615,0.014724829234182835,-0.12156437989324331,0.521851122379303,0.6586427092552185,0.0911957174539566,1,0,0.4166666666666667
data_133,0,0,0,0,0,0,0,0,0,1,0,0,0,0.337169885635376,0.4887691140174866,0.1515992283821106,0.4537227749824524,0.6838697791099548,0.0,1,0,0.5833333333333334
data_133,0,0,0,0,0,0,0,0,0,0,0,0,0,0.906971275806427,0.906971275806427,0.0,0.6423248052597046,0.559697151184082,0.7250136137008667,0,0,0.0
data_133,0,0,0,0,0,0,0,0,0,0,0,0,0,0.9615292549133301,0.4819822907447815,-0.4795469641685486,0.5921049118041992,0.745681881904602,0.0,4,0,0.5833333333333334
data_133,0,0,0,0,0,0,0,0,0,0,0,0,0,0.7736313939094543,0.010153371840715408,-0.7634780220687389,0.5429509878158569,0.6445966958999634,0.1905150562524795,0,0,0.4166666666666667
data_133,0,0,0,0,0,0,0,0,0,1,0,0,0,0.005168788600713015,0.02402161993086338,0.018852831330150366,0.6095927953720093,0.6202937960624695,0.1055461019277572,0,0,0.0833333333333333
data_133,1,1,1,1,1,1,1,1,1,1,1,1,1,0.03482269123196602,0.0401594452559948,0.005336754024028778,0.6415682435035706,0.6007429957389832,0.3060307800769806,0,0,0.0
data_133,0,0,0,0,0,0,0,0,0,0,0,0,0,0.9919195175170898,0.9919195175170898,0.0,0.8287027478218079,0.7605180740356445,0.1172924190759658,5,1,0.0
data_133,0,0,0,0,0,0,0,0,0,0,0,0,0,0.09410448372364044,0.9642685651779175,0.870164081454277,0.5074268579483032,0.6843607425689697,0.0,1,0,0.5833333333333334
data_133,0,0,0,0,0,0,0,0,0,0,0,0,0,0.17664006352424622,0.33121001720428467,0.15456995368003845,0.6402291655540466,0.7324009537696838,0.1051957532763481,1,0,0.1666666666666666
data_133,0,0,0,0,0,0,0,0,0,0,0,1,0,0.9571101069450378,0.9571101069450378,0.0,0.6059673428535461,0.6653202772140503,0.2006776332855224,1,0,0.1666666666666666
data_133,0,0,0,0,0,0,0,0,0,0,0,0,0,0.00756665226072073,0.14146316051483154,0.1338965082541108,0.7932710647583008,0.7035548090934753,0.6178441643714905,2,1,0.0
data_133,1,0,0,0,0,1,0,1,0,1,1,1,0,0.9045950770378113,0.9581692814826965,0.053574204444885254,0.6146823763847351,0.636612057685852,0.3089401423931122,0,0,0.0833333333333333
data_133,0,0,0,0,0,0,0,0,0,0,0,0,0,0.8801341652870178,0.8801341652870178,0.0,0.5958394408226013,0.6536210775375366,0.2076035737991333,1,0,0.25
data_133,0,0,0,0,0,0,0,0,0,1,0,0,0,0.15422594547271729,0.985714316368103,0.8314883708953857,0.5042374134063721,0.5644873976707458,0.101256251335144,0,0,0.25
data_133,1,0,0,0,0,0,0,1,0,1,1,1,0,0.008022169582545757,0.269491583108902,0.2614694135263562,0.6013938784599304,0.6949887871742249,0.1100538522005081,1,0,0.0833333333333333
data_133,0,0,0,0,0,0,0,0,0,0,0,0,0,0.010500544682145119,0.13975195586681366,0.12925141118466854,0.6847620010375977,0.5855797529220581,0.3276853859424591,1,1,0.0
data_133,0,0,0,0,0,0,0,0,0,0,0,0,0,0.9889940619468689,0.8434586524963379,-0.145535409450531,0.5091310739517212,0.5340141654014587,0.2981418073177337,0,0,0.1666666666666666
data_133,0,0,0,0,0,0,0,0,0,0,0,1,0,0.9988038539886475,0.9925014972686768,-0.006302356719970703,0.5416584014892578,0.6709132790565491,0.1910696625709533,1,0,0.25
data_133,0,0,0,0,0,0,0,0,0,0,0,0,0,0.024050313979387283,0.007244472857564688,-0.016805841121822596,0.543734073638916,0.7288765907287598,0.3789733350276947,1,0,0.1666666666666666
data_133,0,0,0,0,0,0,0,0,0,1,1,0,0,0.42886972427368164,0.42886972427368164,0.0,0.8167991638183594,0.6114751100540161,0.5348559617996216,1,1,0.0
data_133,0,0,0,0,0,0,0,0,0,0,0,0,0,0.9660259485244751,0.9660259485244751,0.0,0.888161838054657,0.6178196668624878,0.9104896783828736,1,1,0.0
data_133,0,0,0,0,0,0,0,0,0,0,0,0,0,0.9418848156929016,0.4190414249897003,-0.5228433907032013,0.6229351758956909,0.5455389022827148,0.4130504429340362,0,0,0.0
data_133,0,0,0,0,0,1,0,0,0,1,1,0,0,0.07802435755729675,0.07802435755729675,0.0,0.6413161158561707,0.6041858196258545,0.417393296957016,0,0,0.0
data_134,0,0,0,0,0,0,0,0,0,0,0,0,0,0.6125680804252625,0.7789026498794556,0.16633456945419312,0.7278481125831604,0.7181257009506226,0.5016501545906067,3,1,0.0
data_134,0,0,0,0,0,0,0,0,0,0,0,0,0,0.09487933665513992,0.11823446303606033,0.02335512638092041,0.6606168746948242,0.7220381498336792,0.6836560964584351,2,1,0.2
data_134,0,0,0,0,0,0,0,0,0,0,0,0,0,0.03535997495055199,0.03535997495055199,0.0,0.9196321368217468,0.6625702381134033,0.8151769638061523,2,1,0.0
data_134,1,1,1,0,1,1,1,1,1,1,1,1,1,0.018556812778115273,0.018556812778115273,0.0,0.8461291193962097,0.7951169013977051,0.7121337652206421,5,1,0.0
data_134,0,0,0,0,0,0,0,0,0,0,0,0,0,0.2312711775302887,0.9611829519271851,0.7299117743968964,0.6845991611480713,0.8158487677574158,0.0932075232267379,4,1,0.6
data_134,0,0,0,0,0,0,0,0,0,0,0,0,0,0.010562458075582981,0.05587097629904747,0.04530851822346449,0.7589287757873535,0.7020602822303772,0.3129618465900421,4,1,0.0
data_134,0,0,0,0,0,0,0,0,0,0,0,0,0,0.020954182371497154,0.020954182371497154,0.0,0.8110865950584412,0.6241311430931091,0.6328995823860168,1,1,0.0
data_134,0,0,0,0,0,0,0,0,0,0,0,0,0,0.7014917135238647,0.7014917135238647,0.0,0.9338151216506958,0.7087674140930176,0.2293179482221603,5,1,0.0
data_134,0,0,0,0,0,0,0,0,0,0,0,0,0,0.9600581526756287,0.9600581526756287,0.0,0.9282445311546326,0.775379478931427,0.4261729717254638,3,1,0.0
data_134,0,0,0,0,0,0,0,0,0,0,0,0,0,0.9975889921188354,0.9975889921188354,0.0,0.7799538373947144,0.761633038520813,0.4206197261810303,2,1,0.0
data_134,0,0,0,0,0,0,0,0,0,0,0,0,0,0.9939764738082886,0.9939764738082886,0.0,0.7365352511405945,0.6811733841896057,0.3161888420581817,2,1,0.0
data_134,0,0,0,0,0,0,1,0,0,1,1,0,0,0.002503039315342903,0.0013144793920218945,-0.0011885599233210087,0.6323816180229187,0.7556508779525757,0.3851938247680664,2,0,0.6
data_134,0,0,0,0,0,0,0,0,0,0,0,0,0,0.9763391017913818,0.9199358224868774,-0.056403279304504395,0.8605713248252869,0.6677182912826538,0.5321930050849915,3,1,0.0
data_134,0,0,0,0,0,0,0,0,0,0,0,0,0,0.9974719882011414,0.9974719882011414,0.0,0.9475948214530944,0.7891298532485962,0.3201726675033569,3,1,0.0
data_134,0,0,0,0,0,0,0,0,0,0,0,0,0,0.9164432883262634,0.9164432883262634,0.0,0.9172219038009644,0.7569653391838074,0.2274228036403656,5,1,0.0
data_134,0,0,0,0,0,0,0,0,0,0,1,0,0,0.8974934220314026,0.21851877868175507,-0.6789746433496475,0.4994416534900665,0.6762775182723999,0.1764596700668335,1,0,0.8
data_134,0,0,0,0,0,1,0,0,0,1,1,0,0,0.01013356912881136,0.01013356912881136,0.0,0.6860692501068115,0.6021684408187866,0.230587437748909,1,1,0.0
data_134,0,0,0,0,0,0,0,0,0,0,0,0,0,0.40307432413101196,0.40307432413101196,0.0,0.9234704375267028,0.7064850330352783,0.1303470730781555,4,1,0.0
data_135,0,0,0,0,0,0,0,0,0,0,0,0,0,0.9685359597206116,0.9685359597206116,0.0,0.6886769533157349,0.5825780630111694,0.514747679233551,1,1,0.0
data_135,0,0,0,0,0,0,0,0,0,0,0,0,0,0.40779736638069153,0.06589748710393906,-0.34189987927675247,0.7408860325813293,0.6970195174217224,0.322008341550827,4,1,0.0
data_135,0,0,0,0,0,0,0,0,0,0,0,0,0,0.07969727367162704,0.07969727367162704,0.0,0.8181287050247192,0.6976327300071716,0.8893589377403259,2,1,0.0
data_135,0,0,0,0,0,0,0,0,0,0,0,0,0,0.9924535155296326,0.9924535155296326,0.0,0.886831521987915,0.605532169342041,0.4458276033401489,1,1,0.0
data_135,1,0,0,0,0,0,0,0,0,1,0,0,0,0.0027252526488155127,0.0014075074577704072,-0.0013177451910451055,0.6819837689399719,0.6359023451805115,0.4049269258975982,1,1,0.0
data_135,0,0,0,0,0,0,0,0,0,0,0,0,0,0.008705755695700645,0.0023480390664190054,-0.00635771662928164,0.7887301445007324,0.7429887056350708,0.3212625086307525,6,1,0.0
data_135,0,0,0,0,0,0,0,0,0,0,0,0,0,0.5002586245536804,0.7292629480361938,0.22900432348251343,0.6591086983680725,0.7120086550712585,0.1047186106443405,3,1,0.1111111111111111
data_135,0,0,0,0,0,0,0,0,0,0,0,0,0,0.9968942403793335,0.9968942403793335,0.0,0.9155805110931396,0.730832576751709,0.1349632889032364,3,1,0.0
data_135,0,0,0,0,0,0,0,0,0,1,1,0,0,0.8197510242462158,0.9917857050895691,0.17203468084335327,0.6837192177772522,0.7852861285209656,0.1931610703468322,4,1,0.3333333333333333
data_135,0,0,0,0,0,0,0,0,0,1,0,0,0,0.06957896053791046,0.1413733810186386,0.07179442048072815,0.6524430513381958,0.7846810817718506,0.3996292650699615,2,1,0.1111111111111111
data_135,0,0,0,0,0,0,0,0,0,0,0,0,0,0.03603878244757652,0.03603878244757652,0.0,0.6384445428848267,0.6708975434303284,0.3961200714111328,2,0,0.3333333333333333
data_135,0,0,0,0,0,0,0,0,0,0,0,0,0,0.29247650504112244,0.29247650504112244,0.0,0.8241783380508423,0.6661847233772278,0.621905505657196,3,1,0.0
data_135,0,0,0,0,0,0,0,0,0,1,1,1,0,0.02799248695373535,0.08537426590919495,0.057381778955459595,0.7151100039482117,0.8388115167617798,0.1047003790736198,4,1,0.1111111111111111
data_135,0,0,0,0,0,0,0,0,0,0,0,0,0,0.1576802283525467,0.10493980348110199,-0.0527404248714447,0.8506065011024475,0.6600282788276672,0.4245778918266296,2,1,0.0
data_135,0,0,0,0,0,0,0,0,0,1,0,0,0,0.9791275858879089,0.9791275858879089,0.0,0.8268161416053772,0.7171076536178589,0.4186509251594543,5,1,0.0
data_135,0,0,0,0,0,1,1,0,0,1,1,0,0,0.1555626541376114,0.6734474301338196,0.5178847759962082,0.7839571833610535,0.771394670009613,0.3084800541400909,6,1,0.0
data_135,0,0,0,0,0,0,0,0,0,0,0,0,0,0.9579074382781982,0.9751613736152649,0.01725393533706665,0.77456134557724,0.6572890281677246,0.4314194917678833,2,1,0.0
data_135,0,0,0,0,0,0,0,0,0,1,0,0,0,0.8807278871536255,0.8807278871536255,0.0,0.7197487950325012,0.6186936497688293,0.4320396780967712,1,1,0.0
data_135,0,0,0,0,0,0,0,0,0,1,0,0,0,0.9741272330284119,0.9741272330284119,0.0,0.9036182761192322,0.6785762906074524,0.4357231855392456,5,1,0.0
data_135,0,0,0,0,0,0,0,0,0,0,0,0,0,0.06936857849359512,0.06936857849359512,0.0,0.6361254453659058,0.7267616391181946,0.1911601126194,2,0,0.2222222222222222
data_135,0,0,0,0,0,0,0,0,0,0,0,0,0,0.07514213770627975,0.0025539083871990442,-0.07258822931908071,0.5275541543960571,0.5519870519638062,0.2004458904266357,0,0,0.1111111111111111
data_135,0,0,0,0,0,0,0,0,0,0,0,0,0,0.0022647171281278133,0.004766794852912426,0.0025020777247846127,0.5787085890769958,0.644387423992157,0.4811685383319855,0,0,0.2222222222222222
data_135,0,0,0,0,0,0,0,0,0,1,0,0,0,0.012359794229269028,0.012359794229269028,0.0,0.7082592248916626,0.7319557070732117,0.4006392359733581,4,1,0.2222222222222222
data_135,0,0,0,0,0,0,0,0,0,0,0,0,0,0.9959651231765747,0.9959651231765747,0.0,0.865963876247406,0.7171317338943481,0.4276904761791229,5,1,0.0
data_135,1,0,0,0,0,0,0,0,0,0,1,0,0,0.004453693516552448,0.004453693516552448,0.0,0.7960195541381836,0.7405247092247009,0.4271324276924133,2,1,0.0
data_136,0,0,0,0,0,0,0,0,0,1,0,0,0,0.43515992164611816,0.9970090985298157,0.5618491768836975,0.8129616975784302,0.8530299067497253,0.1020702496170997,9,1,0.2222222222222222
data_136,0,0,0,0,0,0,0,0,0,0,0,0,0,0.9966713786125183,0.9966713786125183,0.0,0.821098268032074,0.8756510615348816,0.3997988402843475,6,1,0.1111111111111111
data_136,0,0,0,0,0,1,0,0,0,1,1,0,0,0.8557347059249878,0.8557347059249878,0.0,0.8157033920288086,0.7988393306732178,0.5933778882026672,2,1,0.0
data_136,1,0,0,0,0,0,1,0,0,1,1,0,0,0.054786454886198044,0.9965869188308716,0.9418004639446735,0.7323595285415649,0.867081880569458,0.1887139230966568,6,1,0.3333333333333333
data_136,0,0,0,0,0,0,0,0,0,0,0,0,0,0.9715737104415894,0.15118779242038727,-0.8203859180212021,0.8628197312355042,0.7940359115600586,0.5182905197143555,4,1,0.0
data_136,0,0,0,0,0,0,0,0,0,1,0,0,0,0.005566767416894436,0.005566767416894436,0.0,0.8172628283500671,0.6878314018249512,0.5373634696006775,2,1,0.0
data_136,0,0,0,0,0,0,0,0,0,1,1,0,0,0.9936502575874329,0.9936502575874329,0.0,0.803505539894104,0.7532757520675659,0.4155547618865967,6,1,0.0
data_136,0,0,0,0,0,0,1,0,0,0,1,0,0,0.010612732730805874,0.010612732730805874,0.0,0.9127392172813416,0.5876821279525757,0.3430767059326172,1,1,0.0
data_136,0,0,0,0,0,0,0,0,0,0,0,0,0,0.4245526194572449,0.13430139422416687,-0.290251225233078,0.7105697989463806,0.7155889272689819,0.1983978152275085,6,1,0.1111111111111111
data_136,0,0,0,0,0,0,0,0,0,1,0,0,0,0.4613396227359772,0.4613396227359772,0.0,0.7207362651824951,0.7032017707824707,0.209716722369194,5,1,0.0
data_136,1,1,1,1,1,1,1,1,1,1,1,1,1,0.17661170661449432,0.9863945245742798,0.8097828179597855,0.6834458112716675,0.8613487482070923,0.095653012394905,8,1,0.3333333333333333
data_136,0,0,0,0,0,1,0,0,0,1,1,0,0,0.08991507440805435,0.027707034721970558,-0.062208039686083794,0.6248793601989746,0.6606200933456421,0.1974189132452011,1,0,0.3333333333333333
data_136,0,0,0,0,0,0,0,0,0,0,0,0,0,0.9907363057136536,0.9907363057136536,0.0,0.9272393584251404,0.6759169101715088,0.6256042718887329,4,1,0.0
data_136,0,0,0,0,0,0,0,0,0,0,0,0,0,0.9681393504142761,0.9681393504142761,0.0,0.8754624128341675,0.7080453038215637,0.7055756449699402,4,1,0.0
data_136,0,0,0,0,0,0,0,0,0,1,0,0,0,0.9898271560668945,0.9898271560668945,0.0,0.8688461184501648,0.7889481782913208,0.508405864238739,6,1,0.0
data_136,0,0,0,0,0,0,0,0,0,1,0,0,0,0.14685788750648499,0.004143404308706522,-0.14271448319777846,0.8036617040634155,0.8027912974357605,0.204284593462944,8,1,0.0
data_136,0,0,0,0,0,0,0,0,0,1,0,0,0,0.9837612509727478,0.9837612509727478,0.0,0.7379235029220581,0.7782962918281555,0.3144978880882263,2,1,0.1111111111111111
data_136,0,1,0,0,0,1,1,0,0,1,1,0,0,0.07072199881076813,0.02688189223408699,-0.04384010657668114,0.6398393511772156,0.8323675990104675,0.0,6,0,1.0
data_136,0,0,0,0,0,0,0,0,0,1,0,0,0,0.5363335013389587,0.5363335013389587,0.0,0.8586480021476746,0.7599793672561646,0.1184237077832222,7,1,0.0
data_136,0,0,0,0,0,0,0,0,0,0,0,0,0,0.23259207606315613,0.23259207606315613,0.0,0.5663042664527893,0.5386044979095459,0.5046327710151672,0,0,0.0
data_136,0,0,0,0,0,0,0,0,0,0,0,0,0,0.11583555489778519,0.7575610876083374,0.6417255327105522,0.5842136740684509,0.6752479672431946,0.094895139336586,1,0,0.3333333333333333
data_137,0,0,0,0,0,0,0,0,0,0,0,0,0,0.9946537017822266,0.9946537017822266,0.0,0.7588171362876892,0.6518011689186096,0.8070078492164612,2,1,0.0
data_137,0,0,0,0,0,0,0,0,0,0,0,0,0,0.9979215264320374,0.9979215264320374,0.0,0.8273717761039734,0.6696014404296875,0.8079473972320557,2,1,0.0
data_137,0,0,0,0,0,0,0,0,0,0,0,0,0,0.8024432063102722,0.8024432063102722,0.0,0.7854697108268738,0.7026894688606262,0.5118049383163452,4,1,0.0
data_137,0,0,0,0,0,0,0,0,0,0,0,0,0,0.1373033970594406,0.00884587224572897,-0.12845752481371164,0.7616449594497681,0.6347058415412903,0.3190970122814178,1,1,0.0
data_137,0,0,1,0,0,1,1,1,0,1,1,1,0,0.08081334829330444,0.9925514459609985,0.9117380976676941,0.5510029792785645,0.7586162090301514,0.0,1,0,0.8571428571428571
data_137,0,0,0,0,0,0,0,0,0,0,0,0,0,0.07956743240356445,0.07956743240356445,0.0,0.7571834325790405,0.774141788482666,0.7941744327545166,3,1,0.1428571428571428
data_137,0,0,0,0,0,1,0,0,0,1,1,1,0,0.779081404209137,0.16320295631885529,-0.6158784478902817,0.7506681680679321,0.6763027906417847,0.3110282123088836,5,1,0.0
data_137,0,0,0,0,0,0,0,0,0,0,0,0,0,0.9248345494270325,0.9248345494270325,0.0,0.632567822933197,0.5899031162261963,0.7055619359016418,0,0,0.0
data_137,1,0,0,0,0,0,0,0,0,0,0,0,0,0.12554195523262024,0.12913276255130768,0.003590807318687439,0.750093936920166,0.5822586417198181,0.3246656060218811,1,1,0.0
data_137,0,0,0,0,0,0,0,0,0,0,0,0,0,0.06846042722463608,0.058278270065784454,-0.010182157158851624,0.8228669762611389,0.6887522339820862,0.2325776517391204,2,1,0.0
data_137,0,0,1,0,1,1,1,0,1,1,1,0,1,0.06018310785293579,0.06795615702867508,0.007773049175739288,0.5863397717475891,0.7939313650131226,0.0,4,0,0.7142857142857143
data_137,0,0,0,0,0,1,0,0,0,1,1,0,0,0.0341377854347229,0.05016125366091728,0.01602346822619438,0.6641587615013123,0.6880913376808167,0.1123111248016357,2,1,0.1428571428571428
data_137,0,0,0,0,0,0,0,0,0,1,0,0,0,0.48955094814300537,0.48955094814300537,0.0,0.8036420345306396,0.6172356009483337,0.2298750877380371,1,1,0.0
data_137,0,0,0,0,0,0,0,0,0,1,0,0,0,0.07092782109975815,0.07092782109975815,0.0,0.5740696787834167,0.599005401134491,0.100265085697174,0,0,0.2857142857142857
data_137,0,0,0,0,0,0,0,0,0,0,0,0,0,0.37551379203796387,0.44503772258758545,0.06952393054962158,0.8101506233215332,0.7249343395233154,0.4132762849330902,4,1,0.0
data_137,0,0,0,0,0,0,0,0,0,1,0,0,0,0.12940524518489838,0.04680086672306061,-0.08260437846183777,0.6912087798118591,0.7194151878356934,0.5005077123641968,4,1,0.2857142857142857
data_138,0,0,0,0,0,0,0,0,0,0,0,0,0,0.16384561359882355,0.16384561359882355,0.0,0.8492027521133423,0.8502156734466553,0.6817200779914856,3,1,0.5
data_138,0,0,0,0,0,0,0,0,0,0,0,0,0,0.01990443654358387,0.048127684742212296,0.028223248198628426,0.6715933084487915,0.6130265593528748,0.5248740911483765,1,1,0.0
data_138,0,0,0,0,0,0,0,0,0,1,0,0,0,0.0028259733226150274,0.0016271586064249277,-0.0011988147161900997,0.6696212887763977,0.7010431289672852,0.4018038511276245,2,1,0.5
data_138,0,0,0,0,0,0,0,0,0,1,0,0,0,0.021314483135938644,0.021314483135938644,0.0,0.8180994391441345,0.5202904939651489,0.9122229218482972,1,1,0.0
data_138,1,0,0,0,0,1,1,0,0,1,1,1,0,0.012201426550745964,0.04395739734172821,0.031755970790982246,0.746646523475647,0.6675873398780823,0.7091034054756165,2,1,0.0
data_138,0,0,0,0,0,0,0,0,0,1,0,0,0,0.9767629504203796,0.9767629504203796,0.0,0.7482250928878784,0.6644605398178101,0.3255943357944488,2,1,0.0
data_138,0,0,0,0,0,0,0,0,0,1,1,0,0,0.007158581167459488,0.007158581167459488,0.0,0.720543384552002,0.6876111030578613,0.314345121383667,2,1,0.0
data_138,0,0,0,0,0,0,0,0,0,1,0,0,0,0.0008333703735843301,0.08809186518192291,0.08725849480833858,0.4775540828704834,0.6724879145622253,0.0,1,0,1.0
data_138,0,0,0,0,0,0,0,0,0,0,1,0,0,0.9968470931053162,0.9968470931053162,0.0,0.8168802261352539,0.8247278332710266,0.1144411340355873,3,1,0.5
data_139,0,0,0,0,0,0,0,0,0,0,0,0,0,0.3522575795650482,0.16877587139606476,-0.18348170816898346,0.7720320820808411,0.8297946453094482,0.1949501037597656,9,1,0.5
data_139,0,0,0,0,0,0,0,0,0,0,0,0,0,0.039638735353946686,0.039638735353946686,0.0,0.7277707457542419,0.6956636309623718,0.5047813653945923,4,1,0.0
data_139,0,0,0,0,0,0,0,0,0,1,0,0,0,0.8582523465156555,0.9167728424072266,0.058520495891571045,0.6941635012626648,0.8068742156028748,0.1930774748325348,6,1,0.125
data_139,0,0,0,0,0,0,0,0,0,1,0,0,0,0.787243664264679,0.9755899310112,0.188346266746521,0.5359007716178894,0.709882378578186,0.0,3,0,1.0
data_139,0,0,0,0,0,0,1,0,0,0,0,0,0,0.5513365268707275,0.9402765035629272,0.3889399766921997,0.6908227801322937,0.6603394746780396,0.3050972521305084,3,1,0.0
data_139,1,0,0,0,0,1,0,1,0,1,1,1,0,0.042583804577589035,0.9394972920417786,0.8969134874641895,0.5565457940101624,0.7070905566215515,0.0,4,0,1.0
data_139,0,0,0,0,0,0,0,0,0,1,0,0,0,0.1270761489868164,0.830768346786499,0.7036921977996826,0.7405652403831482,0.744340717792511,0.4005336165428161,6,1,0.125
data_139,0,0,0,0,0,1,0,0,0,1,0,0,0,0.08226370066404343,0.019908109679818153,-0.06235559098422527,0.7186535596847534,0.7357721328735352,0.2059454768896103,7,1,0.25
data_139,0,0,0,0,0,1,0,0,0,0,0,0,0,0.10401978343725204,0.32396936416625977,0.21994958072900772,0.6551690101623535,0.7183462381362915,0.0978229939937591,5,1,0.5
data_139,0,0,0,0,0,0,0,0,0,0,0,0,0,0.04718448221683502,0.04718448221683502,0.0,0.761406660079956,0.6269580721855164,0.5356202721595764,1,1,0.0
data_139,0,0,0,0,0,0,1,0,0,1,1,1,0,0.1729251742362976,0.1729251742362976,0.0,0.652908444404602,0.7206880450248718,0.2935141026973724,4,1,0.375
data_139,1,1,1,1,1,1,1,1,0,1,1,1,1,0.5768836140632629,0.5768836140632629,0.0,0.6883946061134338,0.6396026015281677,0.4105854332447052,1,1,0.0
data_139,0,0,0,0,0,0,0,0,0,1,0,0,0,0.12172408401966095,0.27120277285575867,0.14947868883609772,0.726415753364563,0.7059141993522644,0.3042720258235931,5,1,0.0
data_139,0,0,0,0,0,1,0,0,0,1,0,0,0,0.9346252083778381,0.9904738068580627,0.05584859848022461,0.6935253143310547,0.6538586020469666,0.3039880096912384,2,1,0.0
data_139,0,0,0,0,0,0,0,0,0,0,0,0,0,0.8835433721542358,0.7832154035568237,-0.10032796859741211,0.7660600543022156,0.7331132888793945,0.2079545110464096,6,1,0.0
data_139,0,0,0,0,0,0,0,0,0,0,0,0,0,0.924084484577179,0.924084484577179,0.0,0.6926015019416809,0.6904107928276062,0.2962109744548797,3,1,0.0
data_139,0,0,0,0,0,0,0,0,0,1,0,0,0,0.47950223088264465,0.47950223088264465,0.0,0.7072116136550903,0.6986010074615479,0.2125452905893325,3,1,0.0
data_139,0,0,0,0,0,0,0,0,0,1,0,0,0,0.9055052399635315,0.9055052399635315,0.0,0.7426109910011292,0.5962249040603638,0.9065077304840088,1,1,0.0
data_140,0,0,0,0,0,0,0,0,0,0,0,0,0,0.9949066042900085,0.9949066042900085,0.0,0.6726416945457458,0.6197345852851868,0.603047251701355,1,1,0.0
data_140,0,0,0,0,0,0,0,0,0,0,0,0,0,0.9856445789337158,0.9856445789337158,0.0,0.6026641726493835,0.6208904981613159,0.8938598036766052,0,0,0.5
data_140,0,0,0,0,0,0,0,0,0,0,0,0,0,0.9969552755355835,0.9969552755355835,0.0,0.8071585893630981,0.854915201663971,0.7851943373680115,3,1,0.5
data_140,0,0,0,0,0,0,0,0,0,1,0,0,0,0.18045462667942047,0.18045462667942047,0.0,0.7751941084861755,0.6572280526161194,0.9061298966407776,2,1,0.0
data_140,0,0,0,0,1,1,1,0,1,1,1,0,1,0.9675208330154419,0.9675208330154419,0.0,0.8301016688346863,0.6509068608283997,0.8153058886528015,2,1,0.0
data_140,0,0,0,0,0,0,0,0,0,0,0,0,0,0.9961932897567749,0.9961932897567749,0.0,0.882642388343811,0.758791983127594,0.9017417430877686,3,1,0.0
data_140,0,0,0,0,0,0,0,0,0,0,0,0,0,0.9783796072006226,0.10360787063837051,-0.874771736562252,0.6480767130851746,0.604557991027832,0.4086163640022278,0,0,0.0
data_140,0,0,0,0,0,0,0,0,0,1,1,0,0,0.8245626091957092,0.9722166657447815,0.14765405654907227,0.5797356367111206,0.7025516033172607,0.0,1,0,1.0
data_140,0,0,0,0,0,0,0,0,0,0,0,0,0,0.41213932633399963,0.9948487281799316,0.582709401845932,0.7546253204345703,0.6280233860015869,0.5280743837356567,1,1,0.0
data_140,0,0,0,0,0,0,0,0,0,1,0,0,0,0.9130117893218994,0.9977152347564697,0.08470344543457031,0.7557429075241089,0.7638344764709473,0.2056593149900436,2,1,0.5
data_141,0,0,0,0,0,0,1,0,0,1,1,0,0,0.008406059816479683,0.9988297820091248,0.9904237221926451,0.5177078247070312,0.841257631778717,0.0,7,0,1.0
data_141,1,1,1,1,1,1,1,1,1,1,1,1,1,0.07121960073709488,0.83488929271698,0.7636696919798851,0.5762460231781006,0.7211793065071106,0.0,5,0,0.7
data_141,0,0,0,0,0,0,0,0,0,0,0,0,0,0.004285759758204222,0.009002741426229477,0.004716981668025255,0.7358266711235046,0.677416980266571,0.2131023406982422,3,1,0.0
data_141,0,0,0,0,0,1,0,0,0,1,0,0,0,0.9965180158615112,0.9965180158615112,0.0,0.8764821290969849,0.7709850668907166,0.4049453139305115,9,1,0.0
data_141,0,0,0,0,0,0,0,0,0,0,0,0,0,0.5733962655067444,0.9845379590988159,0.41114169359207153,0.7700133919715881,0.6999024748802185,0.4103271961212158,2,1,0.0
data_141,0,0,0,0,0,0,0,0,0,0,0,0,0,0.04058054834604263,0.04058054834604263,0.0,0.7839726209640503,0.654621422290802,0.6196227669715881,2,1,0.0
data_141,0,0,0,0,0,1,0,0,0,1,0,0,0,0.46913817524909973,0.05417896807193756,-0.41495920717716217,0.7258855700492859,0.7631237506866455,0.1011880338191986,9,1,0.2
data_141,0,0,0,0,0,0,0,0,0,0,0,0,0,0.9801287055015564,0.991251528263092,0.011122822761535645,0.7064518332481384,0.7806131839752197,0.0,9,1,0.5
data_141,0,0,0,0,0,0,0,0,0,0,0,0,0,0.2579801380634308,0.4730023443698883,0.21502220630645752,0.8011324405670166,0.8459200859069824,0.200270339846611,10,1,0.2
data_141,0,0,0,0,0,0,0,0,0,0,0,0,0,0.6294448971748352,0.6294448971748352,0.0,0.9611544609069824,0.7262319326400757,0.2320717126131057,6,1,0.0
data_141,0,0,0,0,0,1,1,0,0,1,1,1,0,0.8775708675384521,0.9947841763496399,0.11721330881118774,0.7044315338134766,0.7246713638305664,0.3928828835487366,4,1,0.1
data_141,0,0,0,0,0,0,0,0,0,0,0,0,0,0.0015618304023519158,0.0035255486145615578,0.001963718212209642,0.5587971210479736,0.5802700519561768,0.1015484407544136,0,0,0.1
data_141,1,1,1,1,1,1,1,1,1,1,1,1,1,0.20948119461536407,0.9799416065216064,0.7704604119062424,0.6877175569534302,0.8539848923683167,0.0,10,1,0.7
data_141,1,1,1,1,1,1,1,1,1,1,1,1,1,0.005534297786653042,0.9953835606575012,0.9898492628708482,0.5795791149139404,0.699335515499115,0.0957614555954933,2,0,0.4
data_142,0,0,0,0,0,0,0,0,0,0,0,0,0,0.9958861470222473,0.9958861470222473,0.0,0.8502430319786072,0.6327402591705322,0.2379541099071502,1,1,0.0
data_142,0,0,1,0,0,1,1,1,1,1,1,1,1,0.48666056990623474,0.9857203364372253,0.4990597665309906,0.6422666907310486,0.7535847425460815,0.096471332013607,3,0,0.3333333333333333
data_142,0,0,0,0,0,0,0,0,0,0,0,0,0,0.9867560863494873,0.9867560863494873,0.0,0.772322416305542,0.7157633900642395,0.2215988934040069,5,1,0.0
data_142,0,0,0,0,0,0,0,0,0,1,0,0,0,0.6586846113204956,0.07165394723415375,-0.5870306640863419,0.6433032751083374,0.6352837085723877,0.201570838689804,0,0,0.0
data_142,0,0,1,0,0,1,1,1,0,1,1,1,0,0.6521015763282776,0.6521015763282776,0.0,0.7801437377929688,0.7209089994430542,0.7997918725013733,4,1,0.0
data_142,1,1,1,1,0,1,1,1,1,1,1,1,1,0.07123271375894547,0.9334569573402405,0.862224243581295,0.6795862317085266,0.7584632635116577,0.1970754265785217,4,1,0.1111111111111111
data_142,0,0,0,0,0,0,0,0,0,0,0,0,0,0.9466803073883057,0.9736317992210388,0.026951491832733154,0.7601689100265503,0.8497793078422546,0.3025709688663482,4,1,0.1111111111111111
data_142,0,0,0,0,0,0,0,0,0,0,0,0,0,0.9791216254234314,0.9791216254234314,0.0,0.8666037321090698,0.7930156588554382,0.5336926579475403,3,1,0.0
data_142,0,0,0,0,0,0,0,0,0,0,0,0,0,0.8209993839263916,0.8209993839263916,0.0,0.7641400098800659,0.6289045214653015,1.0,1,1,0.0
data_142,0,0,0,0,0,0,0,0,0,1,1,0,0,0.3886129856109619,0.3886129856109619,0.0,0.4995103180408478,0.6038353443145752,0.194733589887619,0,0,0.2222222222222222
data_142,0,0,0,0,0,0,1,0,0,1,0,0,0,0.7192441821098328,0.9922916293144226,0.27304744720458984,0.6637935638427734,0.7609074115753174,0.097259797155857,9,1,0.6666666666666666
data_143,0,0,0,0,0,0,0,0,0,0,0,0,0,0.9940542578697205,0.9940542578697205,0.0,0.910475730895996,0.5283780694007874,0.9183835983276368,1,1,0.0
data_143,0,0,0,0,0,0,0,0,0,0,0,0,0,0.005888207815587521,0.005888207815587521,0.0,0.7521671056747437,0.538910984992981,1.0,1,1,0.0
data_143,0,0,0,0,0,0,0,0,0,0,0,0,0,0.049260471016168594,0.049260471016168594,0.0,0.6924921274185181,0.5797248482704163,0.4363994896411896,1,1,0.0
data_143,0,0,0,0,0,0,0,0,0,0,0,0,0,0.9953586459159851,0.9953586459159851,0.0,0.8785423040390015,0.7260855436325073,0.6133262515068054,4,1,0.0
data_143,0,0,0,0,0,0,0,0,0,0,0,0,0,0.00814206525683403,0.00814206525683403,0.0,0.7008998394012451,0.7455244064331055,0.3004588782787323,2,1,0.0833333333333333
data_143,0,0,0,0,0,0,0,0,0,0,0,0,0,0.0009818276157602668,0.14586690068244934,0.14488507306668907,0.6474027633666992,0.6626850962638855,0.5950658917427063,1,0,0.0833333333333333
data_143,1,0,0,0,0,1,0,0,0,1,1,0,0,0.9741986989974976,0.04990103095769882,-0.9242976680397987,0.6671406626701355,0.7898436784744263,0.4897679388523102,2,1,0.0833333333333333
data_143,0,0,0,0,0,0,0,0,0,0,0,0,0,0.7833237648010254,0.7833237648010254,0.0,0.8261150121688843,0.615985631942749,0.3508112728595733,1,1,0.0
data_143,0,0,0,0,0,0,0,0,0,0,0,0,0,0.986403226852417,0.986403226852417,0.0,0.631382405757904,0.6280149221420288,0.5115441083908081,0,0,0.0
data_143,0,1,1,1,1,1,1,1,1,1,1,1,1,0.985701322555542,0.985701322555542,0.0,0.790961503982544,0.4785308837890625,0.7390689849853516,1,1,0.0
data_143,0,0,0,0,0,0,0,0,0,0,0,0,0,0.621990978717804,0.621990978717804,0.0,0.9124045968055724,0.6821682453155518,0.6181748509407043,2,1,0.0
data_143,0,0,0,0,0,0,0,0,0,0,0,0,0,0.9833129048347473,0.9833129048347473,0.0,0.7562291622161865,0.6418576240539551,0.1230400875210762,1,1,0.0
data_143,1,0,0,0,0,1,1,0,0,1,1,1,0,0.011015446856617928,0.00841981079429388,-0.002595636062324047,0.8253918886184692,0.7412016987800598,0.3161965012550354,4,1,0.0
data_143,0,0,0,0,0,0,0,0,0,0,0,0,0,0.4087904393672943,0.4087904393672943,0.0,0.6523041129112244,0.7534424662590027,0.3123382925987243,2,1,0.0833333333333333
data_143,0,0,0,0,0,0,0,0,0,0,0,0,0,0.9986770749092102,0.9986770749092102,0.0,0.8606932163238525,0.6190301179885864,0.428236186504364,1,1,0.0
data_143,0,0,0,0,0,0,0,0,0,0,0,0,0,0.9913392663002014,0.9913392663002014,0.0,0.9666852355003356,0.569868803024292,0.5473201870918274,1,1,0.0
data_143,1,1,1,0,1,1,1,1,0,1,1,1,1,0.019077712669968605,0.0035976781509816647,-0.01548003451898694,0.6204924583435059,0.6216906905174255,0.1992266029119491,0,0,0.0833333333333333
data_143,0,0,0,0,0,0,0,0,0,1,0,0,0,0.9775577783584595,0.9775577783584595,0.0,0.8497843146324158,0.603417694568634,0.3461299538612366,1,1,0.0
data_143,0,0,0,0,0,0,0,0,0,0,0,0,0,0.05625349283218384,0.9595944881439209,0.9033409953117371,0.6191374063491821,0.7191665768623352,0.0951650440692901,4,0,0.4166666666666667
data_143,0,0,0,0,0,0,0,0,0,0,0,0,0,0.8773927092552185,0.8773927092552185,0.0,0.7377889156341553,0.5734999179840088,0.5555302500724792,1,1,0.0
data_143,0,0,0,0,0,0,0,0,0,0,0,0,0,0.8228106498718262,0.8228106498718262,0.0,0.7374218106269836,0.6645224094390869,0.5996913909912109,2,1,0.0
data_143,0,0,0,0,0,1,0,0,0,1,0,0,0,0.549045979976654,0.549045979976654,0.0,0.8420699238777161,0.7304799556732178,0.7153894305229187,4,1,0.0
data_144,0,0,0,0,0,0,1,0,0,0,1,0,0,0.7783156037330627,0.4974549114704132,-0.28086069226264954,0.7004009485244751,0.7210066914558411,0.2026233077049255,4,1,0.08
data_144,0,0,0,0,0,0,0,0,0,0,0,0,0,0.10488550364971161,0.9600437879562378,0.8551582843065262,0.6548393964767456,0.6912678480148315,0.2009615451097488,2,1,0.04
data_144,0,0,0,0,0,0,0,0,0,0,0,0,0,0.0798550620675087,0.007376897614449263,-0.07247816445305943,0.5742496252059937,0.6220404505729675,0.1020278632640838,0,0,0.04
data_144,0,0,0,0,0,0,0,0,0,0,0,0,0,0.049233537167310715,0.9911770820617676,0.9419435448944569,0.4320697784423828,0.7838708758354187,0.0,1,0,0.28
data_144,0,0,0,0,0,0,0,0,0,0,0,0,0,0.07537581026554108,0.9967008233070374,0.9213250130414963,0.5609349012374878,0.7508094906806946,0.0,6,0,0.48
data_144,0,0,1,0,0,0,0,0,0,0,1,0,0,0.3357042074203491,0.3357042074203491,0.0,0.7772076725959778,0.6255947947502136,0.1262014955282211,1,1,0.0
data_144,0,0,0,0,0,0,0,0,0,0,0,0,0,0.44815459847450256,0.5059664845466614,0.057811886072158813,0.7311227917671204,0.5234885215759277,0.2490846216678619,1,1,0.0
data_144,0,0,0,0,0,0,0,0,0,0,0,0,0,0.8623344302177429,0.8623344302177429,0.0,0.7569517493247986,0.7078943252563477,0.1106396615505218,9,1,0.0
data_144,0,0,0,0,0,0,0,0,0,0,0,0,0,0.9962584972381592,0.8791882991790771,-0.11707019805908203,0.5669328570365906,0.6466451287269592,0.0965261682868003,0,0,0.12
data_144,0,0,0,0,0,0,0,0,0,0,0,0,0,0.9875575304031372,0.9875575304031372,0.0,0.7836645841598511,0.5871313810348511,0.3484377562999725,1,1,0.0
data_144,0,0,0,0,0,1,0,0,0,1,0,0,0,0.9236674904823303,0.9236674904823303,0.0,0.6799134612083435,0.6594197154045105,0.2993738055229187,2,1,0.0
data_144,0,0,0,0,0,0,0,0,0,0,0,0,0,0.9479162096977234,0.9479162096977234,0.0,0.8483319282531738,0.7551015019416809,0.4135116040706634,4,1,0.0
data_144,0,0,0,0,0,0,0,0,0,0,0,0,0,0.938369631767273,0.938369631767273,0.0,0.8156203627586365,0.6168233752250671,0.7265098690986633,1,1,0.0
data_144,0,0,0,0,0,0,0,0,0,0,0,0,0,0.9887129068374634,0.9887129068374634,0.0,0.6760467290878296,0.6988203525543213,0.2057800143957138,3,1,0.04
data_144,0,0,0,0,0,0,0,0,0,0,0,0,0,0.7205500602722168,0.7205500602722168,0.0,0.8119314908981323,0.725391149520874,0.3252054154872894,2,1,0.0
data_144,0,0,0,0,0,0,0,0,0,0,0,0,0,0.3182319402694702,0.9770650863647461,0.6588331460952759,0.768608570098877,0.7621267437934875,0.1056289672851562,7,1,0.0
data_144,0,0,0,0,0,0,0,0,0,0,0,0,0,0.9515876770019531,0.9515876770019531,0.0,0.7329994440078735,0.6947345733642578,0.1201953589916229,2,1,0.0
data_144,0,0,0,0,0,0,0,0,0,0,0,0,0,0.8348464965820312,0.9704536199569702,0.13560712337493896,0.5786774158477783,0.642291247844696,0.0988874286413192,0,0,0.16
data_145,0,0,0,0,0,0,0,0,0,1,0,0,0,0.9695141911506653,0.687456488609314,-0.2820577025413513,0.6512795090675354,0.7512632608413696,0.0969472974538803,4,1,0.1363636363636363
data_145,0,0,0,0,0,0,0,0,0,0,0,0,0,0.045343805104494095,0.6967412233352661,0.651397418230772,0.6544256210327148,0.5503646731376648,0.3278380334377289,1,1,0.0
data_145,0,0,0,0,0,0,0,0,0,1,0,0,0,0.6773741841316223,0.19224180281162262,-0.4851323813199997,0.5595371723175049,0.6325303912162781,0.0984203070402145,0,0,0.2272727272727272
data_145,0,0,0,0,0,0,0,0,0,0,0,0,0,0.993240475654602,0.993240475654602,0.0,0.6834904551506042,0.6282888650894165,0.3084944486618042,1,1,0.0
data_145,0,0,0,0,0,0,0,0,0,1,0,0,0,0.43043264746665955,0.609491229057312,0.17905858159065247,0.8223627209663391,0.6713417172431946,0.2214985787868499,5,1,0.0
data_145,0,0,0,0,0,0,1,0,0,0,0,0,0,0.9753947854042053,0.9753947854042053,0.0,0.7432771325111389,0.7300858497619629,0.1128120347857475,3,1,0.0
data_145,0,0,0,1,0,0,0,0,0,0,0,0,0,0.8542043566703796,0.9957713484764099,0.14156699180603027,0.6949036121368408,0.7036283016204834,0.2066367268562317,2,1,0.0454545454545454
data_145,1,0,0,0,0,0,0,0,0,0,0,0,0,0.09442618489265442,0.09442618489265442,0.0,0.777250349521637,0.7176865339279175,0.805528998374939,2,1,0.0
data_145,0,0,0,0,0,0,0,0,0,0,0,0,0,0.06861139088869095,0.16767902672290802,0.09906763583421707,0.6968088746070862,0.6212463974952698,0.3218584060668945,1,1,0.0
data_146,0,0,0,0,0,0,0,0,0,0,0,0,0,0.4688732922077179,0.4688732922077179,0.0,0.8056741952896118,0.7418078780174255,0.1155538782477378,8,1,0.0
data_146,0,0,0,0,0,1,0,0,0,1,0,0,0,0.9560033082962036,0.026010900735855103,-0.9299924075603485,0.7106403708457947,0.6980900168418884,0.2895262241363525,4,1,0.0
data_146,0,0,0,0,0,0,1,1,0,1,1,1,0,0.011683216318488121,0.011683216318488121,0.0,0.6450088620185852,0.7174673080444336,0.1015947088599205,1,0,0.0714285714285714
data_146,0,0,0,0,0,0,0,0,0,1,1,1,0,0.37341779470443726,0.37341779470443726,0.0,0.7246198654174805,0.7152277231216431,0.109802596271038,3,1,0.0
data_146,1,0,1,0,0,1,1,1,0,1,1,1,0,0.001561847049742937,0.007139099761843681,0.005577252712100744,0.7858985662460327,0.7271375060081482,0.6100903749465942,6,1,0.0
data_146,0,0,0,0,0,0,0,0,0,0,1,0,0,0.709667444229126,0.709667444229126,0.0,0.8590748310089111,0.7503200173377991,0.5176791548728943,6,1,0.0
data_146,0,1,1,1,0,1,1,1,1,1,1,1,0,0.8348086476325989,0.8348086476325989,0.0,0.6523125767707825,0.7076496481895447,0.483040302991867,2,1,0.0714285714285714
data_146,0,0,0,0,0,1,0,0,0,1,0,0,0,0.5437090992927551,0.5768520832061768,0.03314298391342163,0.7641183733940125,0.7140663862228394,0.7099121809005737,2,1,0.0
data_146,0,0,0,0,0,0,0,0,0,0,0,0,0,0.977782130241394,0.977782130241394,0.0,0.8525491952896118,0.6605408787727356,0.6050171852111816,2,1,0.0
data_146,0,0,0,0,0,0,0,0,0,0,0,0,0,0.9887697696685791,0.9887697696685791,0.0,0.677756667137146,0.527481198310852,0.7147823572158813,1,1,0.0
data_146,0,0,0,0,0,0,1,0,0,1,1,1,0,0.03004828840494156,0.04529856517910957,0.015250276774168015,0.8474696278572083,0.7600996494293213,0.5148704051971436,9,1,0.0
data_146,0,0,0,0,0,0,0,0,0,0,0,0,0,0.004594202619045973,0.1288168579339981,0.12422265531495214,0.7706986665725708,0.7699010968208313,0.2093731313943863,8,1,0.0
data_146,0,0,0,0,0,0,0,0,0,0,0,0,0,0.5593360662460327,0.5593360662460327,0.0,0.7588896751403809,0.7281501889228821,0.3117943406105041,5,1,0.0
data_146,0,0,1,0,0,1,0,0,0,0,0,0,0,0.6223306059837341,0.6347368955612183,0.01240628957748413,0.7524860501289368,0.7610150575637817,0.4958106875419616,5,1,0.0714285714285714
data_146,0,0,0,0,0,0,0,0,0,1,1,0,0,0.8825039863586426,0.8372434377670288,-0.04526054859161377,0.6975641846656799,0.8284562826156616,0.0934820249676704,6,1,0.2142857142857142
data_146,0,0,0,0,0,0,0,0,0,0,0,0,0,0.11119848489761353,0.05685899406671524,-0.054339490830898285,0.7361394166946411,0.7941831946372986,0.199464276432991,11,1,0.1428571428571428
data_146,0,0,0,0,0,0,0,0,0,1,1,0,0,0.994110643863678,0.8928051590919495,-0.10130548477172852,0.7156276702880859,0.7528531551361084,0.1978633105754852,10,1,0.1428571428571428
data_146,0,0,0,0,0,0,0,0,0,1,0,0,0,0.2649596929550171,0.9246877431869507,0.6597280502319336,0.6926488280296326,0.7759419083595276,0.0961923897266388,9,1,0.2857142857142857
data_146,0,0,0,0,0,0,0,0,0,0,0,0,0,0.9086378216743469,0.9086378216743469,0.0,0.8323874473571777,0.6509619951248169,0.4380294680595398,2,1,0.0
data_146,0,0,0,0,0,0,0,0,0,0,0,0,0,0.9872683882713318,0.9872683882713318,0.0,0.7618571519851685,0.7357591986656189,0.3102811276912689,3,1,0.0
data_146,0,0,0,0,0,0,0,0,0,1,1,1,0,0.06578858941793442,0.06578858941793442,0.0,0.6956700682640076,0.6067295074462891,0.4107681810855865,1,1,0.0
data_146,0,0,0,0,0,1,0,0,0,1,1,0,0,0.20255883038043976,0.369459331035614,0.16690050065517426,0.6771418452262878,0.7746487855911255,0.0,8,1,0.3571428571428571
data_146,0,0,0,0,0,0,0,0,0,1,0,0,0,0.48920682072639465,0.4859006106853485,-0.0033062100410461426,0.686525821685791,0.7977017164230347,0.0960202664136886,8,1,0.3571428571428571
data_146,0,0,0,0,0,1,0,0,0,1,0,0,0,0.057652171701192856,0.3034788966178894,0.24582672491669655,0.5887430906295776,0.6421344876289368,0.2029714584350586,0,0,0.2142857142857142
data_147,0,0,0,0,0,0,0,0,0,0,0,0,0,0.9882931113243103,0.9882931113243103,0.0,0.972212851047516,0.7175474762916565,0.1424822360277176,3,1,0.0
data_147,0,0,0,0,0,0,0,0,0,0,0,0,0,0.6222492456436157,0.6222492456436157,0.0,0.9510288834571838,0.7302289009094238,0.4176288843154907,3,1,0.0
data_147,0,0,0,0,0,1,0,0,0,1,1,0,0,0.04266872629523277,0.09083707630634308,0.048168350011110306,0.8408600091934204,0.8486306071281433,0.112747311592102,9,1,0.0666666666666666
data_147,1,1,1,1,1,1,1,1,1,1,1,1,1,0.002083068247884512,0.9969600439071655,0.994876975659281,0.4987023174762726,0.7285578846931458,0.0,1,0,0.5333333333333333
data_147,1,1,1,0,0,1,1,1,0,1,1,1,0,0.010553578846156597,0.10326756536960602,0.09271398652344942,0.6299492120742798,0.7514426112174988,0.0,4,0,0.4
data_147,0,0,0,0,0,1,1,0,0,1,1,1,0,0.9724202752113342,0.9885866045951843,0.016166329383850098,0.7350014448165894,0.8459024429321289,0.0974615514278411,10,1,0.2666666666666666
data_147,1,0,1,0,1,1,1,0,0,1,1,0,0,0.5420837998390198,0.5420837998390198,0.0,0.7564610838890076,0.7948243618011475,0.5037540197372437,7,1,0.0666666666666666
data_147,1,1,1,0,1,1,1,0,1,1,1,1,1,0.88319993019104,0.8045355081558228,-0.07866442203521729,0.6022699475288391,0.775770902633667,0.0947490334510803,2,0,0.2666666666666666
data_147,1,1,1,1,1,1,1,1,1,1,1,1,1,0.09543892741203308,0.8836246728897095,0.7881857454776764,0.6260303258895874,0.9618516564369202,0.0,6,0,0.5333333333333333
data_147,1,1,1,0,1,1,1,1,1,1,1,1,1,0.07940933853387833,0.9958569407463074,0.916447602212429,0.4715871512889862,0.6912651658058167,0.0909356996417045,1,0,0.1333333333333333
data_147,0,0,0,0,0,0,0,0,0,0,0,0,0,0.04557188227772713,0.9760501980781555,0.9304783158004284,0.7756112813949585,0.6871569752693176,0.3145846724510193,5,1,0.0
data_147,0,0,1,0,0,0,1,0,0,1,1,0,0,0.435759037733078,0.435759037733078,0.0,0.7388542294502258,0.6239638924598694,0.3377761542797088,1,1,0.0
data_147,0,0,0,0,0,0,0,0,0,0,0,0,0,0.6546104550361633,0.6546104550361633,0.0,0.8127762675285339,0.613374650478363,0.5356594920158386,1,1,0.0
data_147,0,0,0,0,0,0,0,0,0,1,1,1,0,0.9987602233886719,0.6232224702835083,-0.3755377531051636,0.5694881677627563,0.8287435173988342,0.0,5,0,0.6666666666666666
data_147,0,0,0,0,0,0,0,0,0,0,0,0,0,0.9201505780220032,0.7848818898200989,-0.1352686882019043,0.688368558883667,0.6264759302139282,0.326945036649704,1,1,0.0
data_148,0,0,0,0,0,0,1,0,1,0,1,0,0,0.41932418942451477,0.41932418942451477,0.0,0.7325072288513184,0.6702754497528076,0.9004985094070435,2,1,0.0
data_148,0,0,0,0,0,0,0,0,0,1,0,0,0,0.22880952060222626,0.22880952060222626,0.0,0.7302902936935425,0.6385915279388428,0.7125989198684692,1,1,0.0
data_148,0,0,0,0,0,0,1,0,0,1,1,0,0,0.5724644064903259,0.5724644064903259,0.0,0.7691604495048523,0.756181001663208,0.599166989326477,3,1,0.0
data_148,0,1,1,1,0,1,1,1,0,1,1,1,1,0.6593067049980164,0.644538402557373,-0.01476830244064331,0.6488471627235413,0.7085455060005188,0.1959841698408126,3,0,0.3333333333333333
data_148,1,1,1,0,0,1,1,1,1,1,1,1,1,0.35460957884788513,0.11200807988643646,-0.24260149896144867,0.7578116059303284,0.7328663468360901,0.4945963621139526,4,1,0.0
data_148,0,0,0,0,0,0,0,0,0,1,1,1,0,0.4361630380153656,0.781992495059967,0.34582945704460144,0.5843003988265991,0.5640882849693298,0.1069308072328567,0,0,0.0
data_148,0,0,0,0,0,0,0,0,0,1,0,0,0,0.6500421762466431,0.9382718205451965,0.28822964429855347,0.6494559049606323,0.6847444176673889,0.0998022258281707,2,0,0.2222222222222222
data_148,0,0,1,0,0,0,1,0,0,1,1,1,0,0.001686196424998343,0.11419811844825745,0.1125119220232591,0.8108487129211426,0.7315313816070557,0.3115287721157074,3,1,0.0
data_148,0,0,0,0,0,0,1,0,0,1,1,1,0,0.2689170837402344,0.1737968623638153,-0.09512022137641907,0.7843599915504456,0.7623359560966492,0.4139341711997986,3,1,0.0
data_148,0,0,0,0,0,0,1,0,0,1,1,0,0,0.0914347842335701,0.17539218068122864,0.08395739644765854,0.7139280438423157,0.740738570690155,0.3037159740924835,2,1,0.1111111111111111
data_148,0,0,0,0,0,0,0,0,0,1,0,0,0,0.0008557054097764194,0.022918445989489555,0.022062740579713136,0.6124482154846191,0.7161719799041748,0.1915414035320282,1,0,0.3333333333333333
data_148,0,0,0,0,0,0,0,0,0,0,0,0,0,0.9370002150535583,0.9370002150535583,0.0,0.8717655539512634,0.678968071937561,0.241540178656578,2,1,0.0
data_148,0,0,0,0,0,1,1,0,0,1,1,0,0,0.011980399489402771,0.011980399489402771,0.0,0.7572630047798157,0.6134977340698242,0.7257048487663269,1,1,0.0
data_148,0,0,0,0,0,0,0,0,0,0,0,0,0,0.06491799652576447,0.8566567301750183,0.7917387336492538,0.6833210587501526,0.7305189371109009,0.2021863311529159,3,1,0.1111111111111111
data_148,0,0,0,0,0,0,0,0,0,1,1,0,0,0.7133411169052124,0.7133411169052124,0.0,0.6185576915740967,0.5691214203834534,0.4153291285037994,0,0,0.0
data_148,0,0,0,0,0,0,1,0,0,1,1,1,0,0.6406596899032593,0.6406596899032593,0.0,0.6566928029060364,0.7995761632919312,0.1858516037464141,3,1,0.2222222222222222
data_149,0,0,0,0,0,0,0,0,0,0,0,0,0,0.9583470225334167,0.22233979403972626,-0.7360072284936905,0.725612998008728,0.7805188894271851,0.2975985705852508,5,1,0.2
data_149,0,0,0,0,0,0,0,0,0,0,0,0,0,0.997143566608429,0.9980078339576721,0.0008642673492431641,0.7569776773452759,0.759580135345459,0.1060391068458557,5,1,0.1
data_149,0,0,0,0,0,1,0,0,0,1,1,0,0,0.9699606895446777,0.9582728147506714,-0.011687874794006348,0.6974645256996155,0.8578556180000305,0.0970973521471023,7,1,0.3
data_149,0,0,0,0,0,0,0,0,0,0,0,0,0,0.9978208541870117,0.9978208541870117,0.0,0.7400991320610046,0.7191205620765686,0.4033351242542267,2,1,0.0
data_149,0,0,0,0,0,1,0,0,0,1,1,0,0,0.964862585067749,0.964862585067749,0.0,0.6831344962120056,0.6329337358474731,0.5018705129623413,1,1,0.0
data_149,0,0,0,0,0,0,0,0,0,0,0,0,0,0.6411997675895691,0.6411997675895691,0.0,0.6735919713973999,0.6425769329071045,0.5117112994194031,1,1,0.0
data_149,0,0,0,0,0,0,1,0,0,0,1,1,0,0.015498282387852669,0.14283494651317596,0.1273366641253233,0.2575277984142303,0.8042536377906799,0.0,2,0,1.0
data_149,0,0,0,0,0,0,0,0,0,1,0,0,0,0.17278333008289337,0.5467416644096375,0.3739583343267441,0.1882265508174896,0.7257850766181946,0.0,1,0,1.0
data_149,0,0,0,0,0,0,0,0,0,0,0,0,0,0.2444382905960083,0.2487405687570572,0.004302278161048889,0.2875920832157135,0.8112215995788574,0.0,5,0,1.0
data_149,0,0,0,0,0,1,0,0,0,1,1,0,0,0.0007769825751893222,0.6956231594085693,0.69484617683338,0.1614329516887664,0.7209513187408447,0.0,4,0,1.0
data_149,0,0,0,0,0,0,0,0,0,0,0,0,0,0.04725814610719681,0.984553337097168,0.9372951909899712,0.1578471958637237,0.7744044065475464,0.0,2,0,1.0
data_149,0,0,0,0,0,0,0,0,0,1,1,1,0,0.9609965682029724,0.9609965682029724,0.0,0.7569743990898132,0.731139600276947,0.2117113322019577,4,1,0.0
data_149,0,0,0,0,0,0,0,0,0,1,0,0,0,0.7653160095214844,0.5852141976356506,-0.18010181188583374,0.8427460789680481,0.7781105041503906,0.4082908630371094,6,1,0.0
data_149,1,0,0,0,0,1,1,0,0,1,1,1,0,0.7874740958213806,0.9976167678833008,0.21014267206192017,0.7626138925552368,0.7973169684410095,0.3985614776611328,6,1,0.1
data_149,0,0,0,0,0,0,0,0,0,1,0,0,0,0.2043682336807251,0.7345792055130005,0.5302109718322754,0.7041071057319641,0.755260705947876,0.2927047610282898,4,1,0.2
data_149,0,0,0,0,0,0,0,0,0,1,0,0,0,0.9260498881340027,0.9260498881340027,0.0,0.8239383697509766,0.7346066236495972,0.8060577511787415,3,1,0.0
data_149,0,0,0,0,0,0,0,0,0,0,0,0,0,0.9978684186935425,0.9978684186935425,0.0,0.8788376450538635,0.7723914384841919,0.3221973478794098,5,1,0.0
data_149,0,0,0,0,0,0,0,0,0,1,0,0,0,0.7505877017974854,0.7464940547943115,-0.004093647003173828,0.6403825879096985,0.7493088841438293,0.1879489719867706,4,0,0.4
data_149,0,0,0,0,0,0,0,0,0,1,0,0,0,0.6164918541908264,0.6164918541908264,0.0,0.7889126539230347,0.5698082447052002,0.4606568217277527,1,1,0.0
data_149,0,0,0,0,0,0,0,0,0,0,0,0,0,0.9980204105377197,0.9980204105377197,0.0,0.7122009992599487,0.7446181774139404,0.3948317468166351,4,1,0.1
data_149,0,0,0,0,0,0,0,0,0,0,0,0,0,0.999078631401062,0.999078631401062,0.0,0.7059566974639893,0.7620838284492493,0.0985536500811576,8,1,0.3
data_149,0,0,0,0,0,0,0,0,0,1,1,1,0,0.38211578130722046,0.013019564561545849,-0.3690962167456746,0.5868289470672607,0.7939717769622803,0.0,5,0,0.7
data_149,0,0,0,0,0,0,0,0,0,0,0,0,1,0.783295750617981,0.5993835926055908,-0.18391215801239014,0.6251809000968933,0.7122700810432434,0.0,6,0,0.7
data_149,0,0,0,0,0,0,0,0,0,0,0,0,0,0.782963752746582,0.782963752746582,0.0,0.7750778198242188,0.8365707993507385,0.785825788974762,3,1,0.1
data_149,0,0,0,0,0,0,0,0,0,1,1,0,0,0.9957386255264282,0.9957386255264282,0.0,0.7771173119544983,0.6563407778739929,1.0,3,1,0.0
data_149,0,0,0,0,0,0,0,0,0,0,0,0,0,0.6661181449890137,0.6661181449890137,0.0,0.8537038564682007,0.6847942471504211,0.7178409695625305,2,1,0.0
data_149,0,0,0,0,0,0,0,0,0,1,1,1,0,0.986270546913147,0.986270546913147,0.0,0.831437885761261,0.7921452522277832,0.2087305784225464,8,1,0.0
data_150,0,0,0,0,0,0,0,0,0,0,0,0,0,0.9163801670074463,0.9917216897010803,0.07534152269363403,0.7103958129882812,0.8239599466323853,0.1962512731552124,4,1,0.4
data_150,0,0,0,0,0,0,0,0,0,0,0,0,0,0.9960734844207764,0.9960734844207764,0.0,0.8620918989181519,0.6355317234992981,0.4328506588935852,1,1,0.0
data_150,0,0,0,0,0,0,0,0,0,0,0,0,0,0.33875757455825806,0.6386362314224243,0.29987865686416626,0.7698342204093933,0.7749423384666443,0.307996392250061,5,1,0.2
data_150,0,0,0,0,0,0,0,0,0,0,1,0,0,0.7920637726783752,0.9015350937843323,0.10947132110595703,0.7383030652999878,0.693058967590332,0.3092968761920929,2,1,0.0
data_150,0,0,0,0,0,0,0,0,0,1,1,0,0,0.005263596773147583,0.06227606162428856,0.057012464851140976,0.7950038313865662,0.8060051798820496,0.1044474244117736,6,1,0.4
data_150,0,0,0,0,0,0,0,0,0,0,0,0,0,0.9648662805557251,0.9648662805557251,0.0,0.8461167812347412,0.5594428181648254,0.8288986086845398,1,1,0.0
data_150,0,0,0,0,0,0,1,0,0,0,1,0,0,0.9692044258117676,0.9692044258117676,0.0,0.7883357405662537,0.5871642231941223,0.7380096912384033,1,1,0.0
data_150,0,0,0,0,0,0,0,0,0,1,1,0,0,0.7153151035308838,0.7153151035308838,0.0,0.7747548222541809,0.6067203879356384,0.8113992810249329,1,1,0.0
data_150,0,0,0,0,0,0,0,0,0,1,0,1,0,0.23890218138694763,0.23890218138694763,0.0,0.8132137060165405,0.7256479859352112,0.4259198307991028,5,1,0.0
data_150,0,0,0,0,0,0,1,0,0,1,1,1,0,0.10657870024442673,0.7422276139259338,0.6356489136815071,0.7065698504447937,0.7269342541694641,0.4926161468029022,2,1,0.2
data_150,1,0,1,0,1,1,1,1,1,1,1,1,1,0.017823152244091034,0.3197779059410095,0.3019547536969185,0.6356232762336731,0.8122678995132446,0.3806134164333343,1,0,0.2
data_150,1,0,1,0,0,0,1,0,0,0,1,0,0,0.9864272475242615,0.9864272475242615,0.0,0.9328187108039856,0.7899869084358215,0.2404438257217407,2,1,0.0
data_150,0,0,0,0,0,1,0,0,0,0,0,0,0,0.04376876354217529,0.04376876354217529,0.0,0.8027758002281189,0.7207722663879395,0.5083605051040649,5,1,0.0
data_150,0,0,0,0,0,0,0,0,0,0,0,0,0,0.9220284223556519,0.9220284223556519,0.0,0.843119740486145,0.5853918194770813,0.7220547199249268,1,1,0.0
data_150,0,0,0,0,0,0,0,0,0,0,0,0,0,0.3330433666706085,0.057418692857027054,-0.27562467381358147,0.8167072534561157,0.7262179851531982,0.51645427942276,5,1,0.0
data_150,0,0,0,0,0,0,0,0,0,1,0,0,0,0.3580828607082367,0.2037389576435089,-0.15434390306472778,0.7389344573020935,0.7197640538215637,0.1112944707274437,4,1,0.0
data_150,0,0,0,0,0,0,0,0,0,0,0,0,0,0.9963732361793518,0.9963732361793518,0.0,0.9208608865737916,0.754019558429718,0.3465378880500793,4,1,0.0
data_150,0,0,0,0,0,0,0,0,0,0,0,0,0,0.9940395355224609,0.9940395355224609,0.0,0.8311934471130371,0.5243838429450989,0.4384930729866028,1,1,0.0
data_150,0,0,0,0,0,0,0,0,0,0,0,0,0,0.8219443559646606,0.8219443559646606,0.0,0.7476966381072998,0.5684605836868286,0.5374412536621094,1,1,0.0
data_150,0,0,0,0,0,0,0,0,0,1,0,0,0,0.9978918433189392,0.9854192733764648,-0.012472569942474365,0.7842963337898254,0.7928844094276428,0.3037212193012237,6,1,0.4
data_151,0,0,0,0,0,0,0,0,0,0,0,0,0,0.3758997619152069,0.7241771221160889,0.34827736020088196,0.8202623724937439,0.7961879372596741,0.107597216963768,11,1,0.0
data_151,0,0,0,0,0,0,0,0,0,1,0,0,0,0.9577149748802185,0.9577149748802185,0.0,0.7287212610244751,0.6865311861038208,0.5097851157188416,4,1,0.0
data_151,0,0,0,0,0,0,0,0,0,0,0,0,0,0.9940425753593445,0.9940425753593445,0.0,0.8436070084571838,0.7892871499061584,0.123419739305973,5,1,0.0
data_151,0,0,0,0,0,0,0,0,0,0,0,0,0,0.9670172929763794,0.985527753829956,0.01851046085357666,0.7791795134544373,0.743686854839325,0.4140544533729553,6,1,0.0
data_151,0,0,0,0,0,0,0,0,0,0,0,0,0,0.724376380443573,0.724376380443573,0.0,0.7464505434036255,0.7003424763679504,0.7066461443901062,4,1,0.0
data_151,0,0,0,0,0,0,0,0,0,0,0,0,0,0.9984695315361023,0.9984695315361023,0.0,0.8552513718605042,0.5190683603286743,0.5585236549377441,1,1,0.0
data_151,0,0,0,0,0,1,0,0,0,1,0,0,0,0.86594158411026,0.8645203709602356,-0.001421213150024414,0.7953360676765442,0.7364405393600464,0.2048446983098983,8,1,0.0
data_151,0,0,0,0,0,0,0,0,0,0,0,0,0,0.9617319703102112,0.9834679365158081,0.021735966205596924,0.7444891333580017,0.7939665913581848,0.103531964123249,8,1,0.0909090909090909
data_151,0,0,0,0,0,0,0,0,0,0,0,0,0,0.039031002670526505,0.032079339027404785,-0.006951663643121719,0.8104787468910217,0.8249072432518005,0.4134972095489502,6,1,0.0909090909090909
data_151,0,0,1,0,0,0,1,0,0,1,1,0,0,0.87353515625,0.958406925201416,0.08487176895141602,0.843685507774353,0.7687084674835205,0.1147281154990196,6,1,0.0
data_151,0,0,0,0,0,0,0,0,0,0,0,0,0,0.5944867134094238,0.1410336196422577,-0.45345309376716614,0.7969527840614319,0.6934886574745178,0.3172883689403534,4,1,0.0
data_151,0,0,0,0,0,0,0,0,0,0,0,0,0,0.9976237416267395,0.9976237416267395,0.0,0.9210742712020874,0.7065675258636475,0.329583466053009,6,1,0.0
data_151,0,0,0,0,0,1,0,0,0,1,0,0,0,0.6661270260810852,0.6661270260810852,0.0,0.9135807156562804,0.6989577412605286,0.241070881485939,6,1,0.0
data_151,0,0,0,0,0,0,0,0,0,0,0,0,0,0.8000859022140503,0.8000859022140503,0.0,0.7385730743408203,0.6567078828811646,0.116939753293991,2,1,0.0
data_151,0,0,0,0,0,0,0,0,0,0,0,0,0,0.7188525795936584,0.7188525795936584,0.0,0.7311593294143677,0.641857385635376,0.4228138029575348,1,1,0.0
data_151,0,0,0,0,0,0,0,0,0,0,0,0,0,0.987437903881073,0.987437903881073,0.0,0.8871671557426453,0.6818276047706604,0.3338654041290283,2,1,0.0
data_151,0,0,0,0,0,0,0,0,0,1,1,0,0,0.8315352201461792,0.8816453814506531,0.05011016130447388,0.8462005853652954,0.6358083486557007,0.2356205880641937,1,1,0.0
data_151,0,0,0,0,0,0,0,0,0,0,0,0,0,0.9787474870681763,0.8386345505714417,-0.14011293649673462,0.8032940626144409,0.8293066024780273,0.1049798876047134,9,1,0.1818181818181818
data_151,0,0,0,0,0,0,0,0,0,0,0,0,0,0.020218562334775925,0.383247435092926,0.3630288727581501,0.698456346988678,0.7452781796455383,0.1991200000047683,8,1,0.3636363636363636
data_151,0,0,0,0,0,0,0,0,0,0,0,0,0,0.8780890107154846,0.8780890107154846,0.0,0.8863927721977234,0.7951317429542542,0.1126451715826988,10,1,0.0
data_151,1,0,1,0,0,1,1,1,0,1,1,1,0,0.10581623017787933,0.03994099795818329,-0.06587523221969604,0.5601731538772583,0.7389334440231323,0.0,2,0,0.9090909090909092
data_152,0,0,0,0,0,0,0,0,0,0,0,0,0,0.34028151631355286,0.34028151631355286,0.0,0.8936501145362854,0.7074184417724609,0.6211916208267212,5,1,0.0
data_152,0,0,0,0,0,0,0,0,0,0,0,0,0,0.8606258630752563,0.7438783645629883,-0.11674749851226807,0.8774734139442444,0.8547022938728333,0.5194107890129089,4,1,0.0
data_152,0,0,0,0,0,0,0,0,0,0,0,0,0,0.6408158540725708,0.6408158540725708,0.0,0.8170477747917175,0.6389046907424927,0.4385593235492706,1,1,0.0
data_152,0,0,0,0,0,0,0,0,0,1,0,0,0,0.6760419607162476,0.6760419607162476,0.0,0.7529405355453491,0.7652555108070374,0.3943626582622528,6,1,0.125
data_152,0,0,0,0,0,0,0,0,0,0,0,0,0,0.18674956262111664,0.18674956262111664,0.0,0.686347246170044,0.5797439813613892,0.5017011165618896,1,1,0.0
data_152,0,0,0,0,0,0,0,0,0,0,0,0,0,0.015826404094696045,0.015826404094696045,0.0,0.7759895324707031,0.6648427248001099,0.3335189521312713,2,1,0.0
data_152,1,0,0,0,0,0,0,0,0,0,0,0,0,0.9621837139129639,0.6411434412002563,-0.3210402727127075,0.6349111795425415,0.795213520526886,0.0,4,0,0.75
data_152,0,0,0,0,0,0,0,0,0,0,0,0,0,0.5653496384620667,0.2694286108016968,-0.2959210276603699,0.5873827338218689,0.6408421993255615,0.1963804215192794,0,0,0.25
data_152,1,0,0,0,0,0,0,0,0,1,1,1,0,0.021704690530896187,0.5192104578018188,0.49750576727092266,0.6468771696090698,0.7666112780570984,0.0982023924589157,3,0,0.375
data_152,0,0,0,0,0,0,0,0,0,1,0,0,0,0.008146220818161964,0.008146220818161964,0.0,0.6128414869308472,0.5410053133964539,0.7146410346031189,0,0,0.0
data_152,1,1,0,0,1,1,1,0,0,1,1,1,1,0.14996695518493652,0.18725816905498505,0.03729121387004852,0.5660704970359802,0.6905469298362732,0.0,2,0,0.5
data_152,0,0,0,0,0,0,0,0,0,0,0,0,0,0.49282240867614746,0.1289268136024475,-0.36389559507369995,0.6740675568580627,0.7555137872695923,0.0993159785866737,4,1,0.25
data_152,0,0,0,0,0,0,0,0,0,0,0,0,0,0.02172069437801838,0.02172069437801838,0.0,0.7477491497993469,0.6387422680854797,0.4207568168640136,1,1,0.0
data_152,0,0,0,0,0,0,0,0,0,0,0,0,0,0.0004788523365277797,0.0004788523365277797,0.0,0.6341346502304077,0.6734419465065002,0.598024308681488,1,0,0.125
data_152,0,0,0,0,0,0,0,0,0,0,0,0,0,0.019762812182307243,0.019762812182307243,0.0,0.7321248650550842,0.5181725025177002,0.6341606974601746,1,1,0.0
data_152,0,0,0,0,0,0,0,0,0,0,0,0,0,0.014928535558283329,0.010867551900446415,-0.004060983657836914,0.7088945508003235,0.6803160905838013,0.503698468208313,3,1,0.0
data_152,0,0,0,0,0,0,0,0,0,0,0,0,0,0.9378514885902405,0.9378514885902405,0.0,0.8086877465248108,0.6061128973960876,0.4373305439949035,1,1,0.0
data_152,1,0,0,0,0,0,1,0,0,1,1,1,1,0.7946192026138306,0.7946192026138306,0.0,0.7295031547546387,0.6798601746559143,0.2118361443281173,3,1,0.0
data_152,0,0,0,0,0,1,0,1,1,1,1,1,0,0.011528835631906986,0.47560548782348633,0.46407665219157934,0.6717270612716675,0.6792258620262146,0.2033071517944336,3,1,0.25
data_153,0,0,0,0,0,0,0,0,0,0,0,0,0,0.9172094464302063,0.009227467700839043,-0.9079819787293673,0.6401064991950989,0.6376526355743408,0.2107055485248565,0,0,0.0
data_153,0,0,0,0,0,0,0,0,0,0,0,0,0,0.06719858944416046,0.17939575016498566,0.1121971607208252,0.8244063258171082,0.6671337485313416,0.2270798087120056,2,1,0.0
data_153,0,0,0,0,0,0,0,0,0,0,0,0,0,0.9654209017753601,0.2679435908794403,-0.6974773108959198,0.6022099852561951,0.6925691962242126,0.0957218557596206,2,0,0.1621621621621621
data_153,0,0,0,0,0,0,0,0,0,0,0,0,0,0.990649402141571,0.998482882976532,0.007833480834960938,0.8153476715087891,0.7129932045936584,0.4197174608707428,11,1,0.0
data_153,0,0,0,0,0,0,0,0,0,0,1,0,0,0.951682984828949,0.951682984828949,0.0,0.7390514612197876,0.7364700436592102,0.6032043695449829,2,1,0.0
data_153,0,0,0,0,0,1,1,0,0,1,1,1,0,0.21813179552555084,0.32188737392425537,0.10375557839870453,0.6112558841705322,0.588810920715332,0.5923506021499634,0,0,0.0
data_153,0,0,0,0,0,0,0,0,0,0,0,0,0,0.044051237404346466,0.03121408075094223,-0.012837156653404236,0.7606474161148071,0.7391412258148193,0.1095566973090171,7,1,0.0
data_153,1,1,1,1,1,1,1,1,1,1,1,1,1,0.013283555395901203,0.004523773677647114,-0.00875978171825409,0.6023951172828674,0.6773791909217834,0.1921231150627136,3,0,0.1351351351351351
data_153,0,0,0,0,0,0,0,0,0,0,0,0,0,0.9243976473808289,0.5558888912200928,-0.3685087561607361,0.5986878871917725,0.618933379650116,0.1972568780183792,0,0,0.1081081081081081
data_153,0,0,0,0,0,0,0,0,0,0,0,0,0,0.279701292514801,0.279701292514801,0.0,0.6988564729690552,0.7206305265426636,0.2080721706151962,5,1,0.054054054054054
data_153,0,0,0,0,0,0,0,0,0,0,0,0,0,0.7341417670249939,0.7341417670249939,0.0,0.6673851013183594,0.620691180229187,0.3371833264827728,1,1,0.0
data_153,1,0,0,0,0,0,0,0,0,0,1,0,0,0.008041180670261383,0.28693681955337524,0.27889563888311386,0.6364282965660095,0.7413091659545898,0.1947185099124908,3,0,0.081081081081081
data_153,1,0,0,0,0,1,0,0,0,1,1,1,0,0.9316304326057434,0.31962811946868896,-0.6120023131370544,0.5256466865539551,0.6277263164520264,0.0,0,0,0.6216216216216216
data_153,1,1,1,1,1,1,1,1,1,1,1,1,1,0.4513459801673889,0.778198778629303,0.32685279846191406,0.5474100708961487,0.6650091409683228,0.0,1,0,0.3513513513513513
data_153,1,1,1,1,0,1,1,1,0,1,1,1,0,0.06382636725902557,0.9674296975135803,0.9036033302545547,0.5868028402328491,0.8128806352615356,0.0952790975570678,1,0,0.1621621621621621
data_154,0,0,0,0,0,0,0,0,0,1,1,0,0,0.9601880311965942,0.9344687461853027,-0.025719285011291504,0.7774934768676758,0.766066312789917,0.2021498084068298,10,1,0.0
data_154,1,1,1,0,0,1,1,1,0,1,1,1,1,0.9484663009643555,0.974941611289978,0.02647531032562256,0.6949043869972229,0.6702800393104553,0.1053374931216239,4,1,0.0
data_154,0,0,1,0,0,1,1,1,0,1,1,1,0,0.19582195580005646,0.22935850918293,0.033536553382873535,0.6844145059585571,0.5940638184547424,0.3147087097167969,1,1,0.0
data_154,0,0,0,0,0,0,0,0,0,0,1,0,0,0.6624982953071594,0.6624982953071594,0.0,0.7269133925437927,0.5868384838104248,0.5238260626792908,1,1,0.0
data_154,0,0,0,0,0,0,1,0,0,0,1,0,0,0.9106181263923645,0.9106181263923645,0.0,0.7553418874740601,0.5902599692344666,0.4313148856163025,1,1,0.0
data_154,0,0,0,0,0,1,0,0,0,1,1,1,0,0.05276554822921753,0.057040851563215256,0.0042753033339977264,0.589306116104126,0.5879796743392944,0.2027178257703781,0,0,0.0
data_154,0,0,0,0,0,0,0,0,0,1,0,0,0,0.994517982006073,0.9883710145950317,-0.00614696741104126,0.6755425930023193,0.7101147770881653,0.3044629693031311,2,1,0.0833333333333333
data_154,0,0,0,0,0,0,0,0,0,0,0,0,0,0.13632848858833313,0.32950544357299805,0.19317695498466492,0.6110014319419861,0.606029212474823,0.3003154397010803,0,0,0.0
data_154,0,0,0,0,0,0,0,0,0,0,0,0,0,0.3210386335849762,0.44749772548675537,0.12645909190177917,0.7705981731414795,0.535121738910675,0.2416422963142395,1,1,0.0
data_154,0,0,0,0,0,0,0,0,0,1,1,0,0,0.9472395181655884,0.966597318649292,0.019357800483703613,0.8195687532424927,0.7687844634056091,0.4027489125728607,10,1,0.0
data_154,0,0,0,0,0,0,0,0,0,0,0,0,0,0.9965511560440063,0.9965511560440063,0.0,0.5441415309906006,0.5636105537414551,0.1096573770046234,0,0,0.0833333333333333
data_154,0,0,0,0,0,0,0,0,0,0,0,0,0,0.020485375076532364,0.026427431032061577,0.005942055955529213,0.5470601916313171,0.6890962719917297,0.0996207743883133,1,0,0.25
data_154,0,0,0,0,0,0,0,0,0,0,0,0,0,0.9825354814529419,0.9859840273857117,0.0034485459327697754,0.5195580124855042,0.6537861824035645,0.0,1,0,0.6666666666666666
data_154,0,0,0,0,0,0,0,0,0,0,0,0,0,0.08032824099063873,0.12634828686714172,0.04602004587650299,0.764987587928772,0.7020919322967529,0.3125436902046203,5,1,0.0
data_154,0,0,0,0,0,0,0,0,0,0,0,0,0,0.5759016275405884,0.47849833965301514,-0.09740328788757324,0.6952122449874878,0.7460858225822449,0.0968375280499458,9,1,0.5
data_154,0,0,1,0,1,1,1,1,0,1,1,1,0,0.1521504819393158,0.3260953724384308,0.173944890499115,0.633137583732605,0.7096267342567444,0.1975186169147491,1,0,0.0833333333333333
data_154,0,0,0,0,0,0,0,0,0,0,0,0,0,0.9967324733734131,0.7434865236282349,-0.2532459497451782,0.5678573250770569,0.7139832973480225,0.0,2,0,0.75
data_154,0,0,0,0,0,1,1,1,0,1,1,1,0,0.40613168478012085,0.9361658692359924,0.5300341844558716,0.6896197199821472,0.7455522418022156,0.098757155239582,6,1,0.3333333333333333
data_154,0,0,0,0,0,0,0,0,0,1,0,0,0,0.7877209186553955,0.7877209186553955,0.0,0.7881609797477722,0.6779066920280457,0.6148855090141296,2,1,0.0
data_154,1,0,1,0,0,1,1,0,0,1,1,0,0,0.9781320095062256,0.9811025261878967,0.0029705166816711426,0.6967333555221558,0.8431606888771057,0.0,10,1,0.5
data_154,0,0,0,0,0,0,0,0,0,0,0,0,0,0.8125467300415039,0.9989246726036072,0.18637794256210327,0.6861847639083862,0.8093534111976624,0.0,9,1,0.4166666666666667
data_155,0,0,0,0,0,0,0,0,0,0,0,0,0,0.9622131586074829,0.9622131586074829,0.0,0.6685106158256531,0.5154290795326233,0.5365890264511108,1,1,0.0
data_155,0,0,0,0,0,0,0,0,0,0,0,0,0,0.9700427651405334,0.07798806577920914,-0.8920546993613243,0.6075586676597595,0.6564576625823975,0.0991205498576164,2,0,0.2
data_155,0,0,0,0,0,0,0,0,0,1,1,0,0,0.013624223880469799,0.07376793771982193,0.06014371383935213,0.7640608549118042,0.6815432906150818,0.2183391600847244,2,1,0.0
data_155,1,1,1,1,1,1,1,1,1,1,1,1,1,0.17959773540496826,0.9575880169868469,0.7779902815818787,0.3440300524234772,0.7337933778762817,0.0,1,0,1.0
data_155,0,0,0,0,0,0,0,0,0,0,0,0,0,0.12366197258234024,0.12366197258234024,0.0,0.8111743927001953,0.7843684554100037,0.2078825086355209,8,1,0.0
data_155,0,0,0,0,0,0,0,0,0,0,0,0,0,0.9717260599136353,0.9984966516494751,0.026770591735839844,0.8412358164787292,0.7012616395950317,0.6095269322395325,3,1,0.0
data_155,0,0,0,0,0,0,0,0,0,0,0,0,0,0.911522626876831,0.9814231991767883,0.06990057229995728,0.7606481313705444,0.7195041179656982,0.2134792208671569,4,1,0.0
data_155,0,0,1,0,0,0,1,0,0,1,1,0,0,0.6049939393997192,0.6049939393997192,0.0,0.5903412699699402,0.5621422529220581,0.6049916744232178,0,0,0.0
data_155,0,0,0,0,0,0,0,0,0,0,0,0,0,0.9973464012145996,0.9973464012145996,0.0,0.6394224166870117,0.5938912630081177,0.309111475944519,0,0,0.0
data_155,0,0,0,0,0,0,0,0,0,0,0,0,0,0.8955487608909607,0.8446577787399292,-0.050890982151031494,0.5814245343208313,0.693138599395752,0.0950999408960342,1,0,0.4
data_155,0,0,0,0,0,0,0,0,0,1,0,0,0,0.9171361923217773,0.9171361923217773,0.0,0.684212327003479,0.6386100053787231,0.4166626930236816,1,1,0.0
data_155,0,0,1,0,0,0,1,0,0,1,1,1,0,0.5133488774299622,0.8587618470191956,0.3454129695892334,0.8145619630813599,0.8222312927246094,0.2018627226352691,6,1,0.1
data_155,1,1,1,1,1,1,1,1,1,1,1,1,1,0.03909579664468765,0.970038890838623,0.9309430941939354,0.5192692875862122,0.6269943714141846,0.0939480811357498,0,0,0.4
data_156,0,0,0,0,0,0,0,0,0,0,0,0,0,0.5934925079345703,0.5934925079345703,0.0,0.7988842129707336,0.6849955320358276,0.3092600107192993,4,1,0.0
data_156,0,0,0,0,0,0,0,0,0,0,0,0,0,0.10875887423753738,0.08689001947641373,-0.021868854761123657,0.6777663826942444,0.6472166180610657,0.5067006349563599,1,1,0.0
data_156,0,0,0,0,0,0,0,0,0,1,0,0,0,0.8872238993644714,0.8872238993644714,0.0,0.6992285847663879,0.5814730525016785,0.7176977396011353,1,1,0.0
data_156,0,0,0,0,0,0,0,0,0,0,0,0,0,0.10300199687480927,0.7712388634681702,0.6682368665933609,0.8583077192306519,0.823570728302002,0.4099111258983612,4,1,0.0
data_156,0,0,0,0,0,0,0,0,0,0,0,0,0,0.15009580552577972,0.11939326673746109,-0.030702538788318634,0.673946738243103,0.7963320016860962,0.4857832193374634,3,1,0.25
data_156,1,0,1,0,0,1,1,0,0,1,1,0,0,0.8828752040863037,0.9821622967720032,0.09928709268569946,0.6679059863090515,0.6837644577026367,0.199347585439682,4,1,0.25
data_156,1,1,1,1,1,1,1,1,1,1,1,1,1,0.046385254710912704,0.554655909538269,0.5082706548273563,0.5926693081855774,0.7683653831481934,0.0,1,0,0.875
data_156,1,1,1,1,1,1,1,1,1,1,1,1,1,0.09111657738685608,0.9817351698875427,0.8906185925006866,0.6171356439590454,0.7466811537742615,0.098305158317089,3,0,0.375
data_156,1,0,0,0,0,1,1,0,0,1,1,0,0,0.23085914552211761,0.23085914552211761,0.0,0.7042188048362732,0.6735817790031433,0.3069800138473511,3,1,0.0
data_156,0,0,0,0,0,1,0,0,0,1,1,1,0,0.025371480733156204,0.9326894283294678,0.9073179475963116,0.5439767837524414,0.8053270578384399,0.0,3,0,0.875
data_156,0,0,1,0,0,1,1,1,1,1,1,1,0,0.11395859718322754,0.20572881400585175,0.0917702168226242,0.521173894405365,0.6732861399650574,0.0,2,0,0.875
data_156,0,0,0,0,0,1,1,0,0,1,1,1,0,0.03205462917685509,0.16262677311897278,0.1305721439421177,0.5114416480064392,0.6869744658470154,0.0,3,0,1.0
data_156,0,0,0,0,0,0,0,0,0,1,0,0,0,0.8101847171783447,0.8101847171783447,0.0,0.8319403529167175,0.7202699780464172,0.4239241182804107,4,1,0.0
data_156,0,0,0,0,0,0,0,0,0,0,0,0,0,0.825904369354248,0.825904369354248,0.0,0.7274746894836426,0.6042534112930298,0.320813775062561,1,1,0.0
data_157,0,0,0,0,0,0,0,0,0,1,0,0,0,0.9013315439224243,0.07173846662044525,-0.8295930773019791,0.7608662843704224,0.8078078031539917,0.2933345735073089,8,1,0.5
data_157,0,0,0,0,0,0,0,0,0,1,1,0,0,0.32834023237228394,0.32834023237228394,0.0,0.7461168766021729,0.7659393548965454,0.2028439939022064,8,1,0.125
data_157,0,0,0,0,0,0,0,0,0,0,0,0,0,0.9834867715835571,0.9834867715835571,0.0,0.79936283826828,0.7599754929542542,0.6087925434112549,5,1,0.0
data_157,1,1,1,1,1,1,1,1,1,1,1,1,1,0.018641777336597443,0.21892140805721283,0.2002796307206154,0.6728410720825195,0.7420961260795593,0.2902477979660034,3,1,0.125
data_157,0,0,0,0,0,0,0,0,0,0,0,0,0,0.7763292789459229,0.11007164418697357,-0.6662576347589493,0.7606461644172668,0.7671204805374146,0.6022172570228577,2,1,0.125
data_157,0,1,1,0,1,1,1,1,1,1,1,1,1,0.07994450628757477,0.9564950466156006,0.8765505403280258,0.6587281227111816,0.7086198925971985,0.0,7,1,0.75
data_157,0,0,0,0,0,0,0,0,0,1,1,0,0,0.9983561635017395,0.9960901141166687,-0.0022660493850708008,0.774781346321106,0.7436051368713379,0.2069497853517532,8,1,0.0
data_157,1,0,1,0,0,0,1,1,1,1,1,1,1,0.9730159640312195,0.9208533763885498,-0.05216258764266968,0.7712875604629517,0.7568631172180176,0.1064983382821083,4,1,0.0
data_157,1,1,1,1,1,1,1,1,1,1,1,1,1,0.23392201960086823,0.18571078777313232,-0.0482112318277359,0.6792073249816895,0.7012221813201904,0.1022185236215591,2,1,0.125
data_157,1,1,1,1,1,1,1,1,1,1,1,1,1,0.0599072203040123,0.0078010703437030315,-0.05210614996030927,0.6873924732208252,0.8214840292930603,0.0,8,1,0.625
data_157,0,0,0,0,0,0,0,0,0,0,0,0,0,0.39986729621887207,0.39986729621887207,0.0,0.8476580381393433,0.5886058211326599,0.5433036684989929,1,1,0.0
data_157,0,0,0,0,0,0,0,0,0,0,0,0,0,0.9957757592201233,0.9957757592201233,0.0,0.9466143250465392,0.6875104904174805,0.2361052930355072,4,1,0.0
data_157,0,0,0,0,0,0,1,0,0,0,1,0,0,0.9954029321670532,0.9954029321670532,0.0,0.7149285674095154,0.5750175714492798,0.5239421725273132,1,1,0.0
data_158,0,0,0,0,0,0,0,0,0,0,0,0,0,0.10527114570140839,0.10527114570140839,0.0,0.7350023984909058,0.6743670701980591,0.6121205687522888,2,1,0.0
data_158,0,0,0,0,0,0,0,0,0,1,0,0,0,0.19508828222751617,0.3952539265155792,0.20016564428806305,0.8434407114982605,0.7450714111328125,0.5103124380111694,6,1,0.0
data_158,0,0,0,0,0,0,0,0,0,0,0,0,0,0.7281677722930908,0.9790194630622864,0.25085169076919556,0.6861051917076111,0.7466022968292236,0.4919573366641998,3,1,0.125
data_158,0,0,0,0,0,0,0,0,0,0,0,0,0,0.28397607803344727,0.28397607803344727,0.0,0.7082957029342651,0.6112192869186401,0.7125003933906555,1,1,0.0
data_158,0,0,1,0,1,1,1,1,0,1,1,1,1,0.3227645754814148,0.3432234823703766,0.020458906888961792,0.6186604499816895,0.6740303635597229,0.296188622713089,1,0,0.125
data_158,0,0,0,0,0,0,0,0,0,1,0,0,0,0.926232099533081,0.8357036709785461,-0.09052842855453491,0.7006045579910278,0.792166531085968,0.0966897159814834,7,1,0.25
data_158,0,0,0,0,0,0,0,0,0,0,0,0,0,0.9983548521995544,0.9983548521995544,0.0,0.8327116966247559,0.7743056416511536,0.3043339848518371,4,1,0.0
data_158,0,0,1,0,0,0,0,0,0,1,1,0,0,0.1339334398508072,0.03637794777750969,-0.0975554920732975,0.7528812289237976,0.7134494781494141,0.1137052252888679,2,1,0.0
data_158,0,0,0,0,0,0,0,0,0,0,0,0,0,0.7514116168022156,0.9527853727340698,0.20137375593185425,0.7766153812408447,0.7061547040939331,0.4095951616764068,3,1,0.0
data_158,0,0,0,0,0,0,0,0,0,0,0,0,0,0.8169347643852234,0.8169347643852234,0.0,0.7672040462493896,0.7550708651542664,0.5873525738716125,3,1,0.0
data_158,0,0,0,0,0,0,0,0,0,0,0,0,0,0.04295434430241585,0.030214546248316765,-0.012739798054099083,0.8724927306175232,0.8133560419082642,0.698491632938385,5,1,0.0
data_158,0,0,0,0,0,0,0,0,0,1,1,0,0,0.032062649726867676,0.009011364541947842,-0.023051285184919834,0.7190778255462646,0.7255295515060425,0.5983921885490417,5,1,0.125
data_158,0,0,0,0,0,0,0,0,0,1,1,0,0,0.13168726861476898,0.9856410622596741,0.8539537936449051,0.7117264866828918,0.9174363613128662,0.1911973357200622,6,1,0.375
data_158,1,1,1,1,1,1,1,1,0,1,1,1,0,0.19919902086257935,0.26675987243652344,0.06756085157394409,0.6708539128303528,0.745689868927002,0.3928645253181457,3,1,0.125
data_158,0,0,0,0,0,0,0,0,0,0,0,0,0,0.992747962474823,0.6894108653068542,-0.30333709716796875,0.8219963312149048,0.7132108211517334,0.4116184413433075,5,1,0.0
data_158,0,0,0,0,0,0,0,0,0,0,0,0,0,0.5353019833564758,0.5353019833564758,0.0,0.7582191228866577,0.6640917658805847,0.4293969869613647,2,1,0.0
data_158,0,0,0,0,0,0,0,0,0,0,0,0,0,0.6786065697669983,0.6786065697669983,0.0,0.8253030776977539,0.7582764625549316,0.5128156542778015,4,1,0.0
data_158,0,0,0,0,0,0,0,0,0,1,0,0,0,0.9707788825035095,0.9707788825035095,0.0,0.9088596701622008,0.8274982571601868,0.2120165377855301,5,1,0.0
data_158,1,0,0,0,0,0,0,0,0,1,0,0,0,0.03445415198802948,0.02311760187149048,-0.011336550116539001,0.6358103156089783,0.7042282819747925,0.2944456934928894,2,0,0.25
data_158,0,0,0,0,0,0,0,0,0,0,0,0,0,0.20000013709068298,0.20000013709068298,0.0,0.8384764194488525,0.7617277503013611,0.5183070302009583,4,1,0.0
data_158,0,0,0,0,0,0,0,0,0,1,1,0,0,0.5626893043518066,0.8976655006408691,0.3349761962890625,0.5923673510551453,0.82430499792099,0.0,4,0,0.875
data_158,0,0,0,0,0,0,0,0,0,0,0,0,0,0.9723312258720398,0.9723312258720398,0.0,0.8718326687812805,0.6003586649894714,0.2366646826267242,1,1,0.0
data_158,0,0,0,0,0,0,0,0,0,1,0,0,0,0.21573391556739807,0.5432368516921997,0.32750293612480164,0.6873252391815186,0.7031472325325012,0.40869802236557,2,1,0.125
data_158,0,0,0,0,0,1,1,1,0,1,1,1,0,0.05436212942004204,0.08885417878627777,0.03449204936623573,0.5632731318473816,0.6611793637275696,0.1924947202205658,1,0,0.25
data_159,0,0,0,0,0,0,0,0,0,0,0,0,0,0.005536597687751055,0.049722231924533844,0.04418563423678279,0.7083526253700256,0.8378390073776245,0.0995166823267936,6,1,0.2307692307692307
data_159,0,0,0,0,0,0,0,0,0,0,0,0,0,0.5115842223167419,0.8806255459785461,0.3690413236618042,0.8101736903190613,0.8169811367988586,0.2028180658817291,10,1,0.1538461538461538
data_159,0,0,0,0,0,0,0,0,0,0,0,0,0,0.9980769157409668,0.9980769157409668,0.0,0.8338654637336731,0.9107343554496764,0.1165073588490486,6,1,0.0769230769230769
data_159,0,0,0,0,0,0,0,0,0,0,0,0,0,0.12942682206630707,0.12942682206630707,0.0,0.8299271464347839,0.7012933492660522,0.1305907666683197,3,1,0.0
data_159,0,0,0,0,0,0,0,0,0,0,0,0,0,0.993571400642395,0.993571400642395,0.0,0.8817450404167175,0.8407423496246338,0.2176195979118347,4,1,0.0
data_159,0,0,0,0,0,0,0,0,0,0,0,0,0,0.9815129041671753,0.9815129041671753,0.0,0.946335792541504,0.780239462852478,0.5108707547187805,6,1,0.0
data_159,0,0,0,0,0,0,0,0,0,0,0,0,0,0.8281030058860779,0.6563928127288818,-0.17171019315719604,0.6863990426063538,0.6558962464332581,0.2120259702205658,3,1,0.0
data_159,0,0,0,0,0,0,0,0,0,0,0,0,0,0.6082431077957153,0.6082431077957153,0.0,0.9441375732421876,0.7150614261627197,0.5285510420799255,3,1,0.0
data_159,0,0,0,0,0,0,0,0,0,0,0,0,0,0.6539300680160522,0.9849321246147156,0.33100205659866333,0.760732889175415,0.8293262124061584,0.197581946849823,6,1,0.1538461538461538
data_159,0,0,0,0,0,0,0,0,0,0,0,0,0,0.9621564149856567,0.9874361753463745,0.025279760360717773,0.7964659333229065,0.8139321804046631,0.3033170402050018,9,1,0.0769230769230769
data_159,0,0,0,0,0,1,0,0,0,1,0,0,0,0.530659556388855,0.5897573232650757,0.0590977668762207,0.6734154224395752,0.7092120051383972,0.4929573535919189,5,1,0.2307692307692307
data_159,0,0,0,0,0,0,0,0,0,0,0,0,0,0.9860302805900574,0.9860302805900574,0.0,0.748064398765564,0.701776385307312,0.7081573009490967,3,1,0.0
data_159,0,0,0,0,0,0,0,0,0,1,0,0,0,0.011302217841148376,0.05776319280266762,0.04646097496151924,0.5556617975234985,0.617705762386322,0.2014303058385849,0,0,0.0769230769230769
data_159,0,0,0,0,0,0,0,0,0,1,0,0,0,0.8021727800369263,0.8021727800369263,0.0,0.743067741394043,0.6794843077659607,0.3141244947910309,3,1,0.0
data_159,0,0,0,0,0,0,0,0,0,0,0,0,0,0.9543047547340393,0.9543047547340393,0.0,0.7098100185394287,0.6900774836540222,0.603625476360321,4,1,0.0
data_159,0,0,0,0,0,0,0,0,0,0,0,0,0,0.17348524928092957,0.07248935848474503,-0.10099589079618454,0.7280856370925903,0.6587665677070618,0.6122433543205261,2,1,0.0
data_159,0,0,0,0,0,0,1,0,0,1,1,1,0,0.375453382730484,0.7050907015800476,0.3296373188495636,0.6124604344367981,0.742845892906189,0.0937909409403801,3,0,0.4615384615384615
data_159,0,0,0,0,0,0,0,0,0,0,0,0,0,0.16196930408477783,0.09013335406780243,-0.0718359500169754,0.8180490732192993,0.6758970022201538,0.6111404895782471,3,1,0.0
data_159,0,0,0,0,0,0,0,0,0,0,0,0,0,0.9659826755523682,0.9659826755523682,0.0,0.6819704174995422,0.7726722955703735,0.400036871433258,2,1,0.0769230769230769
data_159,0,0,0,0,0,0,0,0,0,0,0,0,0,0.9188704490661621,0.9188704490661621,0.0,0.9375267028808594,0.5753237009048462,0.5507898330688477,1,1,0.0
data_160,0,0,0,0,0,0,0,0,0,0,0,0,0,0.9976930022239685,0.9976930022239685,0.0,0.8930206894874573,0.8041113615036011,0.6117203235626221,11,1,0.0
data_160,0,0,0,0,0,0,0,0,0,0,0,0,0,0.9658835530281067,0.9658835530281067,0.0,0.8434112071990967,0.819778561592102,0.603767454624176,7,1,0.0
data_160,0,0,0,0,0,0,0,0,0,0,0,0,0,0.22038090229034424,0.0580027773976326,-0.16237812489271164,0.8282322883605957,0.8552233576774597,0.3055704832077026,8,1,0.0909090909090909
data_160,0,0,0,0,0,0,0,0,0,0,0,0,0,0.23150503635406494,0.7697429656982422,0.5382379293441772,0.6888654232025146,0.7141838073730469,0.2056182622909546,4,1,0.1818181818181818
data_160,0,0,0,0,0,0,0,0,0,0,0,0,0,0.9326887130737305,0.5419715046882629,-0.39071720838546753,0.8209409713745117,0.7527029514312744,0.2091743499040603,9,1,0.0
data_160,0,0,0,0,0,0,0,0,0,1,0,0,0,0.8948011994361877,0.6903422474861145,-0.20445895195007324,0.794883668422699,0.8838710188865662,0.0975454151630401,11,1,0.2727272727272727
data_160,0,0,0,0,0,0,0,0,0,0,0,0,0,0.9281343221664429,0.9281343221664429,0.0,0.777375340461731,0.7726511359214783,0.4106414914131164,5,1,0.0
data_160,0,0,0,0,0,0,0,0,0,0,0,0,0,0.9788267612457275,0.990818440914154,0.011991679668426514,0.7629979252815247,0.7644985318183899,0.506883442401886,7,1,0.0909090909090909
data_160,0,0,0,0,0,0,0,0,0,1,0,0,0,0.9424265027046204,0.9424265027046204,0.0,0.8275938034057617,0.7378939986228943,0.5103924870491028,7,1,0.0
data_160,0,0,0,0,0,0,0,0,0,0,0,0,0,0.9405534267425537,0.9405534267425537,0.0,0.6413039565086365,0.6271969676017761,0.2112021446228027,0,0,0.0
data_160,0,0,0,0,0,0,0,0,0,1,1,0,0,0.05371427163481712,0.999056875705719,0.9453426040709019,0.7225484848022461,0.8001658320426941,0.0954491347074508,7,1,0.3636363636363636
data_160,0,0,0,0,0,0,0,0,0,0,0,0,0,0.9937950372695923,0.9937950372695923,0.0,0.7473883032798767,0.7098291516304016,0.4142546057701111,5,1,0.0
data_160,0,0,0,0,0,0,0,0,0,0,0,0,0,0.9943488240242004,0.7629608511924744,-0.23138797283172607,0.668846607208252,0.7881011962890625,0.0,8,1,0.5454545454545454
data_160,0,0,0,0,0,0,0,0,0,0,0,0,0,0.021913880482316017,0.021913880482316017,0.0,0.687602162361145,0.5508827567100525,0.538703203201294,1,1,0.0
data_160,0,0,0,0,0,0,0,0,0,0,0,1,0,0.0253753624856472,0.814021110534668,0.7886457480490208,0.7961665391921997,0.6967325210571289,0.5190429091453552,4,1,0.0
data_160,0,0,0,0,0,0,0,0,0,0,0,0,0,0.8632259368896484,0.79888516664505,-0.06434077024459839,0.6272361278533936,0.8321805000305176,0.0,6,0,0.7272727272727273
data_160,0,0,0,0,0,0,0,0,0,0,0,0,0,0.9191312789916992,0.08743196725845337,-0.8316993117332458,0.7537503242492676,0.8225134015083313,0.1948863565921783,10,1,0.3636363636363636
data_160,0,0,0,0,0,0,0,0,0,1,0,0,0,0.9961506128311157,0.9261806607246399,-0.06996995210647583,0.6857317090034485,0.8598331212997437,0.0,10,1,0.7272727272727273
data_160,0,0,0,0,0,0,1,0,0,1,1,0,0,0.05746893584728241,0.05746893584728241,0.0,0.8734015822410583,0.6664252877235413,0.7257146239280701,2,1,0.0
data_160,0,0,0,0,0,0,0,0,0,0,0,0,0,0.952180027961731,0.5244507193565369,-0.4277293086051941,0.8207579851150513,0.7852239608764648,0.2094326168298721,9,1,0.0
data_160,0,0,0,0,0,0,0,0,0,0,0,0,0,0.9921024441719055,0.9921024441719055,0.0,0.8527334928512573,0.7024846076965332,0.3132950961589813,4,1,0.0
data_161,0,0,0,0,0,0,0,0,0,0,0,0,0,0.06992564350366592,0.13025665283203125,0.060331009328365326,0.5900511741638184,0.7183613777160645,0.0,4,0,0.8461538461538461
data_161,0,0,0,0,0,0,0,0,0,0,0,0,0,0.20838403701782227,0.16686880588531494,-0.041515231132507324,0.5757742524147034,0.766492486000061,0.0928089991211891,2,0,0.3076923076923077
data_161,0,0,0,0,0,0,0,0,0,0,0,0,0,0.0074647944420576096,0.9914530515670776,0.98398825712502,0.4966664016246795,0.7227230072021484,0.0,2,0,0.8461538461538461
data_161,0,0,1,1,1,1,1,0,1,1,1,1,1,0.07448311150074005,0.058978091925382614,-0.015505019575357437,0.6050692796707153,0.739782452583313,0.0,7,0,0.6153846153846154
data_161,0,0,0,0,0,0,0,0,0,0,0,0,0,0.006235240492969751,0.006235240492969751,0.0,0.8330294489860535,0.6949397325515747,0.7184349298477173,2,1,0.0
data_161,0,0,0,0,0,0,0,0,0,0,0,0,0,0.19964702427387238,0.19964702427387238,0.0,0.8370595574378967,0.7468957304954529,0.6151903867721558,5,1,0.0
data_161,0,0,0,0,0,0,0,0,0,1,1,0,0,0.3143635392189026,0.08157071471214294,-0.23279282450675964,0.5687598586082458,0.7251344919204712,0.0,4,0,0.7692307692307693
data_161,1,1,1,1,1,1,1,1,1,1,1,1,1,0.032008372247219086,0.8729438185691833,0.8409354463219643,0.6395251154899597,0.7425140738487244,0.0972861945629119,3,0,0.2307692307692307
data_161,0,0,0,0,0,0,0,0,0,0,0,0,0,0.3642202317714691,0.3642202317714691,0.0,0.7758238911628723,0.7576566338539124,0.2095610797405243,9,1,0.0
data_161,0,0,0,0,0,1,1,0,0,1,1,1,0,0.01776318997144699,0.009439315646886826,-0.008323874324560165,0.7508052587509155,0.7392013072967529,0.1043287441134452,6,1,0.0
data_161,1,1,1,1,0,1,1,0,0,1,1,1,0,0.1402616947889328,0.1402616947889328,0.0,0.7993800044059753,0.6553541421890259,0.5130575895309448,2,1,0.0
data_161,0,0,0,0,0,0,0,0,0,1,0,0,0,0.985690176486969,0.985690176486969,0.0,0.6899587512016296,0.6876102089881897,0.7022098302841187,2,1,0.0
data_161,0,0,0,0,0,0,0,0,0,0,0,0,0,0.9877075552940369,0.9877075552940369,0.0,0.8650237321853638,0.622869610786438,0.4327526986598968,1,1,0.0
data_161,0,0,0,0,0,0,0,0,0,0,0,0,0,0.1442892849445343,0.9978761672973633,0.853586882352829,0.632540225982666,0.5773836970329285,0.2146841138601303,0,0,0.0
data_161,0,0,0,0,0,0,0,0,0,0,0,0,0,0.9839712977409363,0.9839712977409363,0.0,0.6876295208930969,0.6597778797149658,0.230483129620552,2,1,0.0
data_161,0,0,0,0,0,0,0,0,0,0,0,0,0,0.7037336230278015,0.7037336230278015,0.0,0.7616312503814697,0.6738100647926331,0.2102427333593368,6,1,0.0
data_161,0,0,0,0,0,0,0,0,0,0,0,0,0,0.9440571665763855,0.0037748089525848627,-0.9402823576238006,0.5987962484359741,0.7099155187606812,0.0,1,0,0.5384615384615384
data_161,0,0,0,0,0,0,0,0,0,0,0,0,0,0.4777075946331024,0.7614331245422363,0.2837255299091339,0.6425577998161316,0.678911030292511,0.101708099246025,1,0,0.0769230769230769
data_161,0,0,0,0,0,0,0,0,0,1,0,0,0,0.050029151141643524,0.7914080023765564,0.7413788512349129,0.5806910395622253,0.6630814671516418,0.0,2,0,0.6153846153846154
data_161,0,0,0,0,0,0,0,0,0,1,0,0,0,0.9791693091392517,0.9791693091392517,0.0,0.7257123589515686,0.7054245471954346,0.1114791184663772,3,1,0.0
data_161,0,0,0,0,0,0,0,0,0,0,0,0,0,0.6046712398529053,0.25253942608833313,-0.35213181376457214,0.6107620000839233,0.695723831653595,0.1000850573182106,1,0,0.1538461538461538
data_161,0,0,0,0,0,0,0,0,0,0,0,0,0,0.6398671865463257,0.6398671865463257,0.0,0.7962982058525085,0.6717462539672852,0.3346346318721771,2,1,0.0
data_161,0,0,0,0,0,0,0,1,0,1,0,1,0,0.8163009881973267,0.09799159318208694,-0.7183093950152397,0.5296580195426941,0.6386013627052307,0.0949838086962699,0,0,0.4615384615384615
data_161,0,0,0,0,0,0,0,0,0,0,0,0,0,0.992473840713501,0.992473840713501,0.0,0.7537716031074524,0.654531717300415,0.2159721553325653,2,1,0.0
data_161,0,1,0,0,0,1,0,0,0,1,0,0,0,0.018754325807094574,0.8842078447341919,0.8654535189270973,0.7401456832885742,0.7034638524055481,0.1106690689921379,4,1,0.0
data_161,0,0,1,1,0,1,1,0,0,1,1,1,0,0.015170571394264698,0.039317335933446884,0.024146764539182186,0.5681232810020447,0.6575731635093689,0.095370627939701,1,0,0.3076923076923077
data_161,0,0,0,0,0,0,0,0,0,0,0,0,0,0.9743855595588684,0.19006434082984924,-0.7843212187290192,0.6240617632865906,0.7356517910957336,0.0,6,0,0.5384615384615384
data_161,0,0,0,0,0,0,0,0,0,0,0,0,0,0.9743672013282776,0.9743672013282776,0.0,0.7191336154937744,0.6097045540809631,0.1241754367947578,1,1,0.0
data_161,0,0,0,0,0,0,0,0,0,1,0,0,0,0.8180175423622131,0.9812352657318115,0.1632177233695984,0.6219511032104492,0.6532032489776611,0.0996566638350486,1,0,0.1538461538461538
data_161,0,0,0,0,0,0,0,0,0,0,0,0,0,0.9304806590080261,0.9304806590080261,0.0,0.6746099591255188,0.622284471988678,0.517206072807312,1,1,0.0
data_161,0,0,0,0,0,0,0,0,0,0,0,0,0,0.9974492192268372,0.9974492192268372,0.0,0.737271785736084,0.7408679723739624,0.4098987281322479,2,1,0.0769230769230769
data_161,0,0,0,0,0,1,0,0,0,0,0,0,0,0.9734755158424377,0.9734755158424377,0.0,0.6515404582023621,0.6104363799095154,0.2160128504037857,1,1,0.0
data_161,0,0,0,0,0,0,0,0,0,0,0,0,0,0.998859167098999,0.998859167098999,0.0,0.7412816286087036,0.6146007180213928,0.4254234135150909,1,1,0.0
data_162,0,0,0,0,0,0,0,0,0,0,1,0,0,0.7755048274993896,0.9975128173828125,0.22200798988342285,0.8045302629470825,0.8582191467285156,0.1996376514434814,7,1,0.2857142857142857
data_162,0,0,0,0,0,0,0,0,0,0,0,0,0,0.9982996582984924,0.9982996582984924,0.0,0.8804945945739746,0.7864185571670532,0.3072793781757355,5,1,0.0
data_162,0,0,0,0,0,0,0,0,0,0,0,0,0,0.18569990992546082,0.010807882994413376,-0.17489202693104744,0.6948245763778687,0.74513840675354,0.2966771125793457,5,1,0.1428571428571428
data_162,0,0,0,0,0,0,0,0,0,0,0,0,0,0.8642548322677612,0.8642548322677612,0.0,0.836852490901947,0.6488800644874573,0.4338762462139129,1,1,0.0
data_162,0,0,0,0,0,0,0,0,0,0,0,0,0,0.9383821487426758,0.860641598701477,-0.07774055004119873,0.7518947720527649,0.7475922107696533,0.5052183270454407,5,1,0.0
data_162,0,0,0,0,0,0,0,0,0,0,0,0,0,0.9981972575187683,0.9981972575187683,0.0,0.9085819125175476,0.7971466779708862,0.3095692098140716,7,1,0.0
data_162,0,0,0,0,0,0,0,0,0,0,0,0,0,0.9917852878570557,0.9917852878570557,0.0,0.8978126645088196,0.8545398116111755,0.2108798027038574,7,1,0.0
data_162,0,0,0,0,0,0,0,0,0,0,0,0,0,0.045508455485105515,0.045508455485105515,0.0,0.8067902326583862,0.7504761219024658,0.5148107409477234,5,1,0.0
data_162,0,0,0,0,0,0,0,0,0,0,0,0,0,0.2357780933380127,0.2357780933380127,0.0,0.837958037853241,0.6604949235916138,0.8146434426307678,2,1,0.0
data_162,0,0,0,0,0,0,0,0,0,0,0,0,0,0.48234862089157104,0.9530219435691833,0.4706733226776123,0.8441771864891052,0.7449857592582703,0.5169515013694763,5,1,0.0
data_162,0,0,0,0,0,0,0,0,0,0,0,0,0,0.9284799098968506,0.9284799098968506,0.0,0.924014687538147,0.6937261819839478,0.6303802728652954,3,1,0.0
data_162,0,0,0,0,0,0,0,0,0,0,0,0,0,0.11366122961044312,0.11366122961044312,0.0,0.7723397612571716,0.6066442728042603,0.7221516966819763,1,1,0.0
data_162,0,0,1,0,0,0,1,0,0,1,1,0,0,0.1929318755865097,0.9962062835693359,0.8032744079828262,0.7314856648445129,0.8533328771591187,0.0,7,1,0.7142857142857143
data_162,0,0,0,0,0,0,0,0,0,0,0,0,0,0.8944306969642639,0.8944306969642639,0.0,0.8658540844917297,0.6703827977180481,0.7171661257743835,2,1,0.0
data_162,0,0,0,0,0,1,0,0,1,1,0,0,0,0.9955368041992188,0.9913544058799744,-0.004182398319244385,0.7185949683189392,0.7704122066497803,0.2914996147155761,3,1,0.1428571428571428
data_162,0,0,0,0,0,0,1,0,0,1,1,0,0,0.7856269478797913,0.7856269478797913,0.0,0.6481350064277649,0.6600492596626282,0.199957326054573,2,0,0.2857142857142857
data_162,0,0,0,0,0,0,0,0,0,0,0,0,0,0.7335687279701233,0.7335687279701233,0.0,0.9010597467422484,0.7245615124702454,0.3184365034103393,8,1,0.0
data_162,0,0,0,0,0,0,0,0,0,0,1,0,0,0.25380679965019226,0.44281771779060364,0.18901091814041138,0.8661602735519409,0.7936850190162659,0.5101417899131775,6,1,0.0
data_162,0,0,0,0,0,0,0,0,0,1,0,0,0,0.39959922432899475,0.39959922432899475,0.0,0.8631670475006104,0.7103878259658813,0.611383855342865,3,1,0.0
data_162,0,0,0,0,0,1,0,0,0,1,1,0,0,0.4777747690677643,0.9942294359207153,0.516454666852951,0.7504308223724365,0.8330802321434021,0.0,6,1,0.5714285714285714
data_162,0,0,0,0,0,0,0,0,0,0,0,0,0,0.9904245734214783,0.9904245734214783,0.0,0.803824782371521,0.7022950053215027,0.5099503993988037,5,1,0.0
data_162,1,0,0,0,0,0,0,0,0,0,0,0,0,0.09249352663755417,0.10955937951803207,0.017065852880477905,0.7505587935447693,0.6954939961433411,0.4167744517326355,3,1,0.0
data_163,0,0,0,0,0,0,0,0,0,0,0,0,0,0.9950559139251709,0.9950559139251709,0.0,0.8571513891220093,0.7478736042976379,0.2223853468894958,5,1,0.0
data_163,0,0,0,0,0,0,0,0,0,0,0,0,0,0.7628556489944458,0.9281037449836731,0.1652480959892273,0.7928779125213623,0.7217886447906494,0.2131845951080322,5,1,0.0
data_163,0,0,0,0,0,0,0,0,0,0,0,0,0,0.28336137533187866,0.28336137533187866,0.0,0.7606085538864136,0.6692506670951843,0.6166959404945374,2,1,0.0
data_163,0,0,0,0,0,0,0,0,0,1,0,0,0,0.9423829913139343,0.9585316777229309,0.016148686408996582,0.7685509324073792,0.6955578923225403,0.3115376532077789,6,1,0.0
data_163,0,0,0,0,0,0,0,0,0,1,0,0,0,0.9803344011306763,0.9509361386299133,-0.02939826250076294,0.8687372803688049,0.8300349116325378,0.2060210257768631,8,1,0.0
data_163,0,0,0,0,0,0,1,0,0,1,1,0,0,0.8941192626953125,0.8097492456436157,-0.08437001705169678,0.7501243352890015,0.785910964012146,0.1002020463347435,8,1,0.4285714285714285
data_163,0,0,0,0,0,0,0,0,0,0,1,0,0,0.03588484972715378,0.07213012874126434,0.036245279014110565,0.7523984909057617,0.6953961849212646,0.5032182931900024,4,1,0.0
data_163,0,0,0,0,0,0,0,0,0,0,0,0,0,0.94967120885849,0.6328071355819702,-0.3168640732765198,0.8085625767707825,0.6941208243370056,0.1214600801467895,3,1,0.0
data_163,0,0,0,0,0,0,0,0,0,0,0,0,0,0.8186898231506348,0.7457222938537598,-0.072967529296875,0.7841107845306396,0.6987364888191223,0.7057340741157532,2,1,0.0
data_163,0,1,1,0,0,1,1,0,0,1,1,1,0,0.10007607936859131,0.010833237320184708,-0.0892428420484066,0.7123347520828247,0.7333628535270691,0.1028622090816497,6,1,0.2857142857142857
data_163,0,0,0,0,0,0,0,0,0,0,0,0,0,0.09217296540737152,0.05324963852763176,-0.03892332687973976,0.70328289270401,0.6909469366073608,0.3058226406574249,4,1,0.0
data_163,0,0,0,0,0,0,0,0,0,0,0,0,0,0.6463428139686584,0.6463428139686584,0.0,0.8108489513397217,0.7009904980659485,0.3413440883159637,2,1,0.0
data_163,0,0,0,0,0,0,0,0,0,1,0,0,0,0.9968928098678589,0.9973287582397461,0.00043594837188720703,0.7828996777534485,0.7594809532165527,0.4004273116588592,8,1,0.0
data_163,0,0,0,0,0,0,0,0,0,0,0,0,0,0.9725157618522644,0.9725157618522644,0.0,0.8865628242492676,0.6457932591438293,0.6239777207374573,1,1,0.0
data_163,0,0,0,0,0,0,0,0,0,1,0,0,0,0.6327799558639526,0.5004962682723999,-0.13228368759155273,0.9441344141960144,0.7625917196273804,0.1285762786865234,8,1,0.0
data_164,0,1,1,1,1,1,1,0,1,1,1,0,1,0.9901162981987,0.9901162981987,0.0,0.8983984589576721,0.6125267148017883,0.8216335773468018,1,1,0.0
data_164,0,0,0,0,0,0,0,0,0,0,0,0,0,0.2463466078042984,0.5339142680168152,0.2875676602125168,0.7070320248603821,0.7129409313201904,0.2008226811885833,5,1,0.1428571428571428
data_164,0,0,0,0,0,0,0,0,0,0,0,0,0,0.8431186079978943,0.8431186079978943,0.0,0.843633770942688,0.7203400135040283,0.3135749697685241,4,1,0.0
data_164,0,0,0,0,0,0,0,0,0,0,0,0,0,0.9794324636459351,0.9794324636459351,0.0,0.7820898294448853,0.7919179201126099,0.1082566305994987,7,1,0.1428571428571428
data_164,0,0,0,0,0,0,0,0,0,1,0,0,0,0.9952571988105774,0.8694555759429932,-0.12580162286758423,0.6821895837783813,0.688992440700531,0.2061550319194793,3,1,0.2857142857142857
data_164,0,0,0,0,0,0,0,0,0,0,0,0,0,0.005240601487457752,0.010209967382252216,0.004969365894794464,0.8290018439292908,0.5882729291915894,0.4378806948661804,1,1,0.0
data_164,0,0,0,0,0,0,0,0,0,1,0,0,0,0.9517229795455933,0.004652384202927351,-0.9470705953426659,0.5150079727172852,0.6274649500846863,0.0,0,0,0.7142857142857143
data_164,0,1,1,1,0,0,1,0,0,0,1,1,0,0.06488683819770813,0.10252925753593445,0.03764241933822632,0.848182201385498,0.7032748460769653,0.519117534160614,4,1,0.0
data_164,0,0,0,0,0,0,1,0,0,1,1,0,0,0.9302340745925903,0.9302340745925903,0.0,0.7982109189033508,0.760486364364624,0.3113298416137695,6,1,0.0
data_164,0,0,0,0,0,0,0,0,0,0,0,0,0,0.9651232361793518,0.9651232361793518,0.0,0.6688836812973022,0.7099477052688599,0.1979217827320099,5,1,0.2857142857142857
data_164,0,0,0,0,0,0,0,0,0,0,0,0,0,0.005955698899924755,0.005955698899924755,0.0,0.7881929874420166,0.7529105544090271,0.6099337935447693,6,1,0.0
data_165,0,0,0,0,0,0,0,0,0,0,0,0,0,0.9494920969009399,0.9494920969009399,0.0,0.9643670916557312,0.764352023601532,0.4323945641517639,7,1,0.0
data_165,0,0,0,0,0,0,0,0,0,0,0,0,0,0.9448298811912537,0.9448298811912537,0.0,0.7764166593551636,0.7119487524032593,0.4095827639102936,6,1,0.0
data_165,0,0,0,0,0,0,0,0,0,0,0,0,0,0.9495072364807129,0.9495072364807129,0.0,0.7905563712120056,0.7178664207458496,0.8085804581642151,3,1,0.0
data_165,0,0,0,0,0,0,0,0,0,1,0,0,0,0.9381459951400757,0.9973143935203552,0.05916839838027954,0.8802704811096191,0.7418859004974365,0.5198860764503479,8,1,0.0
data_165,0,0,0,0,0,1,1,0,0,1,1,1,0,0.0010027309181168675,0.025044245645403862,0.024041514727286994,0.7239236831665039,0.804561197757721,0.09870295971632,7,1,0.25
data_165,0,0,0,0,0,0,0,0,0,0,0,0,0,0.9404461979866028,0.043367695063352585,-0.8970785029232502,0.7350475788116455,0.7488114833831787,0.2040883302688598,3,1,0.0833333333333333
data_165,0,0,0,0,0,0,0,0,0,0,0,0,0,0.977624773979187,0.9590075612068176,-0.018617212772369385,0.8658862709999084,0.831768810749054,0.2143514305353164,8,1,0.0
data_165,0,0,0,0,0,0,0,0,0,0,0,0,0,0.7563456892967224,0.9871402382850647,0.23079454898834229,0.3475992977619171,0.7800326943397522,0.0,4,0,1.0
data_165,0,0,0,0,0,1,0,0,0,1,0,0,0,0.941560685634613,0.9670184850692749,0.025457799434661865,0.7965792417526245,0.8128212094306946,0.2026825696229934,10,1,0.0833333333333333
data_165,0,0,0,0,0,0,0,0,0,0,0,0,0,0.1389060616493225,0.9512239098548889,0.8123178482055664,0.7322100400924683,0.771869957447052,0.2873087227344513,4,1,0.1666666666666666
data_165,0,0,0,0,0,0,0,0,0,1,0,0,0,0.016124268993735313,0.010562068782746792,-0.005562200210988522,0.4755080342292785,0.7045505046844482,0.0,1,0,0.6666666666666666
data_165,0,0,0,0,0,0,0,0,0,0,0,0,0,0.987734854221344,0.9954774975776672,0.007742643356323242,0.7227168679237366,0.832675576210022,0.2887212932109833,7,1,0.1666666666666666
data_165,0,0,0,0,0,0,0,0,0,0,0,0,0,0.25810015201568604,0.9647681713104248,0.7066680192947388,0.6300601959228516,0.8096193075180054,0.0,6,0,0.6666666666666666
data_165,0,0,0,0,0,0,0,0,0,0,0,0,0,0.982468843460083,0.8331936597824097,-0.14927518367767334,0.8656209111213684,0.697388231754303,0.2253436595201492,4,1,0.0
data_165,0,0,0,0,0,0,0,0,0,0,0,0,0,0.9979870319366455,0.6879778504371643,-0.3100091814994812,0.6320853233337402,0.6968786120414734,0.0977726280689239,4,0,0.4166666666666667
data_165,1,0,1,0,0,1,1,1,1,1,1,1,0,0.9673790335655212,0.9971645474433899,0.029785513877868652,0.72618168592453,0.8163005709648132,0.0,9,1,0.3333333333333333
data_165,0,0,0,0,0,0,0,0,0,1,0,0,0,0.9750233888626099,0.956010103225708,-0.019013285636901855,0.7227529287338257,0.8268877267837524,0.095698282122612,10,1,0.25
data_165,0,0,0,0,0,0,0,0,0,0,0,0,0,0.9965683221817017,0.9837774038314819,-0.012790918350219727,0.7334862947463989,0.7269439697265625,0.398954689502716,5,1,0.0
data_165,0,0,0,0,0,0,0,0,0,0,0,0,0,0.9972131848335266,0.9972131848335266,0.0,0.8937944769859314,0.5152206420898438,0.915543496608734,1,1,0.0
data_165,0,0,0,0,0,0,0,0,0,0,0,0,0,0.8955588340759277,0.8955588340759277,0.0,0.9293517470359802,0.7225475907325745,0.4207937121391296,4,1,0.0
data_165,0,0,0,0,0,0,0,0,0,1,0,0,0,0.9527732133865356,0.9527732133865356,0.0,0.7581323385238647,0.6998906135559082,0.6118844151496887,4,1,0.0
data_165,0,0,0,0,0,0,0,0,0,0,0,0,0,0.9262450933456421,0.9262450933456421,0.0,0.7011630535125732,0.6793473362922668,0.6974843740463257,4,1,0.0
data_165,0,0,0,0,0,0,0,0,0,0,0,0,0,0.9837906956672668,0.9837906956672668,0.0,0.7846065759658813,0.7493542432785034,0.5108779668807983,8,1,0.0
data_165,0,0,0,0,0,0,0,0,0,0,0,0,0,0.31149646639823914,0.3878549337387085,0.07635846734046936,0.802213728427887,0.762053370475769,0.4021947085857391,5,1,0.0
data_166,0,0,0,0,0,0,0,0,0,0,0,0,0,0.012455419637262821,0.1159290075302124,0.10347358789294958,0.768058717250824,0.7625155448913574,0.3036185204982757,5,1,0.0
data_166,0,0,0,0,0,0,0,0,0,0,0,0,0,0.03425317630171776,0.11542769521474838,0.08117451891303062,0.6450015902519226,0.6726119518280029,0.3932510614395141,3,0,0.3
data_166,0,0,0,0,0,0,0,1,0,1,0,1,0,0.08286575227975845,0.7185432314872742,0.6356774792075157,0.7623645663261414,0.8277062177658081,0.1046482771635055,7,1,0.1
data_166,0,0,0,0,0,0,0,0,0,0,0,0,0,0.14880236983299255,0.03675881028175354,-0.11204355955123901,0.8176553845405579,0.6418834924697876,0.6256065368652344,1,1,0.0
data_166,0,0,0,0,0,0,0,0,0,1,0,0,0,0.22742396593093872,0.07486455887556076,-0.15255940705537796,0.7034746408462524,0.7702996730804443,0.1949247121810913,7,1,0.4
data_166,1,0,0,0,0,1,1,1,0,1,1,1,0,0.7320665717124939,0.028622213751077652,-0.7034443579614162,0.6895649433135986,0.8204330205917358,0.1007489264011383,3,1,0.1
data_166,0,0,0,0,0,1,1,0,0,1,0,0,0,0.04400995373725891,0.04400995373725891,0.0,0.7206547856330872,0.6841610074043274,0.4959887862205505,4,1,0.0
data_166,0,1,1,1,1,1,1,1,1,1,1,1,1,0.8871895670890808,0.907270073890686,0.020080506801605225,0.7330200672149658,0.7312928438186646,0.105436734855175,5,1,0.0
data_166,0,0,0,0,0,0,0,0,0,0,0,0,0,0.9928994178771973,0.9928994178771973,0.0,0.8794095516204834,0.8462342619895935,0.309459239244461,9,1,0.0
data_166,0,0,0,0,0,0,0,0,0,1,0,0,0,0.26299798488616943,0.26299798488616943,0.0,0.8083944916725159,0.6676893830299377,0.8111938834190369,3,1,0.0
data_166,0,0,0,0,0,0,0,0,0,0,0,0,0,0.5512586832046509,0.5512586832046509,0.0,0.6834431886672974,0.6877513527870178,0.4997963309288025,4,1,0.1
data_166,0,0,0,0,0,0,0,0,0,0,0,0,0,0.5285891890525818,0.5285891890525818,0.0,0.8482025265693665,0.847862958908081,0.5012267231941223,5,1,0.0
data_166,0,0,0,0,0,0,0,0,0,0,0,0,0,0.05485774576663971,0.034516800194978714,-0.020340945571660995,0.7646437287330627,0.8120173215866089,0.201226457953453,8,1,0.2
data_166,1,0,1,0,0,1,0,0,0,1,1,1,0,0.11025764793157578,0.12218035012483597,0.011922702193260193,0.6801908612251282,0.8097511529922485,0.3919419944286346,2,1,0.1
data_166,0,0,1,0,0,1,1,0,0,1,1,1,0,0.015895850956439972,0.018491510301828384,0.0025956593453884125,0.7106443047523499,0.7484109997749329,0.0981501191854476,8,1,0.5
data_166,0,0,0,0,0,0,0,0,0,0,0,0,0,0.5957256555557251,0.7128049731254578,0.11707931756973267,0.6627962589263916,0.7372868061065674,0.1944497972726822,4,1,0.3
data_166,0,0,0,0,0,0,0,0,0,1,1,0,0,0.00650057103484869,0.013894558884203434,0.007393987849354744,0.7065458297729492,0.7789778709411621,0.4145491123199463,2,1,0.1
data_166,1,1,0,0,0,1,0,0,0,1,1,1,1,0.0018357919761911035,0.0019410839304327965,0.00010529195424169302,0.6467291712760925,0.7428247332572937,0.192583680152893,4,0,0.4
data_166,0,1,0,0,0,1,1,0,0,1,1,1,0,0.29454776644706726,0.29454776644706726,0.0,0.5918071269989014,0.7131200432777405,0.1997075527906417,1,0,0.1
data_167,0,0,0,0,0,0,0,0,0,0,0,0,0,0.26787489652633667,0.26787489652633667,0.0,0.7365638613700867,0.6707277894020081,0.224717304110527,4,1,0.0
data_167,0,0,0,0,0,0,0,0,0,0,0,0,0,0.8846901655197144,0.8846901655197144,0.0,0.7269700169563293,0.6763224601745605,0.1179823130369186,3,1,0.0
data_167,0,0,0,0,0,0,0,0,0,0,0,0,0,0.9830043315887451,0.9976198077201843,0.014615476131439209,0.8868460655212402,0.7695322632789612,0.2148599177598953,8,1,0.0
data_167,0,0,0,0,0,0,0,0,0,0,0,0,0,0.3084913492202759,0.5618959665298462,0.2534046173095703,0.7369220852851868,0.6929537057876587,0.2102395594120025,2,1,0.0
data_167,0,0,0,0,0,0,0,0,0,0,0,0,0,0.9714808464050293,0.9714808464050293,0.0,0.9992734789848328,0.663088858127594,0.2681096792221069,2,1,0.0
data_167,0,0,0,0,0,0,0,0,0,0,0,0,0,0.9520106911659241,0.9520106911659241,0.0,0.8205393552780151,0.6960296034812927,0.1316567510366439,3,1,0.0
data_167,0,0,0,0,0,0,0,0,0,0,0,0,0,0.9976602792739868,0.9976602792739868,0.0,0.9033872485160828,0.6670494675636292,0.2349281311035156,2,1,0.0
data_167,0,0,0,0,0,0,0,0,0,1,0,0,0,0.12585923075675964,0.14800895750522614,0.02214972674846649,0.687990665435791,0.8263664245605469,0.0,9,1,0.2777777777777778
data_167,0,0,0,1,0,1,1,1,0,1,1,1,1,0.005668013356626034,0.0036724067758768797,-0.001995606580749154,0.6837761998176575,0.6799851655960083,0.1044667065143585,5,1,0.0
data_167,0,0,0,0,0,1,0,0,0,1,0,0,0,0.6334851384162903,0.6334851384162903,0.0,0.7579150795936584,0.7329593300819397,0.2007878422737121,7,1,0.0
data_167,0,0,0,0,0,0,0,0,0,0,0,0,0,0.4600730240345001,0.4600730240345001,0.0,0.786922037601471,0.7559367418289185,0.3192870616912842,2,1,0.0
data_167,0,0,0,0,0,0,0,0,0,0,0,0,0,0.9251471757888794,0.9251471757888794,0.0,0.9796441793441772,0.5711633563041687,0.5455467104911804,1,1,0.0
data_167,0,0,0,0,0,0,0,0,0,0,0,0,0,0.9939140677452087,0.9939140677452087,0.0,0.985853672027588,0.7970254421234131,0.2324591428041458,10,1,0.0
data_167,0,0,0,0,0,0,0,0,0,0,0,0,0,0.967150866985321,0.989313542842865,0.022162675857543945,0.8547754287719727,0.7403773069381714,0.2185249924659729,8,1,0.0
data_167,0,0,0,0,0,0,0,0,0,0,0,0,0,0.4527270793914795,0.4527270793914795,0.0,0.8717347383499146,0.751977264881134,0.3281485140323639,9,1,0.0
data_167,0,0,0,0,0,0,0,0,0,0,0,0,0,0.979430079460144,0.979430079460144,0.0,0.8733588457107544,0.6952284574508667,0.5216044187545776,3,1,0.0
data_167,0,0,0,0,0,0,0,0,0,0,1,1,0,0.33708569407463074,0.9932244420051575,0.6561387479305267,0.7616228461265564,0.7069666981697083,0.2082471847534179,4,1,0.0
data_167,0,0,0,0,0,0,0,0,0,0,0,0,0,0.9903809428215027,0.9903809428215027,0.0,0.9499624371528624,0.8146489858627319,0.1231700703501701,11,1,0.0
data_167,0,0,0,0,0,0,0,0,0,0,0,0,0,0.1348334401845932,0.1348334401845932,0.0,0.8564935326576233,0.831823468208313,0.2191088497638702,10,1,0.0
data_167,0,0,0,0,0,0,0,0,0,0,0,0,0,0.8679333329200745,0.8679333329200745,0.0,0.7883255481719971,0.7575103640556335,0.1089539229869842,9,1,0.0
data_167,0,0,0,0,0,0,0,0,0,1,1,0,0,0.05291072651743889,0.06063404306769371,0.007723316550254822,0.7423038482666016,0.7207984328269958,0.1101567670702934,6,1,0.0
data_167,0,0,0,0,0,0,0,0,0,0,0,0,0,0.9940378665924072,0.9940378665924072,0.0,0.9915010929107666,0.7453891038894653,0.4250200092792511,5,1,0.0
data_167,0,0,0,0,0,0,0,0,0,0,0,0,0,0.9977660179138184,0.9977660179138184,0.0,0.7423400282859802,0.8021882772445679,0.3007755279541015,7,1,0.0555555555555555
data_167,0,0,0,0,0,0,0,0,0,0,0,0,0,0.5431342124938965,0.9167406558990479,0.37360644340515137,0.7670945525169373,0.8224149942398071,0.2018882632255554,5,1,0.1111111111111111
data_167,0,0,0,0,0,0,0,0,0,1,1,0,0,0.02046477235853672,0.06178704649209976,0.04132227413356304,0.8107624053955078,0.6870461702346802,0.2219893038272857,4,1,0.0
data_167,0,0,1,0,0,0,1,0,0,1,1,0,0,0.9910910129547119,0.9904478788375854,-0.0006431341171264648,0.5829654335975647,0.6495340466499329,0.0973293185234069,0,0,0.4444444444444444
data_168,0,0,0,0,0,0,0,0,0,1,0,0,0,0.20426484942436218,0.18749196827411652,-0.016772881150245667,0.7718634605407715,0.7209392189979553,0.2085465788841247,4,1,0.0
data_168,0,0,0,0,0,0,0,0,0,0,0,0,0,0.9724398255348206,0.986589789390564,0.014149963855743408,0.7700207233428955,0.7769603729248047,0.3996436595916748,5,1,0.2222222222222222
data_168,0,0,0,0,0,0,0,0,0,1,1,0,0,0.7777931690216064,0.9975222945213318,0.21972912549972534,0.6745637655258179,0.640032947063446,0.3041107952594757,1,1,0.0
data_168,1,1,1,1,1,1,1,1,1,1,1,1,1,0.004003793001174927,0.02094222605228424,0.016938433051109314,0.5592032074928284,0.6181395053863525,0.3892571032047272,0,0,0.2222222222222222
data_168,1,0,0,0,0,1,1,1,0,1,1,1,0,0.028439654037356377,0.03507436439394951,0.006634710356593132,0.6837150454521179,0.7801245450973511,0.0961357504129409,6,1,0.5555555555555556
data_168,0,0,0,0,0,0,0,0,0,0,0,0,0,0.9986231327056885,0.9986231327056885,0.0,0.7436703443527222,0.7137523889541626,0.4991085529327392,3,1,0.0
data_168,0,0,0,0,0,0,0,0,0,0,0,0,0,0.056742265820503235,0.056742265820503235,0.0,0.8354681134223938,0.5970849990844727,0.5221929550170898,1,1,0.0
data_168,0,0,0,0,0,0,1,0,0,1,1,0,0,0.2579045295715332,0.2579045295715332,0.0,0.6032432913780212,0.6666116118431091,0.589473307132721,1,0,0.2222222222222222
data_168,0,0,0,0,0,0,0,0,0,0,0,0,0,0.023615673184394836,0.3406279683113098,0.317012295126915,0.5862359404563904,0.6735300421714783,0.2943894565105438,1,0,0.2222222222222222
data_168,0,0,0,0,0,0,0,0,0,0,0,0,0,0.0017745335353538394,0.0003858553827740252,-0.0013886781525798142,0.4593251645565033,0.5483359098434448,0.0941296517848968,0,0,0.3333333333333333
data_168,0,0,0,0,0,1,1,1,1,1,1,1,0,0.9896973967552185,0.7685343623161316,-0.22116303443908691,0.6408767700195312,0.8523083329200745,0.1934401392936706,2,0,0.2222222222222222
data_168,0,0,0,0,0,0,0,0,0,0,0,0,0,0.9929934144020081,0.9557344913482666,-0.037258923053741455,0.727151095867157,0.7155721783638,0.2071721404790878,4,1,0.0
data_168,0,0,0,0,0,0,0,0,0,0,0,0,0,0.996708869934082,0.996708869934082,0.0,0.7625826001167297,0.6520153880119324,0.1222290992736816,2,1,0.0
data_169,0,0,0,0,0,0,0,0,0,0,0,0,0,0.014056123793125153,0.03198683261871338,0.017930708825588226,0.7618786692619324,0.5404479503631592,0.3686852157115936,1,1,0.0
data_169,0,0,0,0,0,0,0,0,0,0,0,0,0,0.9507826566696167,0.945261538028717,-0.005521118640899658,0.9254331588745116,0.7344599366188049,0.2461259365081787,2,1,0.0
data_169,0,0,0,0,0,0,0,0,0,0,0,0,0,0.010919705964624882,0.010919705964624882,0.0,0.8233111500740051,0.6485505700111389,0.4408785104751587,1,1,0.0
data_169,0,0,0,0,0,0,0,0,0,0,0,0,0,0.08155669271945953,0.08155669271945953,0.0,0.9444068670272828,0.7117467522621155,0.349648118019104,3,1,0.0
data_169,1,0,0,0,0,0,0,0,0,1,0,0,0,0.15419812500476837,0.9251010417938232,0.7709029167890549,0.5865564346313477,0.6682668328285217,0.2045238465070724,1,0,0.1428571428571428
data_169,0,0,0,0,0,0,0,0,0,0,0,0,0,0.6004486083984375,0.969947099685669,0.36949849128723145,0.605935275554657,0.7585176825523376,0.0,4,0,0.4285714285714285
data_170,0,0,0,0,0,0,0,0,0,1,0,0,0,0.6478431820869446,0.9857099056243896,0.33786672353744507,0.8483701348304749,0.8716174364089966,0.1084503009915351,13,1,0.05
data_170,0,0,0,0,0,0,0,0,0,0,0,0,0,0.9956879019737244,0.9956879019737244,0.0,0.8432232737541199,0.6265024542808533,0.2501524090766907,1,1,0.0
data_170,0,0,0,0,0,0,0,0,0,0,0,0,0,0.9440381526947021,0.9821606874465942,0.03812253475189209,0.8643363118171692,0.7554965615272522,0.4154397249221802,10,1,0.0
data_170,0,0,0,0,0,0,0,0,0,1,0,0,0,0.16409434378147125,0.7678556442260742,0.603761300444603,0.6732630729675293,0.7261423468589783,0.097494751214981,11,1,0.3
data_170,0,0,0,0,0,0,0,0,0,0,0,0,0,0.9245685935020447,0.881708562374115,-0.04286003112792969,0.6151733994483948,0.6754060387611389,0.100870743393898,1,0,0.1
data_170,0,0,0,0,0,0,0,0,0,0,0,1,0,0.9926729798316956,0.9926729798316956,0.0,0.8045516014099121,0.7988300919532776,0.208266481757164,15,1,0.0
data_170,1,1,1,1,1,1,1,1,1,1,1,1,1,0.025767387822270393,0.8033368587493896,0.7775694709271193,0.7572092413902283,0.8313837647438049,0.095661923289299,14,1,0.3
data_170,0,0,0,0,0,0,0,0,0,1,1,0,0,0.9950237274169922,0.9568966627120972,-0.03812706470489502,0.659424901008606,0.7210232019424438,0.0978201478719711,5,1,0.1
data_170,1,1,1,1,1,1,1,1,1,1,1,1,1,0.020439976826310158,0.9498606324195862,0.929420655593276,0.5266387462615967,0.7188721299171448,0.0,3,0,0.85
data_170,1,0,0,0,0,1,1,0,0,1,1,0,0,0.23726922273635864,0.9455444812774658,0.7082752585411072,0.8191638588905334,0.8613889813423157,0.0995879545807838,15,1,0.2
data_170,0,0,0,0,0,0,0,0,0,1,1,0,0,0.8063106536865234,0.9208899736404419,0.11457931995391846,0.6674791574478149,0.7494961619377136,0.099786527454853,5,1,0.1
data_170,0,0,0,0,0,1,1,1,0,1,1,1,0,0.18837498128414154,0.9135383367538452,0.7251633554697037,0.7019572257995605,0.7279976010322571,0.3036837577819824,6,1,0.05
data_170,0,0,0,0,0,0,0,0,0,0,0,0,0,0.9085565209388733,0.9085565209388733,0.0,0.8622550368309021,0.7495783567428589,0.4283746182918548,12,1,0.0
data_170,1,0,0,0,0,0,0,0,0,0,0,0,0,0.9819192886352539,0.9936490654945374,0.011729776859283447,0.7595652341842651,0.8162907361984253,0.1035919561982154,11,1,0.05
data_170,0,0,0,0,0,0,0,0,0,0,1,0,0,0.006864029448479414,0.13935063779354095,0.13248660834506154,0.7527315020561218,0.8251343369483948,0.0952531024813652,13,1,0.15
data_170,0,0,0,0,0,1,1,1,0,1,1,1,1,0.012963921763002872,0.07326521724462509,0.06030129548162222,0.569611132144928,0.747811496257782,0.0,7,0,0.65
data_171,0,0,0,0,0,0,0,0,0,1,0,0,0,0.03429559990763664,0.03041904792189598,-0.0038765519857406616,0.7016791105270386,0.7325634956359863,0.7867982983589172,2,1,0.0344827586206896
data_171,0,0,0,0,0,0,0,0,0,0,0,0,0,0.09505704045295715,0.09505704045295715,0.0,0.8087708950042725,0.6766594052314758,0.3220618963241577,4,1,0.0
data_171,0,0,0,0,0,0,0,0,0,1,1,1,0,0.7727712392807007,0.7727712392807007,0.0,0.727173924446106,0.6421626210212708,0.2216902077198028,1,1,0.0
data_171,0,0,1,0,1,1,1,0,1,1,1,1,1,0.4683520793914795,0.4683520793914795,0.0,0.6977019906044006,0.6054974794387817,0.4189696609973907,1,1,0.0
data_171,0,0,0,0,0,0,0,0,0,0,0,0,0,0.9849159717559814,0.027103422209620476,-0.957812549546361,0.8179959654808044,0.7770892977714539,0.4019485414028168,8,1,0.0
data_171,0,0,0,0,0,0,0,0,0,0,0,0,0,0.7936269044876099,0.7936269044876099,0.0,0.760341465473175,0.7792057991027832,0.2014110088348388,10,1,0.0689655172413793
data_171,0,0,0,0,0,0,0,0,0,0,0,0,0,0.6810428500175476,0.012342329137027264,-0.6687005208805203,0.6430050134658813,0.463141918182373,0.330879658460617,0,0,0.0
data_171,0,0,0,0,0,0,0,0,0,1,0,0,0,0.7104468941688538,0.7104468941688538,0.0,0.5802084803581238,0.6692063808441162,0.1008797436952591,1,0,0.0344827586206896
data_171,0,0,0,0,0,0,0,0,0,0,0,0,0,0.9972328543663025,0.9972328543663025,0.0,0.7214440107345581,0.6925815343856812,0.3064942359924316,6,1,0.0
data_171,0,0,0,0,0,0,0,0,0,0,0,0,0,0.9932937622070312,0.990546703338623,-0.002747058868408203,0.9179374575614928,0.8028563261032104,0.2174599915742874,7,1,0.0
data_171,0,0,0,0,0,0,0,0,0,0,0,0,0,0.9902721047401428,0.7233912944793701,-0.2668808102607727,0.6948306560516357,0.8366239070892334,0.0,12,1,0.2068965517241379
data_171,0,0,0,0,0,0,0,0,0,0,0,0,0,0.9663276076316833,0.3229820728302002,-0.6433455348014832,0.6610944867134094,0.7505128383636475,0.0985398143529892,5,1,0.1379310344827586
data_171,0,0,0,0,0,0,0,0,0,0,0,0,0,0.9943292737007141,0.9943292737007141,0.0,0.8453721404075623,0.7182884812355042,0.4318264722824096,3,1,0.0
data_171,0,0,0,0,0,0,0,0,0,0,0,0,0,0.9759228229522705,0.9759228229522705,0.0,0.8453012108802795,0.7593396902084351,0.1194986626505851,3,1,0.0
data_171,0,0,0,0,0,0,0,0,0,0,0,0,0,0.7505008578300476,0.7505008578300476,0.0,0.7880573868751526,0.6622592210769653,0.3382839560508728,2,1,0.0
data_171,0,0,0,0,0,0,0,0,0,0,0,0,0,0.0431685745716095,0.866349995136261,0.8231814205646515,0.7304366230964661,0.7630190253257751,0.3865994811058044,3,1,0.0689655172413793
data_171,0,0,0,0,0,0,0,0,0,0,0,0,0,0.371783971786499,0.49886056780815125,0.12707659602165222,0.7707298398017883,0.7328094244003296,0.2117018103599548,4,1,0.0
data_171,0,0,0,0,0,0,0,0,0,0,0,0,0,0.9780012369155884,0.9780012369155884,0.0,0.8972207903862,0.8211272358894348,0.2208130955696106,4,1,0.0
data_171,0,0,0,0,0,0,0,0,0,0,0,0,0,0.10016129910945892,0.9745007753372192,0.8743394762277603,0.7522907257080078,0.8272181749343872,0.1970193684101104,6,1,0.1379310344827586
data_171,0,0,0,0,0,0,1,0,0,1,0,0,0,0.053111396729946136,0.20023471117019653,0.1471233144402504,0.5581273436546326,0.5969398021697998,0.0,0,0,0.2068965517241379
data_171,0,0,0,0,0,0,0,0,0,0,0,0,0,0.9903028607368469,0.9903028607368469,0.0,0.5573647022247314,0.5869218111038208,0.5029831528663635,0,0,0.0344827586206896
data_171,0,0,0,0,0,0,0,0,0,1,0,0,0,0.9115603566169739,0.7514503598213196,-0.1601099967956543,0.7233505845069885,0.7065344452857971,0.3034043312072754,5,1,0.0
data_172,0,0,0,0,0,0,0,0,0,0,0,0,0,0.9987003803253174,0.9914570450782776,-0.007243335247039795,0.8633082509040833,0.8065268993377686,0.3066735863685608,8,1,0.0
data_172,1,0,1,0,0,1,1,0,1,1,1,1,0,0.30805009603500366,0.4564262628555298,0.14837616682052612,0.6157097220420837,0.5845947861671448,0.1097193211317062,0,0,0.0
data_172,0,0,0,0,0,0,0,0,0,1,0,0,0,0.3220547139644623,0.3220547139644623,0.0,0.6960963010787964,0.729947030544281,0.1986978203058242,10,1,0.2142857142857142
data_172,0,0,0,0,0,0,0,0,0,0,1,0,0,0.0027334357146173716,0.5196206569671631,0.5168872212525457,0.6618064045906067,0.6793830990791321,0.3061858415603637,2,1,0.0714285714285714
data_172,0,0,0,0,0,0,0,0,0,1,0,0,0,0.9834643006324768,0.9651618003845215,-0.018302500247955322,0.5522229671478271,0.6411941647529602,0.0940745621919632,0,0,0.4285714285714285
data_172,0,0,1,0,0,0,0,0,0,1,1,1,0,0.8427937030792236,0.9974797368049622,0.15468603372573853,0.5912182331085205,0.8098666071891785,0.0,6,0,0.6428571428571429
data_172,0,0,0,0,0,0,0,0,0,0,0,0,0,0.520153820514679,0.013673540204763412,-0.5064802803099155,0.5726490020751953,0.672062337398529,0.0,1,0,0.2857142857142857
data_172,0,0,0,0,0,0,0,0,0,0,0,0,0,0.9975941777229309,0.9992521405220032,0.0016579627990722656,0.8297801613807678,0.8220544457435608,0.2110708653926849,5,1,0.0
data_172,0,0,0,0,0,0,0,0,0,0,0,0,0,0.002951375674456358,0.002951375674456358,0.0,0.6847083568572998,0.6369632482528687,0.4145487844944,1,1,0.0
data_172,0,0,0,0,0,0,0,0,0,0,0,0,0,0.9878563284873962,0.9956848621368408,0.00782853364944458,0.697981595993042,0.786243736743927,0.1913517713546753,5,1,0.2857142857142857
data_172,0,0,0,0,0,0,0,0,0,0,0,0,0,0.9941856861114502,0.9941856861114502,0.0,0.7416401505470276,0.6663159728050232,0.3287735283374786,2,1,0.0
data_172,0,0,0,0,0,0,0,0,0,0,0,0,0,0.9957796335220337,0.9957796335220337,0.0,0.8066490888595581,0.7321519255638123,0.4184511303901672,6,1,0.0
data_172,1,1,1,1,1,1,1,1,1,1,1,1,1,0.3547308146953583,0.9972302317619324,0.6424994170665741,0.4836284816265106,0.8100226521492004,0.0,5,0,0.6428571428571429
data_172,1,1,1,1,1,1,1,1,1,1,1,1,1,0.005846858955919743,0.2804161310195923,0.27456927206367254,0.569785475730896,0.7238328456878662,0.192630723118782,1,0,0.0714285714285714
data_172,0,0,0,0,0,1,0,0,0,1,1,1,0,0.993953287601471,0.7828132510185242,-0.21114003658294678,0.620307207107544,0.7277075052261353,0.0,4,0,0.6428571428571429
data_172,0,0,0,0,0,0,0,0,0,0,0,0,0,0.9605560302734375,0.9978765249252319,0.037320494651794434,0.8093461394309998,0.7941907644271851,0.1098466962575912,7,1,0.0
data_172,0,0,0,0,0,0,0,0,0,0,0,0,0,0.9979945421218872,0.9979945421218872,0.0,0.5833244919776917,0.5992816686630249,0.2130772024393081,0,0,0.0714285714285714
data_172,0,0,0,0,0,0,0,0,0,0,0,0,0,0.13731253147125244,0.24221304059028625,0.10490050911903381,0.6408465504646301,0.7234905362129211,0.1935944557189941,4,0,0.2857142857142857
data_172,0,0,0,0,0,0,0,0,0,1,0,0,0,0.6961936950683594,0.9730625748634338,0.27686887979507446,0.6254204511642456,0.7063808441162109,0.095444455742836,4,0,0.4285714285714285
data_172,0,0,0,0,0,0,0,0,0,0,0,0,0,0.03938845172524452,0.022611049935221672,-0.01677740179002285,0.7413171529769897,0.5177661180496216,0.2424163371324539,1,1,0.0
data_172,0,0,0,0,0,0,0,0,0,0,0,0,0,0.01075324509292841,0.2542821168899536,0.2435288717970252,0.4264164566993713,0.6180889010429382,0.0,0,0,0.6428571428571429
data_172,0,0,0,0,0,0,0,0,0,0,0,0,0,0.9980530738830566,0.9980530738830566,0.0,0.7431504130363464,0.75285804271698,0.4154330492019653,3,1,0.0714285714285714
data_172,0,0,0,0,0,0,0,0,0,0,0,0,0,0.9711534380912781,0.9711534380912781,0.0,0.6788877844810486,0.6658811569213867,0.1128580570220947,2,1,0.0
data_172,0,0,0,0,0,0,0,0,0,0,0,0,0,0.9918721318244934,0.9983331561088562,0.006461024284362793,0.5598859786987305,0.6823154091835022,0.0,2,0,0.5714285714285714
data_172,0,0,0,0,0,0,0,0,0,0,0,0,0,0.9038112163543701,0.9927691221237183,0.08895790576934814,0.5768306255340576,0.6220400333404541,0.1948217749595642,0,0,0.2142857142857142
data_172,0,0,0,0,0,0,0,0,0,0,0,0,0,0.9884024262428284,0.9884024262428284,0.0,0.7236102223396301,0.6431257724761963,0.4106844663619995,1,1,0.0
data_172,0,0,0,0,0,0,0,0,0,0,0,0,0,0.3042551279067993,0.8610656261444092,0.5568104982376099,0.5303535461425781,0.600681722164154,0.1948055475950241,0,0,0.1428571428571428
data_173,0,0,0,0,0,0,0,0,0,0,0,0,0,0.8783630728721619,0.9646657705307007,0.08630269765853882,0.7507548332214355,0.8633314371109009,0.0977028161287307,6,1,0.2857142857142857
data_173,0,0,0,0,0,0,0,0,0,0,0,0,0,0.9989062547683716,0.9989062547683716,0.0,0.8219879865646362,0.7250809669494629,0.1200681626796722,5,1,0.0
data_173,0,0,0,0,0,1,1,0,0,1,1,1,0,0.2784557342529297,0.9869798421859741,0.7085241079330444,0.7306838631629944,0.7945085167884827,0.3859434425830841,6,1,0.2857142857142857
data_173,0,0,0,0,0,0,0,0,0,0,0,0,0,0.9743576049804688,0.9986305236816406,0.024272918701171875,0.6966102123260498,0.7267761826515198,0.205327495932579,3,1,0.2857142857142857
data_173,0,0,0,0,0,0,0,0,0,0,0,0,0,0.014540275558829308,0.009035156108438969,-0.005505119450390339,0.7407408952713013,0.8329688310623169,0.1941569149494171,6,1,0.5714285714285714
data_173,0,0,0,0,0,0,0,0,0,0,0,0,0,0.9905909895896912,0.9905909895896912,0.0,0.7825258374214172,0.6900436282157898,0.8089756369590759,3,1,0.0
data_173,0,0,0,0,0,0,0,0,0,0,0,0,0,0.990970253944397,0.990970253944397,0.0,0.7974869012832642,0.7721289992332458,0.3078474402427673,6,1,0.0
data_173,1,0,0,0,0,0,1,0,0,1,1,0,0,0.9372010231018066,0.9372010231018066,0.0,0.8429749011993408,0.8175032138824463,0.3131192624568939,5,1,0.0
data_173,0,0,0,0,0,0,0,0,0,0,0,0,0,0.17608468234539032,0.24695464968681335,0.07086996734142303,0.8348038792610168,0.7607848048210144,0.3127049505710602,6,1,0.0
data_173,0,0,0,0,0,0,0,0,0,0,0,0,0,0.9441605806350708,0.9441605806350708,0.0,0.7767444849014282,0.7024029493331909,0.3091054260730743,3,1,0.0
data_173,0,0,0,0,0,1,0,0,0,1,0,0,0,0.7160618901252747,0.8547219634056091,0.13866007328033447,0.847427487373352,0.773239016532898,0.3104808330535888,6,1,0.0
data_173,0,0,0,0,0,0,0,0,0,0,0,0,0,0.21412891149520874,0.04988986998796463,-0.1642390415072441,0.7943457961082458,0.7453191876411438,0.3060224652290344,4,1,0.0
data_173,0,0,0,0,0,0,0,0,0,0,0,0,0,0.6206194758415222,0.7851972579956055,0.16457778215408325,0.8008022904396057,0.8561975955963135,0.1042841300368309,7,1,0.2857142857142857
data_173,0,0,0,0,0,0,0,0,0,0,0,0,0,0.3791548013687134,0.9088390469551086,0.5296842455863953,0.7549928426742554,0.7345671057701111,0.3004368841648102,6,1,0.0
data_173,0,0,0,1,0,1,1,1,1,1,1,1,1,0.8850060701370239,0.5717400908470154,-0.31326597929000854,0.7357309460639954,0.7797430157661438,0.1972503215074539,7,1,0.4285714285714285
data_173,0,0,0,0,0,0,0,0,0,1,0,1,0,0.5729480385780334,0.2822544276714325,-0.29069361090660095,0.6366550922393799,0.809169590473175,0.0,6,0,0.8571428571428571
data_173,0,0,0,0,0,0,0,0,0,0,0,0,0,0.895089328289032,0.895089328289032,0.0,0.7996858358383179,0.7897897362709045,0.2113236933946609,7,1,0.0
data_173,0,0,0,0,0,0,0,0,0,1,0,0,0,0.5868752598762512,0.5868752598762512,0.0,0.7367722988128662,0.7279114723205566,0.4009599089622497,6,1,0.0
data_173,1,0,0,0,0,0,1,0,0,1,1,1,0,0.18521760404109955,0.18521760404109955,0.0,0.6947364211082458,0.7109310626983643,0.2055252492427826,4,1,0.1428571428571428
data_173,0,0,0,0,0,0,0,0,0,0,0,0,0,0.8108367919921875,0.8108367919921875,0.0,0.6597276329994202,0.6792196035385132,0.3000074923038482,2,1,0.1428571428571428
data_173,0,0,0,0,0,0,0,0,0,0,0,0,0,0.3586775064468384,0.9120054841041565,0.5533279776573181,0.8532577157020569,0.7467097640037537,0.3171325027942657,4,1,0.0
data_173,0,0,0,0,0,0,0,0,0,1,0,0,0,0.3264404535293579,0.5929872393608093,0.2665467858314514,0.8696388602256775,0.7354275584220886,0.5109017491340637,3,1,0.0
data_173,1,1,0,1,0,1,1,0,0,1,1,1,0,0.0011814616154879332,0.001806085230782628,0.0006246236152946949,0.7395002245903015,0.6931236982345581,0.596855878829956,3,1,0.0
data_173,0,0,0,0,0,0,0,0,0,1,0,0,0,0.9915550351142883,0.9915550351142883,0.0,0.8319405913352966,0.7642115354537964,0.5139647722244263,7,1,0.0
data_174,0,0,0,0,0,0,0,0,0,0,0,0,0,0.14829802513122559,0.35784101486206055,0.20954298973083496,0.7452744841575623,0.7079773545265198,0.3181200921535492,4,1,0.0
data_174,0,0,0,0,0,0,0,0,0,1,1,1,0,0.28379887342453003,0.1747378259897232,-0.10906104743480682,0.6367011666297913,0.6561366319656372,0.3949154913425445,2,0,0.6
data_174,0,0,0,0,0,0,0,0,0,0,0,0,0,0.005947025027126074,0.2779674828052521,0.272020457778126,0.8935651183128357,0.7176654934883118,0.2199736982583999,6,1,0.0
data_174,0,0,0,0,0,0,0,0,0,0,1,0,0,0.9925532937049866,0.9925532937049866,0.0,0.9159646034240724,0.7370522618293762,0.7153720259666443,3,1,0.0
data_174,0,0,1,0,0,1,1,0,0,1,1,0,0,0.03356514126062393,0.03356514126062393,0.0,0.5636430382728577,0.4944259524345398,0.8106390833854675,0,0,0.0
data_174,0,0,0,0,0,0,1,0,0,0,1,0,0,0.0641336441040039,0.0641336441040039,0.0,0.5876701474189758,0.4888869822025299,0.90493506193161,0,0,0.0
data_174,0,0,0,0,0,0,0,0,0,1,0,0,0,0.1339099407196045,0.1339099407196045,0.0,0.6346772313117981,0.6101205945014954,0.6073998808860779,0,0,0.0
data_174,0,0,0,0,1,0,1,0,1,0,1,1,0,0.0076232776045799255,0.12667971849441528,0.11905644088983536,0.7586991786956787,0.6698266267776489,0.7133852243423462,2,1,0.0
data_174,0,0,0,0,0,0,0,0,0,1,0,0,0,0.9505227208137512,0.9505227208137512,0.0,0.6381117105484009,0.6979451179504395,0.2041693180799484,1,0,0.2
data_174,0,1,1,0,0,1,1,0,0,1,1,0,0,0.9842708706855774,0.9842708706855774,0.0,0.8239286541938782,0.7461132407188416,0.4092577695846557,2,1,0.0
data_174,0,0,0,0,0,0,0,0,0,1,1,1,0,0.12700887024402618,0.12700887024402618,0.0,0.6688302755355835,0.5857932567596436,0.6142390370368958,1,1,0.0
data_174,0,0,0,0,0,0,0,0,0,0,0,0,0,0.966143012046814,0.9292532801628113,-0.036889731884002686,0.6687588691711426,0.737412691116333,0.1994906216859817,5,1,0.4
data_174,0,1,1,0,0,1,1,0,0,1,1,1,0,0.5462448000907898,0.13537059724330902,-0.4108742028474808,0.6571305990219116,0.7192560434341431,0.2947291433811188,3,1,0.2
data_174,0,0,0,1,0,1,1,1,0,1,1,0,0,0.9326872825622559,0.9326872825622559,0.0,0.6935508847236633,0.553784966468811,0.3311347067356109,1,1,0.0
data_175,0,0,1,1,0,0,1,1,0,1,1,1,0,0.0263785682618618,0.0263785682618618,0.0,0.78642338514328,0.7375702261924744,0.6132235527038574,3,1,0.0
data_175,0,0,0,0,0,0,0,0,0,0,0,0,0,0.001078420551493764,0.001078420551493764,0.0,0.7441324591636658,0.5933627486228943,0.4685951173305511,1,1,0.0
data_175,0,0,0,0,0,1,1,1,0,1,1,1,0,0.006492384243756533,0.0850965678691864,0.07860418362542987,0.6660634875297546,0.6203906536102295,0.7044907212257385,1,1,0.0
data_175,0,0,0,0,0,0,0,0,0,0,0,0,0,0.9932246804237366,0.9932246804237366,0.0,0.8175370693206787,0.5332188010215759,1.0,1,1,0.0
data_175,1,1,1,1,1,1,1,1,1,1,1,1,1,0.1744789481163025,0.8119400143623352,0.6374610662460327,0.5727838277816772,0.6800497174263,0.0926983878016471,1,0,0.75
data_175,0,1,1,1,1,1,1,1,1,1,1,1,1,0.10120591521263123,0.14695610105991364,0.04575018584728241,0.837856113910675,0.7152777314186096,0.5148812532424927,2,1,0.0
data_175,0,0,0,0,0,1,1,1,0,1,1,1,0,0.23367942869663239,0.23367942869663239,0.0,0.6159942746162415,0.6168704032897949,0.3994549512863159,0,0,0.25
data_175,0,0,0,0,0,0,0,0,0,0,0,0,0,0.9936488270759583,0.9936488270759583,0.0,0.8868932723999023,0.7488953471183777,0.4266684353351593,3,1,0.0
data_175,0,0,0,0,0,0,0,0,0,1,0,0,0,0.948627233505249,0.948627233505249,0.0,0.6407929062843323,0.5957635641098022,0.3195629715919494,0,0,0.0
data_175,0,0,0,0,0,0,0,0,0,0,1,0,0,0.9860252737998962,0.9860252737998962,0.0,0.7761275768280029,0.7231605648994446,0.597568929195404,2,1,0.0
data_175,0,0,0,0,0,0,0,0,0,1,1,1,0,0.03904784470796585,0.21777762472629547,0.17872978001832962,0.4875819087028503,0.7221844792366028,0.0,3,0,1.0
data_175,0,0,0,1,0,1,1,1,0,1,1,1,0,0.9811016917228699,0.8322800397872925,-0.1488216519355774,0.5283136367797852,0.7054117321968079,0.0,1,0,1.0
data_176,0,0,0,0,0,0,0,0,0,0,0,0,0,0.11286525428295135,0.26850035786628723,0.15563510358333588,0.6552131175994873,0.7397933006286621,0.2067988365888595,2,1,0.125
data_176,0,0,0,0,0,0,0,0,0,1,0,0,0,0.7750362753868103,0.8784729242324829,0.10343664884567261,0.7504313588142395,0.7825027108192444,0.2983971238136291,8,1,0.375
data_176,0,0,0,0,0,0,0,0,0,1,0,0,0,0.2730940282344818,0.2730940282344818,0.0,0.6825072765350342,0.4787232577800751,0.2350912243127823,1,1,0.0
data_176,0,0,0,0,0,0,1,0,0,1,1,0,0,0.9924067854881287,0.9924087524414062,1.9669532775878906e-06,0.7544267177581787,0.796282947063446,0.1984657943248748,9,1,0.5
data_176,0,0,0,0,0,0,0,0,0,0,0,0,0,0.06952712684869766,0.565258800983429,0.4957316741347313,0.7785716652870178,0.6320372223854065,0.430508404970169,1,1,0.0
data_176,0,0,0,0,0,0,0,0,0,0,0,0,0,0.9801886081695557,0.9801886081695557,0.0,0.8023749589920044,0.5776537656784058,0.4322686195373535,1,1,0.0
data_176,0,0,0,0,0,0,0,0,0,0,0,0,0,0.5308705568313599,0.661796510219574,0.1309259533882141,0.7894808053970337,0.6323907375335693,0.2446441501379013,1,1,0.0
data_176,0,0,0,0,0,0,0,0,0,0,0,0,0,0.12090152502059937,0.12090152502059937,0.0,0.8613743185997009,0.8061435222625732,0.2101330757141113,9,1,0.0
data_176,0,0,0,0,0,0,0,0,0,0,0,0,0,0.9674620628356934,0.8918777704238892,-0.0755842924118042,0.8032514452934265,0.8492579460144043,0.1028472110629081,8,1,0.375
data_176,0,0,0,0,0,0,0,0,0,0,0,0,0,0.822556734085083,0.9502681493759155,0.12771141529083252,0.7706630229949951,0.8076372742652893,0.1975442618131637,9,1,0.5
data_176,0,0,0,0,0,0,0,0,0,0,0,0,0,0.9944138526916504,0.9944138526916504,0.0,0.7062454223632812,0.6779261231422424,0.4086242318153381,2,1,0.0
data_176,1,1,1,1,1,1,1,1,1,1,1,1,1,0.6874927878379822,0.4283117353916168,-0.25918105244636536,0.7589966058731079,0.7492967844009399,0.1032577529549598,9,1,0.0
data_176,1,1,1,1,1,1,1,1,1,1,1,1,1,0.9967944025993347,0.9981729984283447,0.0013785958290100098,0.6165159940719604,0.678409218788147,0.1991722881793975,1,0,0.25
data_176,0,0,0,0,0,0,0,0,0,0,0,0,0,0.7642506957054138,0.7642506957054138,0.0,0.7305192947387695,0.7037181854248047,0.4016006886959076,5,1,0.0
data_176,0,0,0,0,0,0,0,0,0,0,0,0,0,0.998450517654419,0.998450517654419,0.0,0.7011032700538635,0.6419771909713745,0.2118219286203384,1,1,0.0
data_176,0,0,0,0,0,0,0,0,0,0,0,0,0,0.21533037722110748,0.10685685276985168,-0.1084735244512558,0.8030557036399841,0.8018487095832825,0.2978484332561493,9,1,0.0
data_176,0,0,0,1,0,0,0,0,0,0,0,0,0,0.009465349838137627,0.19251327216625214,0.1830479223281145,0.6490066051483154,0.7369494438171387,0.1967175602912902,3,0,0.375
data_176,0,0,1,0,0,0,1,0,0,1,1,1,0,0.19874048233032227,0.03871029242873192,-0.16003018990159035,0.7147945165634155,0.7142510414123535,0.3087647557258606,3,1,0.0
data_176,0,0,0,0,0,0,0,0,0,0,0,0,0,0.97340989112854,0.97340989112854,0.0,0.884962260723114,0.7373269200325012,0.3346811830997467,2,1,0.0
data_176,0,0,0,0,0,0,0,0,0,0,0,0,0,0.9760940670967102,0.9915218353271484,0.015427768230438232,0.7113506197929382,0.8184565305709839,0.094459131360054,7,1,0.75
data_176,0,0,0,0,0,1,0,0,0,0,0,0,0,0.6761885285377502,0.2585826516151428,-0.4176058769226074,0.4724508225917816,0.6360019445419312,0.0,0,0,0.75
data_176,0,0,0,0,0,0,0,0,0,0,0,0,0,0.06317207217216492,0.6427218914031982,0.5795498192310333,0.6619987487792969,0.6766685843467712,0.4994110763072967,3,1,0.125
data_176,0,0,0,0,0,0,0,0,0,0,0,0,0,0.9331897497177124,0.9331897497177124,0.0,0.8614153861999512,0.7519665360450745,0.2169368267059326,9,1,0.0
data_176,0,0,0,0,0,0,0,0,0,1,0,0,0,0.9842900633811951,0.856275737285614,-0.12801432609558105,0.7669625282287598,0.807574450969696,0.1971634775400161,9,1,0.375
data_177,0,0,0,0,0,0,0,0,0,0,0,0,0,0.12671656906604767,0.9310855865478516,0.8043690174818039,0.6220532059669495,0.8586007952690125,0.0929155126214027,3,0,0.1666666666666666
data_177,0,0,0,0,0,0,0,0,0,0,0,0,0,0.85002201795578,0.9764207005500793,0.12639868259429932,0.5238964557647705,0.6811416745185852,0.0,2,0,0.1666666666666666
data_177,1,1,1,1,1,1,1,1,1,1,1,1,1,0.10648323595523834,0.7115365862846375,0.6050533503293991,0.6609700322151184,0.7702566981315613,0.2934048473834991,2,1,0.0555555555555555
data_177,0,0,0,0,0,0,0,0,0,0,0,0,0,0.16690100729465485,0.047885969281196594,-0.11901503801345825,0.8110589385032654,0.620821475982666,0.3432706594467163,1,1,0.0
data_177,0,0,1,0,0,1,1,0,0,1,1,1,0,0.0017337294993922114,0.0019286777824163437,0.00019494828302413225,0.677664577960968,0.5993982553482056,0.899459958076477,1,1,0.0
data_177,0,0,0,0,0,0,0,0,0,0,0,0,0,0.6848105788230896,0.9351472854614258,0.2503367066383362,0.6820830702781677,0.6864226460456848,0.2108484953641891,2,1,0.0555555555555555
data_177,1,1,1,1,1,1,1,1,1,1,1,1,1,0.4682857096195221,0.42019736766815186,-0.04808834195137024,0.508516252040863,0.7030982971191406,0.0,3,0,0.6666666666666666
data_177,1,1,1,1,1,1,1,1,1,1,1,1,1,0.03423771634697914,0.9892296195030212,0.9549919031560421,0.4272351861000061,0.826085090637207,0.0,2,0,0.5555555555555556
data_177,0,0,0,0,0,1,0,0,0,0,1,0,0,0.21430179476737976,0.4135778546333313,0.19927605986595154,0.6380398869514465,0.6123753190040588,0.3159101903438568,0,0,0.0
data_177,0,0,0,0,0,0,0,0,0,1,0,0,0,0.08388733118772507,0.05291515961289406,-0.03097217157483101,0.6901117563247681,0.6350757479667664,0.3156424462795257,1,1,0.0
data_177,0,0,0,0,0,0,0,0,0,1,0,0,0,0.0009352436172775924,0.051960527896881104,0.05102528427960351,0.6900581121444702,0.6168617606163025,0.1408548504114151,1,1,0.0
data_178,0,0,0,0,0,1,1,0,0,1,1,0,0,0.9747954607009888,0.9747954607009888,0.0,0.7374917268753052,0.6684837937355042,0.3164901733398437,2,1,0.0
data_178,0,0,0,0,0,0,0,0,0,0,0,0,0,0.9858503937721252,0.9858503937721252,0.0,0.8079805970191956,0.6595249772071838,0.2234598100185394,2,1,0.0
data_178,0,0,0,0,0,0,0,0,0,0,0,0,0,0.9128372073173523,0.9128372073173523,0.0,0.968280792236328,0.7087080478668213,0.3362086713314056,2,1,0.0
data_178,0,0,0,0,0,0,0,0,0,0,0,0,0,0.9967077970504761,0.9967077970504761,0.0,0.8575692772865295,0.668148934841156,0.2286144196987152,2,1,0.0
data_178,0,0,0,0,0,0,0,0,0,0,0,0,0,0.03625199571251869,0.033489614725112915,-0.002762380987405777,0.853691577911377,0.641838788986206,0.1377749443054199,1,1,0.0
data_178,0,0,0,0,0,0,0,0,0,0,0,0,0,0.033294372260570526,0.9126176238059998,0.8793232515454292,0.7605522274971008,0.6711335182189941,0.230119839310646,3,1,0.0
data_178,0,0,0,0,0,0,0,0,0,0,0,0,0,0.4410848319530487,0.4410848319530487,0.0,0.7979296445846558,0.6360055208206177,0.1366842687129974,1,1,0.0
data_178,1,1,1,1,1,1,1,1,1,1,1,1,1,0.0023580165579915047,0.9646727442741394,0.9623147277161479,0.3652219474315643,0.7100933790206909,0.0,1,0,0.8333333333333334
data_178,1,1,0,0,0,1,0,0,0,1,1,1,0,0.7188946008682251,0.9472547769546509,0.22836017608642578,0.5452456474304199,0.7053415775299072,0.0,4,0,0.5
data_178,0,0,0,0,0,0,0,0,0,0,0,0,0,0.9844114184379578,0.989626407623291,0.005214989185333252,0.7401092648506165,0.7042126059532166,0.323064923286438,2,1,0.0
data_178,1,1,0,0,0,1,0,0,0,1,1,0,0,0.5771089196205139,0.9434018731117249,0.36629295349121094,0.6808298230171204,0.6928257942199707,0.310617595911026,3,1,0.0555555555555555
data_178,0,0,0,0,0,0,0,0,0,0,0,0,0,0.9799478054046631,0.9799478054046631,0.0,0.8775742053985596,0.642912745475769,0.4396023452281952,1,1,0.0
data_178,0,0,0,0,0,0,0,0,0,0,0,0,0,0.9384933114051819,0.998581051826477,0.060087740421295166,0.8150988817214966,0.9419615864753724,0.2866982221603393,10,1,0.1666666666666666
data_178,0,0,0,0,0,0,0,0,0,0,0,0,0,0.021049754694104195,0.021049754694104195,0.0,0.7557327151298523,0.7583511471748352,0.4154008030891418,3,1,0.0555555555555555
data_178,0,0,0,0,0,0,0,0,0,1,0,0,0,0.17528897523880005,0.17528897523880005,0.0,0.776854932308197,0.8082945346832275,0.5988006591796875,4,1,0.0555555555555555
data_178,0,0,0,0,0,1,0,0,0,1,0,0,0,0.9801761507987976,0.9801761507987976,0.0,0.6874057650566101,0.669198215007782,0.7974664568901062,2,1,0.0
data_178,0,0,0,0,0,0,0,0,0,1,0,0,0,0.8815950751304626,0.9850744009017944,0.10347932577133179,0.8466866612434387,0.6783967018127441,0.2156572341918945,4,1,0.0
data_178,0,0,0,0,0,0,0,0,0,1,0,0,0,0.27193960547447205,0.18169976770877838,-0.09023983776569366,0.6269590854644775,0.6617836952209473,0.1972827464342117,1,0,0.0555555555555555
data_178,0,0,0,0,0,0,0,0,0,0,0,0,0,0.9937570095062256,0.9937570095062256,0.0,0.8811761736869812,0.8765042424201965,0.1104891002178192,8,1,0.0
data_178,0,0,0,0,0,0,0,0,0,0,0,0,0,0.9302312731742859,0.6363034844398499,-0.29392778873443604,0.4692726135253906,0.6585057377815247,0.0,1,0,0.6111111111111112
data_179,0,0,0,0,0,0,0,0,0,0,0,0,0,0.9906963109970093,0.9906963109970093,0.0,0.9786933064460754,0.5723116993904114,0.7347303628921509,1,1,0.0
data_179,0,0,0,0,0,0,0,0,0,0,0,0,0,0.914505124092102,0.914505124092102,0.0,0.9327244162559508,0.6440526247024536,0.4533492624759674,1,1,0.0
data_179,0,0,0,0,0,0,0,0,1,0,1,0,0,0.24566663801670074,0.24566663801670074,0.0,0.6706859469413757,0.7099515795707703,0.1975282132625579,3,1,0.1666666666666666
data_179,0,0,0,0,0,0,0,0,0,0,0,0,0,0.06014516204595566,0.06014516204595566,0.0,0.8754176497459412,0.7146556973457336,0.710913360118866,3,1,0.0
data_179,0,0,0,0,0,0,0,0,0,0,0,0,0,0.797299861907959,0.8702658414840698,0.07296597957611084,0.7110567688941956,0.733489453792572,0.4936196804046631,4,1,0.1666666666666666
data_179,0,0,0,0,0,1,0,0,0,1,1,0,0,0.9461873173713684,0.9461873173713684,0.0,0.7316029667854309,0.6998602747917175,0.3212865591049194,3,1,0.0
data_179,0,0,0,0,0,0,0,0,0,0,0,0,0,0.9778985977172852,0.9778985977172852,0.0,0.8870463967323303,0.6862163543701172,0.8141317367553711,3,1,0.0
data_179,0,0,0,0,0,0,0,0,0,0,0,0,0,0.9959793090820312,0.9959793090820312,0.0,0.8050447106361389,0.6977466344833374,0.6302264928817749,2,1,0.0
data_179,0,0,0,0,0,0,0,0,0,0,0,0,0,0.02696419321000576,0.11827884614467621,0.09131465293467045,0.7915485501289368,0.6869080662727356,0.5231912136077881,2,1,0.0
data_179,0,0,0,0,0,0,0,0,0,1,1,0,0,0.039890747517347336,0.039890747517347336,0.0,0.8751350045204163,0.6396737098693848,0.6356484293937683,1,1,0.0
data_179,0,0,0,0,0,0,0,0,0,0,0,0,0,0.02536141686141491,0.017157258465886116,-0.008204158395528793,0.6129917502403259,0.6166616082191467,0.1052742823958396,0,0,0.1666666666666666
data_179,0,0,0,0,0,0,0,0,0,1,0,0,0,0.5423380732536316,0.5423380732536316,0.0,0.7522723078727722,0.6118637919425964,0.3249728679656982,1,1,0.0
data_179,0,0,0,0,0,0,0,0,0,0,1,0,0,0.2090849131345749,0.2090849131345749,0.0,0.8077734112739563,0.6450806856155396,0.3294111490249634,1,1,0.0
data_179,0,0,0,0,0,0,0,0,0,0,0,0,0,0.9951061010360718,0.9572173953056335,-0.03788870573043823,0.8476525545120239,0.7664663791656494,0.615725576877594,3,1,0.0
data_179,0,0,0,0,0,0,0,0,0,0,0,0,0,0.6714755296707153,0.6714755296707153,0.0,0.7187761068344116,0.6704424023628235,0.4124965667724609,2,1,0.0
data_179,0,0,0,0,0,0,0,0,0,0,0,0,0,0.8533236980438232,0.8533236980438232,0.0,0.8867265582084656,0.640493631362915,1.0,1,1,0.0
data_179,0,0,0,0,0,0,0,0,0,0,0,0,0,0.9916940331459045,0.9916940331459045,0.0,0.7632525563240051,0.7970004677772522,0.3071677684783935,4,1,0.1666666666666666
data_179,0,0,0,0,0,0,0,0,0,0,0,0,0,0.9709447026252747,0.9709447026252747,0.0,0.8687610030174255,0.7117890119552612,0.3376050293445587,3,1,0.0
data_180,0,0,0,0,0,0,0,0,0,0,0,0,0,0.9978476762771606,0.9978476762771606,0.0,0.9355063438415528,0.6227449774742126,0.3342596292495727,1,1,0.0
data_180,0,0,0,0,0,0,0,0,0,1,0,0,0,0.3954337537288666,0.6417046189308167,0.24627086520195007,0.6621701121330261,0.6970710158348083,0.2977097928524017,3,1,0.0833333333333333
data_180,0,0,0,0,0,0,1,0,0,0,1,0,0,0.01921975426375866,0.01921975426375866,0.0,0.780650794506073,0.7721401453018188,0.3343861699104309,2,1,0.0
data_180,0,0,0,0,0,0,0,0,0,0,0,0,0,0.818751871585846,0.818751871585846,0.0,0.6707964539527893,0.6510327458381653,0.1058932766318321,3,1,0.0
data_180,1,1,1,1,0,1,1,0,0,1,1,1,1,0.24577127397060394,0.16646479070186615,-0.07930648326873779,0.6754928827285767,0.6772856116294861,0.3020349442958832,4,1,0.0833333333333333
data_180,0,0,0,0,0,0,0,0,0,1,1,1,1,0.13734005391597748,0.02567128837108612,-0.11166876554489136,0.6491795778274536,0.7169655561447144,0.0980873480439186,3,0,0.25
data_180,0,0,0,0,0,0,0,0,0,1,1,0,0,0.2453324794769287,0.2453324794769287,0.0,0.7613892555236816,0.8838729858398438,0.2967120707035064,3,1,0.0833333333333333
data_180,0,0,0,0,0,0,1,0,0,1,1,0,0,0.174869567155838,0.3077276647090912,0.13285809755325317,0.724571704864502,0.7300707697868347,0.3954301476478576,5,1,0.0833333333333333
data_180,0,0,0,0,0,0,0,0,0,1,1,0,0,0.15929333865642548,0.01817900314927101,-0.14111433550715446,0.7086483240127563,0.7960439324378967,0.3928923904895782,3,1,0.0833333333333333
data_181,0,0,0,0,0,0,0,0,0,0,0,0,0,0.9755784869194031,0.9755784869194031,0.0,0.9655476212501526,0.7543995976448059,0.3253204524517059,6,1,0.0
data_181,0,0,0,0,0,0,0,0,0,0,0,0,0,0.9893219470977783,0.9557036757469177,-0.033618271350860596,0.7245067954063416,0.7604928016662598,0.1039742082357406,7,1,0.1666666666666666
data_181,0,0,0,0,0,0,0,0,0,0,0,0,0,0.9320195913314819,0.9320195913314819,0.0,0.8721316456794739,0.7637243270874023,0.7178033590316772,6,1,0.0
data_181,0,0,0,0,0,0,0,0,0,1,0,0,0,0.9332247376441956,0.9332247376441956,0.0,0.7883906960487366,0.7499565482139587,0.5054532885551453,5,1,0.0
data_181,0,0,0,0,0,0,0,0,0,0,0,0,0,0.9870741367340088,0.9784960150718689,-0.008578121662139893,0.777767539024353,0.7940548658370972,0.2987897992134094,6,1,0.3333333333333333
data_181,0,0,0,0,0,0,0,0,0,0,0,0,0,0.9451550245285034,0.9973825812339783,0.052227556705474854,0.8816215395927429,0.8589183688163757,0.2216660976409912,6,1,0.0
data_181,0,0,0,0,0,1,0,0,0,1,0,1,0,0.7326115965843201,0.4355984032154083,-0.29701319336891174,0.7386208772659302,0.6463996171951294,0.2140316069126129,1,1,0.0
data_181,0,0,0,0,0,0,0,0,0,0,0,0,0,0.9699923396110535,0.9699923396110535,0.0,0.7924468517303467,0.7786740660667419,0.4048064947128296,5,1,0.0
data_181,0,0,0,0,0,0,0,0,0,0,0,0,0,0.10676604509353638,0.0029305070638656616,-0.10383553802967072,0.692114531993866,0.838709831237793,0.0,6,1,0.6666666666666666
data_181,0,0,0,0,0,0,0,0,0,1,0,0,0,0.9957041144371033,0.9969893097877502,0.0012851953506469727,0.7497487664222717,0.7735097408294678,0.2002833187580108,7,1,0.1666666666666666
data_181,0,0,0,0,0,0,0,0,0,1,0,0,0,0.7508895993232727,0.20284339785575867,-0.548046201467514,0.7719017267227173,0.7177878618240356,0.2078137546777725,3,1,0.0
data_181,0,0,0,0,0,0,0,0,0,0,0,0,0,0.9918898940086365,0.9918898940086365,0.0,0.6182409524917603,0.607772946357727,0.4019436538219452,0,0,0.0
data_181,0,0,0,0,0,0,0,0,0,0,0,0,0,0.9883032441139221,0.9648280739784241,-0.023475170135498047,0.7385175824165344,0.8582863211631775,0.1944147497415542,6,1,0.5
data_181,0,0,0,0,0,0,0,0,0,0,0,0,0,0.16705872118473053,0.2632729709148407,0.09621424973011017,0.7395241856575012,0.8134306073188782,0.1036927700042724,5,1,0.1666666666666666
data_181,0,0,0,0,0,0,0,0,0,0,0,0,0,0.9744790196418762,0.9744790196418762,0.0,0.7962239384651184,0.8192743062973022,0.4985046982765198,6,1,0.1666666666666666
data_181,0,0,0,0,0,1,0,0,0,1,0,0,0,0.9936417937278748,0.9936417937278748,0.0,0.7661011815071106,0.726234495639801,0.7012946009635925,4,1,0.0
data_181,0,0,0,0,0,0,0,0,0,0,0,0,0,0.4105137586593628,0.4105137586593628,0.0,0.7929835319519043,0.6869491338729858,0.6101832389831543,2,1,0.0
data_181,0,0,0,0,0,0,0,0,0,0,0,0,0,0.2962645888328552,0.043081846088171005,-0.2531827427446842,0.8051424622535706,0.7526360154151917,0.6097731590270996,6,1,0.0
data_181,0,0,0,0,0,0,0,0,0,0,0,0,0,0.45948201417922974,0.12856130301952362,-0.3309207111597061,0.8161811232566833,0.772604763507843,0.310823380947113,6,1,0.0
data_181,0,0,0,0,0,1,0,0,0,1,0,0,0,0.5777085423469543,0.9100715517997742,0.3323630094528198,0.6836920976638794,0.8439096212387085,0.0,7,1,0.8333333333333334
data_181,0,0,0,0,0,1,1,1,0,1,1,1,0,0.005103019997477531,0.031857166439294815,0.026754146441817284,0.6446749567985535,0.7882409691810608,0.0,4,0,0.6666666666666666
data_181,0,0,0,0,0,0,1,0,0,1,1,0,0,0.9642084836959839,0.9838802218437195,0.019671738147735596,0.6996967792510986,0.8650622367858887,0.0,7,1,0.8333333333333334
data_181,0,0,0,0,0,0,0,0,0,0,0,0,0,0.998863697052002,0.998863697052002,0.0,0.7921773791313171,0.7837995886802673,0.4148098528385162,4,1,0.0
data_181,0,0,0,0,0,0,0,0,0,0,0,0,0,0.9931764006614685,0.9936707019805908,0.0004943013191223145,0.6430976986885071,0.7398848533630371,0.39898681640625,1,0,0.1666666666666666
data_181,0,0,0,0,0,0,0,0,0,1,0,0,0,0.06810278445482254,0.06810278445482254,0.0,0.7039031386375427,0.5820521116256714,0.8162655830383301,1,1,0.0
data_181,0,0,0,0,0,0,0,0,0,0,1,0,0,0.9885932207107544,0.9964178800582886,0.00782465934753418,0.7454249858856201,0.8545415997505188,0.0,7,1,0.6666666666666666
data_182,0,0,0,0,0,0,0,0,0,0,0,0,0,0.041071802377700806,0.023371731862425804,-0.017700070515275,0.7358295917510986,0.7891398668289185,0.0984581485390663,11,1,0.25
data_182,0,0,0,0,0,0,0,0,0,0,0,0,0,0.9934725761413574,0.9934725761413574,0.0,0.8414222002029419,0.5978325605392456,0.4377734661102295,1,1,0.0
data_182,0,0,0,0,0,0,0,0,0,0,0,0,0,0.8942050337791443,0.9346756935119629,0.040470659732818604,0.7430666089057922,0.7885335683822632,0.2190979570150375,3,1,0.0625
data_182,0,0,0,0,0,0,0,0,0,0,0,0,0,0.8282151818275452,0.8907356262207031,0.06252044439315796,0.695097804069519,0.615544319152832,0.6141243577003479,1,1,0.0
data_182,1,1,0,0,1,0,0,0,0,1,1,1,1,0.0028001097962260246,0.3340364396572113,0.3312363298609853,0.6088561415672302,0.6703914999961853,0.1001902967691421,1,0,0.125
data_182,0,0,0,0,0,0,0,0,0,0,0,0,0,0.9971634745597839,0.9971634745597839,0.0,0.8403763771057129,0.7706047892570496,0.4157306849956512,9,1,0.0
data_182,0,0,0,0,0,0,0,0,0,0,0,0,0,0.7529475092887878,0.03492048755288124,-0.7180270217359066,0.6604249477386475,0.6748058199882507,0.3000491559505462,4,1,0.125
data_182,0,1,1,0,1,1,1,1,0,1,1,1,1,0.33312541246414185,0.3156221807003021,-0.01750323176383972,0.7669994235038757,0.5968806743621826,0.2603824138641357,1,1,0.0
data_182,0,0,0,0,0,0,0,0,0,0,0,0,0,0.9679054617881775,0.9679054617881775,0.0,0.6564694046974182,0.7048206329345703,0.1006997600197792,3,1,0.125
data_182,0,0,0,0,0,0,0,0,0,1,0,0,0,0.9623391032218933,0.6430177688598633,-0.31932133436203003,0.5907829403877258,0.8148043751716614,0.0,8,0,0.75
data_182,0,0,0,0,0,0,0,0,0,0,0,0,0,0.465455025434494,0.0034283832646906376,-0.4620266421698034,0.8801254630088806,0.7385864853858948,0.3277349472045898,3,1,0.0
data_182,0,0,0,0,0,0,0,0,0,0,0,0,0,0.9410250782966614,0.9410250782966614,0.0,0.8429702520370483,0.7320618629455566,0.3147420585155487,6,1,0.0
data_182,0,0,0,0,0,0,0,0,0,0,0,0,0,0.07199176400899887,0.6653335690498352,0.5933418050408363,0.6366568803787231,0.6598701477050781,0.1994587779045105,1,0,0.0625
data_182,0,0,0,0,0,0,0,0,0,0,0,0,0,0.004860354587435722,0.014533225446939468,0.009672870859503746,0.7243428826332092,0.7025099992752075,0.2097303718328476,6,1,0.0
data_182,0,0,0,0,0,0,0,0,0,1,0,0,0,0.948591411113739,0.948591411113739,0.0,0.8003086447715759,0.6238433122634888,0.330028772354126,1,1,0.0
data_182,0,0,0,0,0,0,0,0,0,1,1,1,0,0.9717838168144226,0.9717838168144226,0.0,0.8344911336898804,0.7163090705871582,0.2192210704088211,8,1,0.0
data_182,0,0,0,0,0,0,0,0,0,0,0,0,0,0.6600366830825806,0.6600366830825806,0.0,0.845238447189331,0.6479822397232056,0.5253537893295288,1,1,0.0
data_182,0,0,0,0,0,0,0,0,0,1,0,0,0,0.986357569694519,0.986357569694519,0.0,0.5405747890472412,0.8408766984939575,0.0941128209233284,1,0,0.1875
data_183,0,0,0,0,0,1,1,0,0,1,1,0,0,0.1903282254934311,0.6643735766410828,0.4740453511476517,0.7341351509094238,0.8541657328605652,0.0938990786671638,7,1,0.1481481481481481
data_183,0,0,0,0,0,0,0,0,0,0,0,0,0,0.16527040302753448,0.5956514477729797,0.43038104474544525,0.6674116849899292,0.7425609827041626,0.0,6,1,0.1851851851851851
data_183,0,0,0,0,0,1,0,0,0,1,1,0,0,0.02232983335852623,0.09133663773536682,0.06900680437684059,0.7566529512405396,0.7545727491378784,0.109286680817604,8,1,0.0
data_183,1,1,1,0,0,1,1,0,0,1,1,0,0,0.15171949565410614,0.05849083140492439,-0.09322866424918175,0.585776686668396,0.6162716150283813,0.1010851487517356,0,0,0.074074074074074
data_183,0,0,0,0,0,0,0,0,0,0,0,0,0,0.2008667290210724,0.2008667290210724,0.0,0.7010608911514282,0.6691316962242126,0.7094879150390625,2,1,0.0
data_183,0,0,0,0,0,0,1,0,0,0,1,0,0,0.004346800968050957,0.9082949757575989,0.9039481747895479,0.732666015625,0.6545448303222656,0.5136045813560486,2,1,0.0
data_183,1,1,1,0,0,1,1,1,0,1,1,1,0,0.013358823955059052,0.013358823955059052,0.0,0.6620854139328003,0.6076815724372864,0.5117893218994141,1,1,0.0
data_183,0,0,0,0,0,0,0,0,0,0,0,0,0,0.9147391319274902,0.9147391319274902,0.0,0.8079615831375122,0.6955939531326294,0.3179660439491272,3,1,0.0
data_183,0,0,0,0,0,0,0,0,0,1,0,0,0,0.21661245822906494,0.21661245822906494,0.0,0.8075200915336609,0.7409507036209106,0.3093586266040802,5,1,0.0
data_183,1,0,0,0,0,0,0,0,0,0,0,0,0,0.43752461671829224,0.43752461671829224,0.0,0.7938194870948792,0.632428765296936,0.5215536952018738,1,1,0.0
data_183,1,1,1,1,1,1,1,1,1,1,1,1,1,0.0688331127166748,0.29346731305122375,0.22463420033454895,0.5648072361946106,0.7710174322128296,0.0,15,0,0.7037037037037037
data_183,0,0,0,0,0,1,0,0,0,1,0,0,0,0.020230164751410484,0.8059757947921753,0.7857456300407648,0.763427734375,0.7762579321861267,0.3061184883117676,7,1,0.037037037037037
data_183,0,0,0,0,0,0,0,0,0,0,0,0,0,0.0014543515862897038,0.0007510679424740374,-0.0007032836438156664,0.6590781807899475,0.7002167105674744,0.6855230927467346,3,1,0.037037037037037
data_184,0,0,0,0,0,1,1,0,0,1,1,1,0,0.9142028093338013,0.9142028093338013,0.0,0.7894282341003418,0.7654929161071777,0.1087110042572021,8,1,0.0
data_184,0,0,0,0,0,0,0,0,0,0,0,0,0,0.11714894324541092,0.11714894324541092,0.0,0.7954283356666565,0.7425379157066345,0.5096679329872131,9,1,0.0
data_184,0,0,0,1,0,1,0,0,0,1,0,0,0,0.9939650893211365,0.9955085515975952,0.0015434622764587402,0.70210862159729,0.736862063407898,0.1992451399564743,5,1,0.1666666666666666
data_184,0,0,0,0,0,1,1,0,0,1,1,1,0,0.07437759637832642,0.444936603307724,0.3705590069293976,0.7062975764274597,0.765671968460083,0.0980710908770561,10,1,0.4166666666666667
data_184,0,0,0,0,0,0,0,0,0,0,0,0,0,0.9442381262779236,0.9442381262779236,0.0,0.6681442260742188,0.7796533703804016,0.1886612027883529,5,1,0.25
data_184,1,1,0,0,0,1,1,0,0,1,1,1,0,0.006647265516221523,0.008414456620812416,0.0017671911045908928,0.7865577936172485,0.7599327564239502,0.2187289446592331,7,1,0.0
data_184,0,0,0,0,0,0,0,0,0,1,0,0,0,0.00848927441984415,0.00848927441984415,0.0,0.620232105255127,0.609746515750885,0.5038266777992249,0,0,0.0
data_184,0,0,0,0,0,0,0,0,0,1,0,1,0,0.8938161730766296,0.8938161730766296,0.0,0.8343632817268372,0.8268150091171265,0.2066651880741119,12,1,0.0
data_184,0,0,0,0,0,0,0,0,0,0,0,0,0,0.8079778552055359,0.7767662405967712,-0.03121161460876465,0.9943752884864808,0.6911129951477051,0.4341337382793426,6,1,0.0
data_184,0,0,0,0,0,0,0,0,0,0,0,0,0,0.9735829830169678,0.9735829830169678,0.0,0.8897417187690735,0.7020792961120605,0.3301635086536407,9,1,0.0
data_184,1,0,0,0,0,0,0,0,0,1,1,1,0,0.1874701827764511,0.1874701827764511,0.0,0.8111070394515991,0.7698709964752197,0.1079383194446563,10,1,0.0
data_184,0,0,0,0,0,0,0,0,0,0,0,0,0,0.03330131620168686,0.03330131620168686,0.0,0.7815051674842834,0.7299078106880188,0.2170141786336898,6,1,0.0
data_184,1,1,0,0,0,1,1,0,0,1,1,1,0,0.7393580079078674,0.8503637313842773,0.11100572347640991,0.7286340594291687,0.7816024422645569,0.0996541529893875,11,1,0.25
data_184,0,0,0,0,0,0,0,0,0,1,0,0,0,0.9591617584228516,0.9948515295982361,0.03568977117538452,0.7227839231491089,0.7714658975601196,0.3984270095825195,7,1,0.1666666666666666
data_184,0,0,0,0,0,0,0,0,0,1,0,0,0,0.9967144727706909,0.9967144727706909,0.0,0.8792452216148376,0.7118842005729675,0.2206410765647888,8,1,0.0
data_184,0,0,0,0,0,0,0,0,0,0,0,0,0,0.9924815893173218,0.9924815893173218,0.0,0.8652942180633545,0.6882473826408386,0.7180363535881042,6,1,0.0
data_184,0,0,0,0,0,1,0,0,0,1,0,0,0,0.2464221566915512,0.8946475982666016,0.6482254415750504,0.6903833746910095,0.7176818251609802,0.1980322301387787,9,1,0.1666666666666666
data_184,0,0,0,0,0,0,0,0,0,1,0,1,0,0.05216820538043976,0.49732598662376404,0.4451577812433243,0.8123531937599182,0.783662736415863,0.3031266927719116,12,1,0.0
data_185,0,0,0,0,0,0,0,0,0,1,0,0,0,0.9958953857421875,0.04768584668636322,-0.9482095390558243,0.7633930444717407,0.7102319598197937,0.4083995521068573,3,1,0.0
data_185,0,0,0,0,0,0,0,0,0,0,1,0,0,0.014739813283085823,0.014739813283085823,0.0,0.7274726033210754,0.6559299230575562,0.5134323835372925,2,1,0.0
data_185,1,1,1,0,1,1,1,1,1,1,1,1,1,0.010534186847507954,0.3055860102176666,0.2950518233701587,0.678583562374115,0.791382372379303,0.1024032831192016,4,1,0.1111111111111111
data_185,1,1,1,1,1,1,1,1,1,1,1,1,1,0.0385747067630291,0.11751095950603485,0.07893625274300575,0.6730580925941467,0.7128583788871765,0.1969139575958252,4,1,0.2222222222222222
data_185,0,0,0,0,0,1,0,0,0,1,0,1,0,0.012256670743227005,0.012256670743227005,0.0,0.6806572675704956,0.722833514213562,0.1003452986478805,3,1,0.2222222222222222
data_185,0,0,0,0,0,0,0,0,0,1,0,0,0,0.9130455851554871,0.17709170281887054,-0.7359538823366165,0.5777058601379395,0.8102479577064514,0.0975986346602439,1,0,0.1111111111111111
data_185,0,0,0,0,0,1,0,0,0,1,1,1,0,0.23853257298469543,0.3558097183704376,0.11727714538574219,0.6249527335166931,0.7578203678131104,0.0,6,0,0.7777777777777778
data_185,0,0,0,0,0,0,0,0,0,0,0,0,0,0.027866311371326447,0.12212774902582169,0.09426143765449524,0.6773433089256287,0.745358943939209,0.1939429640769958,5,1,0.3333333333333333
data_185,0,0,0,0,0,0,0,0,0,1,0,0,0,0.031334858387708664,0.009216907434165478,-0.022117950953543186,0.5126035809516907,0.7396771907806396,0.0,2,0,0.6666666666666666
data_185,0,0,0,0,0,0,0,0,0,0,0,0,0,0.9589477181434631,0.9589477181434631,0.0,0.8375371098518372,0.6366695761680603,0.5281159281730652,1,1,0.0
data_185,0,0,0,0,0,0,0,0,0,1,0,0,0,0.00916261039674282,0.008289119228720665,-0.0008734911680221558,0.6982027292251587,0.7256678938865662,0.1045924946665763,5,1,0.1111111111111111
data_185,1,1,1,0,0,1,1,1,0,1,1,1,0,0.0007320498116314411,0.033988405019044876,0.033256355207413435,0.4721951782703399,0.6358358263969421,0.0,0,0,0.7777777777777778
data_185,1,1,1,0,0,1,1,0,0,1,1,1,0,0.02378588356077671,0.9693268537521362,0.9455409701913595,0.5585633516311646,0.9000679850578308,0.0,4,0,0.7777777777777778
data_185,0,0,0,0,0,0,0,0,0,1,1,0,0,0.06552945822477341,0.06552945822477341,0.0,0.7262687683105469,0.8902438282966614,0.1010010689496994,6,1,0.1111111111111111
data_185,0,0,0,0,0,0,0,0,0,0,0,0,0,0.5364325046539307,0.4997331202030182,-0.036699384450912476,0.7607150077819824,0.6284421682357788,0.3217654824256897,1,1,0.0
data_185,0,0,0,0,0,0,0,0,0,0,0,0,0,0.13819171488285065,0.13819171488285065,0.0,0.7501535415649414,0.7368921637535095,0.3016722798347473,7,1,0.0
data_185,0,0,0,0,0,0,0,0,0,0,0,0,0,0.8479024767875671,0.965230405330658,0.11732792854309082,0.5998599529266357,0.817862868309021,0.0,3,0,0.8888888888888888
data_185,0,0,0,0,0,0,0,0,0,0,0,0,0,0.9448580145835876,0.9448580145835876,0.0,0.737890362739563,0.5706393718719482,0.4305820167064667,1,1,0.0
data_185,0,0,0,0,0,0,1,0,0,1,1,0,0,0.025488542392849922,0.6084734201431274,0.5829848777502775,0.6371390223503113,0.702259361743927,0.0,4,0,0.4444444444444444
data_185,0,0,0,0,0,0,0,0,0,1,0,0,0,0.8452658653259277,0.8452658653259277,0.0,0.7960013151168823,0.7628737092018127,0.4077043235301971,7,1,0.0
data_185,0,0,0,0,0,1,0,0,0,1,1,1,0,0.005041074473410845,0.6435675024986267,0.6385264280252159,0.7123150825500488,0.7702085375785828,0.0,7,1,0.5555555555555556
data_186,0,0,0,0,0,0,0,0,0,0,0,0,0,0.496378630399704,0.496378630399704,0.0,0.7660689353942871,0.6031049489974976,0.4392595589160919,1,1,0.0
data_186,0,0,0,0,0,0,0,0,0,0,0,0,0,0.137822225689888,0.137822225689888,0.0,0.8318175673484802,0.6708964705467224,0.4326808154582977,3,1,0.0
data_186,0,0,0,0,0,0,0,0,0,0,0,0,0,0.8262323141098022,0.6485432982444763,-0.17768901586532593,0.6890800595283508,0.6153400540351868,0.6006523370742798,1,1,0.0
data_186,0,0,0,0,0,0,0,0,0,1,0,0,0,0.0524858683347702,0.0524858683347702,0.0,0.7303147912025452,0.7195462584495544,0.4031508862972259,5,1,0.0
data_186,0,0,0,0,0,0,0,0,0,0,0,0,0,0.9975274205207825,0.9975274205207825,0.0,0.9324339032173156,0.5832378268241882,0.5392112731933594,1,1,0.0
data_186,0,0,0,0,0,0,0,0,0,0,0,0,0,0.2945582866668701,0.4674389660358429,0.17288067936897278,0.7831947207450867,0.7481921315193176,0.4974317550659179,5,1,0.0
data_186,0,0,0,0,0,0,0,0,0,1,0,0,0,0.018064120784401894,0.018064120784401894,0.0,0.7971442937850952,0.6580277681350708,0.8085589408874512,2,1,0.0
data_186,0,0,0,0,0,0,0,0,0,0,0,0,0,0.9928730726242065,0.9928730726242065,0.0,0.8156728148460388,0.6187886595726013,0.535500705242157,1,1,0.0
data_186,0,0,0,0,0,1,0,0,0,1,0,1,0,0.0015156340086832643,0.004177670460194349,0.002662036451511085,0.854304850101471,0.7789350748062134,0.2121236622333526,6,1,0.0
data_186,0,0,0,0,0,1,0,0,0,1,0,0,0,0.8032143115997314,0.8032143115997314,0.0,0.6319355964660645,0.6264832019805908,0.6024135947227478,0,0,0.0
data_186,0,0,0,0,0,0,0,0,0,0,0,0,0,0.4357917308807373,0.4357917308807373,0.0,0.7048409581184387,0.7261314988136292,0.1998718529939651,5,1,0.2857142857142857
data_186,0,0,0,0,0,0,0,0,0,0,0,0,0,0.9912338852882385,0.9912338852882385,0.0,0.899420440196991,0.7487866878509521,0.3336400985717773,2,1,0.0
data_186,0,0,0,0,0,0,0,0,0,0,0,0,0,0.9973483085632324,0.9973483085632324,0.0,0.9301046133041382,0.6912689208984375,0.4358401000499725,5,1,0.0
data_186,0,0,0,0,0,0,0,0,0,1,0,0,0,0.08207287639379501,0.4054788053035736,0.3234059289097786,0.6706165671348572,0.7168158292770386,0.0973483473062515,4,1,0.4285714285714285
data_186,0,0,0,0,0,0,0,0,0,1,0,0,0,0.08435791730880737,0.08435791730880737,0.0,0.713165819644928,0.6880943775177002,0.3076166808605194,6,1,0.0
data_186,0,0,0,0,0,0,0,0,0,0,0,0,0,0.8205946683883667,0.4484058618545532,-0.3721888065338135,0.6886389255523682,0.8025573492050171,0.0,8,1,0.7142857142857143
data_186,0,0,0,0,0,0,0,0,0,0,0,0,0,0.8505077362060547,0.8505077362060547,0.0,0.7357777953147888,0.7561182379722595,0.2999137043952942,4,1,0.1428571428571428
data_186,0,0,0,0,0,0,0,0,0,1,0,0,0,0.9952768087387085,0.9952768087387085,0.0,0.7960608005523682,0.7893624305725098,0.2048269361257553,7,1,0.0
data_186,0,0,0,0,0,0,0,0,0,0,0,0,0,0.8400840759277344,0.8400840759277344,0.0,0.8463977575302124,0.6541060209274292,0.6274471879005432,2,1,0.0
data_186,0,0,0,0,0,0,0,0,0,0,0,0,0,0.9914211630821228,0.9914211630821228,0.0,0.8841122388839722,0.828532338142395,0.5949626564979553,3,1,0.0
data_186,0,0,0,0,0,0,0,0,0,0,0,0,0,0.9804596900939941,0.9804596900939941,0.0,0.7400586009025574,0.689615786075592,0.6073150038719177,3,1,0.0
data_186,0,0,0,0,0,0,0,0,0,1,0,0,0,0.928673267364502,0.928673267364502,0.0,0.6314787864685059,0.644285261631012,0.3015596866607666,0,0,0.2857142857142857
data_186,0,0,0,0,0,1,0,0,0,1,1,1,0,0.8098412752151489,0.9412503838539124,0.13140910863876343,0.6518254280090332,0.6488804817199707,0.2024599760770797,1,1,0.0
data_186,0,0,0,0,0,0,0,0,0,0,0,0,0,0.7038863897323608,0.041841406375169754,-0.6620449833571911,0.7868273258209229,0.7715268135070801,0.2037351578474044,6,1,0.0
data_187,0,0,0,0,0,0,0,0,0,1,0,0,0,0.9866496920585632,0.9936729669570923,0.007023274898529053,0.7721073627471924,0.8490459322929382,0.0996918454766273,12,1,0.1666666666666666
data_187,0,0,0,0,0,0,0,0,0,0,0,0,0,0.0632857009768486,0.02163657918572426,-0.041649121791124344,0.6887876391410828,0.6581487655639648,0.2103965133428573,2,1,0.0
data_187,0,0,0,0,0,0,0,0,0,0,0,0,0,0.9434135556221008,0.9563660621643066,0.01295250654220581,0.7716382145881653,0.7085214853286743,0.1116887181997299,6,1,0.0
data_187,0,0,0,0,0,0,0,0,0,0,0,0,0,0.9856560230255127,0.9856560230255127,0.0,0.79824298620224,0.6952179074287415,0.1186647117137909,4,1,0.0
data_187,0,0,0,0,0,0,0,0,0,0,0,0,0,0.896507203578949,0.896507203578949,0.0,0.7421252727508545,0.7904102802276611,0.0997599065303802,11,1,0.1111111111111111
data_187,0,0,1,0,0,0,0,0,0,0,0,0,0,0.18446989357471466,0.6908108592033386,0.506340965628624,0.7482481002807617,0.8679417967796326,0.1041779592633247,7,1,0.1111111111111111
data_187,0,0,0,0,0,0,0,0,0,1,0,0,0,0.013867286965250969,0.0020001695957034826,-0.011867117369547486,0.6541313529014587,0.6543022990226746,0.1040777713060379,2,1,0.0555555555555555
data_187,0,0,0,0,0,0,0,0,0,0,0,0,0,0.8887604475021362,0.9625980854034424,0.07383763790130615,0.7519944310188293,0.735780656337738,0.3973685204982757,5,1,0.0
data_187,0,0,0,0,0,0,0,0,0,0,0,0,0,0.9975224137306213,0.9975224137306213,0.0,0.8405283093452454,0.7379294037818909,0.5258241295814514,4,1,0.0
data_188,0,0,0,0,0,0,0,0,0,0,0,0,0,0.6786054968833923,0.6786054968833923,0.0,0.7901631593704224,0.6681187748908997,0.5326436161994934,2,1,0.0
data_188,0,0,0,0,0,0,0,0,0,1,1,1,0,0.9960851669311523,0.979303240776062,-0.016781926155090332,0.8132144808769226,0.8923037052154541,0.3931459784507751,7,1,0.125
data_188,1,1,1,1,1,1,1,1,1,1,1,1,1,0.0004482853983063251,0.0004278343403711915,-2.0451057935133576e-05,0.7799401879310608,0.8434882164001465,0.1953798681497573,7,1,0.375
data_188,0,0,0,0,0,0,0,0,0,0,0,0,0,0.9839322566986084,0.9787197709083557,-0.0052124857902526855,0.7848638296127319,0.8854852914810181,0.1912858933210373,9,1,0.375
data_188,0,0,0,0,0,0,0,0,0,0,0,0,0,0.0008235033601522446,0.000789242738392204,-3.426062176004052e-05,0.8696050643920898,0.852638304233551,0.303204596042633,8,1,0.0
data_188,0,0,1,0,0,1,1,0,0,1,1,0,1,0.962429404258728,0.9927545189857483,0.030325114727020264,0.8206542134284973,0.9201924204826356,0.1000773385167121,9,1,0.25
data_188,0,0,0,0,0,0,0,0,0,0,0,0,0,0.17301514744758606,0.00521071208640933,-0.16780443536117673,0.7802147269248962,0.7468549013137817,0.4006774127483368,8,1,0.0
data_188,0,0,0,0,0,0,0,0,0,0,0,0,0,0.9053977727890015,0.9053977727890015,0.0,0.7761379480361938,0.7605072855949402,0.4163286387920379,7,1,0.0
data_189,0,0,0,0,0,0,0,0,0,0,0,0,0,0.7213277816772461,0.7213277816772461,0.0,0.881370484828949,0.6505025029182434,0.9054995775222778,2,1,0.0
data_189,0,0,0,0,0,0,0,0,0,0,1,0,0,0.45716145634651184,0.45716145634651184,0.0,0.8769960999488831,0.7452628016471863,0.8994001746177673,3,1,0.0
data_189,0,0,0,0,0,0,0,0,0,0,0,0,0,0.9963938593864441,0.9963938593864441,0.0,0.9419530034065248,0.5233286023139954,1.0,1,1,0.0
data_189,0,0,1,0,0,1,1,1,1,1,1,1,1,0.061183344572782516,0.061183344572782516,0.0,0.5915254950523376,0.5732659697532654,0.4038655161857605,0,0,0.0
data_189,1,1,1,1,1,1,1,1,1,1,1,1,1,0.2439023107290268,0.8974929451942444,0.6535906344652176,0.7914333939552307,0.7544724345207214,0.5043269991874695,4,1,0.0
data_189,0,0,0,0,0,0,0,0,0,1,0,0,0,0.9970369338989258,0.9970369338989258,0.0,0.7851961851119995,0.6946043968200684,0.8091830015182495,3,1,0.0
data_189,0,0,0,0,0,0,0,0,0,0,0,0,0,0.997947633266449,0.997947633266449,0.0,0.8388597369194031,0.6954555511474609,0.4138956069946289,4,1,0.0
data_189,0,0,0,0,0,0,0,0,0,1,0,0,0,0.9797067642211914,0.9797067642211914,0.0,0.8251449465751648,0.7474818229675293,0.8051578998565674,5,1,0.0
data_189,0,0,0,0,0,0,0,0,0,0,0,0,0,0.19730845093727112,0.19730845093727112,0.0,0.7599664330482483,0.5818024277687073,0.9061300158500672,1,1,0.0
data_189,0,0,0,0,0,0,0,0,0,0,0,0,0,0.2644495666027069,0.2644495666027069,0.0,0.7634010910987854,0.7105122208595276,0.5094793438911438,4,1,0.0
data_189,0,0,0,0,0,0,0,0,0,0,0,0,0,0.9640002846717834,0.9640002846717834,0.0,0.854312002658844,0.7122471928596497,0.7056878805160522,2,1,0.0
data_189,0,0,0,0,0,0,0,0,0,1,0,0,0,0.3155985176563263,0.6181604266166687,0.3025619089603424,0.7475723028182983,0.7329856753349304,0.1066991165280342,5,1,0.0
data_189,0,0,0,0,0,0,0,0,0,0,0,0,0,0.5284028053283691,0.7314743995666504,0.20307159423828125,0.8108056783676147,0.647469699382782,0.5090408325195312,1,1,0.0
data_189,0,0,0,0,0,1,0,0,0,1,1,1,0,0.05315239727497101,0.2886464595794678,0.23549406230449677,0.7003898024559021,0.704934298992157,0.3156810104846954,3,1,0.25
data_189,0,0,0,0,0,0,0,0,0,0,0,0,0,0.07445235550403595,0.646277904510498,0.5718255490064621,0.765327513217926,0.7208073139190674,0.6956835389137268,2,1,0.0
data_190,0,0,1,1,0,0,1,0,0,1,1,0,0,0.01786022074520588,0.9467021822929382,0.9288419615477324,0.6332675218582153,0.7301936149597168,0.0936409160494804,5,0,0.5
data_190,0,0,0,0,0,0,0,0,0,0,0,0,0,0.06385719031095505,0.08908790349960327,0.025230713188648224,0.6941790580749512,0.7236751317977905,0.2063993364572525,2,1,0.0833333333333333
data_190,0,0,0,0,0,0,0,0,0,0,0,0,0,0.9980900883674622,0.9980900883674622,0.0,0.96235454082489,0.7168305516242981,0.2356025874614715,3,1,0.0
data_190,0,0,0,0,0,0,0,0,0,0,0,0,0,0.9652717113494873,0.9652717113494873,0.0,0.9307522177696228,0.6796523928642273,0.1483265161514282,2,1,0.0
data_190,0,0,0,0,0,0,0,0,0,0,0,0,0,0.033765923231840134,0.033765923231840134,0.0,0.6813363432884216,0.6878554821014404,0.3091194331645965,2,1,0.0833333333333333
data_190,0,0,0,0,0,0,0,0,0,1,0,0,0,0.9346847534179688,0.9346847534179688,0.0,0.747925877571106,0.7953415513038635,0.496431291103363,6,1,0.1666666666666666
data_190,0,0,0,0,0,0,0,0,0,1,0,0,0,0.12314928323030472,0.1417427957057953,0.01859351247549057,0.7412492036819458,0.7193111777305603,0.2152668684720993,5,1,0.0
data_190,0,0,0,0,0,0,0,0,0,1,0,0,0,0.030930424109101295,0.030930424109101295,0.0,0.7880799770355225,0.7088788747787476,0.5239360332489014,2,1,0.0
data_190,0,0,0,0,0,0,0,0,0,0,0,0,0,0.6495218873023987,0.6495218873023987,0.0,0.9265074133872986,0.697058379650116,0.7137714624404907,2,1,0.0
data_190,0,0,0,0,0,0,1,0,0,0,1,0,0,0.004394399002194405,0.010287493467330933,0.005893094465136528,0.6339592933654785,0.6947965621948242,0.2968538105487823,2,0,0.1666666666666666
data_190,0,0,0,0,0,0,0,0,0,0,0,0,0,0.0735904723405838,0.9981075525283813,0.9245170801877975,0.8033621311187744,0.788858950138092,0.2136677205562591,5,1,0.0
data_190,0,0,0,0,0,0,0,0,0,0,0,0,0,0.06636987626552582,0.10978254675865173,0.043412670493125916,0.6724469065666199,0.6424549221992493,0.4074355661869049,1,1,0.0
data_190,0,0,0,0,0,0,0,0,0,0,0,0,0,0.6670961976051331,0.6670961976051331,0.0,0.7788867950439453,0.691735565662384,0.3193733394145965,7,1,0.0
data_190,0,0,0,0,0,0,0,0,0,1,0,0,0,0.9953535795211792,0.9953535795211792,0.0,0.7420211434364319,0.7393408417701721,0.2086415290832519,6,1,0.0
data_190,0,0,0,0,0,0,0,0,0,0,0,0,0,0.674321711063385,0.5010971426963806,-0.1732245683670044,0.7176490426063538,0.747949481010437,0.4045089781284332,4,1,0.0833333333333333
data_190,0,0,1,1,1,1,1,1,1,1,1,1,1,0.5456871390342712,0.3124944269657135,-0.23319271206855774,0.5868497490882874,0.7038201093673706,0.0,3,0,0.4166666666666667
data_190,0,0,0,0,0,0,0,0,0,1,0,0,0,0.14988502860069275,0.06747230887413025,-0.0824127197265625,0.7570106387138367,0.6588813662528992,0.2286106050014495,3,1,0.0
data_190,0,0,0,0,0,0,0,0,0,0,0,0,0,0.9352579116821289,0.9352579116821289,0.0,0.8513758778572083,0.6798445582389832,0.331190675497055,5,1,0.0
data_190,0,0,0,0,0,0,0,0,0,0,0,0,0,0.3130548298358917,0.018095286563038826,-0.2949595432728529,0.7745400071144104,0.6998666524887085,0.6911381483078003,2,1,0.0
data_190,0,0,0,0,0,0,0,0,0,0,0,0,0,0.3773326575756073,0.9906438589096069,0.6133112013339996,0.7020324468612671,0.7147160172462463,0.2017169296741485,3,1,0.0833333333333333
data_190,0,0,0,0,0,0,0,0,0,0,0,0,0,0.0032723082695156336,0.3225429058074951,0.3192705975379795,0.6862326264381409,0.7490226030349731,0.105578526854515,3,1,0.0833333333333333
data_190,0,0,0,0,0,0,0,0,0,0,0,0,0,0.991305410861969,0.9911251664161682,-0.00018024444580078125,0.7786862850189209,0.8624935150146484,0.1988512426614761,7,1,0.1666666666666666
data_190,1,0,0,0,0,0,0,0,0,0,0,0,0,0.19955866038799286,0.19955866038799286,0.0,0.5842918753623962,0.6070995926856995,0.3066872358322143,0,0,0.0833333333333333
data_190,0,0,0,0,0,0,0,0,0,0,0,0,0,0.8192716240882874,0.9490772485733032,0.12980562448501587,0.6614744663238525,0.7405222654342651,0.3792949616909027,3,1,0.1666666666666666
data_190,0,0,0,0,0,0,0,0,0,0,0,0,0,0.9831138849258423,0.9831138849258423,0.0,0.7822855710983276,0.6879391074180603,0.7141165733337402,5,1,0.0
data_190,0,0,0,0,0,0,0,0,0,0,0,0,0,0.9718409180641174,0.9718409180641174,0.0,0.7206619381904602,0.4471914768218994,0.8350797891616821,1,1,0.0
data_190,0,0,0,0,0,0,0,0,0,0,0,0,0,0.7418259978294373,0.7418259978294373,0.0,0.7679104804992676,0.7422851920127869,0.5159823894500732,2,1,0.0
data_191,0,0,0,0,0,0,0,0,0,0,0,0,0,0.9657998085021973,0.9657998085021973,0.0,0.8938012719154358,0.7880564332008362,0.2119234949350357,6,1,0.0
data_191,0,0,0,0,0,0,0,0,0,0,0,0,0,0.8585125207901001,0.4197535216808319,-0.4387589991092682,0.8308068513870239,0.7045395374298096,0.6312189102172852,2,1,0.0
data_191,0,0,0,0,0,0,0,0,0,0,0,0,0,0.9947413206100464,0.9947413206100464,0.0,0.8138995170593262,0.7784808874130249,0.3081956505775451,7,1,0.0
data_191,0,0,0,0,0,0,0,0,0,0,0,0,0,0.994347870349884,0.994347870349884,0.0,0.9044546484947203,0.7993004322052002,0.3172901570796966,6,1,0.0
data_191,0,0,0,0,0,0,0,0,0,0,1,0,0,0.04175768792629242,0.06951282173395157,0.02775513380765915,0.8758132457733154,0.7290003299713135,0.5294300317764282,2,1,0.0
data_191,0,0,0,0,0,0,0,0,0,1,0,0,0,0.7717899680137634,0.7717899680137634,0.0,0.7899671196937561,0.6162035465240479,0.6380849480628967,1,1,0.0
data_191,0,0,1,0,0,0,1,0,0,1,1,1,0,0.7513986825942993,0.7513986825942993,0.0,0.7125900983810425,0.6438738107681274,0.5968614220619202,1,1,0.0
data_191,0,0,1,0,0,0,1,0,0,1,1,0,0,0.028946608304977417,0.028946608304977417,0.0,0.6577068567276001,0.6600434184074402,0.2042720317840576,2,1,0.1
data_191,0,0,0,0,0,0,0,0,0,0,0,0,0,0.9956046342849731,0.9770150184631348,-0.01858961582183838,0.907714545726776,0.7980355620384216,0.2214022278785705,7,1,0.0
data_191,0,0,0,0,0,0,0,0,0,1,0,0,0,0.9475504159927368,0.82732754945755,-0.12022286653518677,0.7741216421127319,0.7402163147926331,0.4138987958431244,5,1,0.0
data_191,0,0,0,0,0,0,0,0,0,0,0,0,0,0.8452642560005188,0.8452642560005188,0.0,0.7865771055221558,0.711107075214386,0.7028740644454956,3,1,0.0
data_191,1,0,1,0,0,1,1,1,0,1,1,1,0,0.8695772290229797,0.9761324524879456,0.10655522346496582,0.7202627062797546,0.6724862456321716,0.504737913608551,2,1,0.0
data_191,0,0,0,0,0,0,0,0,0,0,0,0,0,0.9981022477149963,0.9981022477149963,0.0,0.8568574786186218,0.6947530508041382,0.6222134828567505,3,1,0.0
data_191,0,0,0,0,0,0,0,0,0,0,1,0,0,0.9990600943565369,0.9990600943565369,0.0,0.7418768405914307,0.7255046367645264,0.7051615118980408,2,1,0.0
data_191,1,0,0,0,0,1,1,0,0,1,1,1,0,0.9228034019470215,0.9924272894859314,0.06962388753890991,0.9052393436431884,0.6167247891426086,0.2452874332666397,1,1,0.0
data_191,0,0,0,0,0,0,0,0,0,0,0,0,0,0.8059203624725342,0.8059203624725342,0.0,0.9037975072860718,0.7307830452919006,0.5155082941055298,2,1,0.0
data_191,1,1,1,1,1,1,1,1,1,1,1,1,1,0.8802710175514221,0.8802710175514221,0.0,0.6724728345870972,0.597564160823822,0.6253186464309692,1,1,0.0
data_191,0,0,0,0,0,0,0,0,0,0,0,0,0,0.7622219324111938,0.7622219324111938,0.0,0.7236140966415405,0.6489982008934021,0.7041012644767761,1,1,0.0
data_192,0,0,0,0,0,0,0,0,0,0,0,0,0,0.9918588995933533,0.9918588995933533,0.0,0.9330126643180848,0.604286789894104,0.9139360785484314,1,1,0.0
data_192,0,0,0,0,0,0,0,0,0,0,0,0,0,0.9912234544754028,0.9912234544754028,0.0,0.8748707175254822,0.4948428869247436,1.0,1,1,0.0
data_192,0,0,0,0,0,0,0,0,0,0,0,0,0,0.5499987006187439,0.5499987006187439,0.0,0.8183846473693848,0.5934618711471558,0.817069411277771,1,1,0.0
data_192,0,0,0,0,0,0,0,0,0,0,0,0,0,0.0013949814019724727,0.0013949814019724727,0.0,0.8034760355949402,0.5784050822257996,0.6360573172569275,1,1,0.0
data_192,0,0,0,0,0,0,0,0,0,0,0,0,0,0.9923139214515686,0.9923139214515686,0.0,0.8132494688034058,0.6234394907951355,0.5274034738540649,1,1,0.0
data_192,0,0,0,0,0,0,0,0,0,0,0,0,0,0.4372686445713043,0.25103068351745605,-0.18623796105384827,0.659242570400238,0.6936666965484619,0.1000716537237167,4,1,0.4
data_192,0,0,0,0,0,0,0,0,0,0,0,0,0,0.14330966770648956,0.14330966770648956,0.0,0.9052491188049316,0.6638858914375305,0.4575584828853607,2,1,0.0
data_192,0,0,0,0,0,0,0,0,0,0,0,0,0,0.017649250105023384,0.017649250105023384,0.0,0.716025710105896,0.6250734925270081,0.6183038353919983,1,1,0.0
data_192,0,0,0,0,0,0,0,0,0,0,0,0,0,0.9895396828651428,0.9895396828651428,0.0,0.729266345500946,0.7824004292488098,0.3000025451183319,4,1,0.4
data_192,0,0,0,0,0,0,0,0,0,0,0,0,0,0.17223776876926422,0.17223776876926422,0.0,0.805069625377655,0.6333879232406616,0.6200859546661377,1,1,0.0
data_192,0,0,0,0,0,0,0,0,0,0,0,0,0,0.00448379572480917,0.04060462489724159,0.03612082917243242,0.7851176261901855,0.6204087734222412,0.4166985154151916,1,1,0.0
data_192,0,0,0,0,0,0,0,0,0,0,0,0,0,0.8383809924125671,0.9933265447616577,0.15494555234909058,0.7223525047302246,0.6358672380447388,0.4258003830909729,1,1,0.0
data_192,0,0,0,0,0,0,0,0,0,0,0,0,0,0.005458430387079716,0.005458430387079716,0.0,0.924050271511078,0.6705957055091858,0.6250798106193542,2,1,0.0
data_192,1,0,0,0,0,0,0,0,0,1,0,0,0,0.3561728000640869,0.49454939365386963,0.13837659358978271,0.7919564247131348,0.6916014552116394,0.6997377872467041,3,1,0.0
data_192,0,0,0,0,0,0,0,0,0,1,0,0,0,0.028543850407004356,0.028543850407004356,0.0,0.695829451084137,0.683616042137146,0.2052308768033981,3,1,0.0
data_192,0,0,0,0,0,0,1,0,0,1,1,0,0,0.7830387949943542,0.013848470523953438,-0.7691903244704008,0.6873573064804077,0.6606883406639099,0.4155567288398742,2,1,0.0
data_192,0,0,0,0,0,0,0,0,0,0,0,0,0,0.011215508915483952,0.011215508915483952,0.0,0.796789824962616,0.6728057265281677,0.6217233538627625,3,1,0.0
data_192,0,0,0,0,0,0,0,0,0,1,0,0,0,0.002378416946157813,0.0245716143399477,0.022193197393789887,0.6745567917823792,0.7274449467658997,0.5005537867546082,2,1,0.2
data_192,1,0,0,0,0,1,0,0,0,1,1,0,0,0.6682398319244385,0.6682398319244385,0.0,0.8193628191947937,0.7282885313034058,0.3135576248168945,3,1,0.0
data_192,0,0,0,0,0,0,0,0,0,1,1,0,0,0.30227822065353394,0.22571589052677155,-0.07656233012676239,0.5668850541114807,0.6685131192207336,0.2906941771507263,1,0,0.8
data_193,0,0,0,0,0,0,0,0,0,0,0,0,0,0.14325527846813202,0.9649996757507324,0.8217443972826004,0.5648354291915894,1.0000001192092896,0.0,7,0,1.0
data_193,0,0,0,0,0,0,0,0,0,0,0,0,0,0.05575171113014221,0.003912611864507198,-0.051839099265635014,0.5381378531455994,0.8729910850524902,0.0,2,0,0.9166666666666666
data_193,0,0,0,0,0,0,0,0,0,0,0,0,0,0.1732243299484253,0.12083160877227783,-0.05239272117614746,0.799365222454071,0.6971884369850159,0.8087946176528931,3,1,0.0
data_193,0,0,0,0,0,0,0,0,0,0,0,0,0,0.12993894517421722,0.3134493827819824,0.1835104376077652,0.7537202835083008,0.8454050421714783,0.1937289834022522,8,1,0.25
data_193,0,0,0,0,0,0,0,0,0,0,0,0,0,0.8967764377593994,0.8967764377593994,0.0,0.6989082098007202,0.59737229347229,0.2364775985479354,1,1,0.0
data_193,0,0,0,0,0,0,0,0,0,0,0,0,0,0.05225428193807602,0.23184776306152344,0.17959348112344742,0.67842698097229,0.7869006991386414,0.096406951546669,7,1,0.4166666666666667
data_193,0,0,0,0,0,0,0,0,0,0,0,0,0,0.4233394265174866,0.759776771068573,0.3364373445510864,0.6924408674240112,0.6459504961967468,0.2140398323535919,1,1,0.0
data_193,1,1,1,1,0,0,1,1,0,1,1,1,0,0.9785372018814087,0.9681592583656311,-0.010377943515777588,0.6547590494155884,0.7758238911628723,0.0933314934372901,5,1,0.3333333333333333
data_193,1,0,0,0,1,1,1,0,0,1,1,1,1,0.3756111264228821,0.9278135299682617,0.5522024035453796,0.5406091213226318,0.7519757747650146,0.0,7,0,0.9166666666666666
data_193,0,0,0,0,0,0,0,0,0,0,0,0,0,0.6500548124313354,0.6500548124313354,0.0,0.7925742864608765,0.8269508481025696,0.3988986015319824,3,1,0.0833333333333333
data_193,0,0,0,0,0,0,1,0,0,1,1,0,0,0.6940698027610779,0.6914050579071045,-0.0026647448539733887,0.7035398483276367,0.6749729514122009,0.4085374176502228,3,1,0.0
data_193,0,0,0,0,0,0,0,0,0,0,0,0,0,0.9970470070838928,0.9970470070838928,0.0,0.783503532409668,0.7192405462265015,0.207395389676094,6,1,0.0
data_193,0,0,0,0,0,1,0,0,0,1,1,0,0,0.482195109128952,0.482195109128952,0.0,0.7125547528266907,0.699590265750885,0.6926550269126892,2,1,0.0
data_193,0,1,0,0,0,1,1,1,0,1,1,1,0,0.5926178693771362,0.9757037162780762,0.38308584690093994,0.7125514149665833,0.6856599450111389,0.1073425710201263,3,1,0.0
data_193,0,0,0,0,0,0,0,0,0,0,0,0,0,0.9943947792053223,0.9943947792053223,0.0,0.7482990026473999,0.7706405520439148,0.109035886824131,3,1,0.0833333333333333
data_193,0,0,0,0,0,0,0,0,0,1,1,1,0,0.6929657459259033,0.24669457972049713,-0.4462711662054062,0.6222788095474243,0.7223879098892212,0.0,5,0,0.6666666666666666
data_193,1,0,0,0,0,0,0,0,0,1,0,1,0,0.8211732506752014,0.7417659759521484,-0.07940727472305298,0.564555287361145,0.7277194261550903,0.0,3,0,0.5833333333333334
data_193,0,0,0,0,0,0,0,0,1,1,0,0,0,0.982363224029541,0.6145064830780029,-0.3678567409515381,0.7415169477462769,0.7273181080818176,0.4039638340473175,2,1,0.0
data_193,0,0,0,0,0,0,1,0,0,0,1,0,0,0.4401944875717163,0.8721175193786621,0.4319230318069458,0.5759643316268921,0.5812251567840576,0.3008989989757538,0,0,0.0833333333333333
data_194,0,0,0,0,0,0,0,0,0,0,0,0,0,0.6999253630638123,0.9809139370918274,0.28098857402801514,0.7933430075645447,0.6989563703536987,0.2119832336902618,5,1,0.0
data_194,0,0,0,0,0,0,0,0,0,0,0,0,0,0.9082868099212646,0.9082868099212646,0.0,0.8534230589866638,0.6338967680931091,0.2350687682628631,1,1,0.0
data_194,0,0,0,0,0,0,0,0,0,0,0,0,0,0.9098663330078125,0.9098663330078125,0.0,0.8066152930259705,0.6701690554618835,0.411090224981308,2,1,0.0
data_194,0,0,0,0,0,0,0,0,0,0,0,0,0,0.9859257340431213,0.9859257340431213,0.0,0.7162869572639465,0.6339825987815857,0.2124354690313339,1,1,0.0
data_194,0,0,0,0,0,0,0,0,0,0,0,0,0,0.9813838601112366,0.9813838601112366,0.0,0.7769981026649475,0.7254548072814941,0.703295111656189,3,1,0.0
data_194,0,0,0,0,0,0,0,0,0,0,0,0,0,0.3098958730697632,0.3098958730697632,0.0,0.5655232667922974,0.6084818243980408,0.5957123041152954,0,0,0.125
data_194,0,0,0,0,0,1,0,0,0,1,0,1,0,0.9706158638000488,0.985768735408783,0.01515287160873413,0.753250241279602,0.7849213480949402,0.4946925640106201,7,1,0.25
data_194,0,0,0,0,0,0,0,0,0,0,0,0,0,0.9952034950256348,0.9952034950256348,0.0,0.8403352499008179,0.7817779779434204,0.3109536468982696,6,1,0.0
data_194,0,0,0,0,0,0,0,0,0,1,0,0,0,0.9453119039535522,0.9966840147972107,0.05137211084365845,0.8030949234962463,0.6585853099822998,0.2213212996721267,2,1,0.0
data_194,1,0,1,1,1,0,1,0,0,1,1,1,1,0.8905159831047058,0.6924266815185547,-0.19808930158615112,0.6604157090187073,0.7528020143508911,0.2924535274505615,5,1,0.375
data_194,0,0,1,0,0,0,1,0,0,0,1,1,0,0.04139883071184158,0.027514107525348663,-0.01388472318649292,0.8033183813095093,0.6885244250297546,0.1229360550642013,3,1,0.0
data_194,0,0,0,0,0,0,0,0,0,0,0,0,0,0.8079209923744202,0.9655646085739136,0.1576436161994934,0.8903459906578064,0.8196296095848083,0.1150277480483055,7,1,0.0
data_194,0,0,0,0,0,0,0,0,0,0,0,0,0,0.8923429250717163,0.9956589937210083,0.10331606864929199,0.8112919926643372,0.8273277878761292,0.1165850609540939,5,1,0.125
data_194,0,0,0,0,0,0,0,0,0,1,0,0,0,0.9754166007041931,0.9561141729354858,-0.019302427768707275,0.7510828375816345,0.7875609993934631,0.4015171527862549,3,1,0.125
data_194,0,0,0,0,0,0,0,0,0,0,0,0,0,0.9851815104484558,0.9851815104484558,0.0,0.8070374727249146,0.619054913520813,0.5283790826797485,1,1,0.0
data_194,0,0,0,0,0,0,0,0,0,0,0,0,0,0.9933866858482361,0.9933866858482361,0.0,0.7368112206459045,0.5312901735305786,0.9123372435569764,1,1,0.0
data_194,0,0,0,0,0,0,0,0,0,0,0,0,0,0.9164273738861084,0.9164273738861084,0.0,0.6887423992156982,0.5817588567733765,0.8128153085708618,1,1,0.0
data_194,0,0,0,0,0,0,0,0,0,0,0,0,0,0.9474666118621826,0.992149829864502,0.044683218002319336,0.7383534908294678,0.6960515379905701,0.5111908912658691,3,1,0.0
data_194,0,0,0,0,0,1,1,0,0,1,1,0,0,0.979701042175293,0.9621372222900391,-0.017563819885253906,0.743095338344574,0.7833513021469116,0.1995782554149627,7,1,0.25
data_194,0,0,0,0,0,0,1,0,0,1,1,0,0,0.4775332510471344,0.14270758628845215,-0.33482566475868225,0.7042116522789001,0.7522366642951965,0.1979192942380905,6,1,0.375
data_194,0,0,0,0,0,1,1,0,0,1,1,1,0,0.9789698719978333,0.9789698719978333,0.0,0.8100813627243042,0.6201539039611816,0.3336582779884338,1,1,0.0
data_195,0,0,0,0,0,0,0,0,0,0,0,0,0,0.8235193490982056,0.7586330771446228,-0.06488627195358276,0.8599886894226074,0.8047308921813965,0.3910106122493744,4,1,0.0
data_195,0,0,1,1,1,1,1,1,0,1,1,1,1,0.0146540068089962,0.0146540068089962,0.0,0.8107417821884155,0.6258813142776489,0.5340014696121216,1,1,0.0
data_195,0,0,0,0,0,0,0,0,0,1,0,0,0,0.10127561539411545,0.08055679500102997,-0.02071882039308548,0.6957913041114807,0.7572399377822876,0.3895916044712066,4,1,0.6666666666666666
data_195,0,0,0,0,0,0,0,0,0,1,0,0,0,0.07305052876472473,0.10372070968151093,0.030670180916786194,0.7446384429931641,0.5882857441902161,0.7156287431716919,1,1,0.0
data_195,0,0,0,0,0,0,0,0,0,1,0,0,0,0.01918460987508297,0.40572813153266907,0.3865435216575861,0.7908287048339844,0.7570341229438782,0.5036702156066895,4,1,0.0
data_195,0,0,0,0,0,0,0,0,0,0,0,0,0,0.3020043671131134,0.3020043671131134,0.0,0.7902755737304688,0.7833063006401062,0.3050117492675781,4,1,0.0
data_195,0,0,0,0,0,0,0,0,0,0,0,0,0,0.6427792906761169,0.6427792906761169,0.0,0.7295600771903992,0.6412702202796936,0.8108994960784912,1,1,0.0
data_195,0,0,0,0,0,0,0,0,0,0,0,0,0,0.8994425535202026,0.94464510679245,0.045202553272247314,0.863346517086029,0.7829082012176514,0.2257872968912124,3,1,0.0
data_195,1,1,0,1,0,1,1,1,1,1,1,1,1,0.05175735801458359,0.058657627552747726,0.006900269538164139,0.6905016303062439,0.7533708810806274,0.1949875056743621,4,1,0.6666666666666666
data_195,0,0,0,0,0,0,0,0,0,1,0,0,0,0.6324076652526855,0.6324076652526855,0.0,0.7900876998901367,0.6968912482261658,0.6067469120025635,3,1,0.0
data_195,0,0,0,0,0,0,0,0,0,1,0,0,0,0.9976918697357178,0.8580327033996582,-0.13965916633605957,0.8975556492805481,0.7434999942779541,0.7098925709724426,3,1,0.0
data_195,0,0,0,0,0,0,0,0,0,1,0,1,0,0.898701548576355,0.7672196626663208,-0.13148188591003418,0.6822392344474792,0.702193021774292,0.3976611495018005,4,1,0.6666666666666666
data_195,0,0,0,0,0,0,0,0,0,0,0,0,0,0.14440687000751495,0.040337465703487396,-0.10406940430402756,0.7725991010665894,0.7680025696754456,0.5034027099609375,4,1,0.0
data_195,0,0,0,0,0,0,0,0,0,1,0,0,0,0.9802024960517883,0.9802024960517883,0.0,0.900999128818512,0.7261056900024414,0.7076892852783203,3,1,0.0
data_195,0,0,0,0,0,0,0,0,0,0,0,0,0,0.9987947940826416,0.9987947940826416,0.0,0.801762580871582,0.7060693502426147,0.8049192428588867,4,1,0.0
data_196,0,0,0,0,0,0,0,0,0,1,1,0,0,0.8448728919029236,0.8448728919029236,0.0,0.7413851618766785,0.7012187838554382,0.6102039217948914,3,1,0.0
data_196,0,0,0,0,0,0,0,0,0,1,0,0,0,0.10096914321184158,0.08020783960819244,-0.02076130360364914,0.6703490018844604,0.7278349995613098,0.1999217420816421,2,1,0.3333333333333333
data_196,0,0,0,0,0,0,0,0,0,0,1,0,0,0.04975701868534088,0.0077252499759197235,-0.04203176870942116,0.7469449043273926,0.6200213432312012,0.2340496182441711,1,1,0.0
data_196,0,0,0,0,0,0,0,0,0,0,0,0,0,0.9534511566162109,0.9534511566162109,0.0,0.6215128898620605,0.6436461806297302,0.2022059857845306,0,0,0.6666666666666666
data_196,0,0,0,0,0,0,0,0,0,0,0,0,0,0.36661022901535034,0.9743544459342957,0.6077442169189453,0.6753557324409485,0.7804068326950073,0.1937090754508972,4,1,1.0
data_196,0,0,0,0,0,0,0,0,0,0,0,0,0,0.9928900003433228,0.9928900003433228,0.0,0.924310564994812,0.826902449131012,0.3474275171756744,3,1,0.0
data_196,0,0,0,0,0,0,0,0,0,0,0,0,0,0.8348947167396545,0.8348947167396545,0.0,0.7751862406730652,0.6316819190979004,0.2239044904708862,1,1,0.0
data_196,0,0,0,0,0,0,0,0,0,0,0,0,0,0.7115067839622498,0.8225024342536926,0.11099565029144287,0.884856641292572,0.7637844085693359,0.3218139111995697,4,1,0.0
data_196,0,0,0,0,0,0,0,0,0,0,0,0,0,0.992518424987793,0.992518424987793,0.0,0.6727687120437622,0.6766645908355713,0.2056398093700409,2,1,0.3333333333333333
data_196,0,0,0,0,0,0,0,0,0,0,0,0,0,0.9834437370300293,0.9834437370300293,0.0,0.854241132736206,0.6364850401878357,0.534572184085846,1,1,0.0
data_196,0,0,0,0,0,0,0,0,0,0,0,0,0,0.9964214563369751,0.9964214563369751,0.0,0.7606731653213501,0.7150800228118896,0.4168362319469452,2,1,0.0
data_196,0,0,0,0,0,0,0,0,0,0,0,0,0,0.9835053086280823,0.9835053086280823,0.0,0.7875477075576782,0.6539195775985718,0.6042038798332214,2,1,0.0
data_197,0,0,0,0,0,0,0,0,0,0,0,0,0,0.9478845000267029,0.996380627155304,0.048496127128601074,0.6390853524208069,0.8057355880737305,0.0,7,0,0.7272727272727273
data_197,0,0,0,0,0,0,0,0,0,0,0,0,0,0.9583852291107178,0.3878146708011627,-0.570570558309555,0.6888663172721863,0.7607937455177307,0.1009012162685394,8,1,0.2727272727272727
data_197,0,0,0,0,0,0,0,0,0,0,0,0,0,0.9917307496070862,0.9951257109642029,0.0033949613571166992,0.7939881086349487,0.7818477153778076,0.1267265081405639,3,1,0.0
data_197,0,0,1,0,0,0,1,0,0,1,1,0,0,0.3641166687011719,0.009687989018857479,-0.3544286796823144,0.5495209097862244,0.6541455388069153,0.0963850691914558,1,0,0.1818181818181818
data_197,0,0,1,0,1,1,1,0,1,0,1,0,0,0.988318920135498,0.988318920135498,0.0,0.9520543217658995,0.7289196848869324,0.3489110171794891,5,1,0.0
data_197,0,0,0,0,0,0,0,0,0,0,0,0,0,0.9963609576225281,0.9963609576225281,0.0,0.7282892465591431,0.7724733352661133,0.202469989657402,7,1,0.1818181818181818
data_197,0,0,0,0,0,0,0,0,0,0,0,0,0,0.9896309971809387,0.9896309971809387,0.0,0.7749471664428711,0.6822818517684937,0.1166237071156501,6,1,0.0
data_197,0,0,0,0,0,0,0,0,0,0,0,0,0,0.9960450530052185,0.9960450530052185,0.0,0.9398342967033386,0.7952417731285095,0.2278846651315689,8,1,0.0
data_197,0,0,0,0,0,0,0,0,0,0,0,0,0,0.8841387033462524,0.9802764654159546,0.09613776206970215,0.7931323051452637,0.761828601360321,0.2064515650272369,6,1,0.0
data_197,0,0,0,0,0,0,0,0,0,0,0,0,0,0.9693906307220459,0.9693906307220459,0.0,0.786923885345459,0.816843569278717,0.2020647972822189,8,1,0.1818181818181818
data_197,0,0,0,0,0,0,1,0,0,1,1,1,0,0.007171328645199537,0.04636134207248688,0.03919001342728734,0.7443986535072327,0.8129647970199585,0.2022999078035354,8,1,0.1818181818181818
data_197,1,1,1,1,1,1,1,1,1,1,1,1,1,0.43887877464294434,0.9775749444961548,0.5386961698532104,0.6740313172340393,0.9116703867912292,0.0,9,1,0.5454545454545454
data_197,0,0,0,0,0,0,0,0,0,0,0,0,0,0.9964295029640198,0.9736307859420776,-0.02279871702194214,0.7867292761802673,0.7347015142440796,0.2072180062532425,10,1,0.0
data_197,1,1,1,1,0,1,1,1,1,1,1,1,1,0.2769010663032532,0.42536887526512146,0.1484678089618683,0.6196565628051758,0.7062119841575623,0.1026477143168449,1,0,0.1818181818181818
data_198,0,0,0,0,0,0,0,0,0,0,0,0,0,0.9141587018966675,0.9141587018966675,0.0,0.8169716596603394,0.7505071759223938,0.2237492501735687,3,1,0.0
data_198,0,0,0,0,0,0,0,0,0,0,0,0,0,0.8660553693771362,0.9674676060676575,0.10141223669052124,0.8853906989097595,0.7762459516525269,0.3124115765094757,8,1,0.0
data_198,0,0,0,0,0,0,0,0,0,0,0,0,0,0.9940993785858154,0.9940993785858154,0.0,0.910788893699646,0.7740377187728882,0.2223132848739624,6,1,0.0
data_198,0,0,0,0,0,0,0,0,0,0,0,0,0,0.056205954402685165,0.1079191341996193,0.05171317979693413,0.611423909664154,0.6730830073356628,0.2033986151218414,1,0,0.1111111111111111
data_198,0,0,0,0,0,0,0,0,0,0,0,0,0,0.6607202887535095,0.6607202887535095,0.0,0.6516398787498474,0.6910867691040039,0.306023895740509,2,1,0.1111111111111111
data_198,0,0,0,0,0,0,0,0,0,0,0,0,0,0.9614803194999695,0.9614803194999695,0.0,0.8605451583862305,0.5385777354240417,0.249786302447319,1,1,0.0
data_198,0,0,0,0,0,0,0,0,0,0,0,0,0,0.9920205473899841,0.9920205473899841,0.0,0.7682529091835022,0.5454839468002319,0.4310930073261261,1,1,0.0
data_198,0,0,0,0,0,0,0,0,0,0,0,0,0,0.08450283110141754,0.19910216331481934,0.1145993322134018,0.9202152490615844,0.6377914547920227,0.1478663086891174,1,1,0.0
data_198,0,0,0,0,0,0,0,0,0,0,0,0,0,0.9487708806991577,0.9060086607933044,-0.04276221990585327,0.8968489766120911,0.7588468194007874,0.2227141708135604,6,1,0.0
data_198,0,0,0,0,0,0,0,0,0,0,0,0,0,0.6202307939529419,0.6202307939529419,0.0,0.760870635509491,0.6888885498046875,0.606290876865387,2,1,0.0
data_198,0,0,0,0,0,0,0,0,0,1,0,0,0,0.9856445789337158,0.9806560277938843,-0.004988551139831543,0.764862060546875,0.7264508008956909,0.3208188116550445,4,1,0.0
data_198,0,0,0,0,0,0,0,0,0,0,0,0,0,0.758432924747467,0.4170020818710327,-0.3414308428764343,0.8187342286109924,0.792616069316864,0.500384509563446,5,1,0.0
data_198,0,0,0,0,0,0,0,0,0,0,0,0,0,0.3096192181110382,0.8990602493286133,0.5894410312175751,0.6040701270103455,0.6273670792579651,0.1136243790388107,0,0,0.2222222222222222
data_198,0,0,0,0,0,0,0,0,0,0,0,0,0,0.9765996336936951,0.9765996336936951,0.0,0.6552785634994507,0.5914401412010193,0.5208739638328552,1,1,0.0
data_198,0,0,0,0,0,0,0,0,0,0,0,0,0,0.9988566637039185,0.9988566637039185,0.0,0.9289010167121888,0.9477320909500122,0.4279296398162842,4,1,0.1111111111111111
data_198,0,0,0,0,0,0,0,0,0,0,0,0,0,0.17980189621448517,0.05582915246486664,-0.12397274374961853,0.7956474423408508,0.7558902502059937,0.4093059003353119,5,1,0.0
data_198,0,0,0,0,0,0,0,0,0,0,0,0,0,0.9536195993423462,0.9536195993423462,0.0,0.8527344465255737,0.8134007453918457,0.4359129071235657,6,1,0.0
data_198,0,1,1,1,0,1,1,1,0,1,1,1,0,0.4473694860935211,0.04697296768426895,-0.40039651840925217,0.6587334275245667,0.5877058506011963,0.3099898397922516,1,1,0.0
data_198,0,0,0,0,0,0,0,0,0,1,0,0,0,0.016560683026909828,0.9922035932540894,0.9756429102271795,0.6929026246070862,0.8109357953071594,0.2968800663948059,4,1,0.3333333333333333
data_198,0,0,0,0,0,1,0,0,0,1,0,0,0,0.9185769557952881,0.9948068261146545,0.07622987031936646,0.7075476050376892,0.7591513991355896,0.1026354953646659,5,1,0.2222222222222222
data_198,0,0,0,0,0,0,0,0,0,0,0,0,0,0.8145959377288818,0.9815186262130737,0.1669226884841919,0.7850111722946167,0.8005168437957764,0.2030121982097625,6,1,0.2222222222222222
data_198,0,0,0,0,0,0,0,0,0,0,0,0,0,0.23567622900009155,0.23567622900009155,0.0,0.8123466968536377,0.7955256104469299,0.3959064781665802,4,1,0.0
data_198,0,0,0,0,0,0,0,0,0,0,0,0,0,0.2312375158071518,0.7174393534660339,0.48620183765888214,0.7883051037788391,0.6569104194641113,0.4170982241630554,2,1,0.0
data_198,0,0,0,0,0,0,0,0,0,1,0,0,0,0.14446213841438293,0.3342258632183075,0.18976372480392456,0.6383497714996338,0.7374299764633179,0.4039752185344696,1,0,0.1111111111111111
data_198,0,0,0,0,0,0,0,0,0,0,0,0,0,0.9889363646507263,0.9889363646507263,0.0,0.5744407176971436,0.582746684551239,0.4991699457168579,0,0,0.1111111111111111
data_198,0,0,0,0,0,0,0,0,0,0,0,0,0,0.9896384477615356,0.6034191846847534,-0.3862192630767822,0.6435726881027222,0.6101810336112976,0.1079859510064125,0,0,0.0
data_199,0,0,0,0,0,0,0,0,0,0,0,0,0,0.1656544804573059,0.23945572972297668,0.07380124926567078,0.706463098526001,0.6449302434921265,0.2110736072063446,1,1,0.0
data_199,0,0,0,0,0,0,0,0,0,1,0,0,0,0.9818686842918396,0.9818686842918396,0.0,0.7094398736953735,0.6080620884895325,0.7207654714584351,1,1,0.0
data_199,0,0,0,0,0,0,0,0,0,0,0,0,0,0.9977319240570068,0.9977319240570068,0.0,0.7261823415756226,0.5981932282447815,0.6129228472709656,1,1,0.0
data_199,0,0,0,0,0,0,0,0,0,0,0,0,0,0.6155027151107788,0.3785112500190735,-0.23699146509170532,0.8507083654403687,0.6078938245773315,0.6224811673164368,1,1,0.0
data_199,1,1,1,1,0,1,1,1,1,1,1,1,0,0.9586405158042908,0.9586405158042908,0.0,0.8681342005729675,0.5183875560760498,0.8186063170433044,1,1,0.0
data_199,0,0,0,0,0,0,0,0,0,0,0,0,0,0.8651060461997986,0.8651060461997986,0.0,0.7442810535430908,0.6784060001373291,0.5926818251609802,2,1,0.0
data_199,0,0,0,0,0,1,0,0,0,0,0,0,0,0.10970602184534073,0.10970602184534073,0.0,0.7692347168922424,0.6865280866622925,0.8006109595298767,2,1,0.0
data_199,0,0,0,0,0,0,1,1,0,0,1,1,1,0.3973011076450348,0.3973011076450348,0.0,0.7131267786026001,0.6303194165229797,0.5226178169250488,1,1,0.0
data_199,0,0,0,0,0,0,0,0,0,0,0,0,0,0.037988197058439255,0.9341824650764465,0.8961942680180073,0.499142974615097,0.7995159029960632,0.0,5,0,0.8064516129032258
data_199,1,1,1,1,1,1,1,1,1,1,1,1,1,0.011261255480349064,0.028007129207253456,0.016745873726904392,0.5594902634620667,0.868432879447937,0.0,3,0,0.3548387096774194
data_199,0,0,0,1,0,1,1,1,0,1,1,1,0,0.35347551107406616,0.8148195743560791,0.46134406328201294,0.4952183365821838,0.6775051355361938,0.0,2,0,0.5806451612903226
data_199,0,0,0,0,0,0,1,0,0,1,1,1,0,0.8914052248001099,0.8914052248001099,0.0,0.796139121055603,0.621819019317627,0.7171601057052612,1,1,0.0
data_199,0,0,0,0,0,0,0,0,0,1,0,0,0,0.7438214421272278,0.6949825882911682,-0.04883885383605957,0.6600910425186157,0.6143568158149719,0.3000970482826233,1,1,0.0
data_199,0,0,0,0,0,0,0,0,0,0,0,0,0,0.2153969556093216,0.2153969556093216,0.0,0.7696414589881897,0.5756075382232666,0.4576367735862732,1,1,0.0
data_199,0,0,0,0,0,0,0,0,0,0,0,0,0,0.8816612362861633,0.8645239472389221,-0.01713728904724121,0.4842163920402527,0.6057034134864807,0.0,0,0,0.3870967741935484
data_199,0,0,0,0,0,0,0,0,0,0,0,0,0,0.13607271015644073,0.002462985459715128,-0.1336097246967256,0.6547829508781433,0.6334946155548096,0.1077359169721603,1,1,0.0
data_199,0,0,0,0,0,0,0,0,0,0,0,0,0,0.039211250841617584,0.039211250841617584,0.0,0.6974488496780396,0.6088064908981323,0.4197982251644134,1,1,0.0
data_199,0,0,0,0,0,0,0,0,0,0,1,0,0,0.7266621589660645,0.7266621589660645,0.0,0.8149191737174988,0.7512304186820984,0.2422182410955429,2,1,0.0
data_199,0,0,0,0,0,0,0,0,0,0,0,0,0,0.026843342930078506,0.05483788996934891,0.0279945470392704,0.6737859845161438,0.8126891851425171,0.1929999142885208,5,1,0.0967741935483871
data_199,0,0,0,0,0,0,0,0,0,0,0,0,0,0.7153017520904541,0.7153017520904541,0.0,0.8129017353057861,0.5973426103591919,0.3491578996181488,1,1,0.0
data_199,0,0,0,0,0,0,0,0,0,1,0,0,0,0.6857035160064697,0.9796876907348633,0.29398417472839355,0.7207761406898499,0.7685971856117249,0.3926677107810974,3,1,0.064516129032258
data_200,1,1,1,1,1,1,1,1,0,1,1,1,1,0.6622647047042847,0.953535795211792,0.2912710905075073,0.5214925408363342,0.7927486300468445,0.0,3,0,1.0
data_200,0,0,0,0,0,0,0,0,0,1,0,0,0,0.5967450737953186,0.7715492248535156,0.17480415105819702,0.7423183917999268,0.6287083029747009,0.1191227361559867,1,1,0.0
data_200,0,0,0,0,0,0,0,0,0,0,0,0,0,0.9958757758140564,0.9145081639289856,-0.0813676118850708,0.8118564486503601,0.740408182144165,0.5104364156723022,3,1,0.0
data_200,0,0,0,0,0,0,0,0,0,0,0,0,0,0.9799754023551941,0.9867810606956482,0.0068056583404541016,0.7376439571380615,0.7313417792320251,0.1048809811472892,6,1,0.0
data_200,0,0,0,0,0,0,0,0,0,0,0,0,0,0.57785964012146,0.6610804200172424,0.08322077989578247,0.5797380805015564,0.6278707385063171,0.0980112180113792,0,0,0.3333333333333333
data_200,0,0,0,0,0,0,0,0,0,0,0,0,0,0.956476092338562,0.9044687151908875,-0.05200737714767456,0.8343104720115662,0.7502505779266357,0.4169008731842041,3,1,0.0
data_200,0,0,0,0,0,0,0,0,0,1,0,0,0,0.9983435869216919,0.9917418956756592,-0.006601691246032715,0.6219469904899597,0.8426311016082764,0.0,6,0,0.6666666666666666
data_200,0,0,0,0,0,0,0,0,0,1,0,0,0,0.9917150139808655,0.9983281493186951,0.00661313533782959,0.7128159999847412,0.6961531639099121,0.2061357945203781,3,1,0.0
data_200,1,0,0,0,0,0,0,0,0,0,0,0,0,0.9160484075546265,0.3041551411151886,-0.6118932664394379,0.8609197735786438,0.7900378704071045,0.4036485254764557,7,1,0.0
data_200,1,0,0,0,0,0,0,0,0,0,0,0,0,0.9450944066047668,0.9450944066047668,0.0,0.8195129632949829,0.6884369850158691,0.314921885728836,2,1,0.0
data_200,0,0,0,0,0,0,0,0,0,1,1,0,0,0.8237273693084717,0.8237273693084717,0.0,0.6756500005722046,0.7252769470214844,0.598673939704895,3,1,0.1111111111111111
data_200,0,0,0,0,0,0,0,0,0,0,0,0,0,0.9854234457015991,0.8947954773902893,-0.09062796831130981,0.836527407169342,0.7926114201545715,0.6962714195251465,4,1,0.0
data_200,0,0,0,0,0,0,0,0,0,0,0,0,0,0.056258365511894226,0.056258365511894226,0.0,0.731536328792572,0.7525006532669067,0.2994782030582428,6,1,0.3333333333333333
data_200,0,0,0,0,0,0,0,0,0,1,1,0,0,0.36772215366363525,0.9884524941444397,0.6207303404808044,0.7382987141609192,0.8026525378227234,0.4002068042755127,3,1,0.1111111111111111
data_200,0,0,0,0,0,0,0,0,0,1,1,0,0,0.0178430937230587,0.0178430937230587,0.0,0.7918520569801331,0.7415941953659058,0.4157799482345581,5,1,0.0
data_200,0,0,1,0,0,0,1,0,0,0,0,0,0,0.9850749969482422,0.9850749969482422,0.0,0.764954149723053,0.7884012460708618,0.3152201771736145,3,1,0.1111111111111111
data_200,1,0,0,0,0,0,0,0,0,0,0,0,0,0.2586941123008728,0.9846518039703369,0.7259576916694641,0.7387213110923767,0.74955153465271,0.3053549528121948,5,1,0.1111111111111111
data_200,0,0,0,0,0,0,1,0,0,1,1,1,0,0.9675025343894958,0.1268974244594574,-0.8406051099300385,0.4983552098274231,0.5601451396942139,0.0,0,0,0.5555555555555556
data_200,0,0,0,0,0,0,0,0,0,0,0,0,0,0.9947298765182495,0.9808938503265381,-0.013836026191711426,0.7095266580581665,0.6815817952156067,0.4057731032371521,3,1,0.0
data_200,0,0,0,0,0,0,0,0,0,1,0,0,0,0.6624451875686646,0.3466503918170929,-0.31579479575157166,0.7626814246177673,0.7980203032493591,0.499556690454483,8,1,0.1111111111111111
data_200,0,0,0,0,0,0,0,0,0,0,0,0,0,0.9872006177902222,0.9872006177902222,0.0,0.8763220310211182,0.692539632320404,0.5440788269042969,2,1,0.0
data_200,0,0,0,0,0,0,1,0,0,1,1,0,0,0.786982536315918,0.053649771958589554,-0.7333327643573284,0.7791444659233093,0.7558269500732422,0.31116783618927,5,1,0.0
data_200,0,0,0,0,0,0,0,0,0,0,0,0,0,0.9955926537513733,0.9955926537513733,0.0,0.8843214511871338,0.712758481502533,0.3252359628677368,4,1,0.0
data_200,0,0,0,0,0,0,0,0,0,0,0,0,0,0.9950383305549622,0.9950383305549622,0.0,0.7111068367958069,0.7897564768791199,0.099645160138607,5,1,0.2222222222222222
data_200,0,0,0,0,0,0,0,0,0,0,0,0,0,0.9992757439613342,0.9992757439613342,0.0,0.6888072490692139,0.6327428817749023,0.3010191619396209,1,1,0.0
data_200,1,0,0,0,0,0,1,0,0,1,1,0,0,0.334166020154953,0.01961553655564785,-0.31455048359930515,0.7671653032302856,0.6932148337364197,0.5150941014289856,2,1,0.0
data_200,0,0,0,0,0,0,0,0,0,1,0,0,0,0.9802129864692688,0.9764698147773743,-0.0037431716918945312,0.7121464610099792,0.7063447833061218,0.3951750993728637,2,1,0.0
data_200,0,0,0,0,0,1,1,0,0,1,1,1,0,0.6883639693260193,0.9265862703323364,0.23822230100631714,0.6105116605758667,0.783615231513977,0.0,6,0,0.7777777777777778
data_200,0,0,0,0,0,0,0,0,0,0,0,0,0,0.297750860452652,0.9008185863494873,0.6030677258968353,0.571700930595398,0.6223404407501221,0.1968015432357788,0,0,0.3333333333333333
data_200,1,0,0,0,0,0,0,0,0,1,1,1,0,0.022111795842647552,0.9654828310012817,0.9433710351586342,0.4994385838508606,0.5371471047401428,0.1946930289268493,0,0,0.5555555555555556
data_201,0,0,0,0,1,1,1,0,1,1,1,1,1,0.0017496857326477766,0.3480827212333679,0.34633303550072014,0.3555459380149841,0.7480191588401794,0.0,3,0,0.8958333333333334
data_201,0,0,0,0,0,1,1,0,0,1,1,0,0,0.018281349912285805,0.3734515607357025,0.3551702108234167,0.1975726634263992,0.678703248500824,0.0,1,0,0.9791666666666666
data_201,0,0,1,0,0,1,1,0,0,1,1,1,0,0.012586921453475952,0.2576662003993988,0.24507927894592285,0.2669609785079956,0.7527415156364441,0.0,8,0,0.9791666666666666
data_201,1,1,1,1,1,1,1,1,1,1,1,1,1,0.017536232247948647,0.8835211992263794,0.8659849669784307,0.6203876733779907,0.7631894946098328,0.0,6,0,0.1458333333333333
data_201,1,1,1,1,0,1,1,1,0,1,1,1,0,0.14745646715164185,0.489867627620697,0.3424111604690552,0.5242535471916199,0.6952946186065674,0.0,1,0,0.5416666666666666
data_201,0,0,0,0,0,0,1,0,0,1,1,0,0,0.9754550457000732,0.33675065636634827,-0.638704389333725,0.6924862861633301,0.7315247058868408,0.0999698936939239,7,1,0.0833333333333333
data_201,0,0,0,0,0,1,1,1,0,1,1,1,1,0.8191887140274048,0.9282494783401489,0.10906076431274414,0.6970717310905457,0.7033810615539551,0.108089655637741,4,1,0.0416666666666666
data_201,1,0,0,0,0,0,0,0,0,0,0,1,0,0.9381939768791199,0.9926689863204956,0.05447500944137573,0.5680747628211975,0.6443138718605042,0.0,0,0,0.1666666666666666
data_201,1,0,0,0,1,1,1,1,1,1,1,1,1,0.9868747591972351,0.9984239339828491,0.011549174785614014,0.4476248025894165,0.6170300245285034,0.0,0,0,0.4166666666666667
data_201,0,0,0,0,0,0,0,0,0,0,0,0,0,0.13272631168365479,0.5113511681556702,0.3786248564720154,0.6567161679267883,0.6811015605926514,0.101117119193077,5,1,0.0416666666666666
data_201,0,0,0,0,0,0,0,0,0,0,0,0,0,0.45097821950912476,0.986690878868103,0.5357126593589783,0.5365332961082458,0.6117237210273743,0.0,0,0,0.3125
data_201,0,0,0,0,0,0,0,0,0,0,0,0,0,0.9602463245391846,0.3502368927001953,-0.6100094318389893,0.673634946346283,0.6828687191009521,0.205835610628128,5,1,0.0416666666666666
data_201,0,0,0,0,0,0,0,0,0,1,0,0,0,0.910923421382904,0.040345653891563416,-0.8705777674913406,0.6630992293357849,0.6987583041191101,0.2935874164104461,4,1,0.0416666666666666
data_201,1,1,1,1,1,1,1,1,1,1,1,1,1,0.040809985250234604,0.007369541097432375,-0.03344044415280223,0.5066255927085876,0.6403090953826904,0.0,0,0,0.4375
data_201,0,0,0,0,0,0,0,0,0,0,0,0,0,0.9971956014633179,0.9971956014633179,0.0,0.7676405906677246,0.5254606604576111,0.3419453203678131,1,1,0.0
data_201,0,0,0,0,0,0,0,0,0,0,0,0,0,0.07153749465942383,0.9607155323028564,0.8891780376434326,0.5559892058372498,0.6459149718284607,0.1894480586051941,0,0,0.1041666666666666
data_201,0,0,0,0,0,0,0,0,0,0,1,0,0,0.10494823008775711,0.7946796417236328,0.6897314116358757,0.5862112045288086,0.6432304978370667,0.0,0,0,0.1458333333333333
data_201,0,0,0,0,0,0,0,0,0,0,0,0,0,0.9104754328727722,0.9711256623268127,0.06065022945404053,0.5564150214195251,0.8178739547729492,0.0,5,0,0.2708333333333333
data_201,0,0,0,0,0,0,0,0,0,0,0,0,0,0.6434555649757385,0.24892349541187286,-0.39453206956386566,0.6665406227111816,0.6873146295547485,0.2003131508827209,3,1,0.0416666666666666
data_201,0,0,0,0,0,0,0,0,0,0,0,0,0,0.977601945400238,0.5379499793052673,-0.4396519660949707,0.7781665921211243,0.6978360414505005,0.1199868991971015,3,1,0.0
data_201,0,0,0,0,0,0,0,0,0,0,0,0,0,0.3922152519226074,0.01601172611117363,-0.3762035258114338,0.7240661382675171,0.6742828488349915,0.2124843895435333,3,1,0.0
data_201,1,0,1,1,1,1,1,1,0,1,1,1,1,0.02069825865328312,0.9929666519165039,0.9722683932632208,0.4635706841945648,0.8485023379325867,0.0,8,0,0.75
data_201,1,0,1,0,0,1,1,1,0,1,1,1,0,0.05994613468647003,0.4284127950668335,0.36846666038036346,0.5449305176734924,0.6906402707099915,0.0,5,0,0.5
data_201,1,0,0,0,0,1,1,0,0,1,1,0,0,0.9803707599639893,0.9803707599639893,0.0,0.6656616926193237,0.6966418623924255,0.3074813783168793,2,1,0.0208333333333333
data_202,0,0,0,0,0,0,0,0,0,0,0,0,0,0.5033201575279236,0.5033201575279236,0.0,0.7460078597068787,0.6694247722625732,0.3139501214027405,2,1,0.0
data_202,0,0,0,0,0,0,0,0,0,0,0,0,0,0.2213607281446457,0.2213607281446457,0.0,0.8036621809005737,0.7594394087791443,0.2024462670087814,4,1,0.0
data_202,0,0,0,0,0,0,0,0,0,0,0,0,0,0.13521601259708405,0.584033727645874,0.44881771504879,0.8359735608100891,0.6907467246055603,0.6137888431549072,3,1,0.0
data_202,0,0,0,0,0,0,0,0,0,0,0,0,0,0.9566099047660828,0.9566099047660828,0.0,0.7531590461730957,0.6863288283348083,0.6175464391708374,3,1,0.0
data_202,0,0,0,0,0,0,0,0,0,0,0,0,0,0.4640832841396332,0.4640832841396332,0.0,0.7320014238357544,0.7249510884284973,0.7953031659126282,3,1,0.0
data_202,0,0,0,0,0,0,0,0,0,0,0,0,0,0.955707848072052,0.955707848072052,0.0,0.7431869506835938,0.6297338604927063,0.6181224584579468,1,1,0.0
data_202,1,0,0,0,0,0,0,0,0,1,0,1,0,0.08775149285793304,0.037187810987234116,-0.05056368187069893,0.6978205442428589,0.7382292747497559,0.0998931303620338,5,1,0.6
data_202,0,0,0,0,0,0,0,0,0,0,0,0,0,0.058960527181625366,0.008899800479412079,-0.05006072670221329,0.4964430928230285,0.5788595676422119,0.1941916346549987,0,0,0.6
data_202,0,0,0,0,0,0,0,0,0,0,0,0,0,0.11611184477806091,0.11611184477806091,0.0,0.7592219710350037,0.7477726936340332,0.4101360440254211,4,1,0.0
data_202,0,0,0,0,0,0,0,0,0,0,0,0,0,0.9758387804031372,0.9490112066268921,-0.026827573776245117,0.7076778411865234,0.6947327256202698,0.208241268992424,3,1,0.0
data_202,0,0,0,0,0,0,0,0,0,0,0,0,0,0.7815858721733093,0.08602502942085266,-0.6955608427524567,0.6279700398445129,0.7146984934806824,0.0965979844331741,1,0,0.6
data_203,0,0,0,0,0,0,0,0,0,0,0,0,0,0.009865904226899147,0.009865904226899147,0.0,0.8217012882232666,0.8052027821540833,0.2034409791231155,7,1,0.0
data_203,0,0,0,0,0,0,0,0,0,0,0,0,0,0.9985326528549194,0.9935909509658813,-0.004941701889038086,0.663675844669342,0.6499080061912537,0.3060813844203949,1,1,0.0
data_203,0,0,0,0,0,0,0,0,0,0,0,0,0,0.8797550797462463,0.8797550797462463,0.0,0.5822438597679138,0.4856850802898407,0.2341239005327224,0,0,0.0
data_203,0,0,0,0,0,0,0,0,0,0,0,0,0,0.8041296601295471,0.8041296601295471,0.0,0.7135652303695679,0.6572970151901245,0.5094780921936035,4,1,0.0
data_203,0,0,0,0,0,0,0,0,0,0,0,0,0,0.2061767578125,0.2061767578125,0.0,0.6334646940231323,0.5818477869033813,0.5248737931251526,0,0,0.0
data_203,0,0,0,0,0,0,0,0,0,0,0,0,0,0.9832977056503296,0.9832977056503296,0.0,0.8884223699569702,0.69663006067276,0.7064239978790283,2,1,0.0
data_203,0,0,0,0,0,0,0,0,0,0,0,0,0,0.750420331954956,0.750420331954956,0.0,0.854926586151123,0.7414326667785645,0.7159116268157959,6,1,0.0
data_203,1,1,1,0,0,1,1,1,0,1,1,1,1,0.6796703338623047,0.6796703338623047,0.0,0.7860795259475708,0.7017407417297363,0.4163572192192077,2,1,0.0
data_203,0,0,0,0,0,0,0,0,0,0,0,0,0,0.03045843355357647,0.03045843355357647,0.0,0.7616462111473083,0.6113489270210266,0.7267650365829468,1,1,0.0
data_203,0,0,0,0,0,0,1,0,0,1,1,1,0,0.08118681609630585,0.08118681609630585,0.0,0.7128432989120483,0.468680590391159,0.912993848323822,1,1,0.0
data_203,0,0,0,0,0,0,0,0,0,0,0,0,0,0.9695593118667603,0.9695593118667603,0.0,0.6433011889457703,0.6368687152862549,0.7079053521156311,0,0,0.0
data_203,0,0,0,0,0,0,0,0,0,1,1,1,0,0.06488907337188721,0.006346144247800112,-0.058542929124087095,0.6531275510787964,0.629429280757904,0.4087921380996704,1,1,0.0
data_203,0,0,0,0,0,0,0,0,0,0,0,0,0,0.8785967230796814,0.8785967230796814,0.0,0.6824133992195129,0.6291202306747437,0.316910058259964,1,1,0.0
data_203,0,0,0,0,0,0,0,0,0,1,0,0,0,0.05444927513599396,0.9723926782608032,0.9179434031248093,0.4819352626800537,0.7819796204566956,0.0,1,0,0.7142857142857143
data_203,0,0,0,0,0,0,0,0,0,0,0,0,0,0.9967029690742493,0.9967029690742493,0.0,0.6208436489105225,0.7286798357963562,0.4010533392429352,1,0,0.1428571428571428
data_203,0,0,0,0,0,0,0,0,0,0,0,0,0,0.9895780086517334,0.9895780086517334,0.0,0.5404314398765564,0.5594579577445984,0.2981735467910766,0,0,0.1428571428571428
data_203,0,0,0,0,0,0,1,0,0,1,1,1,0,0.6268104314804077,0.11835110187530518,-0.5084593296051025,0.6649163365364075,0.6261830925941467,0.493293285369873,1,1,0.0
data_203,0,0,0,0,0,0,0,0,0,0,0,0,0,0.9982349872589111,0.9982349872589111,0.0,0.844005823135376,0.7498886585235596,0.2248629480600357,5,1,0.0
data_203,1,0,0,0,0,0,0,0,0,0,0,0,0,0.6204232573509216,0.9360212087631226,0.3155979514122009,0.6715606451034546,0.770405113697052,0.1965849697589874,4,1,0.4285714285714285
data_203,0,0,0,0,0,0,0,0,0,0,0,0,0,0.6129926443099976,0.6129926443099976,0.0,0.7411843538284302,0.5779151320457458,0.3454560041427612,1,1,0.0
data_203,0,0,0,0,0,0,1,0,0,0,0,0,0,0.9321921467781067,0.9209939241409302,-0.011198222637176514,0.6759138703346252,0.6623708009719849,0.1082644239068031,4,1,0.0
data_204,0,0,0,0,0,0,0,0,0,0,0,0,0,0.9925550818443298,0.9925550818443298,0.0,0.9442981481552124,0.6947709321975708,0.4287722110748291,5,1,0.0
data_204,0,0,0,0,0,0,0,0,0,0,0,0,0,0.9436008930206299,0.9436008930206299,0.0,0.9222760200500488,0.7399441003799438,0.2309683114290237,4,1,0.0
data_204,0,0,0,0,0,0,0,0,0,0,0,0,0,0.6295917630195618,0.6295917630195618,0.0,0.8902752995491028,0.638572096824646,0.6256728768348694,1,1,0.0
data_204,0,0,0,0,0,0,0,0,0,0,0,0,0,0.7851423621177673,0.7851423621177673,0.0,0.8394536972045898,0.6599932909011841,0.4290269613265991,3,1,0.0
data_204,0,0,0,0,0,0,0,0,0,0,0,0,0,0.9945666790008545,0.9945666790008545,0.0,0.999150276184082,0.8748950958251953,0.5117782354354858,4,1,0.0
data_204,0,0,0,0,0,0,0,0,0,0,0,0,0,0.4763966202735901,0.4763966202735901,0.0,0.7677903175354004,0.7056346535682678,0.6142829060554504,3,1,0.0
data_204,0,0,0,0,0,0,0,0,0,0,0,0,0,0.8861416578292847,0.8861416578292847,0.0,0.9880114197731018,0.714715301990509,0.6146835088729858,2,1,0.0
data_204,1,0,0,0,0,0,0,0,0,1,0,0,0,0.15401789546012878,0.15401789546012878,0.0,0.8573035597801208,0.7377049326896667,0.7121720314025879,5,1,0.0
data_204,1,0,1,0,0,1,1,1,0,1,1,1,1,0.17606286704540253,0.5728539824485779,0.39679111540317535,0.5985268950462341,0.7192156314849854,0.1931893825531005,1,0,0.4285714285714285
data_204,0,0,0,0,0,0,0,0,0,0,0,0,0,0.8440369367599487,0.9942276477813721,0.15019071102142334,0.8187826871871948,0.6905423998832703,0.1193662211298942,5,1,0.0
data_204,1,0,0,0,0,1,1,0,1,1,1,1,0,0.6566030979156494,0.0086539126932621,-0.6479491852223873,0.7453263401985168,0.7476100921630859,0.3965663909912109,3,1,0.1428571428571428
data_204,0,0,0,1,0,1,1,0,0,1,1,1,0,0.20250821113586426,0.9960220456123352,0.793513834476471,0.5468742251396179,0.9481770992279052,0.0,5,0,1.0
data_204,1,0,1,0,0,1,1,0,1,1,1,1,0,0.005217903293669224,0.9913500547409058,0.9861321514472365,0.6541302800178528,0.8008307814598083,0.1949422657489776,4,1,0.4285714285714285
data_204,1,1,1,1,1,1,1,1,1,1,1,1,1,0.0034808677155524492,0.026160970330238342,0.022680102614685893,0.5859033465385437,0.7472803592681885,0.092870682477951,2,0,0.7142857142857143
data_204,0,0,0,0,0,0,0,0,0,0,0,0,0,0.9778734445571899,0.9778734445571899,0.0,0.903368353843689,0.7067839503288269,0.2490172088146209,3,1,0.0
data_204,0,0,0,0,0,0,0,0,0,1,1,0,0,0.05161060020327568,0.025318756699562073,-0.026291843503713608,0.6054392457008362,0.6223545074462891,0.2121320366859436,0,0,0.1428571428571428
data_205,1,0,0,0,0,0,0,0,0,0,0,0,0,0.9576764702796936,0.008200494572520256,-0.9494759757071733,0.7236396670341492,0.6706352233886719,0.2127503305673599,2,1,0.0
data_205,0,0,0,0,0,0,0,0,0,1,1,0,0,0.07137549668550491,0.9188090562820435,0.8474335595965385,0.7732311487197876,0.7567701935768127,0.1050404384732246,12,1,0.0
data_205,0,0,0,0,0,1,1,1,0,1,1,1,0,0.00682669086381793,0.9922966361045837,0.9854699452407658,0.7232075929641724,0.9731871485710144,0.0948188528418541,13,1,0.2777777777777778
data_205,0,0,0,0,0,0,0,0,0,1,0,0,0,0.002920020604506135,0.014153053984045982,0.011233033379539847,0.7359721660614014,0.7915390729904175,0.5921339392662048,6,1,0.0555555555555555
data_205,0,0,0,0,0,0,0,0,0,1,1,0,0,0.5236770510673523,0.5236770510673523,0.0,0.679320216178894,0.6201918721199036,0.2056884616613388,1,1,0.0
data_205,0,0,0,0,0,1,1,0,0,1,1,1,0,0.1158221885561943,0.19641928374767303,0.08059709519147873,0.6569006443023682,0.8134099245071411,0.0,13,1,0.6666666666666666
data_205,0,0,0,0,0,0,0,0,0,0,0,0,0,0.9390395283699036,0.9390395283699036,0.0,0.8902000784873962,0.7774553894996643,0.2226135730743408,13,1,0.0
data_205,0,0,0,0,0,0,0,0,0,0,0,0,0,0.6303437352180481,0.3879135251045227,-0.2424302101135254,0.8423808217048645,0.8376955986022949,0.3077476918697357,10,1,0.0
data_205,0,0,0,0,0,0,0,0,0,0,1,0,0,0.02013428322970867,0.01828044094145298,-0.0018538422882556915,0.7639147043228149,0.759242057800293,0.1095966026186943,9,1,0.0
data_205,0,0,0,0,0,0,0,0,0,0,0,0,0,0.9972073435783386,0.9972073435783386,0.0,0.8623332977294922,0.7064638137817383,0.2185805290937423,8,1,0.0
data_205,1,0,0,0,0,1,0,0,0,1,1,0,0,0.4438387453556061,0.7831551432609558,0.33931639790534973,0.8336931467056274,0.7522074580192566,0.2104050666093826,13,1,0.0
data_205,0,0,0,0,0,1,1,0,0,1,1,0,0,0.021976258605718613,0.12827597558498383,0.10629971697926521,0.679108202457428,0.8158713579177856,0.0946277752518653,10,1,0.3333333333333333
data_206,0,0,0,0,0,0,0,0,0,1,0,0,0,0.04294971749186516,0.015939686447381973,-0.027010031044483185,0.6572352647781372,0.7305259108543396,0.0956292599439621,6,1,0.3125
data_206,0,0,0,0,0,0,0,0,0,0,0,0,0,0.09039350599050522,0.4485723078250885,0.3581788018345833,0.7744897603988647,0.792902410030365,0.2028417289257049,10,1,0.0625
data_206,0,0,0,0,0,1,0,0,0,1,1,0,0,0.06489931792020798,0.9573888778686523,0.8924895599484444,0.6463915705680847,0.7689856886863708,0.1002733260393142,2,0,0.125
data_206,0,0,0,0,0,0,0,0,0,1,1,1,0,0.22975817322731018,0.9726531505584717,0.7428949773311615,0.7199923992156982,0.8043039441108704,0.1013760790228843,8,1,0.1875
data_206,0,0,0,0,0,0,0,0,0,1,0,0,0,0.3556782603263855,0.010455497540533543,-0.34522276278585196,0.6195440888404846,0.7020407319068909,0.0949328988790512,5,0,0.4375
data_206,0,0,0,0,0,1,1,0,0,1,0,0,0,0.004178632982075214,0.006093234289437532,0.001914601307362318,0.6743592023849487,0.6299859881401062,0.4137822985649109,1,1,0.0
data_206,0,0,0,0,0,0,0,0,0,0,0,0,0,0.7725628614425659,0.7725628614425659,0.0,0.7579750418663025,0.7951776385307312,0.3293814659118652,3,1,0.0625
data_206,0,0,0,0,0,0,0,0,0,0,0,0,0,0.025994043797254562,0.009196484461426735,-0.016797559335827827,0.889412522315979,0.7895143032073975,0.2191877961158752,4,1,0.0
data_206,0,0,0,0,0,0,0,0,0,1,0,0,0,0.2742180824279785,0.2742180824279785,0.0,0.8371229767799377,0.7183704376220703,0.6225485801696777,3,1,0.0
data_206,0,0,0,0,0,0,0,0,0,0,0,0,0,0.9672285914421082,0.9672285914421082,0.0,0.7161389589309692,0.7298640012741089,0.3043102622032165,3,1,0.0625
data_206,1,0,0,0,0,0,0,0,0,1,0,0,0,0.4953945577144623,0.4953945577144623,0.0,0.7800450921058655,0.7485151290893555,0.3204466700553894,4,1,0.0
data_206,1,0,0,0,0,0,1,0,0,1,1,1,0,0.015124524012207985,0.2222287505865097,0.20710422657430172,0.6601247191429138,0.8294715881347656,0.0928316488862037,6,1,0.3125
data_206,0,0,0,0,0,0,0,0,0,0,0,0,0,0.9785476922988892,0.9824315905570984,0.0038838982582092285,0.9770304560661316,0.839680552482605,0.3371060788631439,6,1,0.0
data_206,0,0,0,0,0,0,0,0,0,1,0,0,0,0.22121790051460266,0.08846410363912582,-0.13275379687547684,0.8191186785697937,0.7272591590881348,0.2118420451879501,9,1,0.0
data_206,1,0,0,0,0,0,0,0,0,1,0,0,0,0.6323859095573425,0.7244317531585693,0.0920458436012268,0.7432955503463745,0.7949380874633789,0.0992085039615631,15,1,0.1875
data_206,0,0,0,0,0,0,0,0,0,0,0,0,0,0.8998830318450928,0.3703605532646179,-0.5295224785804749,0.7265033721923828,0.7599611878395081,0.2984277606010437,8,1,0.1875
data_206,0,0,0,0,0,0,0,0,0,1,0,0,0,0.16481080651283264,0.8377058506011963,0.6728950440883636,0.7047593593597412,0.6783561706542969,0.2131028771400451,2,1,0.0
data_206,0,0,0,0,0,0,0,0,0,0,0,0,0,0.20385025441646576,0.20385025441646576,0.0,0.7709381580352783,0.6057100892066956,0.4536556005477905,1,1,0.0
