ref,i,hall,match_orador,chunks_achados,chunks_no_orador,chars_chunks,chars_opiniao
data_001,0,0,0,4,0,2878,97
data_001,1,0,0,4,0,1445,96
data_001,2,0,1,4,4,2137,129
data_001,3,0,1,3,3,2086,126
data_001,4,0,1,3,3,1564,79
data_001,5,0,1,4,4,2837,137
data_001,6,0,1,4,4,2434,157
data_001,7,0,1,4,4,3837,123
data_001,8,0,1,4,4,3296,109
data_001,9,0,1,4,4,2343,114
data_001,10,0,1,3,3,3450,140
data_001,11,1,1,4,4,1786,168
data_001,12,0,1,4,4,1570,130
data_001,13,1,1,4,4,1340,130
data_001,14,0,1,4,4,1279,83
data_001,15,1,1,4,4,1272,122
data_001,16,0,1,4,4,1984,87
data_001,17,0,1,4,4,2439,136
data_002,0,0,0,4,0,1773,67
data_002,1,0,0,4,0,2816,93
data_002,2,0,0,4,0,1915,71
data_002,3,0,1,4,4,3436,104
data_002,4,0,1,3,3,2311,89
data_002,5,0,1,4,4,2428,88
data_002,6,0,1,4,4,2100,77
data_002,7,0,1,4,4,2887,93
data_002,8,0,1,4,4,3174,61
data_002,9,0,1,4,4,2674,92
data_002,10,1,1,4,4,2656,97
data_002,11,0,1,4,4,2498,85
data_002,12,0,1,4,4,2498,96
data_002,13,0,1,4,4,2675,57
data_002,14,0,1,4,4,2447,75
data_003,0,0,0,3,0,1976,45
data_003,1,0,0,4,0,2510,56
data_003,2,0,1,3,3,2048,86
data_003,3,0,1,3,3,2291,100
data_003,4,0,1,3,3,2872,84
data_003,5,0,1,4,4,2610,77
data_003,6,0,1,4,4,3150,94
data_003,7,0,1,4,4,2058,136
data_003,8,0,1,4,4,2115,74
data_003,9,0,1,4,4,2586,98
data_003,10,0,1,4,4,3276,117
data_003,11,0,1,4,4,2172,126
data_003,12,0,1,4,4,2955,106
data_003,13,0,1,3,3,1944,123
data_003,14,0,1,4,4,2198,82
data_003,15,0,1,4,4,2454,97
data_003,16,0,1,4,4,1576,55
data_003,17,0,1,4,4,2147,148
data_003,18,0,1,4,4,1712,97
data_003,19,0,1,4,4,2192,56
data_003,20,0,1,4,4,2653,117
data_003,21,0,1,4,4,2565,69
data_003,22,0,1,4,4,1867,106
data_003,23,0,1,4,4,1591,57
data_003,24,0,1,4,4,1593,46
data_003,25,0,1,4,4,1650,79
data_003,26,0,1,4,4,1441,101
data_003,27,0,1,4,4,1532,87
data_003,28,1,1,4,4,1969,81
data_003,29,1,1,4,4,1926,54
data_003,30,0,1,4,4,1727,67
data_003,31,0,1,3,3,1266,105
data_003,32,0,1,3,3,1322,42
data_004,0,0,0,4,0,2949,97
data_004,1,0,0,4,0,2629,106
data_004,2,0,0,4,0,3035,55
data_004,3,0,0,4,0,2651,62
data_004,4,0,1,4,4,3387,98
data_004,5,0,1,4,4,3725,100
data_004,6,0,1,4,4,3367,109
data_004,7,0,1,4,4,2631,125
data_004,8,0,1,4,4,2779,87
data_004,9,0,1,4,4,2698,62
data_004,10,0,1,4,4,3062,63
data_004,11,0,1,4,4,3536,98
data_004,12,0,1,4,4,2813,99
data_004,13,0,1,4,4,3821,92
data_004,14,0,1,4,4,2369,98
data_004,15,0,1,4,4,3204,77
data_004,16,0,1,4,4,2680,128
data_004,17,0,1,4,4,883,110
data_004,18,1,1,4,4,883,97
data_005,0,0,0,4,0,3693,105
data_005,1,1,0,4,0,3566,144
data_005,2,1,0,4,0,3454,123
data_005,3,0,1,3,2,1392,69
data_005,4,0,1,4,4,2138,116
data_005,5,0,1,4,4,2138,101
data_005,6,0,1,4,4,1450,107
data_005,7,0,1,4,4,1627,89
data_005,8,1,1,4,4,1450,106
data_005,9,1,1,4,4,1450,126
data_005,10,0,1,4,4,3518,67
data_005,11,0,1,4,4,3804,154
data_005,12,0,1,3,3,3523,133
data_005,13,0,1,4,4,3106,71
data_005,14,0,1,3,3,2906,125
data_005,15,0,1,3,3,3919,59
data_005,16,0,1,4,4,2502,97
data_005,17,0,1,4,4,2502,118
data_005,18,0,1,4,4,2457,115
data_006,0,0,1,3,0,3422,76
data_006,1,0,1,2,0,1976,130
data_006,2,0,1,4,0,2082,111
data_006,3,0,1,4,0,2271,93
data_006,4,1,1,3,3,2142,110
data_006,5,0,1,4,4,1760,115
data_006,6,0,1,4,4,2019,83
data_006,7,0,1,4,4,2379,100
data_006,8,0,1,4,4,3596,126
data_006,9,0,1,3,3,2801,118
data_006,10,0,1,2,2,2453,107
data_006,11,0,1,3,3,1775,131
data_006,12,1,1,4,4,1886,90
data_006,13,0,1,4,4,2371,103
data_006,14,0,1,3,3,1802,67
data_006,15,0,1,4,4,2367,120
data_006,16,0,1,4,4,2193,89
data_006,17,0,1,3,3,1567,122
data_006,18,1,1,3,3,1549,89
data_007,0,0,0,4,0,3241,105
data_007,1,0,0,4,0,2872,65
data_007,2,0,0,4,0,2760,97
data_007,3,0,0,4,0,3067,81
data_007,4,0,1,4,4,3295,79
data_007,5,0,1,4,4,3904,109
data_007,6,0,1,4,4,3719,76
data_007,7,0,1,4,4,3776,163
data_007,8,0,1,4,4,2395,101
data_007,9,0,1,3,3,2269,57
data_007,10,0,1,4,4,2494,121
data_007,11,0,1,3,3,2269,116
data_007,12,0,1,4,4,2537,101
data_007,13,0,1,4,4,2479,86
data_007,14,0,1,4,4,2283,105
data_007,15,0,1,4,4,2212,82
data_007,16,0,1,4,4,2187,89
data_007,17,0,1,4,4,1907,107
data_007,18,0,1,4,4,3635,107
data_007,19,0,1,4,4,3635,103
data_007,20,0,1,4,4,2769,124
data_007,21,0,1,4,4,3256,109
data_007,22,0,1,4,4,2897,93
data_007,23,0,1,4,4,3246,122
data_007,24,0,1,4,4,3406,142
data_008,0,0,0,4,0,2391,123
data_008,1,0,0,4,0,1854,77
data_008,2,0,1,4,4,2608,165
data_008,3,0,1,4,4,2588,148
data_008,4,0,1,4,4,4119,143
data_008,5,0,1,4,4,2285,160
data_008,6,0,1,4,4,2572,131
data_008,7,0,1,3,3,3486,129
data_008,8,0,1,3,3,3664,104
data_008,9,0,1,3,3,3420,115
data_008,10,0,1,4,4,3763,127
data_008,11,0,1,4,4,3466,114
data_008,12,0,1,4,4,3986,94
data_008,13,0,1,4,4,3352,140
data_008,14,0,1,4,4,3917,117
data_009,0,0,0,4,0,2610,141
data_009,1,0,0,4,0,2318,92
data_009,2,0,1,4,4,4835,133
data_009,3,0,1,4,4,4446,145
data_009,4,0,1,3,3,4660,160
data_009,5,0,1,4,4,2494,144
data_009,6,0,1,4,4,2575,109
data_009,7,0,1,4,4,2111,126
data_009,8,0,1,4,4,2216,140
data_009,9,0,1,4,4,2216,128
data_009,10,0,1,4,4,1890,107
data_009,11,0,1,4,4,3111,151
data_009,12,0,1,4,4,3111,166
data_009,13,0,1,3,3,2049,101
data_010,0,0,0,4,0,2807,118
data_010,1,1,0,4,0,1799,47
data_010,2,0,0,4,0,3379,111
data_010,3,0,1,4,4,2767,117
data_010,4,0,1,4,4,2758,80
data_010,5,0,1,4,4,4024,128
data_010,6,0,1,4,4,2124,85
data_010,7,0,1,4,4,2275,123
data_010,8,0,1,4,4,1609,73
data_010,9,0,1,4,4,1568,102
data_010,10,0,1,4,4,1340,80
data_010,11,0,1,4,4,2525,85
data_010,12,0,1,4,4,2517,102
data_010,13,0,1,4,4,2675,97
data_010,14,0,1,4,4,2809,119
data_010,15,0,1,4,4,2769,77
data_010,16,0,1,4,4,2233,107
data_010,17,0,1,4,4,1923,109
data_010,18,0,1,4,4,2011,117
data_011,0,1,0,4,0,1952,29
data_011,1,0,0,4,0,2174,51
data_011,2,0,0,4,0,2107,118
data_011,3,0,1,4,4,2272,127
data_011,4,0,1,4,4,2496,97
data_011,5,0,1,4,4,2105,66
data_011,6,0,1,4,4,2604,103
data_011,7,0,1,4,4,2314,74
data_011,8,0,1,4,4,2761,104
data_011,9,0,1,4,4,2966,100
data_011,10,0,1,4,4,2976,92
data_011,11,0,1,4,4,2340,77
data_011,12,0,1,4,4,1864,69
data_011,13,0,1,4,4,2215,59
data_011,14,0,1,4,4,3048,66
data_011,15,0,1,4,4,1841,64
data_011,16,0,1,4,4,1749,76
data_011,17,0,1,4,4,3518,93
data_011,18,0,1,4,4,3775,140
data_011,19,0,1,4,4,3503,80
data_011,20,0,1,4,4,4270,84
data_011,21,0,1,4,4,3141,92
data_011,22,0,1,4,4,2238,91
data_011,23,0,1,4,4,2353,78
data_011,24,0,1,4,4,3062,87
data_011,25,0,1,4,4,2338,85
data_011,26,0,1,4,4,2017,125
data_012,0,0,0,4,0,2892,129
data_012,1,0,0,4,0,2880,100
data_012,2,0,0,4,0,2252,85
data_012,3,0,1,4,4,2262,130
data_012,4,0,1,4,4,2512,97
data_012,5,0,1,4,4,1225,117
data_012,6,0,1,4,4,2277,97
data_012,7,0,0,4,0,3493,91
data_012,8,0,0,4,0,3225,122
data_012,9,0,0,4,0,3463,111
data_012,10,0,0,4,0,3602,124
data_012,11,1,1,4,4,3525,148
data_012,12,1,1,4,4,3160,115
data_012,13,0,1,4,4,4652,90
data_012,14,0,1,4,4,6630,126
data_012,15,0,1,4,4,3228,129
data_012,16,0,1,4,4,3700,119
data_012,17,0,1,4,4,3064,99
data_012,18,0,1,4,4,3310,83
data_012,19,0,1,4,4,3502,113
data_012,20,0,1,4,4,3688,80
data_012,21,0,1,4,4,2822,101
data_012,22,0,1,4,4,3762,84
data_012,23,0,1,4,4,3338,98
data_012,24,0,1,4,4,3239,82
data_012,25,0,1,4,4,2977,65
data_012,26,0,1,4,4,3142,104
data_012,27,0,1,4,4,3016,93
data_012,28,0,1,4,4,2610,90
data_012,29,0,1,4,4,2721,115
data_012,30,0,1,4,4,3024,85
data_012,31,0,1,4,4,2304,68
data_012,32,0,1,4,4,1962,81
data_012,33,0,1,4,4,2562,103
data_012,34,0,1,4,4,2703,85
data_013,0,0,0,4,0,2601,90
data_013,1,0,0,4,0,2049,119
data_013,2,0,0,4,0,2459,96
data_013,3,0,1,4,4,2290,106
data_013,4,0,1,4,4,2602,83
data_013,5,0,1,4,4,3423,64
data_013,6,0,1,4,4,2803,105
data_013,7,0,1,4,4,2803,79
data_013,8,0,1,4,4,3059,81
data_013,9,0,1,4,4,3134,119
data_013,10,0,1,4,4,2441,56
data_013,11,0,1,4,4,3170,89
data_013,12,0,1,4,4,1884,99
data_013,13,0,1,4,4,3964,129
data_013,14,0,1,4,4,4387,115
data_013,15,0,1,4,4,3382,71
data_013,16,0,1,4,4,3572,130
data_013,17,0,1,4,4,1768,67
data_013,18,0,1,4,4,3437,63
data_013,19,0,1,4,4,3618,107
data_013,20,0,1,4,4,2184,109
data_013,21,0,1,4,4,2601,107
data_013,22,0,1,4,4,1983,97
data_013,23,0,1,4,4,4503,111
data_013,24,0,1,4,4,4235,90
data_013,25,0,1,4,4,4275,110
data_014,0,0,0,4,0,1922,64
data_014,1,0,0,4,0,1781,117
data_014,2,0,0,4,0,2126,98
data_014,3,0,0,4,0,1988,101
data_014,4,0,1,4,4,3600,132
data_014,5,0,1,4,4,2934,96
data_014,6,0,1,4,4,3753,151
data_014,7,0,1,4,4,3335,97
data_014,8,0,1,4,4,2879,67
data_014,9,0,1,4,4,2691,84
data_014,10,0,1,4,4,2879,117
data_014,11,0,1,4,4,2879,116
data_014,12,0,1,4,4,2691,68
data_014,13,0,1,4,4,1574,75
data_014,14,0,1,4,4,2398,102
data_014,15,1,1,4,4,2007,88
data_014,16,0,1,4,4,1911,107
data_014,17,0,1,4,4,2321,78
data_014,18,0,1,4,4,2387,104
data_014,19,0,1,4,4,2510,143
data_014,20,0,1,4,4,2146,65
data_014,21,0,1,4,4,2118,115
data_014,22,0,1,4,4,2529,92
data_014,23,0,1,4,4,2407,88
data_014,24,1,1,4,4,2379,102
data_014,25,0,1,4,4,2978,120
data_014,26,0,1,4,4,2815,90
data_014,27,0,1,4,4,2429,123
data_014,28,0,1,4,4,2526,116
data_015,0,0,0,4,0,2028,120
data_015,1,0,0,3,0,2237,142
data_015,2,0,0,4,0,1768,101
data_015,3,0,1,3,1,2089,138
data_015,4,0,1,3,2,2569,108
data_015,5,1,1,3,1,1819,119
data_015,6,0,1,4,4,3093,143
data_015,7,0,1,4,4,2875,111
data_015,8,0,1,3,3,2575,115
data_015,9,0,1,4,4,2205,87
data_015,10,0,1,4,4,1782,94
data_015,11,1,1,4,4,2169,86
data_015,12,0,1,4,4,1840,97
data_015,13,0,1,4,4,1885,80
data_015,14,0,1,4,4,1971,114
data_016,0,0,1,4,4,3049,166
data_016,1,0,1,4,3,2827,137
data_016,2,0,1,4,4,3544,109
data_016,3,0,1,4,4,2259,79
data_016,4,0,1,4,3,2854,155
data_016,5,1,0,4,0,1714,54
data_016,6,0,0,4,0,2224,159
data_016,7,0,1,3,3,1816,94
data_016,8,0,1,4,4,2289,181
data_016,9,0,1,4,4,1815,118
data_016,10,0,1,4,4,2277,101
data_016,11,0,1,3,3,1808,89
data_016,12,0,1,4,4,1649,102
data_016,13,1,1,3,3,2036,105
data_017,0,1,0,4,0,2771,105
data_017,1,0,1,4,4,1788,91
data_017,2,0,1,4,4,1408,217
data_017,3,0,1,4,4,2129,130
data_017,4,0,1,4,4,2067,97
data_017,5,0,1,4,0,1744,118
data_017,6,1,1,4,0,1904,134
data_017,7,1,1,4,0,1821,96
data_017,8,1,1,4,0,1654,131
data_017,9,0,1,4,4,2602,159
data_017,10,0,1,4,4,2744,151
data_017,11,0,1,4,4,2497,113
data_017,12,1,1,4,4,1463,147
data_017,13,0,1,4,4,2065,129
data_017,14,0,1,4,4,1463,143
data_018,0,0,0,4,0,2387,70
data_018,1,0,0,4,0,2674,85
data_018,2,0,0,4,0,2674,96
data_018,3,0,0,3,0,2604,139
data_018,4,0,1,4,4,2397,90
data_018,5,0,1,4,4,2493,88
data_018,6,0,1,4,4,3013,158
data_018,7,0,1,4,4,1898,104
data_018,8,0,1,4,4,2002,104
data_018,9,1,0,4,0,2453,85
data_018,10,0,0,4,0,3794,93
data_018,11,1,1,4,4,3268,99
data_018,12,1,1,4,4,2812,80
data_018,13,0,1,4,4,3142,101
data_018,14,0,1,4,4,2626,91
data_019,0,0,0,4,0,2289,106
data_019,1,0,0,4,0,1999,100
data_019,2,0,0,3,0,2563,108
data_019,3,0,1,4,4,3095,91
data_019,4,0,1,4,4,2718,102
data_019,5,0,1,4,4,2899,104
data_019,6,0,1,4,4,1979,93
data_019,7,0,1,4,4,1979,114
data_019,8,0,1,4,4,2519,114
data_019,9,0,1,4,4,2641,91
data_019,10,0,1,4,4,2866,120
data_019,11,0,1,4,4,2952,108
data_019,12,0,1,4,4,2777,101
data_019,13,0,1,4,4,2416,80
data_019,14,0,1,4,4,2506,95
data_019,15,0,1,4,4,3260,88
data_019,16,0,1,4,4,3177,125
data_019,17,0,1,4,4,3554,104
data_019,18,0,1,4,4,1404,62
data_019,19,0,1,4,4,1510,104
data_019,20,0,1,4,4,1750,103
data_019,21,0,1,4,4,3645,104
data_019,22,0,1,4,4,3476,106
data_019,23,0,1,4,4,3476,99
data_019,24,0,1,4,4,2606,80
data_019,25,0,1,4,4,2351,84
data_019,26,0,1,4,4,2393,119
data_019,27,0,1,4,4,2275,65
data_019,28,0,1,4,4,2561,70
data_019,29,0,1,4,4,2360,109
data_020,0,0,0,4,0,2303,74
data_020,1,0,0,4,0,2656,86
data_020,2,0,0,4,0,2698,79
data_020,3,0,0,4,0,2656,90
data_020,4,0,1,4,4,2677,102
data_020,5,0,1,4,4,3099,104
data_020,6,0,1,4,4,2822,88
data_020,7,0,1,3,3,2723,103
data_020,8,1,1,3,3,3001,79
data_020,9,0,1,4,4,2129,49
data_020,10,0,1,4,4,1979,92
data_020,11,0,1,4,4,1734,66
data_020,12,0,1,3,3,2285,109
data_020,13,0,1,3,3,2253,110
data_020,14,0,1,4,4,1954,82
data_020,15,0,1,4,4,2053,67
data_020,16,0,1,4,4,1949,101
data_020,17,0,1,4,4,2053,85
data_020,18,0,1,4,4,2849,76
data_020,19,0,1,4,4,2849,62
data_020,20,0,1,4,4,2849,87
data_020,21,0,1,4,4,2849,111
data_020,22,0,1,4,4,2271,49
data_020,23,0,1,4,4,2527,89
data_020,24,0,1,4,4,2271,80
data_020,25,0,1,4,4,2271,87
data_020,26,0,1,4,4,1941,87
data_020,27,0,1,4,4,2017,100
data_020,28,0,1,4,4,2153,97
data_020,29,0,1,4,4,1869,68
data_020,30,0,1,4,4,2325,63
data_020,31,0,1,4,4,2663,72
data_020,32,0,1,4,4,2331,85
data_020,33,0,1,4,4,2271,73
data_020,34,0,1,4,4,2307,88
data_020,35,0,1,4,4,2381,88
data_020,36,0,1,4,4,1973,74
data_020,37,0,1,4,4,2424,85
data_020,38,0,1,4,4,2060,91
data_020,39,0,1,4,4,2060,67
data_020,40,0,1,4,4,2060,98
data_021,0,0,0,4,0,2282,114
data_021,1,1,0,4,0,1698,84
data_021,2,0,1,4,4,3001,130
data_021,3,0,1,4,4,2388,90
data_021,4,0,1,4,4,2049,84
data_021,5,0,1,4,4,2532,88
data_021,6,0,1,4,4,2295,87
data_021,7,0,1,4,4,2255,91
data_021,8,0,1,4,4,2608,89
data_021,9,0,1,4,4,2135,91
data_021,10,0,1,4,4,2857,77
data_021,11,0,1,4,4,1698,87
data_021,12,0,1,4,4,1506,70
data_021,13,1,1,4,4,1279,72
data_021,14,0,1,4,4,2532,111
data_021,15,0,1,4,4,2682,74
data_021,16,0,1,4,4,2962,75
data_021,17,0,1,3,3,2391,80
data_021,18,0,1,4,4,2032,76
data_021,19,0,1,3,3,1440,59
data_021,20,0,1,4,4,1626,62
data_021,21,0,1,4,4,1626,90
data_022,0,0,0,3,0,3226,73
data_022,1,0,0,3,0,2589,113
data_022,2,0,0,4,0,3411,148
data_022,3,0,1,4,3,1961,95
data_022,4,1,1,4,4,2962,88
data_022,5,1,1,4,3,2639,121
data_022,6,0,1,4,4,2821,95
data_022,7,0,1,4,4,2127,89
data_022,8,0,1,4,4,2821,123
data_022,9,0,1,4,4,3039,106
data_022,10,1,1,4,4,3170,95
data_022,11,1,1,4,4,3118,147
data_022,12,1,1,4,4,2429,96
data_022,13,0,1,4,4,2110,118
data_022,14,0,1,4,4,2273,103
data_022,15,0,1,4,4,2607,97
data_022,16,0,1,4,4,2971,88
data_022,17,0,1,4,4,3354,110
data_023,0,0,0,4,0,2604,93
data_023,1,0,0,4,0,3060,110
data_023,2,0,1,4,4,2288,105
data_023,3,0,1,4,4,2172,110
data_023,4,1,1,4,4,2377,129
data_023,5,0,1,4,4,2220,96
data_023,6,0,1,4,4,2571,116
data_023,7,0,1,4,4,2665,138
data_023,8,0,1,4,4,3483,62
data_023,9,0,1,4,4,3559,88
data_023,10,0,1,4,4,2047,108
data_023,11,0,1,4,4,2163,119
data_023,12,0,1,3,3,2004,101
data_023,13,1,1,4,4,2675,128
data_023,14,1,1,4,4,1642,120
data_023,15,0,1,4,4,1394,144
data_024,0,0,0,4,0,2972,149
data_024,1,0,0,4,0,3025,130
data_024,2,0,1,4,4,3136,126
data_024,3,0,1,4,4,3739,103
data_024,4,0,1,4,4,5115,109
data_024,5,1,1,4,4,4766,101
data_024,6,0,1,4,4,3363,98
data_024,7,0,1,4,4,3294,142
data_024,8,1,1,4,4,2236,117
data_024,9,0,1,4,4,1875,134
data_024,10,0,1,4,4,2527,76
data_024,11,0,1,4,4,3847,131
data_024,12,0,1,4,4,3876,87
data_024,13,1,1,4,4,3863,125
data_025,0,0,1,4,0,3513,86
data_025,1,0,1,4,0,5139,75
data_025,2,0,1,4,0,2580,142
data_025,3,0,1,4,4,2259,95
data_025,4,1,1,4,4,2155,84
data_025,5,0,1,3,3,1621,52
data_025,6,0,1,4,4,2392,80
data_025,7,0,1,4,4,2881,116
data_025,8,0,1,3,3,2504,80
data_025,9,0,1,3,3,2422,77
data_025,10,0,1,4,4,2185,78
data_025,11,0,1,4,4,1874,78
data_025,12,0,1,4,4,1766,82
data_025,13,1,1,4,4,1760,108
data_025,14,0,1,4,4,2820,89
data_025,15,0,1,4,4,2820,82
data_025,16,0,0,4,0,2091,79
data_025,17,0,0,4,0,2109,88
data_026,0,1,0,4,0,3486,106
data_026,1,1,0,4,0,2979,102
data_026,2,0,0,4,0,3499,91
data_026,3,0,0,4,0,3381,80
data_026,4,1,0,4,0,2835,217
data_026,5,0,1,4,4,2466,111
data_026,6,0,1,4,4,2041,114
data_026,7,0,1,4,4,2090,88
data_026,8,0,1,4,4,2065,114
data_026,9,0,1,4,4,1892,79
data_026,10,0,1,4,4,3224,118
data_026,11,0,1,4,4,3610,75
data_026,12,0,1,4,4,4252,125
data_026,13,0,1,4,4,3351,145
data_026,14,0,1,4,4,4638,166
data_026,15,0,1,4,4,5762,117
data_026,16,0,1,4,4,5762,102
data_026,17,1,1,4,4,5762,86
data_026,18,0,1,4,4,3735,116
data_026,19,0,1,4,4,2840,125
data_026,20,0,1,4,4,3033,87
data_026,21,0,1,4,4,3860,112
data_026,22,0,1,4,4,3613,119
data_026,23,0,1,4,4,3725,110
data_026,24,0,1,4,4,3451,102
data_026,25,0,1,4,4,3739,116
data_026,26,0,1,4,4,2997,88
data_026,27,0,1,3,3,3550,135
data_026,28,0,1,3,3,4150,80
data_026,29,1,1,4,4,1965,74
data_026,30,0,1,4,4,1592,72
data_026,31,0,1,4,4,1899,70
data_026,32,0,1,4,4,1791,99
data_027,0,0,0,4,0,2781,157
data_027,1,0,0,4,0,2781,167
data_027,2,0,0,4,0,3284,129
data_027,3,0,1,4,4,3161,97
data_027,4,1,1,4,4,3389,133
data_027,5,1,1,4,4,2875,125
data_027,6,0,1,4,4,3293,111
data_027,7,1,1,4,4,2717,102
data_027,8,0,1,4,4,3164,134
data_027,9,0,1,4,4,2259,100
data_027,10,0,1,4,4,2154,102
data_027,11,0,1,4,4,1853,128
data_027,12,0,1,3,3,2384,96
data_027,13,1,1,4,4,2621,132
data_027,14,0,1,4,4,2394,120
data_028,0,0,0,4,0,2609,110
data_028,1,0,0,4,0,3841,100
data_028,2,0,0,4,0,4814,76
data_028,3,0,0,4,0,2205,62
data_028,4,0,0,4,0,2462,69
data_028,5,0,1,3,3,2503,99
data_028,6,0,1,4,4,1962,96
data_028,7,0,1,4,4,1962,59
data_028,8,0,1,4,4,3007,74
data_028,9,0,1,4,4,3343,102
data_028,10,0,1,4,4,3343,118
data_028,11,0,1,4,4,3343,71
data_028,12,0,1,4,4,2320,67
data_028,13,0,1,4,4,2255,73
data_028,14,0,1,4,4,2382,106
data_028,15,0,1,4,4,2179,70
data_028,16,0,1,4,4,2248,79
data_028,17,0,1,4,4,2114,67
data_028,18,0,1,4,4,2470,94
data_028,19,0,1,4,4,2096,69
data_028,20,0,1,4,4,2303,85
data_028,21,1,1,4,4,2481,74
data_028,22,0,1,4,4,3296,73
data_028,23,0,1,4,4,2543,86
data_028,24,0,1,4,4,3151,74
data_028,25,0,1,4,4,2330,71
data_028,26,0,1,4,4,3014,44
data_028,27,0,1,4,4,3014,98
data_028,28,0,1,4,4,3014,96
data_028,29,0,1,4,4,3014,102
data_029,0,0,0,4,0,2511,131
data_029,1,1,0,4,0,1853,70
data_029,2,0,0,4,0,2228,174
data_029,3,0,0,4,0,3326,102
data_029,4,0,0,4,0,2666,116
data_029,5,0,0,4,0,2268,141
data_029,6,0,1,4,4,3003,106
data_029,7,0,1,4,4,3755,117
data_029,8,0,1,4,4,3312,165
data_029,9,0,1,4,4,2613,111
data_029,10,0,1,4,4,2318,139
data_029,11,1,1,4,4,2669,104
data_029,12,0,1,4,4,2356,126
data_029,13,0,1,4,4,2356,112
data_029,14,0,1,4,4,2311,128
data_029,15,0,1,4,4,7259,141
data_029,16,0,1,4,4,5362,112
data_029,17,0,1,4,4,7242,115
data_029,18,1,1,4,4,1958,84
data_029,19,0,1,4,4,3000,142
data_029,20,0,1,4,4,2538,121
data_030,0,0,0,4,0,2233,50
data_030,1,0,1,4,4,2540,149
data_030,2,0,1,4,4,3197,123
data_030,3,0,1,3,3,3583,350
data_030,4,1,1,4,4,4564,102
data_030,5,0,1,4,4,3123,101
data_030,6,0,1,4,4,3128,98
data_030,7,0,1,4,4,3322,129
data_030,8,0,1,4,4,2997,150
data_030,9,0,1,4,4,4032,114
data_030,10,0,1,4,4,2873,168
data_030,11,0,1,4,4,2185,105
data_030,12,0,1,4,4,2634,93
data_030,13,0,1,4,4,2316,166
data_030,14,0,1,4,4,3096,168
data_030,15,0,1,4,3,4229,140
data_030,16,0,1,4,3,4085,195
data_031,0,1,0,4,0,2623,77
data_031,1,1,0,4,0,3289,87
data_031,2,1,0,4,0,3289,79
data_031,3,1,0,4,0,3289,104
data_031,4,0,0,2,0,2971,68
data_031,5,1,0,4,0,2834,75
data_031,6,1,0,3,0,2713,75
data_031,7,0,0,4,0,3275,75
data_031,8,0,1,4,4,3222,73
data_031,9,0,1,4,4,2958,72
data_031,10,0,1,4,4,3010,83
data_031,11,0,1,4,4,2954,89
data_031,12,0,1,4,4,3808,84
data_031,13,0,1,4,4,2900,53
data_031,14,0,1,4,4,2886,64
data_031,15,0,1,4,4,3905,85
data_031,16,0,1,4,4,3039,72
data_031,17,0,1,4,4,4372,104
data_031,18,0,1,4,4,3913,57
data_031,19,0,1,4,4,4406,68
data_031,20,0,1,4,4,2773,117
data_031,21,0,1,4,4,3242,64
data_031,22,0,1,4,4,2575,76
data_031,23,0,1,4,4,2576,79
data_031,24,0,1,4,4,2967,59
data_031,25,0,1,4,4,3393,121
data_031,26,1,1,4,4,2525,85
data_031,27,0,1,4,4,2180,102
data_032,0,1,0,4,0,2074,120
data_032,1,1,0,4,0,2841,118
data_032,2,0,0,4,0,3133,110
data_032,3,0,0,4,0,2672,149
data_032,4,1,0,4,0,2584,126
data_032,5,1,0,4,0,3212,118
data_032,6,0,1,4,4,2501,164
data_032,7,0,1,4,4,2501,148
data_032,8,0,1,4,4,2992,118
data_032,9,0,1,4,4,3501,69
data_032,10,1,1,4,4,3325,78
data_032,11,0,1,4,4,2733,164
data_032,12,0,1,4,4,2027,78
data_032,13,0,1,4,4,1821,91
data_032,14,0,1,4,4,2181,120
data_032,15,1,1,4,4,4965,72
data_032,16,0,1,4,4,5301,93
data_032,17,1,1,4,4,4923,105
data_033,0,0,0,4,0,2900,125
data_033,1,0,0,4,0,2900,168
data_033,2,0,0,4,0,2749,115
data_033,3,0,0,4,0,2900,135
data_033,4,0,1,4,4,2897,86
data_033,5,0,1,4,4,2757,87
data_033,6,0,1,4,4,3213,91
data_033,7,0,1,4,4,2623,98
data_033,8,0,1,3,3,2312,93
data_033,9,0,1,4,4,2131,84
data_033,10,0,1,3,3,2350,97
data_033,11,1,1,4,4,1784,95
data_033,12,0,1,4,4,2905,94
data_033,13,0,1,4,4,3091,94
data_033,14,0,1,4,4,3091,99
data_033,15,0,1,4,4,3544,83
data_033,16,0,1,4,4,2187,76
data_033,17,0,1,4,4,2016,102
data_033,18,0,1,4,4,2643,102
data_033,19,0,1,4,4,3767,112
data_033,20,1,1,4,4,3299,85
data_033,21,0,1,4,4,3008,80
data_034,0,0,0,4,0,2082,108
data_034,1,0,0,4,0,1827,72
data_034,2,0,0,4,0,1332,100
data_034,3,0,1,4,4,2517,97
data_034,4,0,1,4,4,2180,92
data_034,5,0,1,4,4,2627,72
data_034,6,0,1,4,4,2571,88
data_034,7,0,1,4,4,2484,126
data_034,8,0,1,4,4,1657,105
data_034,9,0,1,4,4,2897,138
data_034,10,0,1,4,4,3156,89
data_034,11,0,1,4,4,4208,83
data_034,12,0,1,4,4,3274,115
data_034,13,0,1,4,4,3080,77
data_034,14,0,1,4,4,3020,100
data_034,15,0,1,4,4,3665,90
data_034,16,0,0,4,0,1728,77
data_034,17,0,0,4,0,1829,73
data_034,18,0,0,4,0,1584,89
data_035,0,0,1,4,4,2128,121
data_035,1,0,1,4,4,1835,166
data_035,2,0,1,4,4,1613,167
data_035,3,1,0,4,0,2238,129
data_035,4,0,0,4,0,1992,122
data_035,5,0,1,3,3,3689,90
data_035,6,0,1,4,4,3240,122
data_035,7,0,1,4,4,3102,132
data_035,8,1,1,4,4,2739,106
data_035,9,1,1,4,4,2937,102
data_035,10,0,1,4,4,2476,123
data_035,11,0,1,4,4,4282,116
data_035,12,0,1,4,4,4145,127
data_035,13,0,1,4,4,1672,142
data_035,14,1,1,4,4,2073,128
data_035,15,0,1,4,4,2783,92
data_035,16,0,1,4,4,2529,88
data_036,0,0,0,4,0,1358,99
data_036,1,0,0,4,0,2163,147
data_036,2,1,1,4,4,2488,102
data_036,3,1,1,4,4,2488,108
data_036,4,1,1,4,4,2488,136
data_036,5,1,1,4,4,2488,52
data_036,6,0,1,4,4,3954,157
data_036,7,0,1,4,4,4141,93
data_036,8,0,1,4,4,2484,123
data_036,9,0,1,4,4,2352,120
data_036,10,1,1,4,4,2755,128
data_036,11,1,1,4,4,3291,116
data_036,12,1,1,3,3,2255,157
data_036,13,0,1,4,4,2563,77
data_036,14,1,1,4,4,2331,184
data_036,15,0,1,4,4,2336,186
data_037,0,0,0,4,0,3323,126
data_037,1,0,0,4,0,3323,100
data_037,2,0,0,4,0,3323,96
data_037,3,0,1,4,4,2259,108
data_037,4,0,1,4,4,2615,93
data_037,5,0,1,4,4,2593,95
data_037,6,0,1,4,4,2948,116
data_037,7,0,1,4,4,2658,99
data_037,8,0,1,4,4,1894,107
data_037,9,0,1,4,4,1572,99
data_037,10,0,1,4,4,1983,102
data_037,11,0,1,4,4,2111,74
data_037,12,1,1,4,4,2266,131
data_037,13,0,1,4,4,2266,63
data_037,14,0,1,4,4,1838,85
data_037,15,0,1,4,4,1915,92
data_037,16,0,1,4,4,2208,88
data_038,0,0,0,4,0,2729,125
data_038,1,0,0,3,0,2170,103
data_038,2,0,1,4,0,2263,107
data_038,3,1,1,4,0,1671,125
data_038,4,0,1,4,4,2410,78
data_038,5,0,1,4,4,2082,82
data_038,6,0,1,4,4,3528,64
data_038,7,0,1,4,4,4432,97
data_038,8,0,1,4,4,2232,130
data_038,9,0,1,4,4,2598,110
data_038,10,0,1,4,4,3061,107
data_038,11,0,1,4,4,3261,82
data_038,12,0,1,3,3,2552,83
data_038,13,0,1,4,4,2589,108
data_038,14,0,1,4,4,1922,99
data_038,15,0,1,4,4,1717,74
data_039,0,0,0,3,0,1872,101
data_039,1,0,1,4,4,3556,112
data_039,2,0,1,4,4,4115,148
data_039,3,0,1,4,4,2209,140
data_039,4,0,1,4,4,2858,78
data_039,5,0,1,4,4,3448,96
data_039,6,0,1,4,4,2631,160
data_039,7,0,1,4,4,1718,77
data_039,8,0,1,4,4,2180,107
data_039,9,0,1,4,4,3496,111
data_039,10,0,1,4,4,1804,100
data_039,11,0,1,4,4,2513,89
data_039,12,0,1,4,4,2668,188
data_039,13,0,1,4,4,2799,106
data_039,14,0,1,4,4,2666,68
data_039,15,0,1,4,4,2515,91
data_039,16,0,1,4,4,1733,129
data_040,0,0,0,4,0,2363,79
data_040,1,0,0,4,0,1955,158
data_040,2,0,1,4,4,1841,95
data_040,3,0,1,3,3,1644,106
data_040,4,0,1,4,4,2294,81
data_040,5,0,1,4,4,2105,129
data_040,6,0,1,4,4,2704,76
data_040,7,0,1,4,4,2979,105
data_040,8,0,1,4,4,3021,87
data_040,9,0,1,4,4,1998,81
data_040,10,0,1,4,4,2119,89
data_040,11,0,1,4,4,2517,95
data_040,12,0,1,4,4,2748,132
data_040,13,0,1,4,4,2618,130
data_040,14,0,1,4,4,1408,115
data_040,15,0,1,4,4,1600,91
data_040,16,1,1,4,4,1738,93
data_040,17,0,1,4,4,3131,119
data_040,18,0,1,4,4,2747,88
data_040,19,0,1,4,4,2727,115
data_041,0,0,0,4,0,2798,91
data_041,1,0,0,4,0,2096,71
data_041,2,0,0,4,0,2237,80
data_041,3,0,1,4,4,2436,86
data_041,4,0,1,4,4,2693,79
data_041,5,0,1,4,4,3176,89
data_041,6,0,1,4,4,2864,82
data_041,7,0,1,4,4,2387,86
data_041,8,0,1,4,4,2983,86
data_041,9,0,1,4,4,3621,92
data_041,10,0,1,4,4,3735,90
data_041,11,0,1,4,4,4467,109
data_041,12,0,1,4,4,2681,45
data_041,13,0,1,4,4,3368,77
data_041,14,0,1,4,4,2588,93
data_041,15,0,1,4,4,2371,75
data_041,16,0,1,4,4,2384,80
data_041,17,0,1,4,4,2166,86
data_041,18,0,1,4,4,3726,97
data_041,19,0,1,4,4,3218,88
data_041,20,0,1,4,4,2579,84
data_042,0,0,0,4,0,2784,121
data_042,1,0,0,3,0,2724,121
data_042,2,0,1,4,4,2430,74
data_042,3,0,1,4,4,3133,118
data_042,4,0,1,4,4,2404,120
data_042,5,0,1,4,4,2616,83
data_042,6,0,1,4,4,2663,115
data_042,7,0,1,4,4,2871,155
data_042,8,0,1,4,4,2892,131
data_042,9,0,1,4,4,2533,127
data_042,10,0,1,4,4,2109,77
data_042,11,0,1,4,4,2749,127
data_042,12,1,1,4,4,2410,101
data_042,13,0,1,4,4,1967,121
data_042,14,0,1,4,4,1755,80
data_042,15,0,1,4,4,3230,113
data_042,16,0,1,4,4,2764,98
data_042,17,0,1,4,4,2295,92
data_043,0,0,0,4,0,3652,157
data_043,1,0,0,4,0,3724,142
data_043,2,0,0,4,0,2841,119
data_043,3,1,1,4,4,2779,64
data_043,4,0,1,4,4,2679,89
data_043,5,0,1,4,2,1829,57
data_043,6,0,1,4,4,1750,62
data_043,7,0,1,4,4,2385,207
data_043,8,0,1,4,4,2055,105
data_043,9,0,1,4,4,2479,132
data_043,10,0,1,3,3,1029,79
data_043,11,0,1,4,4,1304,96
data_043,12,1,1,4,4,1376,164
data_043,13,0,1,4,4,2456,209
data_043,14,0,1,4,4,2009,120
data_043,15,0,1,4,4,2476,178
data_043,16,1,1,4,4,1574,129
data_043,17,0,1,4,4,2175,136
data_043,18,0,1,4,4,1840,157
data_044,0,0,0,3,0,3019,107
data_044,1,0,0,3,0,1796,58
data_044,2,0,1,4,4,3348,137
data_044,3,0,1,4,4,3348,151
data_044,4,0,1,4,4,3348,123
data_044,5,1,1,4,4,2507,114
data_044,6,0,1,4,4,2256,133
data_044,7,0,1,4,4,1908,105
data_044,8,0,1,4,4,2309,79
data_044,9,0,1,4,4,2250,139
data_044,10,0,1,4,4,2321,107
data_044,11,0,1,4,4,1990,119
data_044,12,1,1,4,4,1717,156
data_044,13,0,1,4,4,2134,144
data_044,14,0,1,4,4,2289,131
data_044,15,0,1,4,4,3199,121
data_044,16,0,1,4,4,3093,188
data_044,17,0,1,4,4,2867,126
data_044,18,0,1,4,4,3397,149
data_044,19,0,1,4,4,2911,130
data_044,20,0,1,4,4,2956,114
data_045,0,0,1,3,3,2475,116
data_045,1,0,1,4,4,2536,106
data_045,2,0,1,4,4,3073,134
data_045,3,1,1,4,4,1842,131
data_045,4,0,1,4,4,2084,142
data_045,5,0,1,3,3,2101,95
data_045,6,0,1,4,4,2421,56
data_045,7,0,1,3,3,2442,99
data_045,8,0,1,4,4,1942,116
data_045,9,0,1,4,4,2466,107
data_046,0,0,1,4,0,2879,104
data_046,1,0,1,4,0,3138,83
data_046,2,0,1,3,0,3415,81
data_046,3,1,1,4,4,2182,115
data_046,4,0,1,4,4,2297,124
data_046,5,0,1,4,4,2700,99
data_046,6,0,1,4,4,2830,82
data_046,7,0,1,4,4,3210,97
data_046,8,0,1,4,4,3735,103
data_046,9,0,1,4,4,2861,125
data_046,10,0,1,4,4,3002,84
data_046,11,0,1,4,4,2832,129
data_046,12,0,1,4,4,4070,125
data_046,13,0,1,4,4,2980,126
data_046,14,0,1,4,4,2751,105
data_046,15,0,1,4,4,2913,112
data_046,16,0,1,4,4,2117,77
data_047,0,0,1,4,4,3006,93
data_047,1,0,1,4,4,2772,125
data_047,2,0,1,4,4,2842,106
data_047,3,0,1,4,4,2804,78
data_047,4,0,1,4,4,2155,112
data_047,5,0,1,3,3,3025,116
data_047,6,0,1,4,4,2573,113
data_047,7,0,1,4,4,2573,115
data_047,8,0,1,4,4,3620,76
data_047,9,0,1,4,4,3620,92
data_047,10,0,1,4,4,4051,117
data_047,11,0,1,4,4,2042,95
data_047,12,0,1,4,4,2042,103
data_047,13,0,1,4,4,4369,75
data_047,14,0,1,4,4,4516,114
data_047,15,0,1,4,4,4199,94
data_047,16,0,1,4,4,2347,100
data_047,17,0,1,4,4,2464,124
data_047,18,0,1,4,4,2099,97
data_047,19,0,1,4,4,2099,107
data_047,20,0,1,4,4,3672,71
data_047,21,0,1,4,4,3672,75
data_048,0,0,1,4,0,2476,62
data_048,1,1,1,4,0,3088,134
data_048,2,0,1,4,0,2852,91
data_048,3,0,1,4,4,1535,35
data_048,4,0,1,3,3,1971,77
data_048,5,0,1,4,4,1790,59
data_048,6,0,1,4,4,1796,101
data_048,7,0,1,4,4,2844,69
data_048,8,1,1,4,4,2700,111
data_048,9,0,1,4,4,2850,122
data_048,10,1,1,3,3,2441,98
data_048,11,0,1,4,4,2252,125
data_048,12,1,1,4,4,3330,134
data_048,13,1,1,4,4,1545,62
data_048,14,1,1,4,4,3378,38
data_048,15,0,1,3,3,2786,83
data_049,0,0,0,4,0,2561,122
data_049,1,0,0,4,0,2561,94
data_049,2,0,0,4,0,3712,73
data_049,3,0,0,4,0,2124,70
data_049,4,0,0,4,0,3637,95
data_049,5,0,0,4,0,3875,76
data_049,6,0,1,4,4,2952,90
data_049,7,0,1,4,4,2501,99
data_049,8,0,1,4,4,1933,80
data_049,9,0,1,4,4,2955,120
data_049,10,0,1,4,4,2307,97
data_049,11,0,1,4,4,2416,97
data_049,12,1,1,4,4,2127,83
data_049,13,0,1,4,4,2544,101
data_049,14,0,1,4,4,1823,100
data_049,15,0,1,4,4,1702,109
data_049,16,0,1,4,4,2554,59
data_049,17,1,1,4,4,2119,70
data_049,18,0,1,4,4,2490,100
data_049,19,0,1,4,4,2312,80
data_049,20,0,1,4,4,2010,96
data_049,21,0,1,4,4,1984,81
data_049,22,0,1,4,4,1534,85
data_049,23,0,1,4,4,1932,86
data_049,24,0,1,4,4,1658,103
data_050,0,0,0,4,0,2359,61
data_050,1,0,1,4,4,2662,50
data_050,2,0,1,4,3,2995,58
data_050,3,0,1,4,4,3418,80
data_050,4,0,1,4,4,1431,70
data_050,5,0,1,4,4,2093,50
data_050,6,0,1,4,4,1580,60
data_050,7,0,0,4,0,1305,40
data_050,8,0,0,3,0,2594,79
data_050,9,0,0,4,0,2688,64
data_050,10,0,1,4,4,2188,93
data_050,11,0,1,4,4,3250,58
data_050,12,0,1,4,4,3015,73
data_050,13,0,1,4,4,2828,90
data_050,14,0,1,4,4,3319,58
data_050,15,0,1,4,4,2349,62
data_050,16,1,1,4,4,2626,36
data_050,17,0,1,4,4,1866,78
data_050,18,0,1,4,4,2559,86
data_050,19,0,1,4,4,2748,73
data_050,20,0,1,4,4,2748,79
data_051,0,0,0,4,0,2571,64
data_051,1,0,0,4,0,2331,83
data_051,2,0,0,3,0,2168,81
data_051,3,0,0,3,0,2189,85
data_051,4,0,1,4,4,2400,91
data_051,5,0,1,4,4,3878,75
data_051,6,0,1,4,4,3039,51
data_051,7,0,1,4,4,2737,76
data_051,8,0,1,4,4,3039,81
data_051,9,0,1,4,4,2779,85
data_051,10,0,1,4,4,2779,61
data_051,11,1,1,4,4,2813,65
data_051,12,0,1,4,4,4149,61
data_051,13,0,1,4,4,3323,72
data_051,14,0,1,4,4,4650,88
data_051,15,0,1,3,3,2443,82
data_051,16,0,1,3,3,2635,83
data_051,17,0,1,3,3,2556,66
data_052,0,0,0,4,0,2457,101
data_052,1,0,0,4,0,2591,102
data_052,2,0,0,3,0,2529,158
data_052,3,0,1,4,4,2514,97
data_052,4,0,1,4,4,2918,132
data_052,5,0,1,4,4,2142,112
data_052,6,0,1,4,4,2016,150
data_052,7,0,1,3,3,2953,166
data_052,8,1,1,4,4,2540,93
data_052,9,0,1,4,4,2965,119
data_052,10,0,1,4,4,1954,109
data_052,11,0,1,4,4,2148,70
data_052,12,0,1,4,4,2069,97
data_052,13,0,1,4,4,2391,117
data_052,14,0,1,4,4,2177,112
data_052,15,0,1,4,4,2537,98
data_052,16,0,1,4,4,1692,73
data_052,17,0,1,4,4,1854,86
data_052,18,0,1,4,4,1622,87
data_053,0,0,1,3,3,2006,58
data_053,1,0,1,4,4,3258,107
data_053,2,0,1,4,3,3415,143
data_053,3,0,1,4,4,3186,163
data_053,4,0,1,4,3,3415,129
data_053,5,0,1,4,4,3688,152
data_053,6,0,1,4,4,4122,121
data_053,7,0,1,4,4,3585,95
data_053,8,0,1,4,4,3049,90
data_053,9,0,1,4,4,2292,161
data_053,10,0,1,4,4,2293,106
data_053,11,0,1,4,4,2437,109
data_053,12,0,1,4,4,4013,110
data_053,13,0,1,4,4,3311,125
data_053,14,0,1,4,4,3364,140
data_053,15,0,1,3,3,2309,114
data_053,16,0,1,3,3,1677,80
data_053,17,0,1,4,4,2326,134
data_053,18,1,1,0,0,204,113
data_053,19,1,1,0,0,204,77
data_053,20,1,1,0,0,204,69
data_053,21,1,1,0,0,204,66
data_053,22,1,1,0,0,204,113
data_053,23,0,0,3,0,1595,64
data_053,24,0,0,4,0,3340,134
data_053,25,0,0,4,0,2238,75
data_054,0,0,0,4,0,2888,98
data_054,1,1,0,3,0,2527,61
data_054,2,0,0,3,0,2819,69
data_054,3,1,0,4,0,3241,121
data_054,4,0,1,3,3,3267,79
data_054,5,0,1,4,4,2940,88
data_054,6,1,1,4,4,3586,140
data_054,7,0,1,3,3,3599,134
data_054,8,0,1,4,4,3586,91
data_054,9,0,1,4,4,2511,76
data_054,10,0,1,4,4,2329,119
data_054,11,0,1,4,4,2263,171
data_054,12,0,1,4,4,2812,135
data_054,13,0,1,4,4,2540,56
data_054,14,0,1,4,4,2812,131
data_054,15,0,1,3,3,1577,126
data_054,16,0,1,3,3,1577,94
data_055,0,0,0,4,0,2549,159
data_055,1,0,0,4,0,2552,184
data_055,2,0,0,4,0,2094,203
data_055,3,1,0,4,0,2044,185
data_055,4,0,1,4,4,3973,177
data_055,5,0,1,4,4,5287,179
data_055,6,0,1,4,4,3127,143
data_055,7,0,1,4,4,3382,120
data_055,8,0,1,4,4,3021,196
data_055,9,0,1,4,4,2434,164
data_055,10,1,1,4,4,2779,122
data_055,11,0,1,4,4,2805,124
data_055,12,0,1,4,4,2778,193
data_055,13,0,1,4,4,2915,143
data_055,14,0,1,4,4,2778,140
data_055,15,0,1,4,4,2743,105
data_055,16,0,1,4,4,1917,160
data_055,17,1,1,4,4,2155,105
data_055,18,0,1,4,4,1643,127
data_055,19,1,1,4,4,1836,168
data_055,20,0,1,4,4,2966,167
data_055,21,1,1,4,4,2966,115
data_055,22,0,1,4,4,2662,123
data_056,0,0,0,4,0,3014,91
data_056,1,0,0,4,0,3208,94
data_056,2,1,0,4,0,2958,74
data_056,3,0,1,4,4,2849,113
data_056,4,0,1,4,4,2639,74
data_056,5,0,1,4,4,2720,107
data_056,6,0,1,4,4,2760,106
data_056,7,0,1,4,4,2790,117
data_056,8,0,1,4,4,2178,75
data_056,9,0,1,4,4,2105,116
data_056,10,0,1,4,4,1369,158
data_056,11,0,1,4,4,2370,105
data_056,12,0,1,4,4,2478,141
data_056,13,0,1,4,4,2338,98
data_056,14,0,1,4,4,2414,116
data_056,15,0,1,4,4,2271,104
data_056,16,0,1,4,4,2240,114
data_056,17,0,1,3,3,2306,99
data_056,18,0,1,4,4,2291,91
data_057,0,0,1,4,1,3066,87
data_057,1,0,1,4,0,3074,65
data_057,2,0,0,4,0,1790,78
data_057,3,0,0,4,0,1668,57
data_057,4,0,1,4,4,3874,128
data_057,5,0,1,4,4,2944,120
data_057,6,0,1,4,4,3501,156
data_057,7,0,1,4,4,2976,85
data_057,8,0,1,4,4,2976,102
data_057,9,0,1,4,4,2928,94
data_057,10,0,1,4,4,2290,75
data_057,11,1,1,4,4,3299,103
data_057,12,0,1,4,4,3628,98
data_057,13,0,1,4,4,2218,89
data_057,14,0,1,4,4,2471,128
data_057,15,0,1,4,4,2301,117
data_057,16,0,1,4,4,2828,95
data_057,17,0,1,4,4,2877,166
data_057,18,1,1,4,4,2773,95
data_057,19,0,1,4,4,2911,105
data_057,20,1,1,4,4,2892,197
data_057,21,0,1,4,4,4792,110
data_057,22,0,1,4,4,3714,65
data_057,23,0,1,4,4,5284,117
data_057,24,0,1,4,4,2381,91
data_057,25,0,1,4,4,2752,121
data_057,26,0,1,4,4,2245,132
data_058,0,0,0,4,0,2023,35
data_058,1,0,0,3,0,1711,61
data_058,2,1,0,3,0,1816,93
data_058,3,0,1,4,4,2723,81
data_058,4,0,1,4,4,2044,76
data_058,5,0,1,4,4,2721,91
data_058,6,0,1,4,4,2140,109
data_058,7,0,1,4,4,2356,93
data_058,8,0,1,4,4,2317,82
data_058,9,1,1,3,3,2623,62
data_058,10,0,1,3,3,2623,97
data_058,11,1,1,3,3,2623,95
data_058,12,0,1,4,4,3221,90
data_058,13,0,1,4,4,3142,73
data_058,14,0,1,4,4,2822,98
data_058,15,0,1,4,4,2639,87
data_058,16,0,1,4,4,2473,110
data_058,17,0,1,4,4,3094,83
data_058,18,0,1,3,3,1697,76
data_058,19,0,1,3,3,1511,70
data_058,20,0,1,4,4,2346,92
data_059,0,0,0,4,0,2153,92
data_059,1,0,0,4,0,1955,74
data_059,2,0,0,4,0,1731,88
data_059,3,0,1,4,4,1673,115
data_059,4,0,1,4,4,2387,112
data_059,5,0,1,4,4,2334,89
data_059,6,0,1,4,4,2365,87
data_059,7,0,1,4,4,2923,75
data_059,8,0,1,4,4,4239,89
data_059,9,0,1,4,4,2139,102
data_059,10,0,1,4,4,1975,86
data_059,11,0,1,4,4,2341,99
data_059,12,0,1,4,4,2922,88
data_059,13,0,1,4,4,3025,110
data_059,14,0,1,4,4,2401,117
data_059,15,0,1,3,3,3209,89
data_059,16,1,1,4,4,3115,80
data_059,17,0,1,4,4,3315,115
data_059,18,0,1,4,4,2460,102
data_059,19,0,1,4,4,2320,93
data_059,20,0,1,4,4,2457,104
data_060,0,0,0,4,0,2061,155
data_060,1,0,0,4,0,1656,119
data_060,2,0,0,4,0,2092,126
data_060,3,0,0,4,0,1743,121
data_060,4,0,1,4,4,4256,147
data_060,5,0,1,4,4,3959,143
data_060,6,0,1,4,4,4043,121
data_060,7,0,1,4,4,4113,118
data_060,8,0,1,4,4,2073,120
data_060,9,0,1,4,4,1799,137
data_060,10,0,1,4,4,4350,101
data_060,11,0,1,3,3,3639,136
data_060,12,0,1,3,3,3215,91
data_060,13,0,1,4,4,2684,122
data_060,14,1,1,4,4,2293,126
data_060,15,1,1,4,4,2907,123
data_060,16,0,1,4,4,2430,96
data_060,17,0,1,4,4,3929,128
data_060,18,0,1,4,4,3399,96
data_061,0,0,0,4,0,3138,76
data_061,1,0,0,4,0,2714,105
data_061,2,0,0,3,0,2073,78
data_061,3,1,0,4,0,3237,100
data_061,4,0,1,4,4,1926,63
data_061,5,0,1,4,4,2820,71
data_061,6,0,1,4,4,2995,67
data_061,7,0,1,4,4,2317,88
data_061,8,0,1,4,4,2438,117
data_061,9,0,1,4,4,3001,59
data_061,10,0,1,4,4,3218,96
data_061,11,0,1,4,4,3228,68
data_061,12,0,1,4,4,1709,88
data_061,13,0,1,4,4,2489,119
data_061,14,0,1,4,4,2378,60
data_061,15,0,1,4,4,2415,91
data_061,16,0,1,4,4,2780,55
data_061,17,0,1,4,4,2033,68
data_061,18,0,1,4,4,2158,83
data_061,19,0,1,4,4,2033,77
data_062,0,0,0,4,0,1766,114
data_062,1,0,0,4,0,2158,98
data_062,2,0,0,4,0,2207,103
data_062,3,0,1,4,4,2868,70
data_062,4,1,1,4,4,3268,130
data_062,5,1,1,4,4,2682,91
data_062,6,0,1,4,4,2161,83
data_062,7,0,1,4,4,1813,76
data_062,8,0,1,4,4,2566,135
data_062,9,0,1,4,4,2037,95
data_062,10,0,1,4,4,2037,73
data_062,11,0,1,4,4,2672,114
data_062,12,0,1,4,4,2494,97
data_062,13,0,1,4,4,2494,104
data_062,14,0,1,4,4,1497,89
data_062,15,0,1,4,4,2472,90
data_062,16,1,1,4,4,1904,72
data_062,17,0,1,4,4,1686,128
data_062,18,0,1,4,4,1837,72
data_062,19,0,1,4,4,1441,128
data_062,20,0,1,4,4,1745,92
data_062,21,0,1,4,4,1862,107
data_062,22,0,1,4,4,1509,104
data_063,0,0,0,4,0,3210,116
data_063,1,1,0,4,0,2545,89
data_063,2,0,0,4,0,3210,101
data_063,3,0,1,4,4,2875,85
data_063,4,0,1,4,4,3157,72
data_063,5,0,1,4,4,2914,88
data_063,6,0,1,4,4,3216,113
data_063,7,0,1,4,4,2053,86
data_063,8,0,1,4,4,2497,77
data_063,9,0,1,4,4,1879,107
data_063,10,0,1,4,4,2106,89
data_063,11,0,1,4,4,2426,92
data_063,12,0,1,4,4,2164,79
data_063,13,0,1,4,4,3969,81
data_063,14,0,1,4,4,2639,94
data_063,15,0,1,4,4,2576,76
data_063,16,0,1,4,4,2095,74
data_063,17,1,1,4,4,2955,83
data_063,18,1,1,4,4,2310,104
data_064,0,0,0,4,0,2758,77
data_064,1,0,0,4,0,3105,134
data_064,2,1,0,4,0,3826,96
data_064,3,0,0,4,0,2970,101
data_064,4,0,1,4,4,1840,67
data_064,5,0,1,4,4,2017,86
data_064,6,0,1,4,4,1840,83
data_064,7,0,1,4,4,1710,97
data_064,8,0,1,4,4,1885,107
data_064,9,1,1,4,4,2036,91
data_064,10,0,1,4,4,1985,119
data_064,11,0,1,4,4,1520,88
data_064,12,0,1,4,4,3008,101
data_064,13,0,1,4,4,3198,114
data_064,14,0,1,4,4,3011,76
data_064,15,0,1,4,4,3011,110
data_064,16,0,1,4,4,1921,92
data_064,17,1,1,4,4,1921,70
data_064,18,0,1,4,4,1517,121
data_064,19,0,1,4,4,1460,111
data_064,20,0,1,4,4,2554,119
data_064,21,0,1,3,3,1965,91
data_065,0,0,0,4,0,2357,91
data_065,1,0,0,4,0,2085,98
data_065,2,0,0,4,0,2158,86
data_065,3,0,1,4,4,3379,149
data_065,4,1,1,4,4,3203,115
data_065,5,0,1,4,4,3203,75
data_065,6,0,0,2,0,2781,93
data_065,7,0,0,4,0,2321,102
data_065,8,1,0,3,0,2988,103
data_065,9,0,1,4,4,2667,118
data_065,10,1,1,4,4,4082,91
data_065,11,0,1,4,4,2803,125
data_065,12,0,1,4,4,2845,107
data_065,13,1,1,4,4,2285,85
data_065,14,0,1,4,4,4278,87
data_065,15,0,1,4,4,4434,89
data_065,16,1,1,4,4,2778,102
data_065,17,0,1,4,4,2857,118
data_065,18,1,1,4,4,3472,105
data_065,19,1,1,4,4,3989,90
data_066,0,0,0,3,0,2135,119
data_066,1,0,0,4,0,3279,80
data_066,2,0,0,4,0,1757,87
data_066,3,1,0,4,0,2013,89
data_066,4,1,0,4,0,2683,122
data_066,5,0,1,4,4,2199,61
data_066,6,0,1,4,4,3024,67
data_066,7,1,1,4,4,2885,84
data_066,8,1,1,4,4,2199,61
data_066,9,0,1,4,4,2337,72
data_066,10,0,1,4,4,2725,97
data_066,11,1,1,4,4,2766,98
data_066,12,0,1,4,4,2372,99
data_066,13,0,1,4,4,1794,113
data_066,14,0,1,4,4,1794,92
data_066,15,1,1,4,4,2171,73
data_066,16,1,1,4,4,2259,128
data_066,17,0,1,4,4,2716,103
data_066,18,0,1,4,4,2532,77
data_066,19,1,1,4,4,1740,88
data_066,20,0,1,4,4,1806,84
data_067,0,0,0,4,0,2599,103
data_067,1,0,0,4,0,2599,134
data_067,2,0,0,4,0,2484,107
data_067,3,0,0,4,0,2320,95
data_067,4,0,1,4,4,2983,78
data_067,5,0,1,4,4,3223,113
data_067,6,0,1,4,4,2917,114
data_067,7,0,1,4,4,3603,110
data_067,8,0,1,4,4,2524,122
data_067,9,0,1,4,4,1739,67
data_067,10,0,1,4,4,1806,76
data_067,11,0,1,4,4,2107,96
data_067,12,0,1,4,4,2107,104
data_067,13,0,1,4,4,1839,74
data_067,14,0,1,4,4,1958,82
data_067,15,0,1,4,4,1958,107
data_067,16,0,1,4,4,1320,77
data_067,17,1,1,4,4,1269,76
data_067,18,0,1,3,3,2202,79
data_067,19,0,1,3,3,2202,105
data_067,20,0,1,3,3,2202,91
data_068,0,0,0,4,0,2014,85
data_068,1,0,0,4,0,2165,108
data_068,2,0,1,4,4,2456,59
data_068,3,0,1,3,3,2496,71
data_068,4,0,1,3,3,2669,87
data_068,5,0,1,3,3,3338,76
data_068,6,0,1,4,4,3412,105
data_068,7,0,1,4,4,2469,113
data_068,8,0,1,4,4,2929,74
data_068,9,0,1,4,4,2556,92
data_068,10,0,1,4,4,2002,85
data_068,11,0,1,4,4,2089,98
data_068,12,1,1,4,4,1821,76
data_068,13,0,1,4,4,2337,79
data_068,14,0,1,4,4,2224,106
data_068,15,0,1,4,4,1890,91
data_068,16,1,1,4,4,2947,98
data_068,17,0,1,4,4,1738,73
data_068,18,0,1,4,4,1605,76
data_068,19,0,1,4,4,2727,141
data_068,20,0,1,4,4,2417,132
data_068,21,0,1,3,3,2237,85
data_068,22,0,1,4,4,1742,71
data_068,23,0,1,4,4,1742,72
data_069,0,0,0,4,0,3994,88
data_069,1,0,0,4,0,4005,78
data_069,2,0,0,4,0,4257,94
data_069,3,0,1,4,4,3040,119
data_069,4,1,1,4,4,3059,102
data_069,5,0,1,4,4,2683,122
data_069,6,0,1,4,4,3088,170
data_069,7,0,1,4,4,3349,68
data_069,8,0,1,4,4,3885,151
data_069,9,0,1,4,4,3814,106
data_069,10,0,1,4,4,1795,149
data_069,11,0,1,4,4,2296,104
data_069,12,0,1,4,4,2209,121
data_069,13,0,1,4,4,3107,104
data_069,14,0,1,4,4,2555,129
data_069,15,0,1,4,4,2558,110
data_069,16,0,1,4,4,2854,94
data_069,17,0,1,4,4,2254,126
data_069,18,0,1,4,4,1856,143
data_069,19,0,1,4,4,2476,94
data_069,20,0,1,4,4,2340,111
data_069,21,0,1,4,4,2509,104
data_070,0,0,1,4,0,3740,148
data_070,1,0,1,4,0,3735,136
data_070,2,0,1,4,0,3456,150
data_070,3,0,0,4,0,1824,92
data_070,4,0,0,4,0,2206,103
data_070,5,1,0,4,0,2265,123
data_070,6,0,1,4,4,2448,94
data_070,7,0,1,4,4,2083,99
data_070,8,0,1,4,4,2298,125
data_070,9,0,1,4,4,2568,92
data_070,10,0,1,4,4,3232,101
data_070,11,0,1,4,4,2454,119
data_070,12,0,1,4,4,2347,84
data_070,13,0,1,4,4,1941,84
data_070,14,0,1,4,4,1728,111
data_070,15,0,1,3,3,2987,102
data_070,16,0,1,4,4,3507,95
data_070,17,0,1,4,4,1813,113
data_070,18,0,1,4,4,3366,120
data_070,19,0,1,4,4,3189,137
data_070,20,0,1,4,4,3117,94
data_071,0,0,0,4,0,2077,136
data_071,1,0,0,4,0,1771,84
data_071,2,0,0,4,0,2335,117
data_071,3,0,0,4,0,2638,165
data_071,4,0,1,4,4,2982,78
data_071,5,0,1,4,4,2982,127
data_071,6,0,1,4,4,2878,112
data_071,7,0,1,4,4,2061,107
data_071,8,0,1,4,4,2455,99
data_071,9,1,1,4,4,3202,134
data_071,10,0,1,4,4,3428,77
data_071,11,0,1,4,4,3387,131
data_071,12,0,1,4,4,2405,112
data_071,13,0,1,3,3,2855,76
data_071,14,0,1,3,3,1839,78
data_071,15,0,1,4,4,2737,105
data_071,16,0,1,4,4,2028,103
data_071,17,0,1,4,4,2268,110
data_071,18,0,1,4,4,1504,87
data_071,19,0,1,4,4,2147,113
data_072,0,0,0,4,0,3321,93
data_072,1,0,0,4,0,3800,132
data_072,2,0,0,4,0,3723,158
data_072,3,0,1,4,4,3473,88
data_072,4,0,1,4,4,4241,123
data_072,5,0,1,4,4,4026,111
data_072,6,0,1,4,4,2642,123
data_072,7,0,1,4,4,2140,103
data_072,8,0,1,4,4,2119,114
data_072,9,0,1,4,4,1872,70
data_072,10,0,1,3,3,3322,78
data_072,11,0,1,4,4,3324,90
data_072,12,0,1,3,3,2396,78
data_072,13,0,1,4,4,2964,89
data_072,14,0,1,4,4,1996,77
data_072,15,0,1,4,4,2043,61
data_072,16,0,1,4,4,2051,92
data_072,17,0,1,4,4,1754,86
data_072,18,0,1,4,4,2170,97
data_072,19,0,1,4,4,2110,111
data_072,20,0,1,4,4,3178,89
data_072,21,0,1,4,4,2459,86
data_072,22,0,1,4,4,2803,54
data_073,0,0,0,4,0,2982,29
data_073,1,1,0,4,0,2138,61
data_073,2,1,1,4,4,2492,103
data_073,3,0,1,4,4,2535,134
data_073,4,0,1,4,4,2974,76
data_073,5,0,1,4,4,3341,41
data_073,6,0,1,4,4,3533,118
data_073,7,0,1,4,4,2870,126
data_073,8,0,1,4,4,3589,41
data_073,9,0,1,4,4,3429,120
data_073,10,0,1,4,4,3589,67
data_073,11,0,1,3,3,3050,106
data_073,12,0,1,4,4,2337,108
data_073,13,0,1,3,3,3370,90
data_073,14,0,1,4,4,2522,57
data_073,15,0,1,4,4,2967,109
data_073,16,0,1,4,4,2756,102
data_073,17,0,1,4,4,1789,79
data_073,18,0,1,3,3,2278,76
data_073,19,0,1,4,4,1970,85
data_073,20,0,1,4,4,3481,99
data_073,21,0,1,4,4,3636,106
data_073,22,1,1,4,4,2844,53
data_074,0,0,0,4,0,3363,121
data_074,1,1,0,4,0,2605,81
data_074,2,0,1,4,4,4593,61
data_074,3,0,1,4,4,5145,108
data_074,4,0,1,4,4,5896,97
data_074,5,0,1,4,4,5349,44
data_074,6,0,1,4,4,3595,90
data_074,7,0,1,4,4,3218,95
data_074,8,0,1,4,4,4416,77
data_074,9,0,1,4,4,4404,77
data_074,10,0,1,4,4,4416,109
data_074,11,0,0,4,0,3027,68
data_074,12,0,0,4,0,2530,91
data_074,13,0,0,4,0,2202,75
data_074,14,1,0,4,0,1691,93
data_074,15,1,0,3,0,2541,74
data_074,16,1,0,4,0,1531,60
data_074,17,0,1,4,4,2722,89
data_074,18,0,1,4,4,2545,74
data_074,19,0,1,4,4,3715,101
data_074,20,0,1,4,4,2899,81
data_074,21,0,1,4,4,3532,99
data_074,22,0,1,4,4,3878,93
data_074,23,0,1,4,4,3636,125
data_074,24,0,1,4,4,3105,84
data_074,25,0,1,4,4,2409,85
data_074,26,0,1,4,4,3170,95
data_074,27,0,1,4,4,2748,62
data_074,28,0,1,4,4,2645,56
data_074,29,0,1,4,4,3374,96
data_074,30,0,1,4,4,1995,54
data_074,31,0,1,4,4,2278,73
data_074,32,0,1,4,4,2466,98
data_075,0,0,0,4,0,2274,191
data_075,1,0,1,4,4,2193,216
data_075,2,0,1,4,4,2055,150
data_075,3,0,1,4,4,3162,220
data_075,4,0,1,4,4,2600,141
data_075,5,0,1,4,4,4097,136
data_075,6,0,1,4,4,2517,168
data_075,7,0,1,4,4,2773,104
data_075,8,0,1,4,4,3468,123
data_075,9,0,1,4,4,3418,156
data_075,10,0,1,4,4,3381,154
data_075,11,0,1,4,4,4153,202
data_075,12,0,1,4,4,3463,119
data_075,13,0,1,4,4,2756,141
data_075,14,0,1,4,4,2232,116
data_075,15,0,1,4,4,2665,126
data_075,16,0,1,4,4,2314,91
data_075,17,0,1,4,4,2165,142
data_075,18,0,1,4,4,2228,143
data_075,19,0,1,4,4,1937,112
data_075,20,0,1,4,4,2490,119
data_075,21,0,1,4,4,2019,84
data_075,22,0,1,4,4,3117,130
data_075,23,0,1,4,4,3183,100
data_075,24,1,1,4,4,3255,94
data_075,25,0,1,4,4,3323,115
data_075,26,0,1,4,4,2409,101
data_075,27,0,1,4,4,2500,128
data_075,28,0,1,4,4,2395,130
data_075,29,0,1,4,4,2091,143
data_076,0,0,0,4,0,3959,74
data_076,1,0,0,3,0,2841,110
data_076,2,0,1,4,4,2178,66
data_076,3,0,1,4,4,3534,102
data_076,4,0,1,4,4,2943,100
data_076,5,0,1,4,4,2592,71
data_076,6,0,1,4,4,2592,108
data_076,7,0,1,4,4,4397,135
data_076,8,0,1,4,4,2925,93
data_076,9,0,1,4,4,2374,75
data_076,10,0,1,4,4,2335,90
data_076,11,0,1,4,4,1862,87
data_076,12,0,1,4,4,2080,126
data_076,13,0,1,4,4,2630,92
data_076,14,0,1,4,4,2361,117
data_076,15,0,1,4,4,2989,88
data_076,16,0,1,4,4,2823,109
data_076,17,0,1,4,4,2477,132
data_076,18,0,1,4,4,2126,112
data_076,19,0,1,4,4,4059,108
data_076,20,0,1,4,4,4286,131
data_077,0,0,0,3,0,3171,131
data_077,1,0,0,3,0,3320,104
data_077,2,0,0,3,0,3451,133
data_077,3,1,0,4,0,3361,126
data_077,4,0,0,4,0,2570,145
data_077,5,0,1,4,4,3052,130
data_077,6,0,1,4,4,2980,139
data_077,7,0,1,4,4,2122,113
data_077,8,0,1,4,4,2766,98
data_077,9,0,1,4,4,2613,132
data_077,10,1,1,3,3,2288,102
data_077,11,0,1,4,4,2645,80
data_077,12,0,1,4,4,3050,119
data_077,13,0,1,4,4,3263,94
data_077,14,0,1,3,3,3083,112
data_077,15,0,1,4,4,2068,89
data_077,16,0,1,4,4,2101,139
data_077,17,0,1,3,3,2052,127
data_077,18,0,1,4,4,1751,115
data_077,19,0,1,4,4,1982,103
data_078,0,0,1,4,0,2641,98
data_078,1,0,1,4,0,2777,104
data_078,2,0,1,4,0,2913,123
data_078,3,0,1,4,4,2461,112
data_078,4,0,1,4,4,2984,106
data_078,5,1,1,4,4,1684,93
data_078,6,0,1,4,4,2198,141
data_078,7,0,1,4,4,2353,139
data_078,8,0,1,4,4,2334,147
data_078,9,0,1,4,4,3164,86
data_078,10,0,1,4,4,4347,150
data_078,11,0,1,4,4,3586,162
data_078,12,0,1,4,4,1875,121
data_078,13,1,1,4,4,1709,154
data_078,14,0,1,4,4,1911,151
data_079,0,0,0,4,0,3884,194
data_079,1,0,0,3,0,3337,134
data_079,2,1,1,3,3,1653,111
data_079,3,0,1,4,4,2752,170
data_079,4,0,1,4,4,2671,83
data_079,5,0,1,3,3,2196,129
data_079,6,0,1,4,4,2191,121
data_079,7,0,1,4,4,3418,155
data_079,8,0,1,4,4,3572,100
data_079,9,0,1,4,4,3715,119
data_079,10,0,1,4,4,2818,155
data_079,11,0,1,4,4,2502,126
data_079,12,0,1,3,3,2367,96
data_079,13,0,1,3,3,2440,90
data_079,14,0,1,3,3,2539,93
data_079,15,0,1,4,4,2531,103
data_079,16,0,1,4,4,2174,87
data_079,17,0,1,4,4,2620,100
data_080,0,0,0,3,0,3259,117
data_080,1,0,0,4,0,1363,68
data_080,2,0,0,4,0,1795,90
data_080,3,0,1,4,4,3333,93
data_080,4,1,1,4,4,3333,150
data_080,5,0,1,4,4,2819,107
data_080,6,0,1,4,4,2946,110
data_080,7,1,1,4,4,2185,79
data_080,8,0,1,4,4,2411,126
data_080,9,0,1,4,4,2185,91
data_080,10,0,1,4,4,2527,118
data_080,11,0,1,4,4,2936,83
data_080,12,0,1,4,4,2686,118
data_080,13,0,1,4,4,2327,130
data_080,14,0,1,4,4,2066,136
data_080,15,0,1,4,4,3166,76
data_080,16,0,1,4,4,3762,102
data_080,17,0,1,4,4,3762,125
data_080,18,0,1,4,4,2741,122
data_080,19,0,1,4,4,2741,94
data_080,20,0,1,4,4,3992,85
data_080,21,0,1,4,4,4048,93
data_080,22,0,1,4,4,3621,79
data_080,23,0,1,4,4,2364,86
data_080,24,0,1,4,4,2575,70
data_080,25,0,1,4,4,2902,73
data_080,26,0,1,4,4,2996,116
data_080,27,1,1,4,4,2902,120
data_080,28,0,1,4,4,2983,84
data_080,29,0,1,4,4,3414,97
data_080,30,0,1,4,4,3270,91
data_081,0,0,0,4,0,2852,96
data_081,1,0,0,4,0,2938,56
data_081,2,0,1,4,4,3888,117
data_081,3,0,1,4,4,3809,87
data_081,4,1,1,3,3,3691,120
data_081,5,0,1,4,4,3557,77
data_081,6,0,1,4,4,1973,72
data_081,7,1,1,4,4,1973,108
data_081,8,0,1,4,4,2188,95
data_081,9,0,1,4,4,2232,109
data_081,10,1,1,4,4,2452,109
data_081,11,0,1,4,4,2062,110
data_081,12,1,1,4,4,2544,79
data_081,13,0,1,4,4,2604,82
data_081,14,0,1,4,4,2925,126
data_081,15,0,1,4,4,2697,99
data_081,16,0,1,4,4,3272,80
data_081,17,0,1,4,4,2582,105
data_082,0,0,0,4,0,3098,80
data_082,1,0,0,4,0,2974,90
data_082,2,0,0,4,0,3441,81
data_082,3,1,1,4,4,2470,55
data_082,4,1,1,4,4,2825,75
data_082,5,0,1,4,4,2281,101
data_082,6,0,1,4,4,4337,97
data_082,7,0,1,4,4,2724,106
data_082,8,0,1,4,4,3906,81
data_082,9,0,1,4,4,2364,93
data_082,10,0,1,3,3,2542,88
data_082,11,0,1,4,4,1944,97
data_082,12,0,1,4,4,2087,67
data_082,13,0,1,4,4,1719,87
data_082,14,0,1,4,4,1799,93
data_082,15,0,1,4,4,2658,96
data_082,16,0,1,4,4,2686,81
data_082,17,1,1,4,4,2805,91
data_083,0,0,0,3,0,3903,152
data_083,1,0,0,4,0,4456,125
data_083,2,0,0,4,0,2974,128
data_083,3,0,0,4,0,3180,107
data_083,4,0,0,4,0,2974,106
data_083,5,0,1,4,4,2554,67
data_083,6,0,1,4,4,4398,132
data_083,7,1,1,4,4,2561,133
data_083,8,1,1,3,3,3289,127
data_084,0,0,0,4,0,2157,64
data_084,1,0,0,3,0,2744,118
data_084,2,0,0,4,0,2809,94
data_084,3,0,0,4,0,2918,104
data_084,4,0,0,4,0,1891,78
data_084,5,0,1,4,4,5025,143
data_084,6,0,1,3,3,5044,133
data_084,7,0,1,4,4,4316,147
data_084,8,0,1,3,3,3982,99
data_084,9,0,1,4,4,3290,179
data_084,10,1,1,4,4,2110,103
data_084,11,1,1,4,4,2110,103
data_084,12,1,1,3,3,1789,115
data_084,13,1,1,4,4,2110,100
data_084,14,1,1,4,4,2110,125
data_084,15,0,1,4,4,2679,109
data_084,16,0,1,3,3,2417,98
data_084,17,0,1,4,4,2983,106
data_084,18,0,1,4,4,2713,120
data_084,19,0,1,4,4,2804,121
data_084,20,0,1,4,4,3498,110
data_084,21,0,1,4,4,4240,113
data_084,22,0,1,4,4,3365,81
data_084,23,0,1,4,4,3031,146
data_084,24,1,1,4,4,3553,121
data_084,25,0,1,4,4,3981,104
data_084,26,1,1,4,4,3772,98
data_084,27,0,1,4,4,4274,104
data_084,28,0,1,4,4,3702,110
data_084,29,1,1,4,4,3702,107
data_085,0,0,0,4,0,2652,88
data_085,1,0,0,4,0,1812,71
data_085,2,0,0,4,0,3949,136
data_085,3,0,0,4,0,2203,56
data_085,4,0,1,4,4,2472,98
data_085,5,0,1,4,4,2508,73
data_085,6,0,1,4,4,2858,79
data_085,7,0,1,4,4,2508,90
data_085,8,0,1,4,4,2704,85
data_085,9,0,1,4,4,2981,73
data_085,10,0,1,4,4,2676,110
data_085,11,0,1,4,4,2678,67
data_085,12,0,1,4,4,2598,118
data_085,13,0,1,4,4,2790,121
data_085,14,0,1,4,4,2758,90
data_085,15,0,1,4,4,2208,86
data_085,16,0,1,4,4,2592,71
data_085,17,0,1,4,4,1961,101
data_085,18,0,1,4,4,1889,77
data_085,19,0,1,4,4,1756,75
data_085,20,0,1,3,3,1293,80
data_085,21,0,1,4,4,1625,80
data_085,22,0,1,4,4,2118,112
data_085,23,0,1,4,4,2062,86
data_085,24,0,1,4,4,2018,85
data_085,25,0,1,4,4,2251,103
data_085,26,0,1,4,4,2278,78
data_085,27,0,1,4,4,2283,81
data_086,0,0,0,4,0,2246,78
data_086,1,0,0,4,0,2211,183
data_086,2,1,1,4,4,2979,91
data_086,3,0,1,3,3,3141,92
data_086,4,0,1,4,4,1930,105
data_086,5,0,1,4,4,1790,86
data_086,6,0,1,4,4,3499,135
data_086,7,0,1,4,4,3476,104
data_086,8,0,1,4,4,2836,126
data_086,9,0,1,4,4,3439,93
data_086,10,0,1,4,4,3195,83
data_086,11,0,1,4,4,3378,108
data_087,0,0,0,4,0,3102,226
data_087,1,0,0,3,0,1445,110
data_087,2,0,1,4,4,2622,87
data_087,3,0,1,4,4,2471,93
data_087,4,0,1,4,4,2487,85
data_087,5,0,1,4,4,2863,115
data_087,6,0,1,4,4,2882,114
data_087,7,1,1,4,4,2186,69
data_087,8,0,1,4,4,2489,116
data_087,9,1,1,3,3,1945,101
data_087,10,1,1,4,4,1929,147
data_087,11,0,1,4,4,2476,107
data_087,12,0,1,4,4,2652,93
data_087,13,0,1,4,4,1676,88
data_087,14,0,1,4,4,2008,78
data_087,15,0,1,4,4,2452,108
data_088,0,1,1,4,4,1893,108
data_088,1,0,1,4,4,1441,79
data_088,2,0,1,4,4,1909,82
data_088,3,0,1,4,4,2215,121
data_088,4,0,1,4,4,1551,111
data_088,5,0,1,4,4,1939,111
data_088,6,0,1,4,4,2471,106
data_088,7,0,1,4,4,2808,109
data_088,8,0,1,4,4,3710,96
data_088,9,0,1,4,4,2445,99
data_088,10,0,1,4,4,2943,91
data_088,11,0,1,3,3,2180,92
data_088,12,0,1,4,4,2523,83
data_088,13,1,1,3,3,1552,76
data_088,14,0,1,4,4,1719,87
data_088,15,0,1,4,4,1985,88
data_088,16,0,1,4,4,2459,107
data_089,0,0,0,4,0,2547,129
data_089,1,0,0,4,0,1260,54
data_089,2,0,0,4,0,2659,177
data_089,3,0,0,4,0,2723,112
data_089,4,0,1,4,4,2567,121
data_089,5,0,1,4,4,2032,91
data_089,6,0,1,4,4,2184,112
data_089,7,0,1,4,4,2592,125
data_089,8,0,1,4,4,2907,122
data_089,9,0,1,4,4,3976,104
data_089,10,0,1,4,4,3894,129
data_089,11,0,1,4,4,3268,115
data_089,12,0,1,4,4,2502,125
data_089,13,0,1,4,4,2485,109
data_089,14,0,1,4,4,2739,75
data_089,15,0,1,4,4,2863,81
data_089,16,0,1,4,4,2880,112
data_089,17,0,1,4,4,1780,110
data_089,18,0,1,4,4,1780,91
data_089,19,0,1,4,4,3201,127
data_089,20,1,1,4,4,3674,106
data_089,21,0,1,4,4,3459,82
data_090,0,0,0,4,0,2753,81
data_090,1,1,0,4,0,2822,89
data_090,2,1,1,4,4,3763,137
data_090,3,0,1,4,4,3509,109
data_090,4,0,1,4,4,4718,150
data_090,5,0,1,4,4,3831,122
data_090,6,0,1,4,4,3913,112
data_090,7,0,1,4,4,2916,111
data_090,8,0,1,4,4,2082,98
data_090,9,0,1,4,4,2957,129
data_090,10,0,1,4,4,2128,91
data_090,11,0,1,4,4,2263,90
data_090,12,0,1,4,4,2504,55
data_090,13,0,1,4,4,3005,88
data_090,14,0,1,4,4,2376,86
data_090,15,0,1,4,4,2582,103
data_090,16,0,1,4,4,2407,130
data_091,0,0,0,4,0,3721,113
data_091,1,0,0,4,0,5233,135
data_091,2,0,0,4,0,2729,146
data_091,3,0,0,4,0,4062,108
data_091,4,0,0,4,0,2441,115
data_091,5,0,1,4,4,2511,140
data_091,6,0,1,4,4,2927,114
data_091,7,1,1,4,4,2882,163
data_091,8,0,1,4,4,2753,169
data_091,9,0,1,3,3,3069,153
data_091,10,0,1,3,3,2903,149
data_091,11,0,1,4,4,1878,123
data_091,12,0,1,4,4,2115,97
data_091,13,0,1,4,4,1423,102
data_091,14,0,1,4,4,2028,121
data_091,15,0,1,4,4,1749,126
data_091,16,0,1,4,4,1587,69
data_091,17,0,1,4,4,2543,131
data_091,18,0,1,4,4,2920,118
data_091,19,0,1,4,4,3041,107
data_091,20,0,1,4,4,2940,93
data_091,21,0,1,4,4,2723,78
data_092,0,0,1,4,3,2440,168
data_092,1,0,1,4,3,2987,102
data_092,2,0,1,4,4,2120,91
data_092,3,0,1,4,4,1984,134
data_092,4,0,1,4,4,4033,136
data_092,5,0,1,4,4,4030,140
data_092,6,0,1,4,4,4069,85
data_092,7,1,1,4,4,2608,108
data_092,8,0,1,4,4,3558,80
data_092,9,0,1,4,4,2002,126
data_092,10,0,1,4,4,3553,113
data_092,11,0,1,4,4,3537,101
data_092,12,0,1,4,4,3263,81
data_092,13,0,1,4,4,2957,88
data_092,14,0,1,4,4,4120,135
data_092,15,0,1,4,4,3646,90
data_093,0,0,0,4,0,2690,139
data_093,1,0,0,4,0,2322,134
data_093,2,0,1,4,4,3348,126
data_093,3,0,1,4,4,3304,121
data_093,4,0,1,4,4,3378,129
data_093,5,0,1,4,4,1937,89
data_093,6,0,1,4,4,1746,145
data_093,7,0,1,4,4,1588,127
data_093,8,0,1,4,4,3500,131
data_093,9,0,1,4,4,2963,129
data_093,10,0,1,4,4,2976,187
data_093,11,0,1,4,4,3241,137
data_093,12,0,1,3,3,2387,159
data_093,13,0,1,4,4,2746,146
data_094,0,0,0,3,0,2025,77
data_094,1,0,0,4,0,2520,114
data_094,2,0,0,4,0,2434,100
data_094,3,1,1,4,4,1959,77
data_094,4,0,1,4,4,1227,74
data_094,5,0,1,4,4,2003,129
data_094,6,0,1,4,4,2219,106
data_094,7,0,1,4,4,2509,70
data_094,8,0,1,4,4,2580,71
data_094,9,0,1,4,4,2350,96
data_094,10,0,1,4,4,2350,79
data_094,11,1,1,4,4,2227,79
data_094,12,0,1,4,4,2387,62
data_094,13,0,1,4,4,2272,106
data_095,0,0,0,4,0,2697,79
data_095,1,0,0,4,0,3129,80
data_095,2,0,0,4,0,2687,74
data_095,3,0,0,4,0,2675,86
data_095,4,0,1,4,4,2195,102
data_095,5,0,1,4,4,2318,83
data_095,6,0,1,4,4,2404,109
data_095,7,0,1,3,3,2364,72
data_095,8,0,1,4,4,2970,97
data_095,9,0,1,4,4,2748,95
data_095,10,0,1,4,4,3738,98
data_095,11,0,1,4,4,3704,70
data_095,12,0,1,3,3,3153,108
data_095,13,0,1,4,4,2861,78
data_095,14,0,1,4,4,3701,75
data_095,15,0,1,4,4,3069,95
data_095,16,0,1,4,4,3405,106
data_095,17,0,1,4,4,2266,69
data_095,18,0,1,4,4,2670,65
data_095,19,0,1,4,4,1929,82
data_095,20,0,1,4,4,2700,66
data_095,21,0,1,4,4,2445,71
data_095,22,0,1,4,4,2362,109
data_096,0,0,0,4,0,3904,124
data_096,1,0,0,3,0,1314,135
data_096,2,0,0,4,0,2507,136
data_096,3,0,1,4,4,2908,106
data_096,4,0,1,4,4,2879,147
data_096,5,0,1,3,3,4128,221
data_096,6,0,1,4,4,3358,131
data_096,7,0,1,4,4,3434,128
data_096,8,0,1,4,4,3289,131
data_096,9,0,1,4,4,2808,77
data_096,10,0,1,4,4,2856,144
data_096,11,0,1,4,4,2602,116
data_096,12,0,1,4,4,1538,129
data_096,13,0,1,3,3,1531,116
data_096,14,1,1,3,3,1315,133
data_096,15,0,1,4,4,1700,86
data_096,16,0,1,4,4,1934,97
data_096,17,0,1,4,4,1934,80
data_096,18,0,1,4,4,2370,107
data_096,19,0,1,4,4,2333,122
data_096,20,0,1,4,4,2378,99
data_097,0,1,0,4,0,2218,73
data_097,1,0,0,3,0,2244,129
data_097,2,1,0,3,0,1914,113
data_097,3,1,0,4,0,2366,102
data_097,4,0,1,4,4,2785,103
data_097,5,0,1,4,4,3382,132
data_097,6,0,1,4,4,2390,116
data_097,7,1,1,4,4,3483,113
data_097,8,0,1,4,4,3128,96
data_097,9,1,1,4,4,2681,95
data_097,10,0,1,4,4,2237,119
data_097,11,0,1,4,4,2128,119
data_097,12,1,1,4,4,2751,124
data_097,13,1,1,4,4,3028,124
data_097,14,1,1,4,4,2231,92
data_097,15,0,1,4,4,2435,98
data_097,16,0,1,4,4,2347,111
data_098,0,0,0,4,0,4001,86
data_098,1,0,0,4,0,3508,141
data_098,2,0,0,4,0,4026,95
data_098,3,0,1,4,4,2930,122
data_098,4,0,1,4,4,3351,152
data_098,5,0,1,4,4,3280,137
data_098,6,0,1,4,4,3068,109
data_098,7,0,1,4,4,2261,141
data_098,8,0,1,4,4,2395,141
data_098,9,1,1,4,4,3181,109
data_098,10,0,1,4,4,2917,125
data_098,11,0,1,4,4,2823,174
data_098,12,0,1,4,4,2960,107
data_098,13,0,1,4,4,2374,126
data_098,14,0,1,4,4,2597,112
data_098,15,0,1,4,4,3723,83
data_098,16,0,1,4,4,3723,89
data_098,17,0,1,4,4,3713,139
data_098,18,0,1,4,4,4391,130
data_098,19,0,1,4,4,4344,141
data_098,20,0,1,4,4,5364,102
data_098,21,0,1,4,4,5364,126
data_098,22,0,1,4,4,4923,97
data_098,23,0,1,4,4,3123,77
data_098,24,0,1,4,4,2773,128
data_099,0,0,0,3,0,2836,77
data_099,1,1,0,4,0,1818,67
data_099,2,0,1,4,4,2221,87
data_099,3,0,1,4,4,2221,82
data_099,4,0,1,4,0,3174,80
data_099,5,0,1,4,0,2172,111
data_099,6,0,1,4,4,1675,93
data_099,7,0,1,4,4,2261,64
data_099,8,0,1,4,4,3533,54
data_099,9,0,1,4,4,3056,116
data_099,10,1,1,0,0,12,51
data_099,11,1,1,0,0,12,81
data_099,12,0,1,4,4,3927,113
data_099,13,0,1,4,4,3945,98
data_099,14,1,1,1,1,490,76
data_100,0,0,0,4,0,3577,105
data_100,1,1,0,3,0,2978,90
data_100,2,1,0,3,0,2305,118
data_100,3,0,1,4,4,2360,45
data_100,4,0,1,4,4,2360,103
data_100,5,0,1,4,4,2360,90
data_100,6,0,1,4,4,2360,107
data_100,7,0,1,4,4,1824,77
data_100,8,0,1,4,4,1931,80
data_100,9,1,1,4,4,2192,110
data_100,10,0,1,4,4,2553,114
data_100,11,0,1,3,3,2171,91
data_100,12,0,1,4,4,2836,120
data_100,13,0,1,4,4,2555,93
data_100,14,0,1,4,4,2361,83
data_100,15,1,1,4,4,2373,77
data_100,16,0,1,4,4,2286,72
data_100,17,0,1,4,4,2568,78
data_100,18,0,1,4,4,2532,117
data_100,19,0,1,4,4,1121,78
data_100,20,0,1,4,4,1121,102
data_100,21,0,0,4,0,1926,118
data_100,22,0,0,4,0,1926,91
data_101,0,0,1,3,3,2097,116
data_101,1,0,1,3,3,2097,71
data_101,2,0,1,3,3,2205,93
data_101,3,0,1,4,4,1852,82
data_101,4,0,1,4,4,1809,50
data_101,5,0,1,4,4,1200,76
data_101,6,0,1,4,4,1462,120
data_101,7,0,1,4,4,1437,49
data_101,8,0,1,4,4,3423,90
data_101,9,1,1,4,4,2714,76
data_101,10,0,1,4,4,3162,75
data_101,11,0,1,4,4,3034,98
data_101,12,0,1,4,4,2721,78
data_101,13,0,1,4,4,1684,98
data_101,14,1,1,4,4,1657,107
data_101,15,1,1,4,4,1684,75
data_101,16,0,1,4,4,1038,76
data_101,17,0,1,4,4,1346,72
data_101,18,0,1,4,4,1318,83
data_101,19,0,1,4,4,3574,74
data_101,20,1,1,4,4,3061,85
data_101,21,1,1,4,4,3574,85
data_102,0,1,1,4,0,2562,100
data_102,1,0,1,4,0,2401,124
data_102,2,0,1,3,0,2225,96
data_102,3,0,1,3,3,2495,149
data_102,4,0,1,4,4,2164,108
data_102,5,0,1,3,3,2317,112
data_102,6,0,1,4,4,3239,151
data_102,7,0,1,4,4,2501,144
data_102,8,0,1,4,4,3781,140
data_102,9,0,1,4,4,2351,133
data_102,10,0,1,4,4,2225,165
data_102,11,0,1,4,4,3747,116
data_102,12,0,1,4,4,2555,141
data_102,13,0,1,4,4,2909,120
data_102,14,0,1,4,4,2555,121
data_103,0,0,0,3,0,1266,61
data_103,1,0,0,2,0,802,121
data_103,2,0,1,4,4,3922,73
data_103,3,0,1,4,4,3992,96
data_103,4,0,1,4,4,2459,106
data_103,5,0,1,4,4,3044,96
data_103,6,0,1,3,3,1976,104
data_103,7,1,1,4,4,2717,103
data_103,8,0,1,4,4,2000,64
data_103,9,0,1,4,4,2611,80
data_103,10,0,1,4,4,2305,67
data_103,11,0,1,4,4,1821,99
data_103,12,0,1,4,4,1672,105
data_103,13,0,1,4,4,3756,93
data_103,14,0,1,4,4,3496,92
data_103,15,0,1,4,4,2718,92
data_103,16,0,1,3,3,1925,132
data_103,17,0,1,4,4,2459,80
data_103,18,0,1,4,4,2087,119
data_104,0,0,0,4,0,3873,156
data_104,1,0,0,4,0,2805,137
data_104,2,1,0,4,0,2345,148
data_104,3,0,1,4,4,3099,102
data_104,4,0,1,4,4,3752,227
data_104,5,0,1,4,4,3741,105
data_104,6,0,1,4,4,2942,171
data_104,7,1,1,4,4,2189,102
data_104,8,1,1,4,4,3168,133
data_104,9,0,1,4,4,2157,136
data_104,10,0,1,4,4,2565,118
data_104,11,0,1,4,4,2214,86
data_104,12,0,1,4,4,2172,89
data_104,13,0,1,4,4,1979,78
data_104,14,0,1,4,4,2264,120
data_105,0,0,0,4,0,3733,131
data_105,1,0,0,3,0,2947,145
data_105,2,0,0,3,0,2947,153
data_105,3,0,0,3,0,2482,119
data_105,4,0,1,4,4,1331,87
data_105,5,0,1,4,4,2113,115
data_105,6,0,1,4,4,2180,151
data_105,7,0,1,4,4,2290,128
data_105,8,0,1,4,4,2404,133
data_105,9,0,1,4,4,2431,165
data_105,10,0,1,4,4,4534,109
data_105,11,0,1,4,4,4092,102
data_105,12,0,1,4,4,4534,132
data_105,13,0,1,4,4,3225,160
data_105,14,0,1,4,4,3532,167
data_105,15,0,1,4,4,2854,165
data_105,16,1,1,4,4,2468,165
data_105,17,0,1,4,4,2585,155
data_105,18,0,1,4,4,2423,97
data_105,19,0,1,4,4,2914,105
data_105,20,0,1,4,4,2952,111
data_105,21,0,1,3,3,2888,130
data_105,22,0,1,4,4,2543,169
data_105,23,0,1,4,4,2126,159
data_106,0,0,0,4,0,3154,118
data_106,1,0,0,4,0,3481,127
data_106,2,0,1,4,4,3132,101
data_106,3,0,1,4,4,3049,86
data_106,4,0,1,4,4,2967,117
data_106,5,0,1,4,4,2967,147
data_106,6,0,1,4,4,2287,121
data_106,7,0,1,4,4,1665,150
data_106,8,0,1,4,4,1966,114
data_106,9,0,1,4,4,1776,91
data_106,10,1,1,4,4,1355,98
data_106,11,1,1,4,4,1620,108
data_106,12,1,1,4,4,1741,148
data_106,13,1,1,4,4,2569,108
data_106,14,1,1,4,4,1881,103
data_106,15,0,1,4,4,2646,123
data_107,0,1,0,4,0,2643,119
data_107,1,0,0,4,0,3097,148
data_107,2,0,0,4,0,1869,125
data_107,3,0,0,4,0,2341,122
data_107,4,0,1,4,4,2743,80
data_107,5,0,1,4,4,2590,97
data_107,6,0,1,4,4,2658,73
data_107,7,0,1,4,4,2532,92
data_107,8,0,1,4,4,2139,87
data_107,9,0,1,4,4,2328,77
data_107,10,0,1,4,4,3043,71
data_107,11,1,1,4,4,3914,85
data_107,12,0,1,4,4,3236,80
data_107,13,0,1,4,4,2868,74
data_107,14,0,1,4,4,3248,88
data_107,15,1,1,4,4,2551,111
data_107,16,1,1,4,4,2723,100
data_107,17,1,1,4,4,1904,94
data_108,0,0,0,4,0,2322,71
data_108,1,1,0,3,0,1684,82
data_108,2,0,0,3,0,2507,65
data_108,3,0,1,3,0,1566,44
data_108,4,0,1,4,2,1444,56
data_108,5,0,1,4,4,2118,73
data_108,6,0,1,4,4,2185,87
data_108,7,0,1,4,4,2161,61
data_108,8,0,1,4,4,1762,61
data_108,9,0,1,4,4,1334,90
data_108,10,1,1,4,4,1594,71
data_108,11,0,1,4,0,1351,31
data_108,12,0,1,4,0,2340,78
data_108,13,1,1,4,0,1351,67
data_108,14,0,1,4,4,2491,69
data_108,15,0,1,4,4,2488,76
data_108,16,1,1,4,4,2197,76
data_108,17,0,1,4,4,2055,67
data_108,18,0,1,4,3,1407,73
data_109,0,0,0,2,0,1640,56
data_109,1,0,0,4,0,4645,104
data_109,2,0,1,4,4,2366,76
data_109,3,0,1,4,4,2409,113
data_109,4,0,1,4,4,1414,112
data_109,5,0,1,4,4,2660,83
data_109,6,1,1,4,4,2591,135
data_109,7,0,1,4,4,2102,76
data_109,8,0,1,4,4,2571,92
data_109,9,0,1,4,4,1859,104
data_109,10,0,1,4,4,2059,90
data_110,0,0,0,4,0,2577,94
data_110,1,0,0,4,0,2977,68
data_110,2,0,0,4,0,2577,161
data_110,3,0,1,4,4,2570,116
data_110,4,0,1,4,4,2052,64
data_110,5,0,1,4,4,2579,89
data_110,6,0,1,4,4,2308,119
data_110,7,0,1,3,3,2827,117
data_110,8,0,1,4,4,3006,80
data_110,9,0,1,4,4,2943,102
data_110,10,0,1,4,4,2437,91
data_110,11,0,1,4,4,2891,105
data_110,12,1,1,4,4,2785,113
data_110,13,0,1,4,4,2802,92
data_110,14,0,1,4,4,2786,119
data_110,15,0,1,4,4,1986,80
data_110,16,0,1,4,4,2398,97
data_110,17,0,1,4,4,1992,113
data_110,18,0,1,4,4,1925,100
data_110,19,1,1,4,4,2236,81
data_110,20,0,1,4,4,2245,96
data_110,21,1,1,0,0,1252,106
data_110,22,1,1,0,0,1252,112
data_110,23,1,1,0,0,1252,88
data_110,24,0,1,4,4,2662,88
data_110,25,0,1,4,4,2699,96
data_110,26,0,1,4,4,2082,109
data_110,27,0,1,4,4,2520,90
data_110,28,0,1,4,4,1581,86
data_110,29,0,1,4,4,1879,91
data_111,0,1,1,0,0,204,96
data_111,1,1,1,0,0,204,137
data_111,2,1,1,0,0,204,121
data_111,3,1,1,0,0,204,135
data_111,4,1,1,0,0,204,106
data_111,5,1,1,0,0,204,121
data_111,6,1,1,0,0,204,89
data_111,7,1,1,0,0,204,80
data_111,8,1,1,0,0,204,108
data_111,9,1,1,0,0,204,72
data_111,10,1,1,0,0,204,122
data_111,11,1,1,0,0,204,80
data_111,12,1,1,0,0,204,131
data_111,13,1,1,0,0,204,66
data_111,14,1,1,0,0,204,90
data_111,15,1,1,0,0,204,103
data_112,0,0,0,4,0,3286,110
data_112,1,0,0,4,0,2841,103
data_112,2,0,0,4,0,3017,92
data_112,3,0,1,4,4,2172,94
data_112,4,0,1,4,4,2095,118
data_112,5,0,1,4,4,2146,90
data_112,6,0,1,4,4,1564,112
data_112,7,0,1,4,4,1579,109
data_112,8,0,1,4,4,1442,108
data_112,9,0,1,4,4,1406,77
data_112,10,0,1,4,4,1431,102
data_112,11,0,1,4,4,1406,32
data_112,12,0,1,4,4,1635,54
data_112,13,0,1,4,4,2277,97
data_112,14,0,1,4,4,2383,100
data_112,15,0,1,4,4,2383,101
data_112,16,0,1,4,4,1735,71
data_112,17,0,1,4,4,1735,100
data_112,18,0,1,4,4,2077,80
data_112,19,0,1,4,4,1901,112
data_112,20,0,1,3,3,2295,88
data_112,21,0,1,3,3,2031,80
data_113,0,0,0,4,0,2556,132
data_113,1,0,0,4,0,2703,107
data_113,2,0,0,4,0,3526,89
data_113,3,1,0,4,0,2910,64
data_113,4,0,0,4,0,3140,131
data_113,5,0,0,4,0,3776,141
data_113,6,0,1,4,4,3243,148
data_113,7,0,1,4,4,2555,107
data_113,8,0,1,4,4,3234,185
data_113,9,0,1,4,4,2219,141
data_113,10,0,1,4,4,2236,150
data_113,11,0,1,4,4,3138,91
data_113,12,0,1,4,4,1919,101
data_113,13,1,1,4,4,1799,122
data_113,14,0,1,4,4,3432,127
data_114,0,0,0,4,0,2406,79
data_114,1,0,0,4,0,2089,47
data_114,2,0,0,4,0,1371,63
data_114,3,0,0,4,0,1822,63
data_114,4,0,1,4,4,2241,59
data_114,5,0,1,4,4,2262,87
data_114,6,0,1,4,4,2021,72
data_114,7,0,1,4,4,4028,124
data_114,8,0,1,4,4,4045,91
data_114,9,0,1,4,4,3302,120
data_114,10,1,1,4,4,1772,59
data_114,11,1,1,4,4,2866,90
data_114,12,0,1,4,4,2790,71
data_114,13,0,1,4,4,2686,68
data_114,14,0,1,4,4,2801,88
data_114,15,0,1,4,4,2625,93
data_114,16,1,1,4,4,2038,57
data_115,0,0,1,4,4,3257,125
data_115,1,0,1,4,4,3377,105
data_115,2,0,1,4,4,2774,124
data_115,3,1,1,4,4,3172,98
data_115,4,1,1,4,4,3170,72
data_115,5,0,1,4,4,3714,137
data_115,6,0,1,4,4,1603,72
data_115,7,0,1,4,4,1845,82
data_115,8,0,1,4,4,2144,84
data_115,9,0,1,4,4,2109,129
data_115,10,0,1,4,4,2618,116
data_115,11,0,1,4,4,2618,113
data_115,12,0,0,4,0,2409,126
data_115,13,0,0,4,0,1911,116
data_115,14,0,1,4,4,2363,116
data_115,15,0,1,4,4,2363,145
data_116,0,0,0,4,0,2346,124
data_116,1,0,0,3,0,1882,120
data_116,2,0,1,4,4,4512,167
data_116,3,0,1,4,4,3349,120
data_116,4,0,1,4,4,2849,137
data_116,5,0,1,4,4,5047,100
data_116,6,0,1,4,4,3773,198
data_116,7,0,1,4,4,2453,160
data_116,8,0,1,4,4,2453,125
data_116,9,0,1,4,4,2460,148
data_116,10,0,1,4,4,2460,116
data_116,11,0,1,4,4,1929,126
data_116,12,0,1,4,4,3193,153
data_116,13,0,1,4,4,2510,87
data_116,14,0,1,4,4,2998,147
data_116,15,0,1,4,4,2495,141
data_116,16,0,1,4,4,2495,86
data_116,17,0,1,4,4,2755,118
data_116,18,0,1,4,4,2755,128
data_116,19,0,1,4,4,2755,85
data_116,20,0,1,4,4,3014,119
data_116,21,0,1,4,4,3757,108
data_116,22,0,1,4,4,2227,121
data_116,23,0,1,4,4,2562,192
data_116,24,0,1,4,4,2241,124
data_116,25,0,1,4,4,2405,95
data_117,0,0,0,4,0,2851,80
data_117,1,1,0,4,0,1764,46
data_117,2,0,1,4,4,1708,70
data_117,3,0,1,3,3,2078,83
data_117,4,0,1,4,4,2700,73
data_117,5,0,1,3,3,1826,75
data_117,6,0,1,4,4,2218,109
data_117,7,0,1,4,4,2218,129
data_117,8,1,1,4,4,2313,69
data_117,9,0,1,4,4,2532,75
data_117,10,0,1,4,4,2930,48
data_117,11,0,1,4,4,1857,77
data_117,12,0,1,4,4,2410,75
data_117,13,0,1,4,4,2794,89
data_117,14,0,1,3,3,2389,81
data_117,15,0,1,4,4,2782,82
data_117,16,0,1,4,4,3753,73
data_117,17,0,1,4,4,3621,134
data_118,0,0,0,4,0,2649,121
data_118,1,0,0,3,0,1679,92
data_118,2,0,1,4,4,2496,108
data_118,3,0,1,4,4,2394,112
data_118,4,0,1,4,4,2570,120
data_118,5,0,1,3,3,1509,111
data_118,6,0,1,4,4,2028,137
data_118,7,0,1,4,4,3335,136
data_118,8,0,1,3,3,3283,122
data_118,9,0,1,3,3,2843,95
data_118,10,0,1,4,4,2354,104
data_118,11,0,1,4,4,2912,115
data_118,12,0,1,4,3,1775,66
data_118,13,1,1,4,2,1995,136
data_118,14,0,1,4,4,3388,99
data_118,15,0,1,4,4,1985,129
data_118,16,0,1,4,4,3902,127
data_118,17,0,1,4,4,4855,87
data_118,18,0,1,4,4,3657,122
data_119,0,0,0,4,0,2826,105
data_119,1,0,0,4,0,3047,86
data_119,2,0,0,3,0,3094,61
data_119,3,0,1,4,4,3256,82
data_119,4,0,1,4,4,2848,111
data_119,5,0,1,4,4,3256,103
data_119,6,0,1,4,4,3256,89
data_119,7,0,1,4,4,1658,62
data_119,8,0,1,4,4,3420,78
data_119,9,0,1,4,4,3229,74
data_119,10,0,1,4,4,4027,102
data_119,11,0,1,4,4,2626,75
data_119,12,0,1,3,3,3234,86
data_119,13,0,1,4,4,2167,95
data_119,14,0,1,4,4,1914,99
data_119,15,0,1,4,4,2320,80
data_119,16,0,1,4,4,1650,87
data_119,17,0,1,4,4,2608,84
data_119,18,0,1,4,4,2769,106
data_119,19,0,1,4,4,3117,101
data_119,20,0,1,4,4,2345,110
data_119,21,0,1,3,3,4490,85
data_119,22,0,1,4,4,2589,69
data_119,23,0,1,4,4,3046,79
data_119,24,0,1,3,3,2655,96
data_120,0,1,1,4,4,2495,81
data_120,1,0,1,4,4,2127,68
data_120,2,0,1,3,3,1455,83
data_120,3,0,1,4,4,1636,99
data_120,4,1,1,4,4,1845,119
data_120,5,0,1,4,4,1593,72
data_120,6,0,1,4,4,2521,95
data_120,7,0,1,4,4,1894,93
data_120,8,0,1,4,4,2411,76
data_120,9,0,1,4,4,3164,89
data_120,10,0,1,4,4,3023,75
data_120,11,0,1,4,4,2294,112
data_120,12,0,1,4,4,3411,72
data_120,13,0,1,4,4,3484,81
data_120,14,0,1,4,4,2898,95
data_120,15,0,1,4,4,2271,116
data_120,16,0,1,4,4,1369,116
data_120,17,0,1,3,3,2306,113
data_120,18,0,1,4,4,3052,116
data_120,19,0,1,4,4,2410,115
data_120,20,0,1,4,4,3042,87
data_120,21,0,1,4,4,2985,107
data_121,0,0,0,4,0,2307,94
data_121,1,0,0,4,0,1527,78
data_121,2,1,0,4,0,1675,105
data_121,3,0,1,4,4,2954,81
data_121,4,0,1,4,4,2922,83
data_121,5,0,1,4,4,3993,100
data_121,6,0,1,4,4,3507,93
data_121,7,0,1,4,4,2683,106
data_121,8,0,1,4,4,2590,103
data_121,9,0,1,4,4,2362,76
data_121,10,0,1,4,4,2818,95
data_121,11,0,1,4,4,6014,69
data_121,12,0,1,4,4,5762,102
data_121,13,0,1,4,4,4774,80
data_121,14,0,1,4,4,5259,97
data_121,15,0,1,4,4,4147,104
data_121,16,0,1,4,4,5470,90
data_121,17,0,1,4,4,5491,87
data_121,18,1,1,4,4,5491,124
data_121,19,0,1,4,4,2030,93
data_121,20,0,1,4,4,2664,88
data_121,21,1,1,4,4,2324,95
data_121,22,0,1,4,4,2773,127
data_121,23,0,0,4,0,3397,103
data_121,24,0,0,4,0,3332,91
data_121,25,0,0,4,0,2925,84
data_121,26,0,0,4,0,3397,80
data_122,0,0,0,3,0,3778,79
data_122,1,0,0,4,0,3825,80
data_122,2,0,0,4,0,3780,127
data_122,3,0,1,4,4,2583,94
data_122,4,1,1,4,4,3361,75
data_122,5,0,1,4,4,1902,87
data_122,6,1,1,4,4,2150,85
data_122,7,0,1,4,4,2382,92
data_122,8,0,1,4,4,1892,60
data_122,9,0,1,4,4,1344,66
data_122,10,0,1,4,4,1069,62
data_122,11,0,1,4,4,1747,52
data_122,12,0,1,4,4,2767,87
data_122,13,0,1,4,4,2139,84
data_123,0,0,1,4,1,2781,45
data_123,1,0,1,4,0,2892,149
data_123,2,0,1,4,0,3327,69
data_123,3,1,1,4,4,2991,79
data_123,4,0,1,4,4,2698,102
data_123,5,0,1,4,4,2298,110
data_123,6,0,1,4,4,3149,88
data_123,7,1,1,4,4,3469,85
data_123,8,0,1,4,4,5267,94
data_123,9,0,1,4,4,4597,78
data_123,10,0,1,4,4,2303,134
data_124,0,0,1,4,2,1017,83
data_124,1,0,1,4,3,2222,71
data_124,2,0,1,4,4,1834,69
data_124,3,0,1,2,1,1691,84
data_124,4,0,1,4,4,1680,102
data_124,5,0,0,4,0,2483,73
data_124,6,0,0,4,0,2011,73
data_124,7,0,1,4,4,1730,75
data_124,8,0,1,4,4,2616,82
data_124,9,1,1,4,4,2906,67
data_124,10,0,1,4,4,2748,91
data_124,11,0,1,4,4,2659,106
data_124,12,0,1,4,4,1418,98
data_124,13,1,1,4,4,1645,104
data_124,14,0,1,4,4,2019,111
data_124,15,0,1,4,4,1776,77
data_125,0,0,0,4,0,2146,83
data_125,1,0,0,4,0,2175,126
data_125,2,0,0,4,0,1994,112
data_125,3,0,0,4,0,2253,75
data_125,4,0,0,4,0,2369,117
data_125,5,0,1,4,4,2323,77
data_125,6,0,1,4,4,2822,92
data_125,7,0,1,4,4,1872,87
data_125,8,0,1,4,4,2406,87
data_125,9,0,1,4,4,3089,55
data_125,10,0,1,4,4,3596,126
data_125,11,0,1,4,4,3688,100
data_125,12,0,1,4,4,4043,98
data_125,13,0,1,4,4,2892,83
data_125,14,0,1,4,4,4352,79
data_125,15,0,1,4,4,3138,133
data_125,16,0,1,4,4,1975,92
data_125,17,0,1,4,4,2118,70
data_125,18,0,1,4,4,2532,101
data_125,19,1,1,4,4,2663,95
data_125,20,0,1,4,4,2409,93
data_125,21,0,1,4,4,2275,128
data_126,0,0,0,4,0,2019,90
data_126,1,0,0,4,0,2668,95
data_126,2,0,1,4,4,1279,102
data_126,3,0,1,4,4,1279,73
data_126,4,0,1,4,4,1279,43
data_126,5,0,1,4,4,2558,91
data_126,6,0,1,4,4,2565,100
data_126,7,0,1,4,4,2725,100
data_126,8,0,1,4,4,2263,91
data_126,9,0,1,4,4,2426,100
data_126,10,0,1,4,4,2454,82
data_126,11,0,1,4,4,2269,109
data_126,12,0,1,3,3,2444,49
data_126,13,0,1,3,3,2444,125
data_126,14,0,1,4,4,2161,88
data_126,15,0,1,4,4,1578,103
data_126,16,0,1,4,4,1905,78
data_126,17,0,1,4,4,2200,84
data_126,18,0,1,4,4,2166,65
data_126,19,0,1,4,4,2358,76
data_126,20,1,1,4,4,2166,100
data_126,21,1,1,4,4,2455,109
data_126,22,0,1,4,4,1851,101
data_126,23,0,1,4,4,2426,74
data_126,24,1,1,4,4,2390,67
data_126,25,0,1,4,4,2212,89
data_126,26,0,1,4,4,2556,54
data_126,27,0,1,4,4,2487,87
data_126,28,0,1,4,4,2527,99
data_127,0,0,1,4,1,3058,108
data_127,1,0,1,4,0,3022,107
data_127,2,0,1,4,0,3022,88
data_127,3,1,0,4,0,2042,92
data_127,4,1,0,4,0,2450,121
data_127,5,1,0,4,0,2450,120
data_127,6,0,1,4,4,1920,66
data_127,7,0,1,4,4,1861,113
data_127,8,0,1,4,4,3472,73
data_127,9,0,1,4,4,2993,101
data_127,10,0,1,4,4,3181,69
data_127,11,0,1,4,4,2991,98
data_127,12,0,1,4,4,3102,104
data_127,13,0,1,4,4,3290,101
data_127,14,1,1,4,4,3516,87
data_127,15,1,1,4,4,3299,106
data_127,16,1,1,3,3,2767,104
data_127,17,1,1,4,4,2821,124
data_128,0,0,0,4,0,4055,104
data_128,1,0,0,4,0,4137,106
data_128,2,0,0,4,0,3986,150
data_128,3,0,1,4,4,3297,114
data_128,4,0,1,4,4,3554,143
data_128,5,0,1,4,4,3609,182
data_128,6,0,1,4,4,4358,145
data_128,7,0,1,4,4,4347,153
data_128,8,0,1,4,4,5130,159
data_128,9,0,1,4,4,2193,131
data_128,10,0,1,4,4,1809,116
data_128,11,0,1,4,4,1963,160
data_128,12,0,1,4,4,4145,158
data_128,13,0,1,4,4,5367,138
data_128,14,0,1,4,4,3555,127
data_128,15,0,1,4,4,3436,140
data_128,16,0,1,4,4,4088,139
data_128,17,0,1,4,4,3872,137
data_128,18,0,1,4,4,2428,110
data_128,19,0,1,4,4,2580,127
data_128,20,0,1,4,4,2047,165
data_129,0,0,1,4,2,2948,71
data_129,1,0,1,4,0,2880,67
data_129,2,0,1,4,1,3092,84
data_129,3,0,1,3,2,2504,67
data_129,4,0,1,4,4,2588,89
data_129,5,0,1,4,4,2911,97
data_129,6,0,1,4,4,1985,78
data_129,7,0,1,4,4,2663,80
data_129,8,0,1,4,4,2465,107
data_129,9,0,1,3,3,2142,84
data_129,10,0,1,4,4,2263,73
data_129,11,0,1,3,3,1484,212
data_129,12,0,1,2,2,1674,77
data_129,13,0,1,4,4,2350,90
data_129,14,0,1,4,4,2480,86
data_130,0,0,0,4,0,1626,106
data_130,1,0,0,4,0,2207,93
data_130,2,0,0,4,0,1977,137
data_130,3,1,0,4,0,3917,103
data_130,4,1,1,0,0,324,81
data_130,5,1,1,0,0,324,96
data_130,6,1,1,0,0,324,53
data_130,7,1,1,4,4,3218,114
data_130,8,1,1,4,4,3504,91
data_130,9,0,1,4,4,1828,77
data_130,10,1,1,4,4,2294,117
data_130,11,1,1,4,4,2384,82
data_130,12,1,1,4,4,2757,98
data_130,13,1,1,4,4,3057,85
data_130,14,1,0,4,0,2999,98
data_130,15,0,0,4,0,2613,73
data_131,0,0,0,4,0,3416,131
data_131,1,0,0,3,0,3435,102
data_131,2,0,0,4,0,4409,88
data_131,3,1,1,4,4,1772,158
data_131,4,0,1,4,4,3081,119
data_131,5,0,1,4,4,2386,97
data_131,6,0,1,4,4,2715,97
data_131,7,0,1,4,4,2315,121
data_131,8,0,1,4,4,3306,108
data_131,9,0,1,4,4,2849,105
data_131,10,0,1,4,4,3841,115
data_131,11,0,1,4,4,4304,203
data_131,12,0,1,4,4,2727,119
data_131,13,0,1,4,4,2666,182
data_131,14,0,1,4,4,3164,164
data_132,0,0,0,4,0,2677,95
data_132,1,0,0,3,0,2788,81
data_132,2,0,0,4,0,2523,89
data_132,3,0,1,4,4,2490,115
data_132,4,0,1,4,4,2490,108
data_132,5,0,1,4,4,2490,91
data_132,6,0,1,4,4,2044,100
data_132,7,0,1,4,4,2467,87
data_132,8,1,1,4,4,2505,119
data_132,9,1,1,4,4,1866,119
data_132,10,0,1,4,4,1790,66
data_132,11,1,1,4,4,1971,115
data_132,12,0,1,4,4,2427,102
data_132,13,0,1,4,4,2392,109
data_132,14,0,1,4,4,2420,119
data_132,15,0,1,3,3,3299,110
data_132,16,0,1,4,4,3221,133
data_132,17,1,1,4,4,2648,104
data_133,0,0,0,4,0,1727,53
data_133,1,0,0,4,0,1819,71
data_133,2,0,0,4,0,2784,84
data_133,3,0,0,4,0,1819,58
data_133,4,0,1,3,3,1795,62
data_133,5,0,1,3,3,2266,52
data_133,6,0,1,3,3,1656,58
data_133,7,0,1,3,3,2077,53
data_133,8,0,1,3,3,1785,58
data_133,9,1,1,3,3,1921,55
data_133,10,0,1,3,3,1685,69
data_133,11,0,1,3,3,1785,62
data_133,12,0,1,4,4,2624,56
data_133,13,0,1,4,4,2892,71
data_133,14,0,1,4,4,2932,50
data_133,15,0,1,4,4,1683,53
data_133,16,0,1,4,4,1990,59
data_133,17,0,1,4,4,2300,64
data_133,18,0,1,4,4,1525,55
data_133,19,0,1,4,4,1048,51
data_133,20,0,1,4,4,1511,56
data_133,21,0,1,4,4,1028,69
data_133,22,0,1,4,4,1283,54
data_133,23,1,1,4,4,1422,90
data_133,24,0,1,4,4,2631,74
data_133,25,0,1,4,4,2631,35
data_133,26,0,1,4,4,2631,88
data_133,27,0,1,4,4,1676,50
data_133,28,0,1,4,4,1858,82
data_133,29,1,1,4,4,1676,78
data_133,30,0,1,4,4,1478,79
data_133,31,0,1,4,4,1526,47
data_133,32,1,1,4,4,1691,37
data_133,33,0,1,4,4,2842,71
data_133,34,0,1,4,4,2432,78
data_133,35,0,1,4,4,1708,76
data_133,36,0,1,4,4,1974,75
data_133,37,0,1,4,4,1859,81
data_133,38,0,1,4,4,1679,116
data_133,39,0,1,4,4,2148,70
data_133,40,0,1,4,4,2262,94
data_134,0,0,1,4,4,3403,173
data_134,1,0,1,4,4,2977,110
data_134,2,0,1,4,4,3390,184
data_134,3,1,1,3,3,3579,156
data_134,4,0,1,4,4,2339,97
data_134,5,0,1,4,4,1809,169
data_134,6,0,1,4,4,1613,84
data_134,7,0,1,4,4,2638,145
data_134,8,0,1,4,4,2313,145
data_134,9,0,1,4,4,2656,70
data_134,10,0,1,4,4,2767,83
data_134,11,0,1,4,4,2649,143
data_134,12,0,1,4,4,2451,74
data_134,13,0,1,4,4,2574,122
data_134,14,0,1,4,4,3322,118
data_134,15,0,1,4,4,1797,67
data_134,16,0,1,4,4,1873,128
data_134,17,0,1,4,4,1640,95
data_135,0,0,0,4,0,2984,70
data_135,1,0,0,4,0,3916,119
data_135,2,0,0,4,0,3481,193
data_135,3,0,0,4,0,4031,139
data_135,4,0,1,4,4,2858,115
data_135,5,0,1,4,4,3213,95
data_135,6,0,1,4,4,2539,127
data_135,7,0,1,4,4,2539,133
data_135,8,1,1,4,4,2107,119
data_135,9,0,1,4,4,2523,99
data_135,10,0,1,4,4,2612,139
data_135,11,0,1,4,4,2202,92
data_135,12,0,1,4,4,1858,117
data_135,13,0,1,4,4,3192,138
data_135,14,0,1,4,4,3820,83
data_135,15,0,1,4,4,4421,119
data_135,16,0,1,4,4,4421,102
data_135,17,0,1,4,4,2545,109
data_135,18,0,1,4,4,2425,99
data_135,19,0,1,4,4,2875,121
data_135,20,0,1,4,4,3434,76
data_135,21,0,1,4,4,3550,107
data_135,22,0,1,4,4,3747,116
data_135,23,0,1,4,4,2969,133
data_135,24,0,1,4,4,2920,104
data_135,25,0,1,4,4,1826,133
data_135,26,0,1,4,4,3106,133
data_135,27,0,1,4,4,2503,106
data_135,28,1,1,4,4,2660,145
data_136,0,0,0,4,0,3316,127
data_136,1,0,0,4,0,3332,104
data_136,2,0,0,4,0,3116,93
data_136,3,0,0,4,0,2670,93
data_136,4,0,1,4,4,3222,86
data_136,5,0,1,4,4,3462,84
data_136,6,0,1,4,4,3990,78
data_136,7,1,1,3,3,3339,87
data_136,8,0,0,3,0,3154,95
data_136,9,0,0,4,0,3105,85
data_136,10,0,0,4,0,3527,71
data_136,11,0,0,4,0,3208,62
data_136,12,0,1,4,4,3291,97
data_136,13,0,1,4,4,3291,106
data_136,14,0,1,4,4,3291,96
data_136,15,0,1,4,4,1851,84
data_136,16,0,1,4,4,1851,112
data_136,17,0,1,4,4,2353,65
data_136,18,1,1,4,4,2353,79
data_136,19,0,1,4,4,2423,70
data_136,20,0,1,4,4,2423,80
data_136,21,0,1,4,4,2375,64
data_136,22,0,1,4,4,2533,74
data_136,23,0,1,4,4,2915,86
data_136,24,0,1,4,4,2316,111
data_136,25,0,1,4,4,1544,108
data_136,26,0,1,4,4,2039,116
data_136,27,0,1,3,3,2658,71
data_136,28,0,1,3,3,2860,90
data_137,0,0,0,4,0,2102,72
data_137,1,0,1,4,4,2649,108
data_137,2,0,1,4,4,3268,129
data_137,3,0,1,4,4,3736,163
data_137,4,0,1,4,4,2946,110
data_137,5,0,1,4,4,3263,93
data_137,6,0,1,4,4,2494,149
data_137,7,0,1,4,4,2906,129
data_137,8,0,1,4,4,2141,105
data_137,9,1,1,4,4,2913,90
data_137,10,0,1,4,4,2913,99
data_137,11,0,1,4,4,2361,100
data_137,12,0,1,4,4,1522,131
data_137,13,0,1,4,4,2002,159
data_137,14,0,1,4,4,1871,113
data_137,15,0,1,4,4,2693,138
data_137,16,0,1,4,4,2307,127
data_138,0,0,0,3,0,3346,138
data_138,1,0,0,3,0,2358,90
data_138,2,0,0,4,0,3401,136
data_138,3,0,1,4,4,2843,143
data_138,4,0,1,4,4,2847,115
data_138,5,0,1,4,4,2625,150
data_138,6,0,1,4,4,2679,114
data_138,7,1,1,4,4,2316,146
data_138,8,0,1,4,4,2554,109
data_138,9,0,1,4,4,1846,104
data_138,10,0,1,4,4,2069,83
data_138,11,0,1,4,4,2566,152
data_139,0,0,0,4,0,3056,165
data_139,1,0,0,4,0,2131,108
data_139,2,0,0,4,0,3207,117
data_139,3,0,1,4,4,3309,167
data_139,4,0,1,4,4,3263,169
data_139,5,0,1,4,4,3549,219
data_139,6,0,1,4,4,2904,103
data_139,7,0,1,4,4,2392,121
data_139,8,1,1,4,4,2758,113
data_139,9,0,1,4,4,3865,122
data_139,10,0,1,4,4,4229,179
data_139,11,0,1,4,4,4387,160
data_139,12,0,1,4,4,3002,86
data_139,13,0,1,4,4,3002,150
data_139,14,1,1,4,4,3002,105
data_139,15,0,1,4,4,3182,121
data_139,16,0,1,4,4,3296,146
data_139,17,0,1,4,4,3182,126
data_139,18,0,1,4,4,3393,91
data_139,19,0,1,4,4,3675,136
data_139,20,0,1,4,4,3032,154
data_140,0,0,0,4,0,2808,73
data_140,1,0,0,4,0,2395,105
data_140,2,0,0,4,0,2536,72
data_140,3,0,1,4,4,3633,78
data_140,4,0,1,4,4,2847,66
data_140,5,0,1,4,4,5072,63
data_140,6,0,1,4,4,2062,74
data_140,7,0,1,4,4,2350,106
data_140,8,0,1,4,4,2697,82
data_140,9,0,1,4,4,3333,76
data_140,10,0,1,4,4,2016,103
data_140,11,0,1,4,4,1838,86
data_140,12,0,1,4,4,2062,81
data_141,0,0,0,4,0,2536,138
data_141,1,0,0,4,0,2162,136
data_141,2,1,0,0,0,0,115
data_141,3,0,1,4,0,3121,109
data_141,4,1,1,4,1,2343,137
data_141,5,0,1,4,4,2811,111
data_141,6,0,1,4,4,2801,101
data_141,7,0,1,4,4,2567,143
data_141,8,0,1,4,4,3410,119
data_141,9,0,1,4,4,3256,144
data_141,10,0,1,4,4,2442,149
data_141,11,0,1,4,4,2679,96
data_141,12,0,1,4,4,3414,92
data_141,13,0,1,4,4,3024,174
data_141,14,0,1,4,4,2284,158
data_141,15,1,1,4,4,2204,109
data_141,16,1,1,4,4,2287,126
data_142,0,0,0,4,0,3309,148
data_142,1,0,0,4,0,3439,155
data_142,2,0,1,4,4,4070,104
data_142,3,0,1,4,4,3756,105
data_142,4,0,1,4,4,2733,79
data_142,5,0,1,3,3,2742,110
data_142,6,0,1,4,4,3265,112
data_142,7,1,1,4,4,3511,114
data_142,8,0,1,4,4,2419,86
data_142,9,0,1,3,3,2588,105
data_142,10,0,1,4,4,2637,127
data_142,11,0,1,3,3,2606,119
data_142,12,0,1,3,3,2558,110
data_143,0,0,0,4,0,2991,78
data_143,1,0,0,4,0,3178,98
data_143,2,0,1,4,4,3802,56
data_143,3,0,1,4,4,3802,164
data_143,4,0,1,4,4,4155,104
data_143,5,0,1,4,4,3763,57
data_143,6,0,1,4,4,3176,100
data_143,7,0,1,3,3,2916,98
data_143,8,1,1,4,4,2925,89
data_143,9,0,1,4,4,3488,78
data_143,10,0,1,4,4,2374,87
data_143,11,0,1,4,4,2297,93
data_143,12,0,1,4,4,2685,72
data_143,13,0,1,4,4,2303,87
data_143,14,1,1,4,4,1681,72
data_143,15,0,1,4,4,1811,52
data_143,16,0,1,4,4,1906,75
data_143,17,0,1,4,4,2405,71
data_143,18,1,1,4,4,1465,101
data_143,19,0,1,4,4,1725,80
data_143,20,0,1,4,4,903,108
data_143,21,0,1,4,4,1792,64
data_143,22,0,1,4,4,2001,78
data_143,23,0,1,4,4,2075,100
data_144,0,0,0,4,0,1856,144
data_144,1,0,0,3,0,1152,76
data_144,2,0,1,4,1,2398,103
data_144,3,0,1,4,1,2500,117
data_144,4,0,1,4,0,1551,88
data_144,5,0,1,4,0,2059,79
data_144,6,0,1,4,1,1843,67
data_144,7,0,1,4,4,1310,88
data_144,8,0,1,4,4,1243,71
data_144,9,0,1,4,4,2159,94
data_144,10,0,1,4,4,2159,83
data_144,11,0,1,4,4,2052,78
data_144,12,0,1,4,4,2052,77
data_144,13,0,1,4,4,2317,94
data_144,14,0,1,4,4,1939,87
data_144,15,0,1,4,4,4020,71
data_144,16,0,1,4,4,3756,89
data_144,17,0,1,4,4,1784,68
data_144,18,0,1,4,4,1784,76
data_144,19,0,1,4,4,2339,55
data_145,0,0,0,4,0,1820,109
data_145,1,1,0,4,0,1559,103
data_145,2,0,1,3,3,1782,79
data_145,3,0,1,3,3,1685,78
data_145,4,0,1,4,4,2880,91
data_145,5,0,1,4,4,2721,101
data_145,6,0,1,4,4,1772,120
data_145,7,0,1,4,4,2237,101
data_145,8,0,1,4,4,2717,133
data_145,9,1,1,4,4,2294,132
data_145,10,0,1,4,4,1784,149
data_146,0,0,0,3,0,2374,146
data_146,1,0,0,4,0,2234,92
data_146,2,0,0,4,0,2317,214
data_146,3,0,0,4,0,2685,131
data_146,4,0,1,4,4,3428,155
data_146,5,0,1,4,4,3305,95
data_146,6,0,1,4,4,3781,136
data_146,7,0,1,4,4,3251,133
data_146,8,1,1,4,4,3889,108
data_146,9,0,1,4,4,3279,134
data_146,10,0,1,4,4,3949,105
data_146,11,0,1,4,4,3949,155
data_146,12,0,1,4,4,3888,121
data_146,13,0,1,4,4,3008,116
data_146,14,0,1,4,4,3611,172
data_146,15,0,1,4,4,3866,139
data_146,16,0,1,3,3,2648,133
data_146,17,0,1,4,4,2730,148
data_146,18,0,1,3,3,2881,136
data_146,19,0,1,3,3,2483,104
data_146,20,0,1,4,4,3222,83
data_146,21,0,1,4,4,3484,121
data_146,22,0,1,4,4,2940,117
data_146,23,0,1,4,4,3544,153
data_146,24,0,1,4,4,3330,130
data_146,25,0,1,4,4,2654,134
data_146,26,0,1,4,4,3149,164
data_146,27,0,1,4,4,2314,127
data_147,0,0,0,4,0,2013,80
data_147,1,0,0,4,0,2700,86
data_147,2,0,0,4,0,3230,82
data_147,3,0,0,4,0,2013,77
data_147,4,0,1,4,4,2231,59
data_147,5,0,1,4,4,2919,109
data_147,6,0,1,4,4,3080,121
data_147,7,1,1,4,4,2030,59
data_147,8,1,1,4,4,2043,87
data_147,9,0,1,4,4,3599,129
data_147,10,1,1,4,4,3792,115
data_147,11,1,1,4,4,3752,113
data_147,12,1,1,4,4,2342,66
data_147,13,1,1,4,4,3011,41
data_147,14,0,1,4,4,3041,80
data_147,15,0,1,4,4,3023,111
data_147,16,0,1,3,3,2255,89
data_147,17,0,1,4,4,3416,57
data_147,18,0,1,4,4,3439,97
data_148,0,0,0,4,0,2533,140
data_148,1,0,0,4,0,2800,117
data_148,2,0,1,4,4,2188,82
data_148,3,0,1,4,4,2168,113
data_148,4,0,1,4,4,2016,112
data_148,5,0,1,4,4,2239,102
data_148,6,1,1,4,4,2154,131
data_148,7,0,1,4,4,1545,139
data_148,8,0,1,4,4,2467,92
data_148,9,0,1,4,4,2367,148
data_148,10,0,1,4,4,2408,131
data_148,11,0,1,4,4,2044,119
data_148,12,0,1,4,4,2045,163
data_148,13,0,1,4,4,2495,106
data_148,14,0,1,4,4,2826,166
data_148,15,0,1,4,4,1875,65
data_148,16,0,1,4,4,1536,110
data_148,17,0,1,4,4,1529,123
data_149,0,0,0,4,0,2387,100
data_149,1,0,0,4,0,2558,136
data_149,2,0,0,4,0,2379,134
data_149,3,0,0,4,0,2379,72
data_149,4,0,1,4,4,2666,84
data_149,5,0,1,4,4,3500,83
data_149,6,0,1,4,4,3770,96
data_149,7,0,1,4,4,3590,94
data_149,8,0,1,4,4,2965,91
data_149,9,0,1,4,4,3065,128
data_149,10,0,1,4,0,2340,90
data_149,11,0,1,4,0,2083,109
data_149,12,0,1,3,0,2134,142
data_149,13,0,1,4,0,2871,165
data_149,14,0,1,3,0,3588,117
data_149,15,0,1,4,4,3299,90
data_149,16,0,1,4,4,3430,110
data_149,17,1,1,4,4,3301,131
data_149,18,0,1,4,4,2966,111
data_149,19,0,1,4,4,2949,82
data_149,20,0,1,4,4,2634,107
data_149,21,0,1,4,4,3610,85
data_149,22,0,1,4,4,2778,115
data_149,23,0,1,4,4,1581,91
data_149,24,0,1,4,4,2071,97
data_149,25,0,1,4,4,2148,131
data_149,26,0,1,4,4,2258,83
data_149,27,0,1,4,4,2512,73
data_149,28,0,1,4,4,2230,122
data_149,29,0,1,4,4,2454,110
data_149,30,0,1,4,4,1445,107
data_150,0,0,0,4,0,3241,103
data_150,1,0,0,4,0,2967,159
data_150,2,0,0,4,0,2319,88
data_150,3,0,1,4,4,1982,109
data_150,4,0,1,4,4,2240,139
data_150,5,0,1,4,4,2172,113
data_150,6,0,1,4,4,2228,85
data_150,7,0,1,4,4,2346,102
data_150,8,0,1,4,4,3170,198
data_150,9,0,1,4,4,2968,92
data_150,10,0,1,4,4,2997,140
data_150,11,0,1,4,4,1739,86
data_150,12,0,1,4,4,1548,98
data_150,13,1,1,4,4,1724,92
data_150,14,1,1,4,4,1542,111
data_150,15,0,1,4,4,2411,113
data_150,16,0,1,4,4,2173,102
data_150,17,0,1,4,4,2341,115
data_150,18,0,1,4,4,2155,111
data_150,19,0,1,4,4,2605,105
data_150,20,0,1,4,4,2570,81
data_150,21,0,1,4,4,2426,130
data_150,22,0,1,4,4,2570,91
data_151,0,0,0,4,0,2593,74
data_151,1,1,0,4,0,2355,100
data_151,2,0,1,4,4,2225,56
data_151,3,0,1,4,4,1995,70
data_151,4,0,1,4,4,2099,74
data_151,5,0,1,4,4,3331,62
data_151,6,0,1,4,4,3602,87
data_151,7,0,1,4,4,3008,84
data_151,8,0,1,4,4,3181,107
data_151,9,0,1,4,4,4962,83
data_151,10,0,1,4,4,4962,115
data_151,11,0,1,4,4,2649,117
data_151,12,0,1,4,4,2892,117
data_151,13,0,1,4,4,3139,69
data_151,14,0,1,4,4,3139,89
data_151,15,0,1,4,4,2971,47
data_151,16,0,1,4,4,3249,73
data_151,17,0,1,4,4,2347,71
data_151,18,0,1,4,4,3470,78
data_151,19,0,1,4,4,1993,93
data_151,20,0,1,4,4,2520,92
data_151,21,0,1,4,4,1775,121
data_151,22,1,1,4,4,1775,76
data_152,0,0,0,4,0,2226,101
data_152,1,0,0,4,0,1746,78
data_152,2,0,1,4,3,3966,131
data_152,3,0,1,4,3,3944,132
data_152,4,0,1,4,4,3796,110
data_152,5,0,1,4,4,2030,115
data_152,6,0,1,3,3,1889,87
data_152,7,0,1,4,4,2359,123
data_152,8,1,1,4,4,2184,73
data_152,9,0,1,4,4,2309,83
data_152,10,1,1,4,4,1559,138
data_152,11,0,1,4,4,1342,132
data_152,12,1,1,4,4,1316,105
data_152,13,0,1,4,4,2176,72
data_152,14,0,1,4,4,2436,130
data_152,15,0,1,4,4,3782,110
data_152,16,0,1,4,4,2660,122
data_152,17,0,1,4,4,3186,119
data_152,18,0,1,4,4,2246,107
data_152,19,1,1,4,4,3397,147
data_152,20,0,1,4,4,1443,131
data_153,0,0,0,4,0,3628,149
data_153,1,0,0,4,0,2638,127
data_153,2,0,0,3,0,3239,110
data_153,3,0,1,4,4,2073,103
data_153,4,0,1,4,4,2096,172
data_153,5,0,1,4,4,2361,133
data_153,6,0,1,4,4,4409,111
data_153,7,0,1,4,4,2886,134
data_153,8,0,1,4,4,2851,120
data_153,9,0,1,4,2,2667,88
data_153,10,1,1,4,3,3315,125
data_153,11,0,1,4,2,3158,136
data_153,12,0,1,4,4,1806,70
data_153,13,0,1,4,4,2318,120
data_153,14,1,1,4,4,2501,157
data_153,15,1,1,4,4,2229,94
data_153,16,1,1,4,4,2402,134
data_153,17,1,1,4,4,2314,113
data_154,0,0,0,4,0,1646,118
data_154,1,1,0,4,0,1684,76
data_154,2,0,0,4,0,2067,104
data_154,3,0,0,4,0,2474,87
data_154,4,0,0,4,0,1608,90
data_154,5,0,1,4,4,2336,93
data_154,6,1,1,4,4,2048,68
data_154,7,0,1,4,4,2022,81
data_154,8,0,1,4,4,2084,99
data_154,9,0,1,4,4,1362,93
data_154,10,0,1,4,4,2908,82
data_154,11,0,1,4,4,3427,90
data_154,12,0,1,4,4,3883,79
data_154,13,0,1,4,4,2112,111
data_154,14,0,1,3,3,3068,86
data_154,15,0,1,4,4,2762,73
data_154,16,0,1,4,4,2957,61
data_154,17,0,1,4,4,2762,85
data_154,18,0,1,2,2,2588,83
data_154,19,0,1,4,4,2455,79
data_154,20,0,1,3,3,1895,84
data_154,21,0,1,2,2,1643,75
data_154,22,0,1,4,4,1764,103
data_154,23,0,1,4,4,2539,68
data_154,24,1,1,4,4,2173,73
data_154,25,0,1,4,4,2102,77
data_155,0,1,0,4,0,2990,117
data_155,1,0,0,4,0,1675,67
data_155,2,0,1,4,4,1836,105
data_155,3,0,1,4,4,1609,97
data_155,4,0,1,4,4,1450,104
data_155,5,1,1,4,4,1863,66
data_155,6,0,1,4,4,2170,153
data_155,7,0,1,4,4,2973,68
data_155,8,0,1,4,4,3060,113
data_155,9,0,1,4,4,1140,103
data_155,10,0,1,4,4,1841,80
data_155,11,0,1,4,4,2404,82
data_155,12,0,1,4,4,3040,61
data_155,13,0,1,4,4,2173,97
data_155,14,1,1,4,4,2691,114
data_156,0,0,0,4,0,2592,66
data_156,1,1,0,4,0,2620,83
data_156,2,1,0,4,0,2321,62
data_156,3,0,1,4,4,3344,87
data_156,4,0,1,4,4,3303,89
data_156,5,0,1,4,4,3769,89
data_156,6,0,1,4,4,2352,98
data_156,7,0,1,4,4,2453,83
data_156,8,1,1,4,4,2352,91
data_156,9,1,1,4,4,2714,91
data_156,10,1,1,4,4,2380,64
data_156,11,1,1,4,4,2879,118
data_156,12,0,1,4,4,2423,68
data_156,13,0,1,4,4,2538,102
data_156,14,0,1,4,4,2568,83
data_156,15,0,1,4,4,2358,85
data_156,16,0,1,4,4,2358,90
data_157,0,0,0,4,0,3378,102
data_157,1,0,0,4,0,2518,94
data_157,2,0,1,4,4,3416,69
data_157,3,0,1,4,4,3839,90
data_157,4,0,1,4,4,3312,66
data_157,5,1,1,4,4,3490,126
data_157,6,0,1,4,4,2555,57
data_157,7,0,1,4,4,3415,85
data_157,8,0,1,4,4,3710,121
data_157,9,1,1,4,4,2728,44
data_157,10,1,1,4,4,2102,78
data_157,11,1,1,4,4,2263,112
data_157,12,0,1,4,4,2338,76
data_157,13,0,1,4,4,2387,102
data_157,14,0,1,4,4,2259,115
data_158,0,0,0,4,0,2241,194
data_158,1,0,0,4,0,2176,95
data_158,2,0,0,4,0,2177,96
data_158,3,0,0,4,0,1535,105
data_158,4,0,1,4,4,2737,106
data_158,5,0,1,4,4,2796,173
data_158,6,0,1,4,4,2200,91
data_158,7,0,1,4,4,2378,108
data_158,8,0,1,4,4,1921,90
data_158,9,0,1,4,3,2587,126
data_158,10,0,1,4,3,2422,112
data_158,11,0,1,4,3,3067,166
data_158,12,0,1,4,4,3768,107
data_158,13,0,1,3,3,5596,98
data_158,14,0,1,4,4,4988,151
data_158,15,0,1,4,4,5111,172
data_158,16,0,1,4,4,2416,111
data_158,17,1,1,4,4,2350,106
data_158,18,0,1,4,4,1815,106
data_158,19,0,1,4,4,4647,119
data_158,20,0,1,4,4,6273,149
data_158,21,0,1,4,4,4879,113
data_158,22,1,1,4,4,2973,91
data_158,23,0,1,4,4,2973,137
data_158,24,0,1,4,4,2991,128
data_158,25,0,1,4,4,2229,104
data_158,26,0,1,4,4,2001,142
data_158,27,0,1,4,4,1969,104
data_159,0,0,0,3,0,1513,72
data_159,1,0,0,4,0,2045,68
data_159,2,0,0,4,0,2103,147
data_159,3,0,1,4,4,2087,53
data_159,4,0,1,4,4,1946,64
data_159,5,0,1,4,4,2087,65
data_159,6,0,1,4,4,2977,101
data_159,7,0,1,4,4,3050,90
data_159,8,0,1,4,4,3170,116
data_159,9,0,1,4,4,3630,109
data_159,10,0,1,4,4,2982,90
data_159,11,0,1,4,4,2774,95
data_159,12,0,1,4,4,2977,86
data_159,13,0,1,3,3,3342,86
data_159,14,0,1,3,3,2231,73
data_159,15,0,1,3,3,2074,114
data_159,16,0,1,3,3,2429,102
data_159,17,0,1,3,3,1560,72
data_159,18,0,1,4,4,2044,70
data_159,19,0,1,3,3,1462,140
data_159,20,0,1,4,4,2175,96
data_159,21,0,1,4,4,2752,97
data_159,22,0,1,4,4,2699,124
data_160,0,0,0,4,0,2675,71
data_160,1,0,0,2,0,2188,93
data_160,2,1,0,4,0,2927,143
data_160,3,0,1,4,4,2001,71
data_160,4,0,1,4,4,2084,94
data_160,5,0,1,4,4,2172,92
data_160,6,0,1,4,4,1983,83
data_160,7,0,1,4,4,2104,101
data_160,8,0,1,4,4,2069,103
data_160,9,0,1,4,4,3609,68
data_160,10,0,1,4,4,3219,105
data_160,11,0,1,4,4,3159,96
data_160,12,0,1,4,4,2608,61
data_160,13,0,1,4,4,2836,83
data_160,14,0,1,4,4,2461,105
data_160,15,0,1,4,4,2771,103
data_160,16,0,1,4,4,1369,114
data_160,17,0,1,4,4,1910,117
data_160,18,0,1,3,3,2368,96
data_160,19,0,1,3,3,2894,101
data_160,20,0,1,3,3,2661,93
data_160,21,0,1,3,3,3497,92
data_160,22,0,1,3,3,3273,88
data_160,23,0,1,4,4,2515,92
data_161,0,0,1,4,0,3224,82
data_161,1,0,1,4,0,3118,160
data_161,2,0,1,4,0,3432,98
data_161,3,0,1,4,2,3124,72
data_161,4,0,1,4,3,1492,166
data_161,5,0,1,4,4,1876,119
data_161,6,0,1,4,3,2206,105
data_161,7,1,1,4,2,1786,117
data_161,8,0,1,4,4,2497,96
data_161,9,0,1,4,4,2517,133
data_161,10,1,1,4,4,1422,79
data_161,11,0,1,3,3,3117,90
data_161,12,0,1,4,4,3007,137
data_161,13,0,1,3,3,3194,74
data_161,14,0,1,4,4,3602,92
data_161,15,0,1,4,4,3765,115
data_161,16,0,1,4,4,2701,129
data_161,17,0,1,4,4,1505,110
data_161,18,0,1,4,4,1643,111
data_161,19,0,1,4,4,1486,59
data_161,20,0,1,4,4,1526,105
data_161,21,0,1,4,4,1321,95
data_161,22,0,1,4,4,1889,89
data_161,23,0,1,4,4,2087,90
data_161,24,0,1,4,4,2196,114
data_161,25,0,1,4,4,2144,97
data_161,26,0,1,4,4,1898,92
data_161,27,0,1,4,4,2356,113
data_161,28,0,1,4,4,2825,78
data_161,29,0,1,4,4,2661,97
data_161,30,0,1,4,4,3183,99
data_161,31,0,1,4,4,2956,130
data_161,32,0,1,4,3,3341,95
data_162,0,0,0,4,0,2273,142
data_162,1,0,0,4,0,2273,153
data_162,2,0,0,4,0,2680,58
data_162,3,0,0,4,0,3925,78
data_162,4,1,0,4,0,4090,150
data_162,5,0,1,4,4,3054,102
data_162,6,0,1,4,4,3054,116
data_162,7,0,1,4,4,3021,142
data_162,8,0,1,4,4,2727,109
data_162,9,0,1,4,4,2324,84
data_162,10,0,1,4,4,2814,102
data_162,11,0,1,4,4,2318,120
data_162,12,0,1,4,4,2505,115
data_162,13,0,1,4,4,2910,118
data_162,14,0,1,4,4,2695,122
data_162,15,0,1,4,4,1889,107
data_162,16,0,1,4,4,1663,117
data_162,17,0,1,4,4,2038,105
data_162,18,0,1,4,4,4683,98
data_162,19,0,1,4,4,4764,94
data_162,20,0,1,4,4,5145,141
data_162,21,0,1,4,4,2766,106
data_162,22,0,1,4,4,3661,142
data_162,23,0,1,4,4,2956,140
data_162,24,0,1,4,4,2823,132
data_162,25,0,1,4,4,3150,142
data_162,26,1,1,4,4,3317,125
data_163,0,0,0,4,0,3394,91
data_163,1,0,0,4,0,3106,69
data_163,2,0,0,4,0,3032,82
data_163,3,0,1,4,4,4256,119
data_163,4,0,1,4,4,6022,101
data_163,5,0,1,4,4,3086,118
data_163,6,0,1,4,4,3392,76
data_163,7,0,1,4,4,3526,119
data_163,8,0,1,4,4,3080,79
data_163,9,0,1,4,4,2871,85
data_163,10,0,1,4,4,3209,90
data_163,11,0,1,4,4,3378,97
data_163,12,0,1,4,4,2959,86
data_163,13,0,1,4,4,3437,115
data_163,14,0,1,4,4,1926,98
data_163,15,0,1,4,4,4059,92
data_163,16,0,1,4,4,4876,54
data_163,17,0,1,4,4,3844,82
data_164,0,1,0,3,0,2381,88
data_164,1,0,0,3,0,2418,82
data_164,2,0,0,4,0,1994,80
data_164,3,0,0,4,0,2424,115
data_164,4,0,1,4,4,3845,108
data_164,5,0,1,4,4,2142,99
data_164,6,0,1,4,4,2142,84
data_164,7,0,1,4,4,2396,140
data_164,8,0,1,4,4,2307,68
data_164,9,0,1,4,4,2484,109
data_164,10,0,1,4,4,1858,85
data_164,11,0,1,4,4,2198,113
data_164,12,0,1,4,4,2015,107
data_164,13,0,1,4,4,3150,107
data_164,14,0,1,4,4,2198,95
data_165,0,0,0,4,0,2229,113
data_165,1,0,0,4,0,1486,142
data_165,2,1,0,4,0,2339,116
data_165,3,0,1,4,4,3050,90
data_165,4,0,1,4,4,2349,109
data_165,5,0,1,4,4,2756,104
data_165,6,0,1,4,4,3050,112
data_165,7,0,1,4,1,2327,102
data_165,8,0,1,4,1,2405,72
data_165,9,0,1,4,2,2254,88
data_165,10,0,1,4,0,2260,87
data_165,11,0,1,4,4,2399,86
data_165,12,0,1,4,4,1440,75
data_165,13,0,1,4,4,1263,93
data_165,14,0,1,4,4,1437,84
data_165,15,0,1,4,4,3054,79
data_165,16,0,1,4,4,2859,89
data_165,17,0,1,4,4,2859,88
data_165,18,1,1,4,4,2994,102
data_165,19,0,1,4,4,2760,76
data_165,20,0,1,4,4,2919,88
data_165,21,0,1,4,4,3010,77
data_165,22,0,1,4,4,3323,140
data_165,23,0,1,4,4,2977,90
data_165,24,0,1,4,4,2052,89
data_165,25,0,1,4,4,2669,104
data_165,26,0,1,4,4,2635,109
data_166,0,0,0,4,0,2714,120
data_166,1,0,0,4,0,2524,103
data_166,2,0,0,4,0,2588,141
data_166,3,1,0,4,0,3148,127
data_166,4,1,0,4,0,2663,133
data_166,5,0,1,4,4,1956,115
data_166,6,0,1,4,4,1962,178
data_166,7,0,1,4,4,1883,128
data_166,8,0,1,4,4,2582,117
data_166,9,0,1,4,4,2691,122
data_166,10,1,1,4,4,3006,100
data_166,11,0,1,4,4,2843,98
data_166,12,0,1,4,4,1756,106
data_166,13,0,1,4,4,4210,163
data_166,14,0,1,4,4,3141,107
data_166,15,0,1,4,4,3449,129
data_166,16,0,1,4,4,2192,78
data_166,17,0,1,4,4,2469,129
data_166,18,1,1,4,4,3445,106
data_166,19,0,1,4,4,2922,94
data_166,20,0,1,4,4,2083,91
data_166,21,0,1,4,4,1821,90
data_166,22,1,1,4,4,3557,113
data_166,23,0,1,4,4,2929,124
data_167,0,0,0,4,0,2205,56
data_167,1,0,0,4,0,1964,66
data_167,2,0,0,4,0,2287,93
data_167,3,0,1,4,4,2534,84
data_167,4,0,1,4,4,2589,106
data_167,5,0,1,4,4,2534,83
data_167,6,0,1,4,4,2500,59
data_167,7,0,1,4,4,2673,89
data_167,8,0,1,4,4,2532,112
data_167,9,0,1,4,4,2974,83
data_167,10,0,1,4,4,2392,107
data_167,11,0,1,4,4,2678,93
data_167,12,0,1,4,4,1893,63
data_167,13,0,1,4,4,1790,102
data_167,14,0,1,4,4,1797,70
data_167,15,0,1,4,4,2232,80
data_167,16,0,1,4,4,2178,62
data_167,17,0,1,4,4,2305,113
data_167,18,0,1,4,4,1478,63
data_167,19,0,1,4,4,964,75
data_167,20,0,1,4,4,2022,71
data_167,21,0,1,4,4,4487,102
data_167,22,0,1,4,4,3751,84
data_167,23,0,1,4,4,3964,94
data_167,24,0,1,4,4,1798,73
data_167,25,0,1,4,4,1998,83
data_167,26,0,1,4,4,2329,83
data_167,27,0,1,4,4,1793,78
data_167,28,0,1,4,4,1511,88
data_168,0,1,0,4,0,2122,92
data_168,1,1,0,4,0,2431,92
data_168,2,0,0,4,0,3548,78
data_168,3,0,0,4,0,2451,125
data_168,4,0,1,4,4,2643,75
data_168,5,0,1,4,4,2862,66
data_168,6,0,1,4,4,2706,112
data_168,7,1,1,4,4,2529,116
data_168,8,1,1,3,3,2582,89
data_168,9,0,1,4,4,2461,68
data_168,10,0,1,4,4,2500,130
data_168,11,0,1,4,4,2518,102
data_168,12,0,1,4,4,1700,111
data_168,13,0,1,4,4,1867,106
data_168,14,0,1,4,4,1728,111
data_168,15,0,1,4,4,2585,76
data_168,16,0,1,4,4,2478,122
data_169,0,0,1,4,4,2995,103
data_169,1,0,1,4,4,3550,114
data_169,2,0,1,4,4,3347,133
data_169,3,0,0,4,0,2460,143
data_169,4,1,0,4,0,1982,141
data_169,5,1,0,4,0,2258,109
data_169,6,0,1,4,4,2947,130
data_169,7,1,1,4,4,2145,150
data_169,8,0,1,4,4,2446,138
data_169,9,1,0,4,0,1404,118
data_169,10,1,0,3,0,1653,135
data_169,11,1,0,3,0,1608,108
data_170,0,0,0,4,0,3717,86
data_170,1,1,0,4,0,3288,133
data_170,2,0,1,3,3,4936,92
data_170,3,0,1,3,3,5203,128
data_170,4,0,1,3,3,5203,129
data_170,5,0,1,4,4,3340,97
data_170,6,0,1,4,4,2982,66
data_170,7,0,1,4,4,2940,80
data_170,8,1,1,4,4,3374,123
data_170,9,1,0,4,0,2443,83
data_170,10,0,1,4,4,3277,106
data_170,11,1,1,4,4,2857,95
data_170,12,1,1,4,4,3511,93
data_170,13,0,1,4,4,3511,122
data_170,14,0,1,4,4,2913,133
data_170,15,0,1,4,4,3380,102
data_170,16,1,1,4,4,4312,101
data_170,17,0,1,4,4,2086,115
data_170,18,0,1,4,4,2532,128
data_171,0,0,1,3,3,2007,111
data_171,1,0,1,4,4,3252,136
data_171,2,0,1,4,4,2670,95
data_171,3,0,1,4,3,2068,73
data_171,4,0,1,4,4,2101,87
data_171,5,0,1,4,4,2288,77
data_171,6,0,1,4,4,1733,66
data_171,7,0,1,4,4,2195,98
data_171,8,0,1,4,4,2956,95
data_171,9,0,1,4,4,3159,70
data_171,10,0,1,4,4,3310,63
data_171,11,0,1,4,4,1780,112
data_171,12,0,1,4,4,2101,64
data_171,13,0,1,4,3,2614,109
data_171,14,0,1,4,4,2628,133
data_171,15,0,1,4,4,1770,96
data_171,16,0,1,4,2,1910,83
data_171,17,0,1,4,2,2067,89
data_171,18,0,1,3,3,1026,73
data_171,19,0,1,2,2,916,73
data_171,20,0,1,2,2,1988,65
data_171,21,0,1,2,2,1988,81
data_172,0,1,0,3,0,1670,67
data_172,1,1,0,3,0,2371,92
data_172,2,0,0,4,0,2292,88
data_172,3,0,1,4,4,3577,94
data_172,4,1,1,4,4,3493,84
data_172,5,0,1,4,4,3145,133
data_172,6,0,1,4,4,4104,75
data_172,7,0,1,4,4,4178,85
data_172,8,0,1,4,4,4178,76
data_172,9,0,1,4,4,2138,102
data_172,10,0,1,4,4,2251,76
data_172,11,0,1,4,4,1920,115
data_172,12,0,1,3,3,2728,86
data_172,13,0,1,3,3,2762,82
data_172,14,0,1,3,3,2613,70
data_172,15,1,1,4,4,2472,78
data_172,16,1,1,4,4,1816,78
data_172,17,0,1,4,4,2641,100
data_172,18,0,1,4,4,1822,87
data_172,19,0,1,4,4,1612,80
data_172,20,0,1,4,4,1782,86
data_172,21,0,1,4,4,2597,67
data_172,22,0,1,4,4,2597,91
data_172,23,0,1,4,4,1833,98
data_172,24,0,1,4,3,2932,69
data_172,25,0,1,4,3,2948,113
data_172,26,0,1,4,4,3806,76
data_172,27,0,1,4,4,3759,71
data_172,28,0,1,4,4,3759,133
data_172,29,0,1,4,4,3823,61
data_173,0,0,0,3,0,2379,40
data_173,1,0,0,4,0,2705,57
data_173,2,0,0,4,0,2705,82
data_173,3,0,1,4,4,3195,82
data_173,4,0,1,4,4,3262,129
data_173,5,0,1,4,4,2868,129
data_173,6,0,1,4,4,2943,82
data_173,7,0,1,4,4,2972,91
data_173,8,0,1,4,4,2422,65
data_173,9,0,1,4,4,2094,69
data_173,10,1,1,4,4,1956,170
data_173,11,0,1,4,4,2416,98
data_173,12,0,1,4,4,3111,95
data_173,13,0,1,4,4,2839,100
data_173,14,0,1,4,4,3014,108
data_173,15,0,1,4,4,2283,73
data_173,16,0,1,4,4,2653,106
data_173,17,0,1,4,4,2949,91
data_173,18,0,1,4,4,2451,108
data_173,19,0,1,4,4,2489,91
data_173,20,0,1,4,4,2749,98
data_173,21,1,1,4,4,2418,132
data_173,22,0,1,4,4,1507,55
data_173,23,0,1,4,4,3321,53
data_173,24,0,1,4,4,1966,93
data_173,25,1,1,4,4,2508,143
data_173,26,0,1,4,4,3486,100
data_174,0,0,0,4,0,2736,100
data_174,1,0,0,4,0,2489,121
data_174,2,0,0,4,0,2210,111
data_174,3,0,1,4,4,2692,73
data_174,4,0,1,4,4,2725,84
data_174,5,0,1,4,4,2374,95
data_174,6,0,1,4,4,2223,102
data_174,7,0,1,4,4,2453,93
data_174,8,0,1,4,4,3147,111
data_174,9,0,1,4,4,3136,86
data_174,10,0,1,4,4,1681,84
data_174,11,0,1,4,4,3568,91
data_174,12,0,1,4,4,2814,92
data_174,13,0,1,4,4,2954,112
data_174,14,0,1,4,4,1743,96
data_174,15,0,1,4,4,2646,84
data_174,16,0,1,4,4,2148,107
data_175,0,1,0,4,0,1821,151
data_175,1,1,0,4,0,1754,108
data_175,2,0,0,4,0,1610,126
data_175,3,0,1,4,4,2393,126
data_175,4,0,1,4,4,2443,172
data_175,5,0,1,4,4,1317,124
data_175,6,0,1,4,4,2935,156
data_175,7,1,1,4,4,1956,65
data_175,8,0,1,4,4,1735,162
data_175,9,0,1,4,4,2288,167
data_175,10,0,1,4,4,3386,137
data_175,11,0,1,4,4,3527,138
data_175,12,0,1,4,4,3386,155
data_175,13,0,1,4,4,1812,75
data_175,14,0,1,4,4,1812,103
data_176,0,0,1,4,4,1675,87
data_176,1,0,1,4,4,2467,95
data_176,2,0,1,4,4,2268,62
data_176,3,0,1,4,4,3351,99
data_176,4,0,1,4,4,2674,160
data_176,5,0,1,4,4,2231,139
data_176,6,0,1,4,4,3025,91
data_176,7,0,1,4,4,2495,98
data_176,8,0,1,4,4,3104,87
data_176,9,0,1,4,4,3111,138
data_176,10,0,1,4,4,3387,73
data_176,11,1,1,4,4,3645,98
data_176,12,1,1,4,4,3132,88
data_176,13,0,1,4,4,1307,82
data_176,14,0,1,4,4,1339,78
data_176,15,0,1,4,4,2027,122
data_176,16,0,1,4,4,1362,92
data_176,17,0,1,4,4,1392,82
data_176,18,0,1,4,4,2410,100
data_176,19,0,1,4,4,2883,69
data_176,20,0,1,4,4,3356,116
data_176,21,0,1,4,4,3005,101
data_176,22,0,1,4,4,2776,96
data_176,23,0,1,4,4,2786,122
data_177,0,0,0,4,0,2026,63
data_177,1,0,0,3,0,1712,127
data_177,2,0,1,4,2,2150,139
data_177,3,0,1,4,0,1918,126
data_177,4,1,1,4,4,2622,109
data_177,5,0,1,4,4,3037,191
data_177,6,0,1,4,4,3177,134
data_177,7,0,1,4,4,2699,89
data_177,8,1,1,4,4,2841,140
data_177,9,1,1,4,4,2030,84
data_177,10,0,1,4,4,2297,130
data_177,11,0,1,4,4,2920,212
data_177,12,0,1,3,3,2380,103
data_178,0,0,0,4,0,3146,130
data_178,1,0,0,4,0,2978,68
data_178,2,0,0,4,0,3063,75
data_178,3,0,1,4,4,3448,151
data_178,4,0,1,4,4,3777,106
data_178,5,0,1,4,4,2988,122
data_178,6,0,1,4,4,2001,114
data_178,7,0,1,4,4,1414,88
data_178,8,0,1,4,4,1761,106
data_178,9,0,1,4,4,3468,72
data_178,10,1,1,4,4,4225,67
data_178,11,1,1,4,4,4038,98
data_178,12,0,1,4,4,3794,93
data_178,13,1,1,4,4,3891,88
data_178,14,0,1,4,4,1910,55
data_178,15,0,1,4,4,2169,71
data_178,16,0,1,4,4,2791,116
data_178,17,0,1,4,4,2347,54
data_178,18,0,1,4,4,3804,107
data_178,19,0,1,4,4,2521,87
data_178,20,0,1,4,4,2039,105
data_178,21,0,1,4,4,2325,94
data_178,22,0,1,4,4,2325,80
data_179,0,0,0,4,0,3303,116
data_179,1,0,0,4,0,2668,116
data_179,2,0,0,4,0,3135,111
data_179,3,0,1,4,4,3540,136
data_179,4,0,1,4,4,3636,104
data_179,5,0,1,4,4,3640,109
data_179,6,0,1,4,4,1802,129
data_179,7,0,1,4,4,2680,93
data_179,8,0,1,4,4,2308,86
data_179,9,0,1,4,4,3765,83
data_179,10,0,1,4,4,3511,106
data_179,11,0,1,4,4,3300,136
data_179,12,0,1,4,4,2577,124
data_179,13,0,1,4,4,2492,105
data_179,14,0,1,4,4,2268,112
data_179,15,0,1,4,4,2873,100
data_179,16,0,1,4,4,2860,127
data_179,17,0,1,4,4,2796,84
data_179,18,0,1,4,4,2877,105
data_179,19,0,1,4,4,3461,94
data_179,20,0,1,4,4,2565,132
data_180,0,0,1,4,4,3031,76
data_180,1,0,1,4,4,2674,126
data_180,2,0,1,4,4,3015,124
data_180,3,0,1,4,4,3903,106
data_180,4,1,1,4,4,3299,118
data_180,5,0,1,4,4,3006,118
data_180,6,0,0,4,0,2530,127
data_180,7,0,0,4,0,1945,165
data_180,8,0,0,3,0,2327,89
data_180,9,0,1,4,4,4004,127
data_180,10,0,1,4,4,3548,151
data_180,11,0,1,4,4,4814,105
data_181,0,1,0,3,0,3021,63
data_181,1,0,0,4,0,3243,69
data_181,2,0,0,4,0,3076,114
data_181,3,0,1,4,4,2823,133
data_181,4,0,1,4,4,2764,71
data_181,5,0,1,4,4,2507,143
data_181,6,0,1,4,4,2868,112
data_181,7,0,1,4,4,2961,115
data_181,8,0,1,4,4,2216,61
data_181,9,0,1,4,4,2609,101
data_181,10,0,1,4,4,2530,122
data_181,11,0,1,4,4,2804,134
data_181,12,0,1,4,4,2804,108
data_181,13,0,1,4,4,4321,124
data_181,14,0,1,4,4,3545,85
data_181,15,0,1,4,4,3080,94
data_181,16,0,1,4,4,3547,107
data_181,17,0,1,4,4,4531,81
data_181,18,0,1,4,4,2473,112
data_181,19,0,1,3,3,3864,109
data_181,20,0,1,4,4,3534,146
data_181,21,0,1,4,4,2071,98
data_181,22,0,1,4,4,2542,110
data_181,23,0,1,4,4,2617,116
data_181,24,0,1,4,4,2461,111
data_181,25,0,1,4,4,2900,81
data_181,26,0,1,4,4,3012,79
data_181,27,0,1,4,4,2819,131
data_181,28,0,1,4,4,2920,106
data_182,0,0,0,4,0,3800,70
data_182,1,1,0,4,0,3142,75
data_182,2,0,0,4,0,2713,85
data_182,3,0,1,4,4,3555,85
data_182,4,0,1,4,4,3067,88
data_182,5,0,1,3,3,2494,64
data_182,6,0,1,4,4,1933,92
data_182,7,1,1,4,4,2026,76
data_182,8,0,1,4,4,2149,79
data_182,9,0,1,4,4,2647,98
data_182,10,0,1,4,4,2245,81
data_182,11,0,1,4,4,2970,76
data_182,12,0,1,4,4,2170,101
data_182,13,0,1,4,4,2091,88
data_182,14,0,1,4,4,2836,81
data_182,15,0,0,4,0,3296,83
data_182,16,0,0,4,0,3018,95
data_182,17,0,0,4,0,3483,91
data_182,18,0,1,4,4,1637,79
data_182,19,0,1,4,4,1827,98
data_182,20,0,1,4,4,2140,99
data_182,21,0,1,4,4,2624,84
data_182,22,0,1,4,4,2360,97
data_182,23,0,1,4,4,2441,100
data_183,0,0,1,4,0,3324,101
data_183,1,0,1,4,0,2696,134
data_183,2,0,1,4,2,2789,110
data_183,3,1,1,4,1,2764,122
data_183,4,0,1,4,4,2076,81
data_183,5,0,1,4,4,2256,114
data_183,6,1,1,4,4,2685,150
data_183,7,0,1,4,4,2754,103
data_183,8,0,1,4,4,3281,108
data_183,9,1,1,4,4,3739,128
data_183,10,1,1,4,4,3029,162
data_183,11,0,1,4,4,2308,113
data_183,12,0,1,4,4,1895,113
data_184,0,0,1,4,4,4450,68
data_184,1,0,1,4,4,2527,140
data_184,2,0,1,3,3,3761,93
data_184,3,0,1,4,4,2357,117
data_184,4,0,1,4,4,1808,59
data_184,5,1,1,4,4,2700,135
data_184,6,0,1,4,4,2367,150
data_184,7,0,1,4,4,2967,88
data_184,8,0,1,4,4,2605,97
data_184,9,0,1,4,4,2511,111
data_184,10,1,1,4,4,2788,110
data_184,11,0,1,4,4,2447,112
data_184,12,1,1,4,4,2712,75
data_184,13,0,1,4,4,3465,82
data_184,14,0,1,4,4,2828,99
data_184,15,0,1,4,4,3607,118
data_184,16,0,1,4,4,2467,93
data_184,17,0,1,4,4,1732,119
data_185,0,0,0,4,0,2211,75
data_185,1,0,0,4,0,2061,85
data_185,2,0,0,4,0,1801,77
data_185,3,0,1,4,4,2426,102
data_185,4,0,1,4,4,2572,108
data_185,5,1,1,4,4,2935,104
data_185,6,1,1,4,4,2401,111
data_185,7,0,1,4,4,2028,114
data_185,8,0,1,4,4,2028,96
data_185,9,0,1,4,4,2399,79
data_185,10,0,1,4,4,2574,108
data_185,11,0,1,4,4,2000,125
data_185,12,0,1,4,4,7629,90
data_185,13,0,1,4,4,7644,99
data_185,14,1,1,4,4,7836,87
data_185,15,1,1,4,4,7644,92
data_185,16,0,1,4,4,2210,93
data_185,17,0,1,4,4,2985,80
data_185,18,0,1,4,4,2184,88
data_185,19,0,1,4,4,2426,84
data_185,20,0,1,4,4,3173,97
data_185,21,0,1,4,4,3033,76
data_185,22,0,1,4,4,1474,102
data_185,23,0,1,4,4,1614,76
data_186,0,0,0,4,0,3471,84
data_186,1,0,0,4,0,2540,73
data_186,2,0,0,4,0,2822,140
data_186,3,0,0,4,0,3305,129
data_186,4,0,1,4,4,2308,112
data_186,5,0,1,4,4,2441,81
data_186,6,0,1,4,4,2332,73
data_186,7,0,1,4,4,2366,128
data_186,8,0,1,4,4,4615,101
data_186,9,0,1,4,4,3957,111
data_186,10,0,1,4,4,3306,112
data_186,11,0,1,4,4,2749,132
data_186,12,0,1,4,4,2960,130
data_186,13,0,1,4,4,2455,90
data_186,14,0,1,4,4,2917,122
data_186,15,0,1,4,4,3374,93
data_186,16,0,1,4,4,3006,97
data_186,17,0,1,4,4,2905,103
data_186,18,0,1,4,4,2783,138
data_186,19,0,1,4,4,2783,94
data_186,20,0,1,4,4,3525,89
data_186,21,0,1,4,4,3448,75
data_186,22,0,1,4,4,2246,93
data_186,23,0,1,4,4,3390,105
data_186,24,0,1,4,4,2781,95
data_186,25,0,1,4,4,2518,59
data_186,26,0,1,4,4,3571,58
data_186,27,0,1,4,4,3025,112
data_186,28,0,0,4,0,1984,93
data_186,29,0,0,4,0,1640,58
data_186,30,0,0,4,0,2042,113
data_187,0,0,0,4,0,3677,87
data_187,1,1,0,4,0,1722,96
data_187,2,0,0,4,0,2905,66
data_187,3,0,1,4,4,2809,129
data_187,4,0,1,4,4,3065,102
data_187,5,0,1,4,4,3105,96
data_187,6,0,1,4,4,1565,111
data_187,7,0,1,4,4,1553,65
data_187,8,0,1,3,3,1235,78
data_187,9,0,1,4,4,1398,139
data_187,10,0,1,4,4,2714,99
data_187,11,0,1,4,4,2789,92
data_188,0,0,0,3,0,2270,172
data_188,1,0,0,4,0,2169,138
data_188,2,0,1,4,4,2638,136
data_188,3,0,1,4,4,4003,103
data_188,4,1,1,4,4,1576,153
data_188,5,0,1,4,4,4473,165
data_188,6,0,1,4,4,2899,170
data_188,7,0,1,4,4,2284,114
data_188,8,0,1,4,4,2813,144
data_188,9,0,1,4,4,2686,139
data_189,0,0,0,4,0,4055,85
data_189,1,0,0,4,0,4094,118
data_189,2,0,0,4,0,3820,106
data_189,3,0,1,4,4,3640,132
data_189,4,0,1,4,4,3317,192
data_189,5,0,1,4,4,3583,69
data_189,6,0,1,4,4,3366,65
data_189,7,1,1,4,4,4036,94
data_189,8,0,1,4,4,3650,83
data_189,9,0,1,4,4,4065,108
data_189,10,0,1,4,4,4032,93
data_189,11,0,1,3,3,3353,98
data_189,12,0,1,3,3,3599,110
data_189,13,0,1,3,3,3510,86
data_189,14,0,1,4,4,2756,93
data_189,15,0,1,4,4,2235,101
data_189,16,0,1,4,4,1884,103
data_189,17,0,1,4,4,2412,79
data_190,0,0,1,4,1,2343,105
data_190,1,0,1,4,4,2556,66
data_190,2,0,1,4,4,2213,112
data_190,3,0,1,4,4,2276,107
data_190,4,0,1,4,4,2444,127
data_190,5,0,1,4,4,2635,102
data_190,6,0,1,4,4,2688,123
data_190,7,0,1,4,4,2403,112
data_190,8,0,1,4,4,2506,89
data_190,9,0,1,4,4,2370,108
data_190,10,0,1,4,4,2569,101
data_190,11,0,1,4,4,2340,154
data_190,12,0,1,4,4,1646,109
data_190,13,0,1,4,4,1765,86
data_190,14,0,1,4,4,1618,99
data_190,15,0,1,4,4,1748,120
data_190,16,0,1,4,4,2136,125
data_190,17,0,1,4,4,3057,103
data_190,18,0,1,4,4,3152,102
data_190,19,0,1,4,4,2558,94
data_190,20,0,1,4,4,2340,81
data_190,21,0,1,4,4,3240,67
data_190,22,1,1,4,4,3402,118
data_190,23,0,1,4,4,2651,100
data_190,24,0,1,4,4,2896,106
data_190,25,0,1,4,4,2190,85
data_190,26,0,1,4,4,2386,91
data_191,0,0,0,4,0,2581,98
data_191,1,0,0,4,0,2069,74
data_191,2,1,0,4,0,2063,78
data_191,3,0,1,4,4,2260,81
data_191,4,0,1,4,4,2454,147
data_191,5,0,1,4,4,2441,174
data_191,6,0,1,4,4,2530,69
data_191,7,0,1,4,4,1850,106
data_191,8,0,1,4,4,2235,125
data_191,9,0,1,4,4,2094,91
data_191,10,0,1,4,4,2372,85
data_191,11,0,1,4,4,2915,95
data_191,12,0,1,4,4,3198,121
data_191,13,0,1,4,4,1880,112
data_191,14,1,1,4,4,2162,76
data_191,15,0,1,4,4,2977,144
data_191,16,0,1,4,4,3063,97
data_191,17,1,1,4,4,3241,83
data_191,18,0,1,4,4,2241,115
data_191,19,1,1,4,4,2400,103
data_191,20,0,1,4,4,2543,79
data_192,0,0,0,4,0,3069,82
data_192,1,0,0,4,0,3131,103
data_192,2,0,0,4,0,3368,128
data_192,3,0,0,4,0,3430,134
data_192,4,0,0,4,0,3567,91
data_192,5,0,0,4,0,3196,151
data_192,6,0,1,3,3,3083,126
data_192,7,0,1,3,3,3083,98
data_192,8,0,1,3,3,3083,92
data_192,9,0,1,3,3,3288,106
data_192,10,0,1,3,3,3288,106
data_192,11,0,1,4,4,3469,113
data_192,12,0,1,4,4,3058,103
data_192,13,0,1,4,4,3100,141
data_192,14,0,1,4,4,2822,151
data_192,15,0,1,4,4,3201,146
data_192,16,0,1,4,4,3104,78
data_192,17,0,1,3,3,2889,129
data_192,18,0,1,4,4,3012,92
data_192,19,1,1,3,3,2261,140
data_192,20,0,1,4,4,2254,141
data_192,21,0,1,4,4,3577,113
data_192,22,0,1,4,4,2496,163
data_192,23,0,1,4,4,3285,118
data_192,24,1,1,4,4,3231,155
data_192,25,0,1,4,4,3159,99
data_193,0,0,1,4,0,2530,121
data_193,1,0,1,4,0,2343,149
data_193,2,0,1,4,4,2692,171
data_193,3,0,1,4,4,3210,74
data_193,4,0,1,4,4,1539,67
data_193,5,0,1,4,4,1450,96
data_193,6,0,1,3,3,1396,71
data_193,7,1,1,4,4,2348,88
data_193,8,1,1,4,4,1853,111
data_193,9,0,1,4,4,2556,83
data_193,10,0,1,4,4,2116,111
data_193,11,0,1,4,4,3510,91
data_193,12,0,1,4,4,2669,92
data_193,13,0,1,4,4,2469,99
data_193,14,0,1,4,4,2460,90
data_193,15,0,1,4,4,1503,155
data_193,16,1,1,4,4,1818,100
data_193,17,0,1,4,4,2497,86
data_193,18,0,1,4,4,2557,50
data_194,0,0,0,4,0,3030,103
data_194,1,0,0,4,0,3368,85
data_194,2,0,1,4,4,3443,96
data_194,3,0,1,4,4,3139,115
data_194,4,0,1,4,4,3176,83
data_194,5,0,1,4,4,2278,106
data_194,6,0,1,4,4,2439,83
data_194,7,0,1,4,4,1967,85
data_194,8,0,1,4,4,3269,112
data_194,9,0,1,4,4,2499,99
data_194,10,0,1,4,4,3277,94
data_194,11,1,1,4,4,3225,106
data_194,12,0,1,4,4,2659,106
data_194,13,0,1,4,4,1705,96
data_194,14,0,1,4,4,2211,82
data_194,15,0,1,4,4,2108,104
data_194,16,0,1,4,4,2638,112
data_194,17,0,1,4,4,2420,121
data_194,18,0,1,4,4,2936,120
data_194,19,0,1,4,4,2936,93
data_194,20,0,1,4,4,2219,103
data_194,21,0,1,4,4,2083,108
data_194,22,0,1,4,4,2438,78
data_195,0,0,0,4,0,3319,107
data_195,1,0,0,4,0,4188,155
data_195,2,0,0,4,0,3059,105
data_195,3,0,0,4,0,2780,142
data_195,4,0,1,4,4,2718,129
data_195,5,0,1,4,4,2617,98
data_195,6,0,1,4,4,2662,113
data_195,7,0,1,4,4,2376,113
data_195,8,0,1,4,4,2392,107
data_195,9,0,1,4,4,3445,91
data_195,10,0,1,4,4,3947,129
data_195,11,0,1,4,4,3269,89
data_195,12,1,1,4,4,3121,108
data_195,13,0,1,4,4,3689,122
data_195,14,0,1,4,4,3398,119
data_195,15,0,1,4,4,2884,107
data_195,16,0,1,3,3,3097,123
data_195,17,0,1,4,4,2894,95
data_195,18,0,1,3,3,3140,98
data_196,0,0,0,4,0,3099,117
data_196,1,0,0,4,0,2691,124
data_196,2,1,0,4,0,3096,101
data_196,3,0,0,4,0,2368,124
data_196,4,0,1,4,4,3199,79
data_196,5,0,1,4,4,2210,117
data_196,6,0,1,4,4,2407,60
data_196,7,0,1,4,4,3006,100
data_196,8,0,1,4,4,3444,130
data_196,9,0,1,4,4,2724,91
data_196,10,0,1,4,4,3310,123
data_196,11,0,1,4,4,2583,129
data_196,12,0,1,4,4,2284,57
data_196,13,0,1,4,4,2364,89
data_196,14,0,1,4,4,2693,71
data_196,15,0,1,4,4,2469,108
data_197,0,0,1,4,1,3118,108
data_197,1,0,1,4,2,3317,107
data_197,2,0,0,3,0,2443,99
data_197,3,0,0,4,0,2693,94
data_197,4,0,1,4,4,2111,92
data_197,5,0,1,4,4,2111,117
data_197,6,0,1,4,4,2552,62
data_197,7,0,1,4,4,2496,86
data_197,8,0,1,4,4,3278,109
data_197,9,0,1,4,4,2740,128
data_197,10,0,1,4,4,2015,70
data_197,11,0,1,4,4,2605,118
data_197,12,0,1,4,4,2304,127
data_197,13,1,1,4,4,2334,113
data_197,14,0,1,4,4,2454,111
data_197,15,1,1,4,4,2347,69
data_198,0,0,0,4,0,3284,184
data_198,1,0,1,4,4,4086,100
data_198,2,0,1,4,4,3845,147
data_198,3,0,1,4,4,4226,115
data_198,4,0,1,4,4,3952,115
data_198,5,0,1,4,4,5021,135
data_198,6,0,1,4,4,5021,140
data_198,7,0,1,4,4,4299,90
data_198,8,0,1,4,4,4986,102
data_198,9,0,1,4,4,5220,101
data_198,10,0,1,4,4,2538,128
data_198,11,0,1,4,4,2385,86
data_198,12,0,1,4,4,2459,104
data_198,13,0,1,4,4,2548,76
data_198,14,0,1,4,4,3007,112
data_198,15,0,1,4,4,3695,99
data_198,16,0,1,4,4,3226,117
data_198,17,0,1,4,4,3046,102
data_198,18,0,1,4,4,2023,101
data_198,19,0,1,4,4,2456,80
data_198,20,0,1,4,4,2841,64
data_198,21,0,1,4,4,2874,101
data_198,22,0,1,4,4,2518,113
data_198,23,0,1,4,4,2008,74
data_198,24,0,1,4,4,1748,90
data_198,25,0,1,4,4,2122,92
data_198,26,0,1,4,4,2321,86
data_199,0,0,1,4,4,2340,126
data_199,1,0,1,4,4,2999,78
data_199,2,0,1,3,3,2895,140
data_199,3,0,1,3,3,2125,101
data_199,4,1,1,4,4,2544,89
data_199,5,0,1,4,4,2468,98
data_199,6,0,1,4,4,2061,106
data_199,7,0,1,4,4,1776,111
data_199,8,0,1,4,0,977,73
data_199,9,1,1,4,1,1586,118
data_199,10,0,1,4,0,1145,89
data_199,11,0,1,4,4,1655,135
data_199,12,0,1,4,4,2829,92
data_199,13,0,1,4,4,2829,131
data_199,14,0,1,4,4,2829,87
data_199,15,0,1,3,3,2545,111
data_199,16,0,1,4,4,2207,110
data_199,17,0,1,4,4,2308,72
data_199,18,0,1,4,4,1626,116
data_199,19,0,1,4,4,1613,101
data_199,20,0,1,4,4,1680,54
data_200,0,0,0,4,0,2677,82
data_200,1,0,0,4,0,2592,77
data_200,2,0,0,4,0,3214,85
data_200,3,1,1,4,4,2914,64
data_200,4,0,1,4,4,3061,81
data_200,5,0,1,4,4,3266,117
data_200,6,0,1,4,4,3266,98
data_200,7,0,1,4,4,3707,84
data_200,8,0,1,4,4,3269,65
data_200,9,0,1,4,4,2536,103
data_200,10,0,1,4,4,2971,90
data_200,11,1,1,4,4,3735,126
data_200,12,1,1,4,4,3591,85
data_200,13,0,1,4,4,2394,99
data_200,14,0,1,4,4,1842,123
data_200,15,0,1,4,4,3483,109
data_200,16,0,1,4,4,2718,67
data_200,17,0,1,4,4,3384,91
data_200,18,0,1,4,4,3483,73
data_200,19,1,1,4,4,1912,110
data_200,20,0,1,4,4,1663,104
data_200,21,0,1,4,4,1977,91
data_200,22,0,1,4,4,2508,95
data_200,23,0,1,4,4,2508,116
data_200,24,0,1,4,4,2237,101
data_200,25,0,1,4,4,2539,89
data_200,26,0,1,4,4,2342,89
data_200,27,0,1,4,4,2334,89
data_200,28,1,1,4,4,2054,85
data_200,29,0,1,4,4,1789,79
data_200,30,0,1,4,4,1642,99
data_200,31,0,1,4,4,1693,125
data_200,32,1,1,4,4,2258,73
data_201,0,0,1,4,0,2523,66
data_201,1,0,1,4,0,2261,54
data_201,2,0,1,4,0,2929,99
data_201,3,1,1,4,2,2339,103
data_201,4,1,1,4,1,2664,95
data_201,5,0,1,4,3,2738,71
data_201,6,0,1,4,4,2114,74
data_201,7,1,1,4,4,2032,75
data_201,8,1,1,4,4,2197,79
data_201,9,0,1,4,4,1806,71
data_201,10,0,1,4,4,2817,62
data_201,11,0,1,4,4,1712,100
data_201,12,0,1,4,4,2046,70
data_201,13,1,1,4,4,2051,72
data_201,14,0,1,4,4,2071,61
data_201,15,0,1,4,4,1124,69
data_201,16,0,1,4,4,1058,63
data_201,17,0,1,4,4,1086,81
data_201,18,0,1,4,4,1834,51
data_201,19,0,1,4,4,1908,73
data_201,20,0,1,4,4,2014,82
data_201,21,1,1,4,4,2552,65
data_201,22,1,1,4,4,2470,68
data_201,23,1,1,4,4,1803,50
data_202,0,1,0,4,0,2150,142
data_202,1,0,0,4,0,3096,108
data_202,2,1,0,4,0,3476,106
data_202,3,0,1,3,3,2218,106
data_202,4,0,1,3,3,2362,84
data_202,5,0,1,4,4,2314,103
data_202,6,0,1,4,4,3395,121
data_202,7,0,1,4,4,1466,79
data_202,8,0,1,4,4,3960,77
data_202,9,1,1,4,4,3234,209
data_202,10,0,1,4,4,2594,128
data_202,11,0,1,4,4,2838,89
data_202,12,0,1,4,4,2431,135
data_202,13,0,1,4,4,2706,129
data_203,0,0,0,4,0,3878,124
data_203,1,0,0,4,0,2968,79
data_203,2,0,0,4,0,3048,103
data_203,3,0,0,4,0,2400,132
data_203,4,0,0,4,0,2598,91
data_203,5,0,0,4,0,2443,124
data_203,6,0,1,4,4,2368,114
data_203,7,0,1,4,4,2368,108
data_203,8,0,1,4,4,2716,73
data_203,9,0,1,4,4,3041,100
data_203,10,0,1,4,4,3198,87
data_203,11,0,1,4,4,3582,129
data_203,12,0,1,4,4,2899,113
data_203,13,1,1,4,4,2899,119
data_203,14,0,1,4,4,2516,103
data_203,15,0,1,4,4,2120,102
data_203,16,0,1,4,4,3520,79
data_203,17,0,1,4,4,3042,139
data_203,18,0,1,4,4,4084,115
data_203,19,0,1,4,4,3541,111
data_203,20,0,1,4,4,3550,91
data_203,21,0,1,4,4,2884,94
data_203,22,0,1,4,4,3033,124
data_203,23,0,1,4,4,2948,116
data_203,24,1,1,4,4,2118,90
data_203,25,0,1,4,4,2168,116
data_203,26,0,1,3,3,1507,71
data_204,0,0,0,4,0,2715,154
data_204,1,0,0,3,0,2453,75
data_204,2,0,0,4,0,2760,112
data_204,3,0,1,4,4,2480,112
data_204,4,0,1,4,4,2480,113
data_204,5,0,1,4,4,2480,105
data_204,6,0,1,4,4,2480,73
data_204,7,0,1,4,4,2654,174
data_204,8,0,1,4,4,2675,157
data_204,9,0,1,4,4,1651,84
data_204,10,1,1,4,4,1369,83
data_204,11,1,1,4,4,1977,101
data_204,12,0,1,4,4,2042,82
data_204,13,1,1,4,4,2604,68
data_204,14,0,1,4,4,2577,87
data_204,15,1,1,4,4,1444,86
data_204,16,1,1,4,4,1688,97
data_204,17,0,1,4,4,2144,49
data_204,18,0,1,4,4,2481,91
data_205,0,1,0,4,0,3697,217
data_205,1,1,0,4,0,2656,88
data_205,2,1,0,4,0,2720,110
data_205,3,1,0,4,0,3480,160
data_205,4,1,1,4,4,1449,52
data_205,5,0,1,4,4,2408,139
data_205,6,0,1,4,4,2299,80
data_205,7,0,1,4,4,1972,148
data_205,8,0,1,3,3,2134,141
data_205,9,0,1,4,4,2572,128
data_205,10,0,1,4,4,3964,123
data_205,11,0,1,4,4,3934,149
data_205,12,0,1,4,4,2917,136
data_205,13,0,1,4,4,3588,102
data_205,14,1,1,4,4,3694,113
data_205,15,0,1,4,4,3100,143
data_206,0,0,0,4,0,3129,88
data_206,1,0,0,4,0,3155,101
data_206,2,0,0,4,0,3028,91
data_206,3,0,1,4,4,3634,100
data_206,4,0,1,4,4,4248,96
data_206,5,0,1,4,4,3512,123
data_206,6,0,1,4,4,5360,73
data_206,7,0,1,4,4,5206,103
data_206,8,0,1,4,4,4527,174
data_206,9,0,1,4,4,2695,82
data_206,10,0,1,4,4,1702,102
data_206,11,0,1,4,4,2230,128
data_206,12,0,1,4,4,1637,90
data_206,13,1,1,4,4,3223,83
data_206,14,1,1,3,3,1780,129
data_206,15,0,0,4,0,2395,94
data_206,16,0,0,4,0,2805,108
data_206,17,0,0,4,0,2758,117
data_206,18,0,1,4,4,2757,65
data_206,19,0,1,4,4,2622,136
data_206,20,1,1,4,4,3261,124
data_206,21,0,1,4,4,3365,94
data_206,22,0,1,4,4,3553,103
data_206,23,0,1,4,4,2982,117
