ref,hall,cos_g,cos_s,sem_turno,n_irm,juiz_p1_gpt4omini,juiz_p1_gpt4o,juiz_p1_deepseek,juiz_p1_sabia,juiz_p2_gpt4omini,juiz_p2_gpt4o,juiz_p2_deepseek,juiz_p2_sabia,juiz_p3_gpt4omini,juiz_p3_gpt4o,juiz_p3_deepseek,juiz_p3_sabia
data_001,0,0.7904558181762695,,1,0.0,0,0,0,0,1,0,0,0,1,1,1,0
data_001,0,0.7014935612678528,,1,0.0,0,0,0,0,1,0,0,0,1,0,0,0
data_001,0,0.8395844101905823,0.7610880136489868,0,3.0,0,0,0,0,0,0,0,0,1,0,0,0
data_001,0,0.8204897046089172,0.8204897046089172,0,3.0,0,0,0,0,0,0,0,0,0,0,0,0
data_001,0,0.7942872643470764,0.5035853981971741,0,3.0,0,1,0,0,0,1,0,0,1,1,0,0
data_001,0,0.6930193305015564,0.6826716661453247,0,2.0,0,0,0,0,0,0,0,0,0,0,0,0
data_001,0,0.7804178595542908,0.7796952128410339,0,2.0,0,0,0,0,0,0,0,0,0,0,0,0
data_001,0,0.7061552405357361,0.7061552405357361,0,3.0,0,0,0,0,0,0,0,0,0,0,0,0
data_001,0,0.6965932250022888,0.6965932250022888,0,3.0,0,0,0,0,0,0,0,0,0,0,0,0
data_001,0,0.7875823974609375,0.7875823974609375,0,3.0,0,0,0,0,0,0,0,0,0,0,0,0
data_001,0,0.8548066020011902,0.7321042418479919,0,2.0,0,0,0,0,0,0,0,0,1,0,0,0
data_001,1,0.7008928656578064,0.6843343377113342,0,2.0,1,1,0,0,1,1,1,0,1,1,1,1
data_001,0,0.716324508190155,0.6296589970588684,0,2.0,0,0,0,0,0,0,0,0,0,0,1,0
data_001,1,0.835574209690094,0.835574209690094,0,2.0,1,1,0,0,1,1,0,1,1,1,1,0
data_001,0,0.6147888898849487,0.5236577391624451,0,2.0,0,0,0,0,0,0,0,0,1,0,0,0
data_001,1,0.7830217480659485,0.3855229318141937,0,2.0,1,1,1,1,1,1,1,1,1,1,1,1
data_001,0,0.7450671195983887,0.7450671195983887,0,2.0,0,0,0,0,0,0,0,0,0,0,0,0
data_001,0,0.6597837805747986,0.6597837805747986,0,2.0,0,0,0,0,0,0,0,0,0,0,0,0
data_002,0,0.7945948243141174,,1,0.0,0,0,0,0,0,0,0,0,0,0,0,0
data_002,0,0.7741944193840027,,1,0.0,0,0,1,0,1,0,1,0,1,1,1,0
data_002,0,0.6459064483642578,,1,0.0,0,0,0,0,0,0,0,0,1,0,0,0
data_002,0,0.7708740234375,0.7399028539657593,0,5.0,0,1,0,0,1,1,1,0,1,1,1,0
data_002,0,0.7413702011108398,0.7413702011108398,0,5.0,0,0,0,0,1,0,0,0,1,1,0,0
data_002,0,0.6317631602287292,0.631230354309082,0,5.0,0,0,0,0,0,0,0,0,1,0,1,0
data_002,0,0.7034879922866821,0.7034879922866821,0,5.0,0,0,0,0,0,0,0,0,1,0,0,0
data_002,0,0.7911816835403442,0.7911816835403442,0,5.0,0,0,0,0,0,0,0,0,0,0,0,0
data_002,0,0.582065761089325,0.582065761089325,0,3.0,0,0,0,0,0,0,0,0,1,0,0,0
data_002,0,0.7491658329963684,0.7491658329963684,0,3.0,0,0,0,0,0,0,0,0,0,0,0,0
data_002,1,0.572113037109375,0.572113037109375,0,3.0,1,1,1,1,1,1,1,1,1,1,1,1
data_002,0,0.6719453930854797,0.6719453930854797,0,2.0,0,0,0,0,0,0,0,0,0,0,0,0
data_002,0,0.7785355448722839,0.7785355448722839,0,2.0,0,0,0,0,0,0,0,0,1,0,0,0
data_002,0,0.7652130722999573,0.7652130722999573,0,2.0,0,0,0,0,0,0,0,0,0,0,0,0
data_002,0,0.7013567090034485,0.6178238391876221,0,2.0,0,0,0,0,0,1,0,0,1,1,1,0
data_003,0,0.7653317451477051,,1,0.0,0,0,0,0,0,0,0,0,1,0,0,0
data_003,0,0.6511490941047668,,1,0.0,0,0,0,0,0,0,0,0,0,1,0,0
data_003,0,0.6926400065422058,0.6926400065422058,0,12.0,0,0,0,0,0,0,0,0,0,0,0,0
data_003,0,0.8371631503105164,0.8371631503105164,0,12.0,0,0,0,0,0,0,0,0,0,0,0,0
data_003,0,0.7646823525428772,0.7646823525428772,0,12.0,0,0,0,0,0,0,0,0,0,1,0,0
data_003,0,0.855159342288971,0.855159342288971,0,12.0,0,0,0,0,0,0,0,0,0,0,0,0
data_003,0,0.7448737621307373,0.7448737621307373,0,12.0,0,0,0,0,0,0,0,0,1,0,0,0
data_003,0,0.8120502233505249,0.8120502233505249,0,12.0,0,1,0,0,1,1,0,0,0,1,0,0
data_003,0,0.793945848941803,0.793945848941803,0,12.0,0,0,0,0,0,0,0,0,0,0,0,0
data_003,0,0.8162014484405518,0.8151394128799438,0,12.0,0,0,0,0,0,0,0,0,0,0,0,0
data_003,0,0.737459659576416,0.6617746353149414,0,12.0,0,0,0,0,0,0,0,0,1,0,0,0
data_003,0,0.6841633319854736,0.6841633319854736,0,12.0,0,0,0,0,0,0,0,0,1,1,0,0
data_003,0,0.7523568272590637,0.7523568272590637,0,12.0,0,0,0,0,0,0,0,0,1,1,0,0
data_003,0,0.6450150609016418,0.516886293888092,0,12.0,0,1,0,0,0,1,1,0,1,1,1,0
data_003,0,0.7775980830192566,0.6750396490097046,0,5.0,0,0,0,0,0,0,0,0,0,0,0,0
data_003,0,0.6763205528259277,0.6740135550498962,0,5.0,0,0,0,0,0,0,0,0,0,0,0,0
data_003,0,0.7536092400550842,0.7536092400550842,0,5.0,0,0,0,0,0,0,0,0,1,0,0,0
data_003,0,0.7615528702735901,0.5997801423072815,0,5.0,0,0,0,0,0,1,0,0,1,1,0,0
data_003,0,0.7150580883026123,0.6284362077713013,0,5.0,0,0,0,0,0,0,0,0,1,0,1,0
data_003,0,0.7344141006469727,0.7344141006469727,0,3.0,0,0,0,0,1,0,0,0,0,0,0,0
data_003,0,0.7353566884994507,0.7353566884994507,0,3.0,0,0,0,0,0,0,0,0,0,0,0,0
data_003,0,0.6568807363510132,0.6177479028701782,0,3.0,0,0,0,0,1,0,0,0,1,0,1,0
data_003,0,0.7203153371810913,0.7203153371810913,0,2.0,0,0,0,0,0,0,0,0,0,0,0,0
data_003,0,0.7962355017662048,0.7962355017662048,0,2.0,0,0,0,0,0,0,0,0,0,0,0,0
data_003,0,0.7525395750999451,0.6581413745880127,0,3.0,0,0,0,0,0,0,0,0,0,0,0,0
data_003,0,0.7339807152748108,0.6289113759994507,0,3.0,0,0,0,0,1,1,0,0,1,1,0,0
data_003,0,0.7043460011482239,0.7036476731300354,0,3.0,0,0,0,0,0,0,0,0,0,0,0,0
data_003,0,0.9119897484779358,0.9119897484779358,0,3.0,0,0,0,0,0,0,0,0,0,0,0,0
data_003,1,0.6281870007514954,0.5409726500511169,0,3.0,1,0,1,0,1,1,1,1,1,1,1,1
data_003,1,0.8386160731315613,0.3927830755710602,0,3.0,1,1,1,0,1,1,1,1,1,1,1,1
data_003,0,0.664946973323822,0.6151409149169922,0,3.0,0,0,0,0,0,0,0,0,1,0,0,0
data_003,0,0.701389729976654,0.701389729976654,0,3.0,0,0,0,0,0,0,0,0,0,0,0,0
data_003,0,0.6374911069869995,0.6374911069869995,0,3.0,0,0,0,0,0,0,0,0,0,0,0,0
data_004,0,0.840824544429779,,1,0.0,0,0,0,0,0,0,0,0,0,0,0,0
data_004,0,0.914392590522766,,1,0.0,0,0,0,0,0,0,0,0,0,0,0,0
data_004,0,0.7327761650085449,,1,0.0,0,0,0,0,0,0,0,0,0,0,0,0
data_004,0,0.9523196220397948,,1,0.0,0,0,0,0,0,0,0,0,0,0,0,0
data_004,0,0.853517472743988,0.853517472743988,0,13.0,0,0,0,0,0,0,0,0,0,0,0,0
data_004,0,0.7991389036178589,0.7991389036178589,0,13.0,0,0,0,0,0,0,0,0,0,0,0,0
data_004,0,0.763055145740509,0.763055145740509,0,13.0,0,0,0,0,0,0,0,0,1,0,0,0
data_004,0,0.640371561050415,0.640371561050415,0,13.0,0,0,0,0,0,0,0,0,0,0,0,0
data_004,0,0.9351488947868348,0.9351488947868348,0,13.0,0,0,0,0,0,0,0,0,0,0,0,0
data_004,0,0.9482393264770508,0.7319117188453674,0,13.0,0,0,0,0,0,0,0,0,0,0,0,0
data_004,0,0.7026951313018799,0.7026951313018799,0,13.0,0,0,0,0,0,0,0,0,0,0,0,0
data_004,0,0.6706646680831909,0.6619449853897095,0,13.0,0,0,0,0,0,0,0,0,0,0,0,0
data_004,0,0.8415652513504028,0.8415652513504028,0,13.0,0,0,0,0,0,0,0,0,0,0,0,0
data_004,0,0.6425397396087646,0.6011055111885071,0,13.0,0,1,0,0,1,1,0,0,1,1,1,1
data_004,0,0.7559165358543396,0.7559165358543396,0,13.0,0,0,0,0,0,0,0,0,1,0,0,0
data_004,0,0.7846667766571045,0.7846667766571045,0,13.0,0,0,0,0,0,0,0,0,1,0,0,0
data_004,0,0.9169405102729796,0.9169405102729796,0,13.0,0,0,0,0,0,0,0,0,0,0,0,0
data_004,0,0.6813879013061523,0.6810211539268494,0,2.0,0,0,0,0,0,0,0,0,1,0,0,0
data_004,1,0.6897991299629211,0.3325808346271515,0,2.0,1,1,1,1,1,1,1,1,1,1,1,1
data_005,0,0.901461124420166,,1,0.0,0,1,0,0,0,1,0,0,1,1,0,0
data_005,1,0.8166596293449402,,1,0.0,1,1,1,1,1,1,1,1,1,1,1,1
data_005,1,0.772075355052948,,1,0.0,1,1,1,1,1,1,1,1,1,1,1,1
data_005,0,0.822194516658783,0.822194516658783,0,3.0,0,0,0,0,0,0,0,0,0,0,0,0
data_005,0,0.7993112802505493,0.7993112802505493,0,3.0,0,0,0,0,0,0,0,0,0,0,0,0
data_005,0,0.7395071387290955,0.7079378366470337,0,3.0,0,0,0,0,0,0,0,0,0,0,0,0
data_005,0,0.8445168733596802,0.6405830383300781,0,4.0,0,0,0,0,0,1,1,0,1,1,1,0
data_005,0,0.713499903678894,0.654834508895874,0,4.0,0,0,0,0,0,0,0,0,0,0,0,0
data_005,1,0.77359938621521,0.6450560092926025,0,4.0,1,1,1,1,1,1,1,1,1,1,1,1
data_005,1,0.7923252582550049,0.4574573636054992,0,4.0,1,1,1,1,1,1,1,1,1,1,1,1
data_005,0,0.7783312201499939,0.7783312201499939,0,3.0,0,0,0,0,0,0,0,0,0,0,0,0
data_005,0,0.8540688157081604,0.8540688157081604,0,3.0,0,0,0,0,0,0,0,0,0,0,0,0
data_005,0,0.7526839375495911,0.7526839375495911,0,3.0,0,0,0,0,0,0,0,0,0,0,0,0
data_005,0,0.8419439792633057,0.8419439792633057,0,3.0,0,0,0,0,0,0,0,0,1,0,0,0
data_005,0,0.8222684860229492,0.7107191681861877,0,3.0,0,0,0,0,0,0,0,0,0,0,0,0
data_005,0,0.8580598831176758,0.8580598831176758,0,3.0,0,0,0,0,0,0,0,0,0,0,0,0
data_005,0,0.7279670238494873,0.6883033514022827,0,3.0,0,0,0,0,0,0,0,0,0,0,0,0
data_005,0,0.7509916424751282,0.7509916424751282,0,3.0,0,0,0,0,0,0,0,0,0,0,0,0
data_005,0,0.7193609476089478,0.7170839905738831,0,3.0,0,0,0,0,0,0,0,0,0,0,0,0
data_006,0,0.6816770434379578,0.3032757639884949,0,4.0,0,0,0,0,0,0,0,0,0,0,0,0
data_006,0,0.6546627879142761,0.4482141733169555,0,4.0,0,0,0,0,0,0,0,0,0,0,0,0
data_006,0,0.7632398009300232,0.1869994550943374,0,4.0,0,0,0,0,1,0,1,0,1,0,1,0
data_006,0,0.6649743318557739,0.2066510170698166,0,4.0,0,0,0,0,0,0,0,0,0,0,0,0
data_006,1,0.6281192898750305,0.5925236344337463,0,3.0,1,0,0,0,1,1,0,0,1,1,1,0
data_006,0,0.7190709710121155,0.5659067034721375,0,3.0,0,0,0,0,0,1,0,0,1,1,1,0
data_006,0,0.8554306626319885,0.8554306626319885,0,3.0,0,0,0,0,0,0,0,0,0,1,0,0
data_006,0,0.7795686721801758,0.7221831679344177,0,7.0,0,0,0,0,0,0,0,0,0,0,0,0
data_006,0,0.7174165844917297,0.7174165844917297,0,7.0,0,0,0,0,0,0,0,0,0,0,0,0
data_006,0,0.7014881372451782,0.6724917888641357,0,7.0,0,0,0,0,0,0,0,0,0,0,0,0
data_006,0,0.7398453950881958,0.7398453950881958,0,7.0,0,0,0,0,0,1,0,0,0,1,0,0
data_006,0,0.659002423286438,0.653122067451477,0,7.0,0,1,0,0,0,1,0,0,1,1,1,0
data_006,1,0.5904713273048401,0.4969739019870758,0,7.0,1,1,1,1,1,1,1,1,1,1,1,1
data_006,0,0.7147272229194641,0.6988835334777832,0,7.0,0,0,0,0,0,1,0,0,1,1,0,0
data_006,0,0.6421020030975342,0.5726251006126404,0,3.0,0,0,0,0,0,1,0,0,0,1,1,0
data_006,0,0.7176874876022339,0.7176874876022339,0,3.0,0,0,0,0,0,0,0,0,0,0,0,0
data_006,0,0.8242919445037842,0.8242919445037842,0,3.0,0,0,0,0,0,0,0,0,0,0,0,0
data_006,0,0.6793065667152405,0.6181904673576355,0,2.0,0,0,0,0,0,0,0,0,0,0,0,0
data_006,1,0.6433451771736145,0.4417672157287597,0,2.0,1,1,1,1,1,1,1,1,1,1,1,1
data_007,0,0.8683872818946838,,1,0.0,0,0,0,0,0,0,0,0,1,0,0,0
data_007,0,0.6299194693565369,,1,0.0,0,0,0,0,0,0,0,0,0,0,0,0
data_007,0,0.8256787061691284,,1,0.0,0,0,0,0,0,0,0,0,0,0,0,0
data_007,0,0.7763816714286804,,1,0.0,0,0,0,0,0,0,0,0,1,0,0,0
data_007,0,0.8793872594833374,0.8793872594833374,0,4.0,0,0,0,0,0,0,0,0,0,0,0,0
data_007,0,0.6570639610290527,0.6570639610290527,0,4.0,0,0,0,0,0,0,0,0,1,1,0,0
data_007,0,0.7915691137313843,0.7915691137313843,0,4.0,0,1,0,0,1,1,0,0,0,1,0,0
data_007,0,0.6181413531303406,0.6181413531303406,0,4.0,0,0,0,0,0,0,0,0,0,0,0,0
data_007,0,0.7908428907394409,0.7908428907394409,0,4.0,0,0,0,0,1,0,0,0,1,1,1,0
data_007,0,0.7449967861175537,0.7449967861175537,0,4.0,0,0,0,0,0,0,0,0,0,0,0,0
data_007,0,0.8340057134628296,0.8340057134628296,0,4.0,0,0,0,0,0,0,0,0,0,1,0,0
data_007,0,0.837401270866394,0.837401270866394,0,4.0,0,0,0,0,0,0,0,0,0,0,0,0
data_007,0,0.7309027910232544,0.6281009912490845,0,3.0,0,0,0,0,0,0,0,0,0,0,0,0
data_007,0,0.7337997555732727,0.7337997555732727,0,3.0,0,0,0,0,0,0,0,0,0,0,0,0
data_007,0,0.7812798023223877,0.7812798023223877,0,3.0,0,0,0,0,0,0,0,0,0,0,0,0
data_007,0,0.8111942410469055,0.7389962077140808,0,3.0,0,0,0,0,0,0,0,0,0,0,0,0
data_007,0,0.6727766990661621,0.6727766990661621,0,3.0,0,0,0,0,0,0,0,0,1,0,0,0
data_007,0,0.7526479363441467,0.7526479363441467,0,3.0,0,0,0,0,0,0,0,0,0,0,0,0
data_007,0,0.766470730304718,0.766470730304718,0,3.0,0,0,0,0,0,1,0,0,1,1,0,0
data_007,0,0.859271764755249,0.859271764755249,0,3.0,0,0,0,0,0,1,0,0,1,1,0,0
data_007,0,0.7255599498748779,0.6646355390548706,0,3.0,0,0,0,0,0,0,0,0,0,0,0,0
data_007,0,0.7967402338981628,0.6698020696640015,0,4.0,0,0,0,0,1,0,0,0,1,1,1,0
data_007,0,0.7505181431770325,0.7505181431770325,0,4.0,0,0,0,0,0,0,0,0,0,0,0,0
data_007,0,0.7192131876945496,0.7192131876945496,0,4.0,0,0,0,0,0,0,0,0,1,0,0,0
data_007,0,0.7594318389892578,0.7594318389892578,0,4.0,0,0,0,0,0,0,0,0,0,0,0,0
data_008,0,0.916243851184845,,1,0.0,0,1,0,0,0,0,0,0,0,1,0,0
data_008,0,0.7089357972145081,,1,0.0,0,0,0,0,0,0,0,0,1,0,0,0
data_008,0,0.7751672863960266,0.7540645003318787,0,5.0,0,0,0,0,0,0,0,0,0,0,0,0
data_008,0,0.7685600519180298,0.7685600519180298,0,5.0,0,1,0,0,0,1,0,0,1,1,1,0
data_008,0,0.769748866558075,0.769748866558075,0,5.0,0,0,0,0,0,0,0,0,0,0,0,0
data_008,0,0.94962078332901,0.94962078332901,0,5.0,0,0,0,0,0,0,0,0,0,0,0,1
data_008,0,0.7781248688697815,0.7781248688697815,0,5.0,0,0,0,0,0,0,0,0,0,0,0,0
data_008,0,0.9101802706718444,0.9101802706718444,0,4.0,0,0,0,0,0,0,0,0,1,0,0,0
data_008,0,0.7833007574081421,0.6509564518928528,0,4.0,0,0,0,0,0,1,0,0,0,1,0,0
data_008,0,0.7636154294013977,0.7636154294013977,0,4.0,0,0,0,0,1,0,0,0,1,1,0,0
data_008,0,0.7115028500556946,0.623982310295105,0,4.0,0,0,0,0,1,0,0,0,1,1,0,0
data_008,0,0.7344015836715698,0.6900007724761963,0,4.0,0,0,0,0,0,1,0,0,1,1,0,0
data_008,0,0.8037309050559998,0.7296730875968933,0,4.0,0,0,0,0,0,0,0,0,0,1,0,0
data_008,0,0.7951539754867554,0.7951539754867554,0,4.0,0,1,0,0,0,1,0,0,1,1,0,0
data_008,0,0.7058906555175781,0.7058906555175781,0,4.0,0,0,0,0,0,0,0,0,1,1,1,0
data_009,0,0.8652125000953674,,1,0.0,0,0,0,0,0,0,0,0,0,0,0,0
data_009,0,0.7178598642349243,,1,0.0,0,0,0,0,0,0,0,0,1,1,0,0
data_009,0,0.8417536020278931,0.8417536020278931,0,3.0,0,0,0,0,0,0,0,0,0,0,0,0
data_009,0,0.8281476497650146,0.696153998374939,0,3.0,0,0,0,0,0,0,0,0,1,0,0,0
data_009,0,0.7451218366622925,0.7283093929290771,0,3.0,0,0,0,0,0,0,0,0,0,0,0,0
data_009,0,0.8332658410072327,0.7820844650268555,0,3.0,0,0,0,0,1,1,1,0,1,1,1,0
data_009,0,0.7350022196769714,0.7350022196769714,0,3.0,0,1,0,0,0,1,0,0,1,1,0,0
data_009,0,0.7427300810813904,0.7427300810813904,0,3.0,0,0,0,0,0,0,0,0,1,0,0,0
data_009,0,0.7312952876091003,0.706631064414978,0,3.0,0,0,0,0,0,0,0,0,1,1,0,0
data_009,0,0.6698569059371948,0.6393915414810181,0,3.0,0,0,0,0,1,1,1,0,1,1,1,0
data_009,0,0.8131188750267029,0.8131188750267029,0,3.0,0,0,0,0,0,1,0,0,1,1,0,0
data_009,0,0.851832389831543,0.851832389831543,0,3.0,0,0,0,0,0,0,0,0,1,0,1,0
data_009,0,0.7627078294754028,0.7627078294754028,0,3.0,0,0,0,0,0,0,0,0,1,0,0,0
data_009,0,0.8978554010391235,0.8978554010391235,0,3.0,0,0,0,0,0,0,0,0,0,0,0,0
data_010,0,0.6768726110458374,,1,0.0,0,0,0,0,1,0,0,0,0,0,0,0
data_010,1,0.6566793322563171,,1,0.0,1,1,1,1,1,1,1,1,1,1,1,1
data_010,0,0.8128064274787903,,1,0.0,0,0,0,0,0,0,0,0,0,0,0,0
data_010,0,0.6791775226593018,0.6397110223770142,0,3.0,0,0,0,0,0,0,0,0,0,0,0,0
data_010,0,0.7679890394210815,0.7679890394210815,0,3.0,0,0,0,0,0,0,0,0,0,0,0,0
data_010,0,0.8035386204719543,0.8035386204719543,0,3.0,0,0,0,0,0,0,0,0,0,0,0,0
data_010,0,0.7602799534797668,0.7602799534797668,0,2.0,0,0,0,0,0,0,0,0,0,0,0,0
data_010,0,0.6669421792030334,0.6669421792030334,0,2.0,0,0,0,0,0,1,0,0,0,1,0,0
data_010,0,0.7805667519569397,0.7805667519569397,0,3.0,0,0,0,0,0,0,0,0,1,0,0,0
data_010,0,0.778229832649231,0.778229832649231,0,3.0,0,1,0,1,1,1,0,0,1,1,1,1
data_010,0,0.6822388768196106,0.525833785533905,0,3.0,0,0,0,0,1,0,1,0,1,1,1,1
data_010,0,0.776123046875,0.776123046875,0,2.0,0,0,0,0,0,0,0,0,0,0,0,0
data_010,0,0.7581800222396851,0.7581800222396851,0,2.0,1,1,0,0,1,1,0,0,1,1,1,0
data_010,0,0.6296946406364441,0.5241447687149048,0,2.0,0,0,0,0,0,0,0,0,0,0,0,0
data_010,0,0.7756104469299316,0.7756104469299316,0,2.0,0,0,0,0,0,0,0,0,0,0,0,0
data_010,0,0.6516034007072449,0.609009861946106,0,2.0,0,0,0,0,0,0,0,0,0,0,0,0
data_010,0,0.8144955039024353,0.8144955039024353,0,2.0,0,0,0,0,0,1,0,0,1,1,0,0
data_010,0,0.8187089562416077,0.8187089562416077,0,2.0,0,0,0,0,0,0,0,0,0,0,0,0
data_010,0,0.7618470191955566,0.6435685753822327,0,2.0,0,0,0,0,1,1,0,0,1,1,0,0
data_011,1,0.6546289324760437,,1,0.0,1,1,1,1,0,1,0,1,1,0,0,1
data_011,0,0.616316020488739,,1,0.0,0,0,0,0,0,0,0,0,0,0,0,0
data_011,0,0.9044736623764038,,1,0.0,0,0,0,0,0,0,0,0,0,0,0,0
data_011,0,0.8537366986274719,0.8537366986274719,0,4.0,0,0,0,0,0,0,0,0,0,0,0,0
data_011,0,0.8054162859916687,0.8054162859916687,0,4.0,0,0,0,0,0,0,0,0,0,0,0,0
data_011,0,0.773606538772583,0.773606538772583,0,4.0,0,0,0,0,0,0,0,0,0,0,0,0
data_011,0,0.8152018785476685,0.8152018785476685,0,4.0,0,0,0,0,0,0,0,0,1,0,0,0
data_011,0,0.7902393341064453,0.7556995749473572,0,5.0,0,0,0,0,0,0,0,0,1,0,0,0
data_011,0,0.7358182668685913,0.7358182668685913,0,5.0,0,0,0,0,0,0,0,0,1,0,0,0
data_011,0,0.646830677986145,0.646830677986145,0,5.0,0,1,0,0,1,1,0,0,1,1,0,0
data_011,0,0.6957012414932251,0.6957012414932251,0,5.0,0,0,0,0,0,0,0,0,0,0,0,0
data_011,0,0.734172523021698,0.7314171195030212,0,5.0,0,0,0,0,1,1,0,0,1,1,1,0
data_011,0,0.8984208703041077,0.8984208703041077,0,5.0,0,0,0,0,0,0,0,0,0,0,0,0
data_011,0,0.7469359040260315,0.7469359040260315,0,5.0,0,0,0,1,0,0,0,1,0,0,0,0
data_011,0,0.882015585899353,0.882015585899353,0,5.0,0,0,0,0,0,0,0,0,0,0,0,0
data_011,0,0.8835398554801941,0.8835398554801941,0,5.0,0,0,0,0,0,0,0,0,1,0,0,0
data_011,0,0.7141388058662415,0.7141388058662415,0,5.0,0,0,0,0,0,0,0,0,1,0,1,0
data_011,0,0.6612382531166077,0.6612382531166077,0,4.0,0,0,0,0,0,0,0,0,0,0,0,0
data_011,0,0.8052480220794678,0.8052480220794678,0,4.0,0,0,0,0,0,0,0,0,0,0,0,0
data_011,0,0.8350905776023865,0.8350905776023865,0,4.0,0,0,0,0,0,0,0,0,0,0,0,0
data_011,0,0.7454291582107544,0.7454291582107544,0,4.0,0,0,0,0,0,0,0,0,0,0,0,0
data_011,0,0.827641487121582,0.827641487121582,0,3.0,0,0,0,0,0,0,0,0,0,0,0,0
data_011,0,0.7491239309310913,0.7491239309310913,0,3.0,0,0,0,0,0,0,0,0,0,0,0,0
data_011,0,0.7409496307373047,0.7409496307373047,0,3.0,0,0,0,0,0,0,0,0,0,0,0,0
data_011,0,0.7071468830108643,0.7071468830108643,0,3.0,0,0,0,0,0,0,0,0,0,0,0,0
data_011,0,0.6513149738311768,0.6513149738311768,0,3.0,0,0,0,0,0,0,0,0,0,0,0,0
data_011,0,0.6822035908699036,0.6626657247543335,0,3.0,0,0,0,0,0,0,0,0,0,0,0,0
data_012,0,0.912756085395813,,1,0.0,0,0,0,0,0,0,0,0,0,0,0,0
data_012,0,0.7934448719024658,,1,0.0,0,0,0,0,0,0,0,0,0,0,0,0
data_012,0,0.737927258014679,,1,0.0,0,0,0,0,1,1,0,0,1,1,1,0
data_012,0,0.7978615760803223,0.6961057186126709,0,4.0,0,0,0,0,0,0,0,0,0,0,0,0
data_012,0,0.6241114735603333,0.5883684158325195,0,4.0,0,0,0,0,0,0,0,0,0,0,0,0
data_012,0,0.7421889901161194,0.7421889901161194,0,4.0,0,0,0,0,0,0,0,0,0,0,0,0
data_012,0,0.764519989490509,0.7589107751846313,0,4.0,0,0,0,0,0,0,0,0,0,0,0,0
data_012,0,0.8868763446807861,,1,0.0,0,0,0,0,0,0,0,0,0,0,0,0
data_012,0,0.7708029747009277,,1,0.0,0,0,0,0,0,0,0,0,0,0,0,0
data_012,0,0.8097096681594849,,1,0.0,0,0,0,0,0,0,0,0,1,1,0,0
data_012,0,0.7413673400878906,,1,0.0,0,0,0,0,0,0,0,0,0,0,0,0
data_012,1,0.8545446991920471,0.8505838513374329,0,4.0,1,1,1,1,1,1,1,1,1,1,1,1
data_012,1,0.830961287021637,0.8144925236701965,0,4.0,0,0,0,0,1,1,1,0,1,1,1,0
data_012,0,0.7577056884765625,0.6398545503616333,0,4.0,0,0,0,0,0,0,0,0,1,0,0,0
data_012,0,0.8049424290657043,0.7671178579330444,0,4.0,0,0,0,0,0,0,0,0,1,0,0,0
data_012,0,0.7548577189445496,0.7548577189445496,0,4.0,0,0,0,0,0,0,0,0,1,0,0,0
data_012,0,0.7663084864616394,0.7528083324432373,0,4.0,0,0,0,0,0,0,0,0,0,0,0,0
data_012,0,0.7343229651451111,0.7343229651451111,0,4.0,0,0,0,0,0,0,0,0,0,0,0,0
data_012,0,0.8049147725105286,0.8049147725105286,0,4.0,0,0,0,0,0,0,0,0,0,0,0,0
data_012,0,0.8253325819969177,0.8253325819969177,0,4.0,0,0,0,0,0,0,0,0,1,0,0,0
data_012,0,0.8188754320144653,0.8188754320144653,0,4.0,0,0,0,0,0,0,0,0,0,0,0,0
data_012,0,0.8723378777503967,0.8723378777503967,0,4.0,0,0,0,0,0,0,0,0,0,0,0,0
data_012,0,0.7121445536613464,0.7121445536613464,0,4.0,0,0,0,0,0,0,0,0,1,0,0,0
data_012,0,0.8433460593223572,0.8433460593223572,0,4.0,0,0,0,0,0,0,0,0,0,0,0,0
data_012,0,0.5980809926986694,0.5892937183380127,0,4.0,0,0,0,0,0,0,0,0,0,0,0,0
data_012,0,0.6590749025344849,0.5963947176933289,0,4.0,0,0,0,0,0,0,0,0,1,0,0,0
data_012,0,0.7256982922554016,0.7075369954109192,0,4.0,0,0,0,0,0,0,0,0,0,0,0,0
data_012,0,0.812898576259613,0.6937679052352905,0,4.0,0,0,0,0,0,0,0,0,0,0,0,0
data_012,0,0.6802229881286621,0.5909886360168457,0,4.0,0,0,0,0,0,0,0,0,0,0,0,0
data_012,0,0.8377686142921448,0.7482898235321045,0,4.0,0,0,0,0,0,0,0,0,1,0,0,0
data_012,0,0.7920786738395691,0.7920786738395691,0,4.0,0,0,0,0,0,0,0,0,1,0,0,0
data_012,0,0.7802562713623047,0.6928353905677795,0,4.0,0,0,0,0,0,0,0,0,1,0,0,0
data_012,0,0.8772158622741699,0.8772158622741699,0,4.0,0,0,0,0,0,0,0,0,0,0,0,0
data_012,0,0.741760790348053,0.6434944272041321,0,4.0,0,0,0,0,0,0,0,0,0,0,0,0
data_012,0,0.7181945443153381,0.6679345369338989,0,4.0,0,0,0,0,0,0,0,0,0,0,0,0
data_013,0,0.7552205324172974,,1,0.0,0,0,0,0,0,0,0,0,1,0,0,0
data_013,0,0.8513106107711792,,1,0.0,0,0,0,0,0,0,0,0,0,0,0,0
data_013,0,0.6729851365089417,,1,0.0,0,0,0,0,0,0,0,0,1,0,0,0
data_013,0,0.6827762126922607,0.6827762126922607,0,2.0,0,0,0,0,0,0,0,0,1,1,0,0
data_013,0,0.7656036019325256,0.7656036019325256,0,2.0,0,0,0,0,0,0,0,0,0,0,0,0
data_013,0,0.7031124234199524,0.7031124234199524,0,3.0,0,0,0,0,0,0,0,0,1,0,0,0
data_013,0,0.7586922645568848,0.7586922645568848,0,3.0,0,0,0,0,0,0,0,0,0,0,0,0
data_013,0,0.7833147644996643,0.7833147644996643,0,3.0,0,0,0,0,0,0,0,0,0,0,0,0
data_013,0,0.7910217642784119,0.6557729840278625,0,3.0,0,0,0,0,0,0,0,0,1,0,0,0
data_013,0,0.7659412026405334,0.7659412026405334,0,3.0,0,0,0,0,0,0,0,0,0,0,0,0
data_013,0,0.7995478510856628,0.7995478510856628,0,3.0,0,0,0,0,0,0,0,0,1,1,1,0
data_013,0,0.8444214463233948,0.8444214463233948,0,2.0,0,0,0,0,0,0,0,0,0,0,0,0
data_013,0,0.755420446395874,0.755420446395874,0,2.0,0,0,0,0,0,0,0,0,0,0,0,0
data_013,0,0.7062473893165588,0.5325767397880554,0,2.0,0,0,0,0,0,0,0,0,0,0,0,0
data_013,0,0.6273242235183716,0.6165435910224915,0,2.0,0,0,0,0,0,1,0,0,1,1,0,0
data_013,0,0.7048924565315247,0.6694775819778442,0,3.0,0,0,0,0,0,0,0,0,0,0,0,0
data_013,0,0.7691077589988708,0.6315403580665588,0,3.0,0,0,0,0,0,1,0,0,1,1,1,0
data_013,0,0.6200162172317505,0.6200162172317505,0,3.0,0,1,0,0,0,1,0,0,1,1,0,0
data_013,0,0.6779127717018127,0.6779127717018127,0,2.0,0,0,0,0,0,0,0,0,0,0,0,0
data_013,0,0.7340447306632996,0.6375613808631897,0,2.0,0,0,0,0,0,0,0,0,1,0,0,0
data_013,0,0.825344443321228,0.6292004585266113,0,3.0,0,0,0,0,0,0,0,0,0,0,0,0
data_013,0,0.6272143125534058,0.4783271849155426,0,3.0,0,0,0,0,0,0,0,0,0,0,0,0
data_013,0,0.603662371635437,0.5711594820022583,0,3.0,0,0,0,0,0,0,0,0,0,0,0,0
data_013,0,0.6835897564888,0.6835897564888,0,3.0,0,0,0,0,0,0,0,0,1,0,0,0
data_013,0,0.4804312586784363,0.4804312586784363,0,3.0,0,0,0,0,1,0,0,0,0,0,0,0
data_013,0,0.8010472059249878,0.8010472059249878,0,3.0,0,0,0,0,0,0,0,0,1,0,0,0
data_014,0,0.8301851749420166,,1,0.0,0,0,0,0,0,0,0,0,0,0,0,0
data_014,0,0.6928345561027527,,1,0.0,0,0,0,0,0,0,0,0,0,0,0,0
data_014,0,0.7967806458473206,,1,0.0,0,0,0,0,0,0,0,0,0,0,0,0
data_014,0,0.8480295538902283,,1,0.0,0,1,0,0,1,1,1,1,1,1,1,0
data_014,0,0.8702051043510437,0.8702051043510437,0,4.0,0,0,0,0,0,0,0,0,0,0,0,0
data_014,0,0.7997275590896606,0.7997275590896606,0,4.0,0,0,0,0,0,0,0,0,0,0,0,0
data_014,0,0.6825977563858032,0.6825977563858032,0,4.0,0,0,0,0,0,0,0,0,0,0,0,0
data_014,0,0.6891700029373169,0.6891700029373169,0,4.0,0,0,0,0,0,0,0,0,0,0,0,0
data_014,0,0.7418981194496155,0.7418981194496155,0,5.0,0,0,0,0,0,0,0,0,0,0,0,0
data_014,0,0.8745818734169006,0.8745818734169006,0,5.0,0,0,0,0,0,0,0,0,0,0,0,0
data_014,0,0.6956140398979187,0.6956140398979187,0,5.0,0,0,0,0,0,0,0,0,0,0,0,0
data_014,0,0.6610006093978882,0.6610006093978882,0,5.0,0,0,0,0,0,0,0,0,1,0,0,0
data_014,0,0.7625312209129333,0.7625312209129333,0,5.0,0,0,0,0,0,0,0,0,0,0,0,0
data_014,0,0.7590464949607849,0.7590464949607849,0,4.0,0,0,0,0,0,0,0,0,0,0,0,0
data_014,0,0.6177594661712646,0.5752182006835938,0,4.0,0,0,0,0,1,0,0,0,1,1,0,0
data_014,1,0.6671150326728821,0.4871777594089508,0,4.0,1,0,0,0,1,1,1,0,1,1,1,0
data_014,0,0.6575645208358765,0.6575645208358765,0,4.0,0,0,0,0,0,0,0,0,0,0,0,0
data_014,0,0.8765171766281128,0.8765171766281128,0,4.0,0,0,0,0,0,0,0,0,0,0,0,0
data_014,0,0.7898730635643005,0.7898730635643005,0,4.0,0,0,0,0,0,0,0,0,0,0,0,0
data_014,0,0.8233462572097778,0.8233462572097778,0,4.0,0,0,0,0,0,0,0,0,0,0,0,0
data_014,0,0.876384437084198,0.876384437084198,0,4.0,0,0,0,0,0,0,0,0,0,0,0,0
data_014,0,0.847797691822052,0.847797691822052,0,4.0,0,0,0,0,0,0,0,0,0,0,0,0
data_014,0,0.5833721160888672,0.4615170955657959,0,4.0,0,0,0,0,0,0,0,0,0,0,0,0
data_014,0,0.6437390446662903,0.6437390446662903,0,4.0,0,0,0,0,0,0,0,0,0,0,0,0
data_014,1,0.8350359797477722,0.3030429780483246,0,4.0,1,1,1,1,1,1,1,1,1,1,1,1
data_014,0,0.7929007411003113,0.7929007411003113,0,2.0,0,0,0,0,0,0,0,0,0,0,0,0
data_014,0,0.7228851914405823,0.7228851914405823,0,2.0,0,0,0,0,0,0,0,0,0,0,0,0
data_014,0,0.6441464424133301,0.6441464424133301,0,2.0,0,0,0,0,0,0,0,0,0,0,0,0
data_014,0,0.7718438506126404,0.7718438506126404,0,2.0,0,0,0,0,0,0,0,0,0,0,0,0
data_015,0,0.852671205997467,,1,0.0,0,0,0,0,0,0,0,0,0,0,0,0
data_015,0,0.8443647027015686,,1,0.0,0,0,0,0,0,0,0,0,0,0,0,0
data_015,0,0.7312639355659485,,1,0.0,0,0,0,0,0,0,0,0,0,1,0,0
data_015,0,0.8601868748664856,0.7152024507522583,0,3.0,0,0,0,0,0,0,0,0,0,1,0,0
data_015,0,0.8181442618370056,0.7782859206199646,0,3.0,0,0,0,0,0,0,0,0,1,0,0,0
data_015,1,0.800276517868042,0.7512980103492737,0,3.0,1,1,0,1,1,1,1,1,1,1,1,1
data_015,0,0.8968037962913513,0.8968037962913513,0,3.0,0,0,0,0,0,0,0,0,1,0,0,0
data_015,0,0.897106945514679,0.897106945514679,0,3.0,0,0,0,0,0,0,0,0,0,0,0,0
data_015,0,0.7661871314048767,0.7661871314048767,0,3.0,0,0,0,0,0,0,0,0,0,0,0,0
data_015,0,0.9582188129425048,0.9582188129425048,0,3.0,0,0,0,0,0,0,0,0,0,0,0,0
data_015,0,0.7945656180381775,0.7207045555114746,0,3.0,0,0,0,0,0,0,0,0,1,0,0,0
data_015,1,0.794314980506897,0.6848124265670776,0,3.0,1,1,1,1,1,1,1,1,1,1,1,1
data_015,0,0.8774246573448181,0.8774246573448181,0,3.0,0,0,0,0,0,0,0,0,0,0,0,0
data_015,0,0.8405727744102478,0.8405727744102478,0,3.0,0,0,0,0,0,0,0,0,0,0,0,0
data_015,0,0.7250277996063232,0.670647382736206,0,3.0,0,0,1,0,0,1,1,0,1,1,1,1
data_016,0,0.885043740272522,0.885043740272522,0,5.0,0,0,0,0,0,0,0,0,0,0,0,0
data_016,0,0.8775744438171387,0.8775744438171387,0,5.0,0,0,0,0,0,0,0,0,0,0,0,0
data_016,0,0.8061333298683167,0.8061333298683167,0,5.0,0,0,0,0,0,0,0,0,0,0,0,0
data_016,0,0.7333295941352844,0.7023470401763916,0,5.0,0,0,0,0,0,1,0,0,0,1,0,0
data_016,0,0.918171226978302,0.918171226978302,0,5.0,0,0,0,0,0,0,0,0,0,0,0,0
data_016,1,0.7970706224441528,,1,0.0,1,1,0,0,1,1,1,0,1,1,1,0
data_016,0,0.7307937145233154,,1,0.0,0,0,0,0,0,0,0,0,0,0,0,0
data_016,0,0.7552549839019775,0.7444277405738831,0,2.0,0,0,0,0,0,0,0,0,0,0,0,0
data_016,0,0.7118231058120728,0.7118231058120728,0,2.0,0,1,0,0,1,1,1,0,1,1,1,1
data_016,0,0.846411943435669,0.846411943435669,0,2.0,0,0,0,0,0,0,0,0,0,0,0,0
data_016,0,0.8878776431083679,0.8878776431083679,0,2.0,0,0,0,0,0,0,0,0,0,0,0,0
data_016,0,0.8595520853996277,0.7438181638717651,0,3.0,0,0,0,0,1,1,0,0,1,1,0,0
data_016,0,0.8898993730545044,0.765142560005188,0,3.0,0,0,0,0,0,0,0,0,0,0,0,0
data_016,1,0.7075950503349304,0.6232790946960449,0,3.0,1,1,1,1,1,1,1,1,1,1,1,1
data_017,1,0.8401260375976562,,1,0.0,1,1,1,0,1,1,0,0,1,1,1,0
data_017,0,0.7450528740882874,0.7295722365379333,0,4.0,0,0,0,0,0,0,0,0,0,0,0,0
data_017,0,0.7177878618240356,0.7177878618240356,0,4.0,0,0,0,0,1,1,0,0,1,1,1,0
data_017,0,0.7654125690460205,0.7437750697135925,0,4.0,0,0,0,0,1,0,0,0,1,0,0,0
data_017,0,0.6332964301109314,0.6332964301109314,0,4.0,0,1,0,0,1,1,1,0,1,1,1,1
data_017,0,0.7083548903465271,0.7083548903465271,0,4.0,0,1,0,1,1,1,1,1,1,1,1,1
data_017,1,0.700711190700531,0.6427779793739319,0,4.0,1,1,1,1,1,1,1,1,1,1,1,1
data_017,1,0.7861383557319641,0.768822193145752,0,4.0,0,1,1,1,1,1,1,1,1,1,1,1
data_017,1,0.7223814129829407,0.6257312297821045,0,4.0,1,1,1,1,1,1,1,1,1,1,1,1
data_017,0,0.7960365414619446,0.7960365414619446,0,3.0,0,0,0,0,1,1,1,0,1,1,1,0
data_017,0,0.7704436182975769,0.7704436182975769,0,3.0,0,1,0,0,1,1,1,1,1,1,1,1
data_017,0,0.7072868347167969,0.7072868347167969,0,3.0,0,1,0,0,0,1,1,0,1,1,1,0
data_017,1,0.8132364153862,0.8132364153862,0,3.0,1,1,0,0,1,1,1,0,1,1,1,0
data_017,0,0.7961627244949341,0.7961627244949341,0,3.0,0,0,0,0,0,0,0,0,0,0,0,0
data_017,0,0.8298364281654358,0.7749635577201843,0,3.0,0,0,0,0,0,0,0,0,1,0,0,0
data_018,0,0.7891812920570374,,1,0.0,0,0,0,0,0,1,0,0,1,1,0,0
data_018,0,0.9563832879066468,,1,0.0,0,0,0,0,0,0,0,0,0,0,0,0
data_018,0,0.8411177396774292,,1,0.0,0,0,0,0,0,0,0,0,0,0,0,0
data_018,0,0.8878284096717834,,1,0.0,0,0,0,0,0,0,0,0,0,0,0,0
data_018,0,0.8396835327148438,0.7983543276786804,0,3.0,0,0,0,0,1,1,0,0,1,1,0,0
data_018,0,0.8395459055900574,0.8395459055900574,0,3.0,0,0,0,0,0,0,0,0,1,0,0,0
data_018,0,0.8276240825653076,0.8276240825653076,0,3.0,0,0,0,0,1,0,0,0,1,1,1,0
data_018,0,0.829124391078949,0.829124391078949,0,2.0,0,0,0,0,0,0,0,0,0,0,0,0
data_018,0,0.7373526692390442,0.7032685279846191,0,2.0,0,0,0,0,0,0,0,0,0,0,0,0
data_018,1,0.8305360078811646,,1,0.0,1,1,1,1,1,1,1,1,1,1,1,1
data_018,0,0.7223638892173767,,1,0.0,0,0,0,0,0,0,0,0,0,0,0,0
data_018,1,0.7650070190429688,0.7502609491348267,0,1.0,1,1,1,1,1,1,1,1,1,1,1,1
data_018,1,0.8520485162734985,0.6015397310256958,0,2.0,1,1,1,1,1,1,1,1,1,1,1,1
data_018,0,0.8518881797790527,0.8518881797790527,0,2.0,0,0,0,0,0,0,0,0,0,0,0,0
data_018,0,0.7903512120246887,0.622296929359436,0,1.0,0,0,0,0,1,0,1,0,1,1,1,0
data_019,0,0.9189541935920716,,1,0.0,0,0,0,0,0,0,0,0,0,0,0,0
data_019,0,0.9723777174949646,,1,0.0,0,0,0,0,0,0,0,0,0,0,0,0
data_019,0,0.8289976716041565,,1,0.0,0,0,0,0,0,0,0,0,0,1,0,0
data_019,0,0.812417209148407,0.812417209148407,0,3.0,0,0,0,0,0,0,0,0,0,0,0,0
data_019,0,0.7718279957771301,0.7718279957771301,0,3.0,0,0,0,0,0,1,0,0,1,1,1,0
data_019,0,0.8530908226966858,0.8530908226966858,0,3.0,0,0,0,0,0,0,0,0,1,0,0,0
data_019,0,0.8172200322151184,0.6743572950363159,0,3.0,0,0,0,0,0,0,0,0,0,0,0,0
data_019,0,0.654450535774231,0.581592321395874,0,3.0,0,0,0,0,0,0,0,0,0,0,0,0
data_019,0,0.9526857137680054,0.9526857137680054,0,3.0,0,0,0,0,0,0,0,0,0,1,0,0
data_019,0,0.8237360715866089,0.8015664219856262,0,3.0,0,0,0,0,0,0,0,0,0,0,0,0
data_019,0,0.8495746850967407,0.8495746850967407,0,3.0,0,0,0,0,0,0,0,0,0,0,0,0
data_019,0,0.7556848526000977,0.7552121877670288,0,3.0,0,0,0,0,0,0,0,0,1,0,0,0
data_019,0,0.8168703317642212,0.8168703317642212,0,3.0,0,0,0,0,1,1,0,0,1,1,0,0
data_019,0,0.7495559453964233,0.7495559453964233,0,3.0,0,0,0,0,0,0,0,0,1,1,0,0
data_019,0,0.8188059329986572,0.7397140264511108,0,3.0,0,0,0,0,0,0,0,0,1,0,1,0
data_019,0,0.7431120276451111,0.7431120276451111,0,3.0,0,0,0,0,0,0,0,0,0,0,0,0
data_019,0,0.7135979533195496,0.7135979533195496,0,3.0,0,0,0,0,1,1,0,0,1,1,1,0
data_019,0,0.8290358781814575,0.8272402882575989,0,3.0,0,0,0,0,0,0,0,0,1,0,0,0
data_019,0,0.9227578043937684,0.9227578043937684,0,3.0,0,0,0,0,0,0,0,0,0,0,0,0
data_019,0,0.7331109642982483,0.7085846066474915,0,3.0,0,0,0,0,1,0,0,0,1,1,0,0
data_019,0,0.7575461864471436,0.7575461864471436,0,3.0,0,0,0,0,0,0,1,0,0,0,1,0
data_019,0,0.749764621257782,0.7458062767982483,0,3.0,0,0,0,0,0,0,0,0,0,0,0,0
data_019,0,0.7985876202583313,0.7985876202583313,0,3.0,0,0,0,0,0,0,0,0,1,0,0,0
data_019,0,0.8151592016220093,0.8151592016220093,0,3.0,0,0,0,0,1,0,0,0,1,1,0,0
data_019,0,0.7727364897727966,0.6695991158485413,0,3.0,0,0,0,0,0,0,0,0,0,1,0,0
data_019,0,0.7040117383003235,0.702101469039917,0,3.0,0,0,0,0,0,0,0,0,1,1,0,0
data_019,0,0.7299542427062988,0.71002197265625,0,3.0,0,0,0,0,0,0,0,0,1,0,1,0
data_019,0,0.7431176900863647,0.7350885272026062,0,3.0,0,0,0,0,0,0,0,0,0,0,0,0
data_019,0,0.8101106286048889,0.8101106286048889,0,3.0,0,0,0,0,1,0,0,0,1,0,0,0
data_019,0,0.7075660228729248,0.6516499519348145,0,3.0,0,0,0,0,0,0,0,0,0,0,0,0
data_020,0,0.69066321849823,,1,0.0,0,1,1,1,0,1,1,1,1,1,1,1
data_020,0,0.8064028024673462,,1,0.0,0,0,0,0,0,0,0,0,0,0,0,0
data_020,0,0.8262556791305542,,1,0.0,0,0,0,0,0,0,0,0,0,0,0,0
data_020,0,0.8733915090560913,,1,0.0,0,0,0,0,1,0,0,0,1,1,1,0
data_020,0,0.9358339309692384,0.9358339309692384,0,5.0,0,0,0,0,0,0,0,0,0,0,0,0
data_020,0,0.8184723258018494,0.8011636734008789,0,5.0,0,0,0,0,0,0,0,0,0,0,0,0
data_020,0,0.8879431486129761,0.8879431486129761,0,5.0,0,0,0,0,0,0,0,0,0,0,0,0
data_020,0,0.8692986369132996,0.8692986369132996,0,5.0,0,0,0,0,0,0,0,0,1,0,0,0
data_020,1,0.864733874797821,0.864733874797821,0,5.0,0,0,0,0,0,0,0,0,0,0,0,0
data_020,0,0.8821351528167725,0.8821351528167725,0,5.0,0,0,0,0,0,0,0,0,0,0,0,0
data_020,0,0.765202522277832,0.765202522277832,0,5.0,0,0,0,0,0,0,0,0,0,0,0,0
data_020,0,0.9228363037109376,0.7561134696006775,0,5.0,0,0,0,0,0,0,0,0,0,0,0,0
data_020,0,0.8714750409126282,0.8714750409126282,0,5.0,0,0,0,0,0,0,0,0,0,0,0,0
data_020,0,0.7862296104431152,0.7862296104431152,0,5.0,0,0,0,0,0,0,0,0,1,1,0,0
data_020,0,0.8997161388397217,0.8997161388397217,0,4.0,0,0,0,0,0,0,0,0,1,0,0,0
data_020,0,0.802434504032135,0.8002565503120422,0,4.0,0,0,0,0,0,0,0,0,0,0,0,0
data_020,0,0.8094218969345093,0.8094218969345093,0,4.0,0,0,0,0,0,0,0,0,0,0,0,0
data_020,0,0.7936077117919922,0.6411123275756836,0,4.0,0,0,0,0,1,0,0,0,1,0,0,0
data_020,0,0.8368507623672485,0.8368507623672485,0,4.0,0,0,0,0,0,0,0,0,0,0,0,0
data_020,0,0.8284724950790405,0.8284724950790405,0,4.0,0,0,0,0,0,0,0,0,0,0,0,0
data_020,0,0.9083936810493468,0.9083936810493468,0,4.0,0,0,0,0,0,0,0,0,0,0,0,0
data_020,0,0.810489296913147,0.5957732200622559,0,4.0,0,0,0,0,1,0,1,0,1,1,1,0
data_020,0,0.90590900182724,0.90590900182724,0,4.0,0,0,0,0,0,0,0,0,0,0,0,0
data_020,0,0.7927201390266418,0.7927201390266418,0,4.0,0,0,0,0,0,0,0,0,0,0,0,0
data_020,0,0.7891547679901123,0.7891547679901123,0,4.0,0,0,0,0,0,0,0,0,0,0,0,0
data_020,0,0.8392957448959351,0.8392957448959351,0,4.0,0,0,0,0,0,0,0,0,0,0,0,0
data_020,0,0.856239378452301,0.7850848436355591,0,4.0,0,0,0,0,1,1,1,1,1,1,1,0
data_020,0,0.7414306998252869,0.6908610463142395,0,4.0,0,0,0,0,1,0,0,0,1,0,1,0
data_020,0,0.8272879719734192,0.8272879719734192,0,4.0,0,0,0,0,1,0,1,0,1,0,1,0
data_020,0,0.7497308254241943,0.7497308254241943,0,4.0,0,0,0,0,0,0,0,0,1,1,0,0
data_020,0,0.8883073925971985,0.8883073925971985,0,5.0,0,0,0,0,0,0,0,0,0,0,0,0
data_020,0,0.6929132342338562,0.6929132342338562,0,5.0,0,0,0,0,0,0,0,0,0,0,0,0
data_020,0,0.7894304990768433,0.6521008014678955,0,5.0,0,0,0,0,0,0,0,0,0,0,0,0
data_020,0,0.844336211681366,0.844336211681366,0,5.0,0,0,0,0,0,0,0,0,1,1,0,0
data_020,0,0.8959222435951233,0.8959222435951233,0,5.0,0,0,0,0,0,0,0,0,0,0,0,0
data_020,0,0.7428580522537231,0.7428580522537231,0,3.0,0,0,0,0,1,0,0,0,1,1,0,0
data_020,0,0.7069099545478821,0.6148667335510254,0,3.0,0,0,0,0,0,0,0,0,1,0,0,0
data_020,0,0.6764338612556458,0.664635419845581,0,3.0,0,0,0,0,0,1,0,0,1,1,1,0
data_020,0,0.8604943156242371,0.8604943156242371,0,3.0,0,0,0,0,0,0,0,0,1,0,0,0
data_020,0,0.862176239490509,0.7864829301834106,0,3.0,0,0,0,0,0,0,0,0,0,0,0,0
data_020,0,0.8200024366378784,0.7435657978057861,0,3.0,0,0,0,0,0,0,0,0,1,0,0,0
data_021,0,0.8045280575752258,,1,0.0,0,0,0,0,0,0,0,0,1,1,0,0
data_021,1,0.8116577863693237,,1,0.0,1,0,0,0,1,1,0,1,1,1,1,0
data_021,0,0.7848877310752869,0.7848877310752869,0,3.0,0,0,0,0,1,0,0,0,1,0,0,0
data_021,0,0.8541336059570312,0.8541336059570312,0,3.0,0,0,0,0,0,0,0,0,0,0,0,0
data_021,0,0.8009338974952698,0.8009338974952698,0,3.0,0,0,0,0,0,0,0,0,0,0,0,0
data_021,0,0.8116002678871155,0.8116002678871155,0,3.0,0,0,0,0,1,1,0,0,1,1,1,1
data_021,0,0.7413986921310425,0.7413986921310425,0,3.0,0,0,0,0,0,0,0,0,0,0,0,0
data_021,0,0.747855007648468,0.747855007648468,0,3.0,0,0,0,0,0,0,0,0,0,0,0,0
data_021,0,0.7360047698020935,0.6883816719055176,0,3.0,0,0,0,0,0,0,0,0,1,1,0,0
data_021,0,0.7201604247093201,0.7201604247093201,0,3.0,0,0,0,0,0,0,0,0,0,0,0,0
data_021,0,0.8010537028312683,0.8010537028312683,0,3.0,0,0,0,0,0,0,0,0,0,0,0,0
data_021,0,0.7422786355018616,0.7422786355018616,0,3.0,0,0,0,0,0,0,0,0,0,0,0,0
data_021,0,0.811410129070282,0.7026642560958862,0,3.0,0,0,1,1,1,1,1,1,1,1,1,1
data_021,1,0.6098818182945251,0.5535761713981628,0,3.0,1,1,1,1,1,1,1,1,1,1,1,1
data_021,0,0.7613908052444458,0.6699243187904358,0,3.0,1,1,0,0,1,1,1,0,1,1,1,0
data_021,0,0.6728453040122986,0.5152451992034912,0,3.0,0,0,0,0,0,0,0,0,1,0,0,0
data_021,0,0.7517004013061523,0.7421066164970398,0,3.0,0,0,0,0,0,0,0,0,0,0,0,0
data_021,0,0.7804116010665894,0.6796369552612305,0,3.0,0,0,0,0,1,0,0,0,1,0,0,0
data_021,0,0.6330177187919617,0.6092910170555115,0,3.0,0,0,0,0,0,0,0,0,0,0,0,0
data_021,0,0.7162351608276367,0.5884822010993958,0,3.0,0,0,0,0,0,0,0,0,0,0,0,0
data_021,0,0.7367237210273743,0.6992944478988647,0,2.0,0,0,0,0,1,1,0,0,1,1,1,0
data_021,0,0.8246023058891296,0.7373173236846924,0,2.0,0,0,0,0,1,0,0,0,1,1,0,0
data_022,0,0.8440809845924377,,1,0.0,0,1,0,0,0,0,0,0,1,1,0,0
data_022,0,0.7491381168365479,,1,0.0,0,0,0,0,1,0,1,0,1,1,1,0
data_022,0,0.673251211643219,,1,0.0,0,0,0,0,0,0,0,0,1,0,0,0
data_022,0,0.8100467920303345,0.6832339763641357,0,3.0,0,0,0,0,0,0,0,0,1,0,0,0
data_022,1,0.6019585132598877,0.6019585132598877,0,3.0,1,0,0,0,1,1,0,0,1,1,1,0
data_022,1,0.6721863746643066,0.5183867812156677,0,3.0,0,0,0,0,0,0,0,0,0,1,0,0
data_022,0,0.8634774088859558,0.8634774088859558,0,3.0,0,0,0,0,0,0,0,0,1,1,1,0
data_022,0,0.7460603713989258,0.7460603713989258,0,3.0,0,1,0,0,0,1,0,0,1,1,0,0
data_022,0,0.7142786979675293,0.7142786979675293,0,3.0,0,0,0,0,0,0,0,0,0,0,0,0
data_022,0,0.7800652980804443,0.7592363953590393,0,3.0,0,0,0,0,0,0,0,0,0,0,0,0
data_022,1,0.5998820662498474,0.5998820662498474,0,3.0,1,0,0,0,1,0,0,0,1,1,1,0
data_022,1,0.7076549530029297,0.6238051056861877,0,3.0,1,1,0,0,1,1,0,0,1,1,1,0
data_022,1,0.7591766119003296,0.7591766119003296,0,3.0,1,1,1,0,1,1,1,1,1,1,1,1
data_022,0,0.6923883557319641,0.6136523485183716,0,3.0,0,0,0,0,0,0,0,0,1,1,0,0
data_022,0,0.5880128145217896,0.5880128145217896,0,3.0,0,0,0,0,0,0,0,0,0,0,0,0
data_022,0,0.8358960151672363,0.7072975635528564,0,3.0,0,0,0,0,0,0,0,0,1,1,0,0
data_022,0,0.6412041783332825,0.6412041783332825,0,3.0,0,0,0,0,1,0,0,0,1,1,1,0
data_022,0,0.6153568625450134,0.6153568625450134,0,3.0,0,0,0,0,0,1,0,0,1,1,0,0
data_023,0,0.8401856422424316,,1,0.0,0,0,0,0,0,0,0,0,0,0,0,0
data_023,0,0.6764858365058899,,1,0.0,0,0,0,0,0,0,0,0,0,0,0,0
data_023,0,0.873670756816864,0.8032189607620239,0,3.0,0,0,0,0,0,0,0,0,0,0,0,0
data_023,0,0.837078332901001,0.805478572845459,0,3.0,0,0,0,0,0,0,0,0,0,0,0,0
data_023,1,0.8525025248527527,0.7513988614082336,0,3.0,1,0,0,0,0,0,0,1,1,0,0,1
data_023,0,0.8574962019920349,0.8574962019920349,0,3.0,0,0,0,0,0,0,0,0,0,0,0,0
data_023,0,0.8453750014305115,0.7145852446556091,0,3.0,0,0,0,0,0,0,0,0,0,0,0,0
data_023,0,0.8151515126228333,0.8151515126228333,0,3.0,0,0,0,0,0,0,0,0,0,0,0,0
data_023,0,0.7947531938552856,0.7947531938552856,0,2.0,0,0,0,0,0,0,0,0,1,0,0,0
data_023,0,0.8124958872795105,0.8124958872795105,0,2.0,0,0,0,0,0,0,0,0,0,0,0,0
data_023,0,0.8483630418777466,0.8003652095794678,0,2.0,0,0,0,0,0,1,0,0,1,1,0,0
data_023,0,0.8280990123748779,0.8280990123748779,0,2.0,0,0,0,0,0,0,0,0,1,1,0,0
data_023,0,0.8237771987915039,0.7285128831863403,0,2.0,0,0,0,0,0,0,0,0,1,0,0,0
data_023,1,0.6534338593482971,0.6196578741073608,0,2.0,1,1,1,1,1,1,1,1,1,1,1,1
data_023,1,0.7918307185173035,0.7695263028144836,0,2.0,1,1,1,0,1,1,0,1,1,1,1,1
data_023,0,0.8175190687179565,0.7844296097755432,0,2.0,0,0,0,0,0,1,0,1,1,1,1,1
data_024,0,0.8410479426383972,,1,0.0,0,0,0,0,0,0,0,0,0,0,0,0
data_024,0,0.7968054413795471,,1,0.0,0,0,0,0,0,0,0,0,0,0,0,0
data_024,0,0.8823548555374146,0.8823548555374146,0,2.0,0,0,0,0,0,0,0,0,0,0,0,0
data_024,0,0.7703202366828918,0.6580109000205994,0,2.0,0,0,0,0,0,0,0,0,1,0,0,0
data_024,0,0.8315768241882324,0.8133669495582581,0,2.0,0,0,0,0,1,1,0,0,1,1,0,0
data_024,1,0.6736810803413391,0.5953620672225952,0,2.0,1,0,0,1,1,1,1,1,1,1,1,1
data_024,0,0.7622435092926025,0.7622435092926025,0,2.0,0,0,0,0,0,0,0,0,0,0,0,0
data_024,0,0.6536846160888672,0.6363462805747986,0,2.0,0,0,0,0,0,0,0,0,1,1,0,0
data_024,1,0.6972893476486206,0.4689815938472748,0,2.0,1,1,1,1,1,1,1,1,1,1,1,1
data_024,0,0.7713145017623901,0.7713145017623901,0,2.0,0,0,0,0,0,0,0,0,0,0,0,0
data_024,0,0.7528665065765381,0.6999870538711548,0,2.0,0,0,0,0,0,0,0,0,0,0,0,0
data_024,0,0.9371373653411864,0.792729914188385,0,2.0,0,0,0,0,0,0,0,0,0,1,0,0
data_024,0,0.8846200108528137,0.7565165758132935,0,2.0,0,0,0,0,0,0,0,0,0,0,0,0
data_024,1,0.7638793587684631,0.6626947522163391,0,2.0,0,0,0,0,0,0,0,0,1,1,0,0
data_025,0,0.899050772190094,0.4394244253635406,0,3.0,0,0,0,0,0,0,0,0,0,0,0,0
data_025,0,0.7832363247871399,0.4589737355709076,0,3.0,0,0,0,0,0,0,0,0,0,0,0,0
data_025,0,0.7723662853240967,0.5022000670433044,0,3.0,0,0,0,0,0,0,0,0,0,0,0,0
data_025,0,0.6890288591384888,0.5791444778442383,0,2.0,0,0,0,0,0,0,0,0,0,0,0,0
data_025,1,0.6853781342506409,0.4644365608692169,0,2.0,0,0,0,0,1,0,1,0,1,1,1,0
data_025,0,0.7308446764945984,0.7308446764945984,0,3.0,0,0,0,0,0,0,0,0,0,0,0,0
data_025,0,0.7218300700187683,0.7218300700187683,0,3.0,0,0,0,0,0,0,0,0,0,0,0,0
data_025,0,0.7403653264045715,0.7403653264045715,0,3.0,0,0,0,0,0,0,0,0,0,0,0,0
data_025,0,0.6967530250549316,0.6412205100059509,0,2.0,0,0,0,0,0,0,0,0,0,1,0,0
data_025,0,0.6126724481582642,0.522616982460022,0,2.0,1,1,1,1,1,1,1,1,1,1,1,1
data_025,0,0.8526157140731812,0.6943249702453613,0,2.0,0,0,0,0,0,0,0,0,0,0,0,0
data_025,0,0.6584351658821106,0.460735559463501,0,2.0,0,1,1,1,1,1,0,1,1,1,1,1
data_025,0,0.7141258120536804,0.6704009771347046,0,2.0,0,0,0,0,1,0,0,0,0,0,0,0
data_025,1,0.6245829463005066,0.5764004588127136,0,2.0,1,1,1,1,1,1,1,1,1,1,1,1
data_025,0,0.8308092951774597,0.8308092951774597,0,2.0,0,0,0,0,0,0,0,0,0,0,0,0
data_025,0,0.635823130607605,0.635823130607605,0,2.0,0,0,0,0,0,0,0,0,0,0,0,0
data_025,0,0.7417598962783813,,1,0.0,0,0,0,0,0,0,0,0,0,0,0,0
data_025,0,0.6910544633865356,,1,0.0,0,0,0,0,0,0,0,0,1,1,0,1
data_026,1,0.755556046962738,,1,0.0,1,1,1,1,1,1,1,1,1,1,1,1
data_026,1,0.7607057690620422,,1,0.0,0,1,1,1,1,1,1,1,1,1,1,1
data_026,0,0.742358922958374,,1,0.0,0,0,0,0,1,0,0,0,0,0,0,0
data_026,0,0.683534562587738,,1,0.0,0,0,0,0,0,0,0,0,1,1,0,0
data_026,1,0.8345606923103333,,1,0.0,1,1,0,0,1,1,1,1,1,1,1,1
data_026,0,0.8322526812553406,0.8322526812553406,0,5.0,0,0,0,0,0,0,0,0,0,0,0,0
data_026,0,0.8182368278503418,0.747013509273529,0,5.0,0,0,0,0,0,0,0,0,0,0,0,0
data_026,0,0.962691605091095,0.962691605091095,0,5.0,0,0,0,0,0,0,0,0,0,0,0,0
data_026,0,0.7773686051368713,0.7738824486732483,0,5.0,0,0,0,0,0,0,0,0,0,0,0,0
data_026,0,0.9632323384284972,0.9632323384284972,0,5.0,0,0,0,0,0,0,0,0,0,0,0,0
data_026,0,0.7329054474830627,0.7329054474830627,0,5.0,0,0,0,0,0,0,0,0,1,0,0,0
data_026,0,0.8712608814239502,0.8712608814239502,0,5.0,0,0,0,0,0,0,0,0,1,0,0,0
data_026,0,0.8943774700164795,0.8943774700164795,0,5.0,0,0,0,0,0,0,0,0,0,0,0,0
data_026,0,0.8912116289138794,0.8912116289138794,0,5.0,0,0,0,0,0,1,0,0,0,1,0,0
data_026,0,0.913893461227417,0.913893461227417,0,5.0,0,0,0,0,0,0,0,0,0,0,0,0
data_026,0,0.8627740144729614,0.8627740144729614,0,3.0,0,0,0,0,0,0,0,0,0,0,0,0
data_026,0,0.9148156046867372,0.9148156046867372,0,3.0,0,0,0,0,0,0,0,0,0,0,0,0
data_026,1,0.8392651081085205,0.6906797289848328,0,3.0,0,0,0,0,1,1,0,1,1,1,1,1
data_026,0,0.7489060759544373,0.6725141406059265,0,3.0,0,0,0,0,0,0,0,0,1,0,0,0
data_026,0,0.7418017983436584,0.6975787281990051,0,3.0,0,0,0,0,0,0,0,0,1,0,1,0
data_026,0,0.7860326766967773,0.7860326766967773,0,3.0,0,0,0,0,0,0,0,0,0,0,0,0
data_026,0,0.7172471880912781,0.7172471880912781,0,4.0,0,0,0,0,0,0,0,0,0,0,0,0
data_026,0,0.6704144477844238,0.6704144477844238,0,4.0,0,0,0,0,0,0,0,0,1,0,0,0
data_026,0,0.7914294600486755,0.6415314078330994,0,4.0,0,0,0,0,1,0,0,0,1,1,1,0
data_026,0,0.8543083071708679,0.8077461123466492,0,4.0,0,0,0,0,0,0,1,0,1,1,1,0
data_026,0,0.8022119998931885,0.8022119998931885,0,4.0,0,0,0,0,0,0,0,0,1,0,0,0
data_026,0,0.86501145362854,0.86501145362854,0,4.0,0,0,0,0,0,0,0,0,0,0,0,0
data_026,0,0.8039429187774658,0.8039429187774658,0,4.0,0,0,0,0,0,0,0,0,0,0,0,0
data_026,0,0.7685792446136475,0.7685792446136475,0,4.0,0,0,0,0,0,0,0,0,1,1,0,0
data_026,1,0.7752847075462341,0.7384240627288818,0,4.0,1,0,0,1,1,1,1,1,1,1,1,1
data_026,0,0.6837992668151855,0.6654617190361023,0,4.0,0,0,0,0,0,0,0,0,1,0,0,0
data_026,0,0.8898937702178955,0.8898937702178955,0,4.0,0,0,0,0,0,0,0,0,0,0,0,0
data_026,0,0.7324915528297424,0.7324915528297424,0,4.0,0,0,0,0,0,0,0,0,0,0,0,0
data_027,0,0.8000568747520447,,1,0.0,0,0,0,0,0,0,0,0,0,0,0,0
data_027,0,0.7786058783531189,,1,0.0,0,0,0,0,0,0,0,0,0,0,0,0
data_027,0,0.8735107183456421,,1,0.0,0,0,0,0,0,0,0,0,1,1,1,0
data_027,0,0.8196654319763184,0.8063839077949524,0,3.0,0,0,0,0,0,0,0,0,1,1,0,0
data_027,1,0.7875768542289734,0.7492661476135254,0,3.0,0,0,0,0,0,0,0,0,1,0,0,0
data_027,1,0.7798653244972229,0.6874246001243591,0,3.0,0,0,0,0,1,1,1,0,1,1,1,0
data_027,0,0.8443284630775452,0.8443284630775452,0,3.0,0,0,0,0,0,0,0,0,0,0,0,0
data_027,1,0.5740283131599426,0.5740283131599426,0,3.0,0,1,0,0,1,1,1,0,1,1,0,1
data_027,0,0.766831636428833,0.71982342004776,0,3.0,0,0,0,0,0,0,0,0,1,1,1,0
data_027,0,0.75215744972229,0.75215744972229,0,3.0,0,0,0,0,0,0,0,0,1,0,0,0
data_027,0,0.8216492533683777,0.738481342792511,0,3.0,0,0,0,0,0,0,0,0,1,0,0,0
data_027,0,0.7345787882804871,0.6488732695579529,0,3.0,0,0,0,0,0,1,0,0,1,1,1,0
data_027,0,0.7058950662612915,0.6592584252357483,0,3.0,0,0,0,0,0,0,0,0,1,1,0,0
data_027,1,0.746240496635437,0.6604433059692383,0,3.0,0,1,1,0,1,1,0,0,1,1,1,1
data_027,0,0.7450230717658997,0.686928391456604,0,3.0,0,0,0,0,1,1,0,0,1,1,1,0
data_028,0,0.8743256330490112,,1,0.0,0,0,0,0,0,0,0,0,0,0,0,0
data_028,0,0.814596951007843,,1,0.0,0,1,0,0,1,0,0,0,1,1,0,0
data_028,0,0.8204374313354492,,1,0.0,0,0,0,0,0,0,0,0,0,0,0,0
data_028,0,0.9748753309249878,,1,0.0,0,0,0,0,1,0,0,0,1,0,1,0
data_028,0,0.7511197924613953,,1,0.0,0,0,0,0,0,0,0,0,0,0,0,0
data_028,0,0.7803593873977661,0.7803593873977661,0,3.0,0,0,0,0,0,0,0,0,0,0,0,0
data_028,0,0.7851385474205017,0.7851385474205017,0,3.0,0,0,0,0,0,0,0,0,0,0,0,0
data_028,0,0.7848096489906311,0.7848096489906311,0,3.0,0,0,0,0,0,0,0,0,0,0,0,0
data_028,0,0.6398941874504089,0.5527798533439636,0,4.0,0,0,0,0,0,0,0,0,1,1,0,0
data_028,0,0.9619433283805848,0.9619433283805848,0,4.0,0,0,0,0,0,0,0,0,0,0,0,0
data_028,0,0.9792991280555724,0.9792991280555724,0,4.0,0,0,0,0,0,0,0,0,0,0,0,0
data_028,0,0.8703138828277588,0.8703138828277588,0,4.0,0,0,0,0,0,0,0,0,0,0,0,0
data_028,0,0.8598313331604004,0.8434517979621887,0,5.0,0,0,0,0,0,0,0,0,0,0,0,0
data_028,0,0.8436089754104614,0.8436089754104614,0,5.0,0,0,0,0,0,0,0,0,0,0,0,0
data_028,0,0.7462922930717468,0.7462922930717468,0,5.0,0,0,0,0,0,0,0,0,0,0,0,0
data_028,0,0.8986706733703613,0.8986706733703613,0,5.0,0,0,0,0,0,0,0,0,0,1,1,0
data_028,0,0.7867811322212219,0.5017792582511902,0,5.0,0,0,0,0,0,0,0,0,1,0,0,0
data_028,0,0.9433099627494812,0.9433099627494812,0,5.0,0,0,0,0,0,0,0,0,0,0,0,0
data_028,0,0.8583310842514038,0.8525775074958801,0,5.0,0,0,0,0,0,0,0,0,0,1,0,0
data_028,0,0.6490383744239807,0.6490383744239807,0,5.0,0,0,0,0,0,0,0,0,0,1,0,0
data_028,0,0.5523802042007446,0.5523802042007446,0,5.0,0,0,0,0,0,0,0,0,0,0,0,0
data_028,1,0.6215815544128418,0.4819585978984833,0,5.0,1,1,1,0,1,1,1,0,1,1,1,1
data_028,0,0.7540295124053955,0.7508615851402283,0,4.0,0,0,0,0,0,0,0,0,1,0,0,0
data_028,0,0.8303765654563904,0.8303765654563904,0,4.0,0,0,0,0,0,0,0,0,0,0,0,0
data_028,0,0.7277742624282837,0.7091062664985657,0,4.0,0,0,0,0,0,0,0,0,0,0,0,0
data_028,0,0.7873530387878418,0.7873530387878418,0,4.0,0,0,0,0,0,0,0,0,1,1,0,0
data_028,0,0.9425773620605468,0.9425773620605468,0,4.0,0,0,0,0,0,0,0,0,0,0,0,0
data_028,0,0.8672724366188049,0.8567550778388977,0,4.0,0,1,1,0,0,1,1,0,1,1,1,0
data_028,0,0.6709959506988525,0.514132559299469,0,4.0,0,0,0,0,0,0,0,0,0,0,0,0
data_028,0,0.6706106066703796,0.5121400356292725,0,4.0,0,0,0,0,0,0,0,0,1,0,0,0
data_029,0,0.9237319827079772,,1,0.0,0,0,0,0,0,0,0,0,0,0,0,0
data_029,1,0.529239296913147,,1,0.0,1,1,0,0,0,1,0,0,1,1,0,0
data_029,0,0.6260831952095032,,1,0.0,0,0,0,0,0,0,0,0,0,0,0,0
data_029,0,0.6742205619812012,,1,0.0,0,0,0,0,0,0,0,0,1,1,0,0
data_029,0,0.7674717307090759,,1,0.0,0,0,0,0,0,0,0,0,0,0,0,0
data_029,0,0.8206386566162109,,1,0.0,0,0,0,0,0,0,0,0,0,1,0,0
data_029,0,0.7896948456764221,0.6696859002113342,0,3.0,0,0,0,0,0,0,0,0,0,0,0,0
data_029,0,0.8036003708839417,0.5986347198486328,0,3.0,0,0,0,0,0,0,0,0,0,0,0,0
data_029,0,0.7362035512924194,0.7362035512924194,0,3.0,0,0,0,0,0,1,0,0,1,1,0,0
data_029,0,0.8427659869194031,0.6723244190216064,0,3.0,1,1,0,0,1,1,1,1,1,1,1,1
data_029,0,0.8023567795753479,0.7112858295440674,0,3.0,0,1,0,0,1,1,0,0,1,1,1,1
data_029,1,0.7222415208816528,0.5406152009963989,0,3.0,1,1,1,1,1,1,1,1,1,1,1,1
data_029,0,0.7808107137680054,0.7398188710212708,0,3.0,0,0,0,0,0,0,0,0,0,0,0,0
data_029,0,0.6950710415840149,0.615978479385376,0,3.0,0,0,0,0,0,0,0,0,0,0,0,0
data_029,0,0.7663611769676208,0.6025391221046448,0,3.0,0,0,0,0,0,0,0,0,0,0,0,0
data_029,0,0.7528361082077026,0.7528361082077026,0,3.0,0,0,0,0,0,0,0,0,0,0,0,0
data_029,0,0.830365777015686,0.830365777015686,0,3.0,0,0,0,0,0,0,0,0,0,0,0,0
data_029,0,0.7541360855102539,0.7043687701225281,0,3.0,0,0,0,0,0,0,0,0,1,0,0,0
data_029,1,0.6795850992202759,0.6175032258033752,0,3.0,0,0,0,0,1,0,0,0,1,0,1,0
data_029,0,0.7562047839164734,0.7461893558502197,0,3.0,0,0,0,0,0,0,0,0,0,0,0,0
data_029,0,0.8253850340843201,0.8253850340843201,0,3.0,0,0,0,0,0,0,0,0,0,0,0,0
data_030,0,0.7151243686676025,,1,0.0,1,0,1,1,1,1,0,0,1,1,1,0
data_030,0,0.8135637044906616,0.8135637044906616,0,4.0,0,0,0,0,0,1,0,0,0,1,0,0
data_030,0,0.7093614935874939,0.7093614935874939,0,4.0,0,0,0,0,0,0,0,0,0,0,0,0
data_030,0,0.8857852816581726,0.8857852816581726,0,4.0,0,0,0,0,0,0,0,0,0,1,0,0
data_030,1,0.689429759979248,0.689429759979248,0,4.0,0,0,0,0,1,0,0,0,0,1,0,0
data_030,0,0.7765790820121765,0.7765790820121765,0,3.0,0,0,0,0,0,0,0,0,0,0,0,0
data_030,0,0.7706098556518555,0.7706098556518555,0,3.0,0,0,0,0,0,0,0,0,1,0,0,0
data_030,0,0.7547849416732788,0.7547849416732788,0,3.0,0,0,0,0,0,0,0,0,0,0,0,0
data_030,0,0.7021181583404541,0.7021181583404541,0,3.0,0,0,0,0,0,0,0,0,0,0,0,0
data_030,0,0.7511638402938843,0.7511638402938843,0,3.0,0,0,0,0,0,0,0,0,1,0,1,0
data_030,0,0.7714839577674866,0.7714839577674866,0,3.0,0,0,0,0,0,0,0,0,1,1,0,0
data_030,0,0.7877066135406494,0.6588804125785828,0,3.0,0,0,0,0,0,0,0,0,0,0,0,0
data_030,0,0.7924506068229675,0.7213584184646606,0,3.0,0,0,0,0,1,0,0,0,1,0,0,0
data_030,0,0.8699837923049927,0.8699837923049927,0,3.0,0,0,0,0,0,0,0,0,0,0,0,0
data_030,0,0.7134975790977478,0.7134975790977478,0,3.0,0,0,0,0,0,0,0,0,0,0,0,0
data_030,0,0.8830124735832214,0.8830124735832214,0,3.0,0,0,0,0,0,0,0,0,0,0,0,0
data_030,0,0.7556173205375671,0.7554001808166504,0,3.0,0,0,0,0,0,0,0,0,0,0,0,0
data_031,1,0.7792152166366577,,1,0.0,1,1,1,1,1,1,1,1,1,1,1,1
data_031,1,0.9063746333122252,,1,0.0,0,1,1,1,1,1,1,1,1,1,1,1
data_031,1,0.9309285283088684,,1,0.0,1,1,1,1,1,1,1,1,1,1,1,1
data_031,1,0.8900787830352783,,1,0.0,1,1,1,1,1,1,1,1,1,1,1,1
data_031,0,0.7611105442047119,,1,0.0,0,1,0,0,1,1,1,0,1,1,1,0
data_031,1,0.8543370366096497,,1,0.0,1,1,1,1,1,1,1,1,1,1,1,1
data_031,1,0.7591069340705872,,1,0.0,0,0,0,0,1,1,0,1,1,1,1,0
data_031,0,0.6483275890350342,,1,0.0,0,0,0,0,0,0,0,0,1,0,0,0
data_031,0,0.8214373588562012,0.7731189727783203,0,4.0,0,0,0,0,0,0,0,0,0,0,0,0
data_031,0,0.7327092885971069,0.6414950489997864,0,4.0,0,0,0,0,1,1,0,0,1,1,0,1
data_031,0,0.77909255027771,0.7643923759460449,0,4.0,0,0,0,0,0,0,0,0,0,0,0,0
data_031,0,0.7110985517501831,0.7110985517501831,0,4.0,0,0,0,0,0,0,0,0,0,0,0,0
data_031,0,0.8411460518836975,0.8411460518836975,0,4.0,0,0,0,0,0,0,0,0,1,0,0,0
data_031,0,0.8035299181938171,0.8035299181938171,0,4.0,0,0,0,0,0,0,0,0,0,0,0,0
data_031,0,0.7305073142051697,0.7300928235054016,0,4.0,0,0,0,0,0,0,0,0,0,0,0,0
data_031,0,0.7711673974990845,0.7711673974990845,0,4.0,0,0,0,0,0,0,0,0,0,0,0,0
data_031,0,0.7703051567077637,0.7703051567077637,0,4.0,0,0,0,0,0,0,0,0,1,1,0,0
data_031,0,0.6564481258392334,0.6564481258392334,0,4.0,0,0,0,0,0,0,0,0,0,0,0,0
data_031,0,0.8350061774253845,0.7108869552612305,0,4.0,0,0,0,0,0,0,1,0,1,1,1,0
data_031,0,0.7610959410667419,0.6685373783111572,0,4.0,0,0,0,0,0,0,0,0,1,0,0,0
data_031,0,0.8988595604896545,0.8988595604896545,0,4.0,0,0,0,0,0,0,0,0,0,0,0,0
data_031,0,0.7789692878723145,0.7789692878723145,0,4.0,0,0,0,0,0,0,0,0,0,0,0,0
data_031,0,0.803184986114502,0.7944250106811523,0,4.0,0,0,0,0,0,0,0,0,0,0,0,0
data_031,0,0.7820512652397156,0.6710016131401062,0,4.0,1,0,0,0,1,0,0,0,1,1,1,0
data_031,0,0.567736029624939,0.567736029624939,0,4.0,0,0,0,0,0,0,0,0,0,0,0,0
data_031,0,0.8631879687309265,0.7313028573989868,0,4.0,0,0,0,0,1,0,0,0,1,0,0,0
data_031,1,0.8024059534072876,0.5335726737976074,0,4.0,1,1,1,1,1,1,1,1,1,1,1,1
data_031,0,0.7889087200164795,0.4901709258556366,0,4.0,0,1,1,1,1,1,1,1,1,1,1,1
data_032,1,0.8152427077293396,,1,0.0,1,1,1,1,1,1,1,1,1,1,1,1
data_032,1,0.7715569138526917,,1,0.0,1,1,1,1,1,1,1,1,1,1,1,1
data_032,0,0.7674099206924438,,1,0.0,0,0,0,1,1,1,0,1,1,1,0,1
data_032,0,0.7626258134841919,,1,0.0,0,1,0,1,0,1,0,1,1,1,1,1
data_032,1,0.7485317587852478,,1,0.0,1,1,1,1,1,1,1,1,1,1,1,1
data_032,1,0.7672606706619263,,1,0.0,1,1,1,0,1,1,1,1,1,1,1,1
data_032,0,0.8475445508956909,0.8475445508956909,0,3.0,0,0,0,0,0,0,0,0,0,0,0,0
data_032,0,0.7593322992324829,0.7593322992324829,0,3.0,0,0,0,0,0,0,0,0,0,0,0,0
data_032,0,0.86490797996521,0.86490797996521,0,3.0,0,0,0,0,0,0,0,0,0,0,0,0
data_032,0,0.7589669227600098,0.7589669227600098,0,3.0,0,0,0,0,0,0,0,0,0,0,0,0
data_032,1,0.8321378827095032,0.7774670124053955,0,3.0,1,0,0,0,1,1,0,0,1,1,0,0
data_032,0,0.816236674785614,0.816236674785614,0,3.0,0,0,0,0,0,0,0,0,0,0,0,0
data_032,0,0.7291194200515747,0.6932650208473206,0,3.0,0,0,0,0,1,0,0,0,1,0,1,0
data_032,0,0.8205646276473999,0.8205646276473999,0,3.0,0,0,0,0,0,0,0,0,1,0,0,0
data_032,0,0.82787024974823,0.82787024974823,0,3.0,0,1,0,0,1,1,0,1,1,1,1,0
data_032,1,0.8793308734893799,0.8793308734893799,0,3.0,1,1,1,1,1,1,1,1,1,1,1,1
data_032,0,0.7746307253837585,0.7341139912605286,0,3.0,1,0,0,1,1,1,1,1,1,1,1,1
data_032,1,0.8181322813034058,0.7191203832626343,0,3.0,1,1,0,0,1,1,1,1,1,1,1,1
data_033,0,0.8705991506576538,,1,0.0,0,0,0,0,0,0,0,0,1,0,0,0
data_033,0,0.8885923027992249,,1,0.0,0,0,0,0,0,0,0,0,0,0,0,0
data_033,0,0.8476816415786743,,1,0.0,0,0,0,0,0,0,0,0,0,0,0,0
data_033,0,0.7729641199111938,,1,0.0,0,0,0,0,0,0,0,0,0,0,0,0
data_033,0,0.8730823397636414,0.7525911331176758,0,4.0,0,0,0,0,0,0,0,0,0,0,0,0
data_033,0,0.6175403594970703,0.5918450951576233,0,4.0,0,0,0,0,0,0,0,0,0,0,0,0
data_033,0,0.7247112989425659,0.6015525460243225,0,4.0,0,0,0,0,1,0,0,0,1,0,0,0
data_033,0,0.840602457523346,0.840602457523346,0,4.0,0,0,0,0,0,0,0,0,0,0,0,0
data_033,0,0.7211247086524963,0.5244894623756409,0,4.0,0,0,0,0,0,0,0,0,0,0,0,0
data_033,0,0.7927667498588562,0.6834139823913574,0,4.0,0,0,0,0,0,0,0,0,0,0,0,0
data_033,0,0.747129499912262,0.7170009613037109,0,4.0,0,0,0,0,1,1,0,0,1,1,1,0
data_033,1,0.6288508176803589,0.4457476735115051,0,4.0,1,1,1,1,1,1,1,1,1,1,1,1
data_033,0,0.7853007912635803,0.7442929744720459,0,4.0,0,0,0,0,0,0,0,0,0,0,0,0
data_033,0,0.7435951828956604,0.6737159490585327,0,4.0,0,0,0,0,0,0,0,0,1,0,0,0
data_033,0,0.7152658700942993,0.707882285118103,0,4.0,0,0,0,0,0,0,0,0,0,0,0,0
data_033,0,0.555302083492279,0.555302083492279,0,4.0,0,0,0,0,0,0,0,0,1,0,0,0
data_033,0,0.6372962594032288,0.6144673228263855,0,3.0,0,0,0,0,0,0,0,0,1,0,0,0
data_033,0,0.784548282623291,0.7086047530174255,0,3.0,0,0,0,0,0,0,0,0,0,0,0,0
data_033,0,0.7063862085342407,0.6537583470344543,0,3.0,0,0,0,0,1,0,0,0,1,0,0,0
data_033,0,0.7714892625808716,0.7639959454536438,0,3.0,0,0,0,0,1,0,0,0,1,1,0,0
data_033,1,0.8706470131874084,0.681870698928833,0,3.0,0,0,0,0,1,1,1,0,1,1,1,0
data_033,0,0.5448104739189148,0.5184717774391174,0,3.0,0,0,0,0,0,0,0,0,0,1,0,0
data_034,0,0.8472661375999451,,1,0.0,0,0,0,0,0,0,0,0,0,0,0,0
data_034,0,0.9239287972450256,,1,0.0,0,1,0,0,0,0,0,0,0,0,0,0
data_034,0,0.5988014936447144,,1,0.0,0,0,0,0,0,0,0,0,0,0,0,0
data_034,0,0.7146859169006348,0.6795267462730408,0,4.0,0,1,0,0,1,1,0,1,1,1,1,1
data_034,0,0.7883915901184082,0.7883915901184082,0,4.0,0,0,0,0,0,0,0,0,0,0,0,0
data_034,0,0.7090879678726196,0.7090879678726196,0,4.0,0,0,0,0,0,0,0,0,0,0,0,0
data_034,0,0.8112438321113586,0.8112438321113586,0,4.0,0,0,0,0,0,0,0,0,0,0,0,0
data_034,0,0.6877981424331665,0.4936850965023041,0,3.0,0,0,0,0,0,0,0,0,1,1,1,0
data_034,0,0.7809106111526489,0.7809106111526489,0,3.0,0,1,0,0,1,1,1,1,1,1,1,1
data_034,0,0.8155636787414551,0.7212072014808655,0,3.0,0,0,0,0,0,0,0,0,1,0,0,0
data_034,0,0.6932860612869263,0.6355310082435608,0,3.0,0,0,0,0,0,0,0,0,1,0,1,0
data_034,0,0.6324396729469299,0.6324396729469299,0,3.0,0,0,0,0,0,0,0,0,0,0,0,0
data_034,0,0.7653392553329468,0.7653392553329468,0,3.0,0,0,0,0,0,0,0,0,1,1,0,0
data_034,0,0.7463412284851074,0.7463412284851074,0,3.0,0,0,0,0,0,0,0,0,1,0,0,0
data_034,0,0.7469272017478943,0.7469272017478943,0,3.0,0,0,0,0,0,1,0,0,0,1,0,0
data_034,0,0.7635539174079895,0.7635539174079895,0,3.0,0,0,0,0,0,0,0,0,1,0,0,0
data_034,0,0.7112088799476624,,1,0.0,1,1,0,0,0,1,0,0,1,1,0,0
data_034,0,0.6532579660415649,,1,0.0,0,0,0,0,0,0,0,0,0,0,0,0
data_034,0,0.7667470574378967,,1,0.0,0,0,0,0,0,0,0,0,0,0,0,0
data_035,0,0.8761662244796753,0.8436916470527649,0,3.0,0,0,0,0,0,0,0,0,0,0,0,0
data_035,0,0.9002788066864014,0.9002788066864014,0,3.0,0,0,0,0,0,0,0,0,0,0,0,0
data_035,0,0.6542801260948181,0.6542801260948181,0,3.0,0,0,0,0,0,0,0,0,1,0,1,0
data_035,1,0.7118849754333496,,1,0.0,1,1,1,0,0,1,0,0,0,1,0,0
data_035,0,0.8403428792953491,,1,0.0,0,0,0,0,0,0,0,0,0,0,0,0
data_035,0,0.8070752024650574,0.8070752024650574,0,3.0,0,0,0,0,0,1,0,0,0,1,0,0
data_035,0,0.7075079083442688,0.6650345325469971,0,3.0,0,0,0,0,0,0,0,0,1,0,0,0
data_035,0,0.8843712210655212,0.8843712210655212,0,3.0,0,0,0,0,0,0,0,0,0,0,0,0
data_035,1,0.7571747899055481,0.6219205260276794,0,3.0,1,1,0,1,1,1,1,1,1,1,1,1
data_035,1,0.8573127388954163,0.5154240727424622,0,3.0,1,1,1,1,1,1,1,1,1,1,1,1
data_035,0,0.7223040461540222,0.5971410274505615,0,3.0,0,0,0,0,1,1,0,0,1,1,1,0
data_035,0,0.8823532462120056,0.7940210700035095,0,2.0,0,0,0,0,0,0,0,0,0,0,0,0
data_035,0,0.7841274738311768,0.678004801273346,0,2.0,0,0,0,0,0,1,1,0,1,1,1,0
data_035,0,0.8529018759727478,0.8529018759727478,0,2.0,0,0,0,0,0,0,0,0,0,0,0,0
data_035,1,0.8626999258995056,0.645901620388031,0,2.0,1,1,1,1,1,1,1,1,1,1,1,1
data_035,0,0.7890934348106384,0.7890934348106384,0,2.0,0,0,0,0,0,0,0,0,1,0,0,0
data_035,0,0.7749372720718384,0.6700093746185303,0,2.0,0,0,0,0,0,0,0,0,0,0,0,0
data_036,0,0.900523841381073,,1,0.0,0,0,0,0,0,0,0,0,0,0,0,0
data_036,0,0.7860303521156311,,1,0.0,0,0,0,0,0,0,0,0,0,0,0,0
data_036,1,0.8692476153373718,0.4724096357822418,0,4.0,1,1,1,1,1,1,1,1,1,1,1,1
data_036,1,0.9245734810829164,0.278550237417221,0,4.0,1,1,1,1,1,1,1,1,1,1,1,1
data_036,1,0.9030540585517884,0.2648588120937347,0,4.0,1,1,1,1,1,1,1,1,1,1,1,1
data_036,1,0.7604925036430359,0.343836098909378,0,4.0,1,1,1,1,1,1,1,1,1,1,1,1
data_036,0,0.9019742012023926,0.9019742012023926,0,2.0,0,0,0,0,0,0,0,0,0,0,0,0
data_036,0,0.7714444398880005,0.6547976732254028,0,2.0,0,0,0,0,0,0,0,0,0,0,0,0
data_036,0,0.797968327999115,0.7652730345726013,0,2.0,0,0,0,0,0,0,0,0,0,0,0,0
data_036,0,0.8021552562713623,0.8021552562713623,0,2.0,0,0,0,0,1,1,1,0,1,1,1,0
data_036,1,0.9572723507881165,0.6141574382781982,0,2.0,1,1,1,1,1,1,1,1,1,1,1,1
data_036,1,0.7958219647407532,0.4216822385787964,0,2.0,1,1,1,1,1,1,1,1,1,1,1,1
data_036,1,0.955876350402832,0.5849195122718811,0,2.0,1,1,1,1,1,1,1,1,1,1,1,1
data_036,0,0.8348920345306396,0.8348920345306396,0,2.0,1,1,1,1,1,1,1,1,1,1,1,1
data_036,1,0.8491469025611877,0.8491469025611877,0,2.0,1,1,1,1,1,1,1,1,1,1,1,1
data_036,0,0.7587565183639526,0.7587565183639526,0,2.0,0,0,0,0,0,0,0,0,0,0,0,0
data_037,0,0.970494031906128,,1,0.0,0,0,0,0,0,0,0,0,0,0,0,0
data_037,0,0.9683456420898438,,1,0.0,0,0,0,0,0,0,0,0,0,0,0,0
data_037,0,0.8951305150985718,,1,0.0,0,0,0,0,0,0,0,0,0,0,0,0
data_037,0,0.8051416277885437,0.8051416277885437,0,5.0,0,0,0,0,0,0,0,0,0,0,0,0
data_037,0,0.8515089154243469,0.8515089154243469,0,5.0,0,0,0,0,0,0,0,0,0,0,0,0
data_037,0,0.8626749515533447,0.8626749515533447,0,5.0,0,0,0,0,0,0,0,0,0,0,0,0
data_037,0,0.7349811792373657,0.7349811792373657,0,5.0,0,0,0,0,1,1,0,0,1,1,0,0
data_037,0,0.7693766355514526,0.7693766355514526,0,5.0,0,0,0,0,0,0,0,0,1,1,0,0
data_037,0,0.8999392986297607,0.8999392986297607,0,4.0,0,0,0,0,0,0,0,0,0,0,0,0
data_037,0,0.9355579614639282,0.9355579614639282,0,4.0,0,0,0,0,0,0,0,0,0,1,0,0
data_037,0,0.72156822681427,0.72156822681427,0,4.0,0,0,0,0,0,0,0,0,1,0,0,0
data_037,0,0.947844624519348,0.7815794348716736,0,4.0,0,0,0,0,1,0,0,0,1,0,1,0
data_037,1,0.7018576264381409,0.696941614151001,0,2.0,1,0,0,0,1,1,0,0,1,1,1,0
data_037,0,0.916500210762024,0.7698563933372498,0,2.0,0,0,0,0,1,1,0,0,1,1,0,0
data_037,0,0.7676310539245605,0.7495656609535217,0,3.0,0,0,0,0,0,0,0,0,1,0,0,0
data_037,0,0.7221768498420715,0.6258854866027832,0,3.0,0,0,0,0,0,0,0,0,1,0,0,0
data_037,0,0.736739993095398,0.7207180261611938,0,3.0,0,0,0,0,0,0,0,0,1,0,1,0
data_038,0,0.9033697247505188,,1,0.0,0,0,0,0,0,0,0,0,0,0,0,0
data_038,0,0.8839303851127625,,1,0.0,0,0,0,0,0,0,0,0,0,0,0,0
data_038,0,0.7296545505523682,0.3009122312068939,0,2.0,0,1,0,0,1,1,1,0,1,1,1,0
data_038,1,0.7271546721458435,0.3161866068840027,0,2.0,1,1,1,1,1,1,1,1,1,1,1,1
data_038,0,0.8714843988418579,0.8714843988418579,0,2.0,0,0,0,0,0,0,0,0,0,0,0,0
data_038,0,0.8231219053268433,0.8231219053268433,0,2.0,0,0,0,0,0,0,0,0,0,0,0,0
data_038,0,0.7460426092147827,0.7460426092147827,0,2.0,0,0,0,0,0,0,0,0,0,0,0,0
data_038,0,0.822068452835083,0.822068452835083,0,2.0,0,0,0,0,0,0,0,0,1,0,0,0
data_038,0,0.770265519618988,0.6668652296066284,0,2.0,0,0,0,0,0,0,0,0,1,0,0,1
data_038,0,0.784131646156311,0.784131646156311,0,2.0,0,0,0,0,0,0,0,0,1,1,1,0
data_038,0,0.8129282593727112,0.8129282593727112,0,2.0,0,0,0,0,0,0,0,0,0,1,0,0
data_038,0,0.7172924876213074,0.6036909818649292,0,2.0,0,0,0,0,1,1,0,0,1,1,1,0
data_038,0,0.6943415403366089,0.6720111966133118,0,2.0,0,0,0,0,0,0,0,0,1,0,0,0
data_038,0,0.8609344959259033,0.7622562646865845,0,2.0,0,0,0,0,0,0,0,0,1,1,1,0
data_038,0,0.741754412651062,0.6372265219688416,0,2.0,0,0,0,0,0,0,0,0,0,0,1,0
data_038,0,0.869121789932251,0.5804039835929871,0,2.0,0,0,0,1,1,1,1,0,1,1,1,1
data_039,0,0.7883979082107544,,1,0.0,0,0,0,1,0,0,0,0,1,0,0,0
data_039,0,0.8005019426345825,0.7288453578948975,0,3.0,0,0,0,0,0,0,0,0,0,0,0,0
data_039,0,0.6914854645729065,0.6652200222015381,0,3.0,0,0,0,0,0,0,0,0,0,0,0,0
data_039,0,0.8022838830947876,0.8022838830947876,0,3.0,0,0,0,0,0,1,0,0,0,0,0,0
data_039,0,0.7197996973991394,0.7197996973991394,0,3.0,0,0,0,0,0,0,0,0,1,0,1,0
data_039,0,0.7182700037956238,0.7182700037956238,0,3.0,0,0,0,0,0,0,0,0,0,0,0,0
data_039,0,0.7266876101493835,0.7266876101493835,0,3.0,0,0,0,0,0,0,0,0,0,0,0,0
data_039,0,0.8951771259307861,0.8951771259307861,0,3.0,0,0,0,0,0,0,0,0,0,0,0,0
data_039,0,0.923053741455078,0.923053741455078,0,3.0,0,0,0,0,0,0,0,0,0,0,0,0
data_039,0,0.701539158821106,0.5907742977142334,0,3.0,0,0,0,0,1,0,0,0,1,0,0,1
data_039,0,0.876645028591156,0.876645028591156,0,3.0,0,0,0,0,1,1,0,0,1,1,0,0
data_039,0,0.6987329721450806,0.6574928760528564,0,3.0,0,0,0,0,0,0,0,0,0,0,0,0
data_039,0,0.7330883741378784,0.7268820405006409,0,3.0,0,1,1,0,1,1,0,0,1,1,0,0
data_039,0,0.8677234053611755,0.8677234053611755,0,4.0,0,0,0,0,0,0,0,0,0,0,0,0
data_039,0,0.7920313477516174,0.7920313477516174,0,4.0,0,0,0,0,0,0,0,0,0,0,0,0
data_039,0,0.8209459781646729,0.8209459781646729,0,4.0,0,0,0,0,0,0,0,0,0,0,0,0
data_039,0,0.6962035894393921,0.6962035894393921,0,4.0,0,0,0,0,0,0,0,0,0,0,0,0
data_040,0,0.8059977889060974,,1,0.0,0,0,0,0,0,0,0,0,0,0,0,0
data_040,0,0.8836567997932434,,1,0.0,0,0,0,0,0,0,0,0,0,0,0,0
data_040,0,0.8188223838806152,0.8188223838806152,0,4.0,0,0,0,0,0,0,0,0,0,0,0,0
data_040,0,0.8464756011962891,0.8351324200630188,0,4.0,0,0,0,0,0,0,0,0,1,0,0,0
data_040,0,0.8798151016235352,0.8798151016235352,0,4.0,0,0,0,0,0,0,0,0,0,0,0,0
data_040,0,0.8253872990608215,0.8253872990608215,0,4.0,0,0,0,0,0,0,0,0,0,0,1,0
data_040,0,0.847393810749054,0.847393810749054,0,3.0,0,0,0,0,0,0,0,0,0,0,0,0
data_040,0,0.8610459566116333,0.7521155476570129,0,3.0,1,1,0,0,1,1,1,0,1,1,1,0
data_040,0,0.8375334739685059,0.8375334739685059,0,3.0,0,0,0,0,0,0,0,0,0,0,0,0
data_040,0,0.9073561429977416,0.7229965925216675,0,3.0,0,0,0,0,0,0,0,0,0,0,0,0
data_040,0,0.8894903063774109,0.8894903063774109,0,3.0,0,0,0,0,0,0,0,0,0,0,0,0
data_040,0,0.9289932250976562,0.9289932250976562,0,3.0,0,0,0,0,0,0,0,0,0,0,0,0
data_040,0,0.7516022324562073,0.7516022324562073,0,2.0,0,0,0,0,1,0,0,0,1,0,0,0
data_040,0,0.8372625708580017,0.8372625708580017,0,2.0,0,0,0,0,0,0,0,0,0,0,0,0
data_040,0,0.823650062084198,0.7238016128540039,0,3.0,0,0,0,0,0,0,0,0,1,0,0,0
data_040,0,0.8056356310844421,0.6932923197746277,0,3.0,0,0,0,0,0,0,0,1,0,0,0,0
data_040,1,0.7785753011703491,0.6569909453392029,0,3.0,1,0,1,0,1,1,0,0,1,1,0,0
data_040,0,0.8097660541534424,0.8097660541534424,0,3.0,0,0,0,0,0,0,0,0,0,0,0,0
data_040,0,0.8532929420471191,0.731009304523468,0,3.0,0,0,0,0,0,0,0,0,0,0,0,0
data_040,0,0.8519013524055481,0.8519013524055481,0,3.0,0,0,0,0,0,0,0,0,0,1,0,0
data_041,0,0.7713175415992737,,1,0.0,0,0,0,0,0,0,0,0,0,0,0,0
data_041,0,0.6619510650634766,,1,0.0,0,0,0,0,0,0,0,0,0,0,0,0
data_041,0,0.902168869972229,,1,0.0,0,0,0,0,0,0,0,0,0,0,0,0
data_041,0,0.8085654973983765,0.8085654973983765,0,3.0,0,0,0,0,0,0,0,0,0,0,0,0
data_041,0,0.9170288443565368,0.9085415601730348,0,3.0,0,0,0,0,1,0,0,0,1,0,0,0
data_041,0,0.8531640768051147,0.8531640768051147,0,3.0,0,0,0,0,0,0,0,0,0,0,0,0
data_041,0,0.9999989867210388,0.9999989867210388,0,3.0,0,0,0,0,0,0,0,0,0,0,0,0
data_041,0,0.830919623374939,0.7809504866600037,0,3.0,0,0,0,0,0,0,0,0,0,0,0,0
data_041,0,0.9158591032028198,0.9158591032028198,0,3.0,0,0,0,0,0,0,0,0,0,0,0,0
data_041,0,0.7144134044647217,0.6602810621261597,0,3.0,0,0,0,0,0,0,0,0,0,0,0,0
data_041,0,0.8575241565704346,0.8575241565704346,0,3.0,0,0,0,0,0,0,0,0,0,0,0,0
data_041,0,0.7813825011253357,0.7636116147041321,0,3.0,0,0,0,0,0,0,0,0,0,1,0,0
data_041,0,0.8435565829277039,0.8435565829277039,0,3.0,0,0,0,0,0,0,0,0,0,0,0,0
data_041,0,0.8205978274345398,0.77538001537323,0,3.0,0,0,0,0,0,0,0,0,0,0,0,0
data_041,0,0.7664470672607422,0.6846907734870911,0,3.0,0,0,0,0,1,1,0,0,1,1,1,1
data_041,0,0.6188641786575317,0.6036896705627441,0,3.0,0,0,0,0,0,0,0,0,0,0,0,0
data_041,0,0.8266401886940002,0.8266401886940002,0,3.0,0,0,0,0,0,0,0,0,0,0,0,0
data_041,0,0.7523372769355774,0.7023844718933105,0,3.0,1,1,0,0,1,1,1,0,1,1,1,0
data_041,0,0.8564889430999756,0.8564889430999756,0,3.0,0,0,0,0,0,0,0,0,0,0,0,0
data_041,0,0.8029807209968567,0.8029807209968567,0,3.0,0,0,0,0,0,0,0,0,0,0,0,0
data_041,0,0.8215000629425049,0.8215000629425049,0,3.0,0,0,0,0,0,0,0,0,0,0,0,0
data_042,0,0.736444354057312,,1,0.0,0,1,0,0,1,1,1,0,1,1,1,0
data_042,0,0.6997389197349548,,1,0.0,0,0,0,0,0,0,0,0,0,0,0,0
data_042,0,0.7893635034561157,0.7893635034561157,0,3.0,0,0,0,0,0,0,0,0,0,0,0,0
data_042,0,0.8472496271133423,0.8472496271133423,0,3.0,0,0,0,0,0,0,0,0,0,0,0,0
data_042,0,0.7162862420082092,0.7162862420082092,0,3.0,0,0,0,0,0,0,0,0,0,0,0,0
data_042,0,0.6599512696266174,0.6246774196624756,0,3.0,0,0,0,0,0,0,0,0,0,0,0,0
data_042,0,0.7305370569229126,0.629927396774292,0,3.0,0,0,0,0,1,0,0,0,1,1,0,0
data_042,0,0.8648033142089844,0.8648033142089844,0,3.0,0,0,0,0,0,0,0,0,0,0,0,0
data_042,0,0.7094069719314575,0.7094069719314575,0,2.0,0,0,0,0,0,1,0,0,1,1,0,0
data_042,0,0.792644739151001,0.792644739151001,0,2.0,0,0,0,0,0,0,0,0,0,0,0,0
data_042,0,0.8296164870262146,0.8296164870262146,0,3.0,0,0,0,0,0,0,0,0,1,1,0,0
data_042,0,0.7582846283912659,0.7419627904891968,0,3.0,0,0,0,0,0,0,0,0,0,0,0,0
data_042,1,0.8010367155075073,0.8010367155075073,0,3.0,1,1,0,0,1,1,1,1,1,1,1,0
data_042,0,0.7022453546524048,0.6621490716934204,0,2.0,0,0,0,0,0,0,0,0,1,0,0,0
data_042,0,0.7408159971237183,0.6576278209686279,0,2.0,0,0,0,0,0,0,0,0,1,0,0,0
data_042,0,0.6298628449440002,0.4855389595031738,0,3.0,0,0,0,0,0,0,0,0,0,1,0,0
data_042,0,0.6236871480941772,0.6236871480941772,0,3.0,0,0,0,0,0,0,0,0,1,0,0,0
data_042,0,0.6928133964538574,0.6928133964538574,0,3.0,0,0,0,0,0,0,0,0,1,0,0,0
data_043,0,0.7640997171401978,,1,0.0,0,0,0,0,0,0,0,0,0,0,0,0
data_043,0,0.729776918888092,,1,0.0,0,0,0,0,0,0,0,0,0,0,0,0
data_043,0,0.8842760920524597,,1,0.0,0,0,0,0,0,0,0,0,0,0,0,0
data_043,1,0.6860952973365784,0.6011209487915039,0,2.0,1,1,1,1,1,1,1,1,1,1,1,1
data_043,0,0.72194904088974,0.5166770815849304,0,2.0,1,0,1,1,1,1,1,1,1,1,1,1
data_043,0,0.6714885234832764,0.4347214102745056,0,2.0,1,1,0,0,1,1,0,0,1,1,0,0
data_043,0,0.72914719581604,0.4959654510021209,0,2.0,0,0,0,0,1,0,0,0,1,1,0,0
data_043,0,0.8065709471702576,0.7426030039787292,0,3.0,0,1,0,1,1,1,1,1,1,1,1,1
data_043,0,0.7448330521583557,0.7448330521583557,0,3.0,0,0,0,0,0,0,0,0,0,0,0,0
data_043,0,0.7537513971328735,0.7411113381385803,0,3.0,0,0,0,0,1,0,0,0,1,0,0,0
data_043,0,0.6493329405784607,0.6178138256072998,0,3.0,0,1,1,0,0,1,1,0,1,1,1,0
data_043,0,0.7226920127868652,0.6611776351928711,0,3.0,0,0,0,0,0,1,0,1,0,1,1,1
data_043,1,0.6530312299728394,0.6530312299728394,0,3.0,0,1,0,0,1,1,1,0,1,1,1,0
data_043,0,0.7764987349510193,0.7764987349510193,0,3.0,0,1,0,0,1,1,1,0,1,1,1,1
data_043,0,0.7931413054466248,0.7931413054466248,0,3.0,0,0,0,0,1,0,0,0,1,0,0,0
data_043,0,0.7339710593223572,0.6712056398391724,0,3.0,0,0,0,0,0,0,0,0,0,0,0,0
data_043,1,0.7034135460853577,0.6217073798179626,0,3.0,0,0,0,0,0,1,1,0,1,1,1,0
data_043,0,0.841308057308197,0.841308057308197,0,3.0,0,0,0,0,0,0,0,0,0,0,0,0
data_043,0,0.7341927289962769,0.6644403338432312,0,3.0,0,0,0,0,1,0,0,0,1,1,0,0
data_044,0,0.8334196209907532,,1,0.0,0,1,1,0,0,1,0,0,1,1,0,0
data_044,0,0.7123985886573792,,1,0.0,0,0,0,0,0,1,0,0,0,1,0,0
data_044,0,0.9430980682373048,0.9430980682373048,0,3.0,0,0,0,0,0,0,0,0,0,0,0,0
data_044,0,0.7710689306259155,0.7349391579627991,0,3.0,0,0,0,0,0,0,0,0,1,0,1,0
data_044,0,0.675463855266571,0.6062857508659363,0,3.0,0,0,0,0,1,1,0,0,1,1,0,0
data_044,1,0.765631377696991,0.7006765007972717,0,4.0,1,1,1,1,1,1,1,1,1,1,1,1
data_044,0,0.730344831943512,0.631147027015686,0,4.0,0,0,0,0,0,0,0,0,0,0,0,0
data_044,0,0.7675206661224365,0.7260745167732239,0,4.0,0,0,0,0,0,0,0,0,0,0,0,0
data_044,0,0.6175973415374756,0.5547184348106384,0,4.0,0,0,0,0,0,0,0,0,0,0,0,0
data_044,0,0.7495851516723633,0.7495851516723633,0,3.0,0,0,0,0,0,0,0,0,0,0,0,0
data_044,0,0.7466456294059753,0.6439655423164368,0,3.0,0,0,0,0,0,0,0,0,1,1,0,0
data_044,0,0.6675763726234436,0.6643824577331543,0,3.0,0,0,0,0,0,1,0,0,1,1,1,0
data_044,1,0.7310287356376648,0.6470969319343567,0,3.0,1,1,1,1,1,1,1,1,1,1,1,1
data_044,0,0.7572650909423828,0.7572650909423828,0,3.0,0,0,0,0,0,0,0,0,0,0,0,0
data_044,0,0.8357168436050415,0.8357168436050415,0,3.0,0,0,0,0,0,0,0,0,1,1,0,0
data_044,0,0.6937532424926758,0.6625145673751831,0,3.0,0,0,0,0,1,1,0,0,1,1,1,0
data_044,0,0.7743926644325256,0.7743926644325256,0,3.0,0,0,0,0,0,0,0,0,0,0,0,0
data_044,0,0.8146349191665649,0.8146349191665649,0,3.0,0,0,0,0,1,1,0,0,1,1,1,0
data_044,0,0.663405179977417,0.6392361521720886,0,3.0,0,0,0,0,0,0,0,0,0,0,0,0
data_044,0,0.7278845310211182,0.7278845310211182,0,3.0,0,0,0,0,0,0,0,0,1,0,0,0
data_044,0,0.7273737788200378,0.666424036026001,0,3.0,0,0,0,0,0,0,0,0,0,1,0,0
data_045,0,0.7512140870094299,0.7512140870094299,0,6.0,0,0,0,0,0,0,0,0,0,0,0,0
data_045,0,0.9843066930770874,0.9843066930770874,0,6.0,0,0,0,0,0,0,0,0,0,0,0,0
data_045,0,0.7863209843635559,0.7863209843635559,0,6.0,0,0,0,0,0,0,0,0,1,0,0,0
data_045,1,0.7729219794273376,0.7729219794273376,0,6.0,0,1,1,0,1,1,1,1,1,1,1,0
data_045,0,0.7403668165206909,0.7403668165206909,0,6.0,0,0,0,0,0,0,0,0,0,0,0,0
data_045,0,0.850171685218811,0.850171685218811,0,6.0,1,1,0,0,1,1,1,1,1,1,1,0
data_045,0,0.7034481167793274,0.5695581436157227,0,4.0,0,0,0,0,0,0,0,0,0,0,0,0
data_045,0,0.708562970161438,0.6723634004592896,0,4.0,0,0,0,0,0,0,0,0,1,1,1,0
data_045,0,0.8840368390083313,0.8840368390083313,0,4.0,0,0,0,0,0,0,0,0,0,0,0,0
data_045,0,0.7037180662155151,0.7037180662155151,0,4.0,0,0,0,0,0,0,0,0,0,0,0,0
data_046,0,0.7429627776145935,0.6383571624755859,0,5.0,0,1,0,0,1,1,0,0,1,1,1,0
data_046,0,0.7395105957984924,0.6243228912353516,0,5.0,0,0,0,0,0,1,0,0,0,0,0,0
data_046,0,0.8583564162254333,0.7677517533302307,0,5.0,0,0,0,0,0,0,0,0,1,1,1,0
data_046,1,0.7583526372909546,0.6335251927375793,0,2.0,1,1,0,1,1,1,1,1,1,1,1,1
data_046,0,0.7972721457481384,0.7528218030929565,0,2.0,0,0,0,0,1,1,0,0,1,1,0,0
data_046,0,0.7379475235939026,0.7379475235939026,0,3.0,0,0,0,0,1,1,0,0,1,1,0,0
data_046,0,0.9615808129310608,0.9615808129310608,0,3.0,0,0,0,0,0,0,0,0,0,0,0,0
data_046,0,0.7798422574996948,0.6919158101081848,0,3.0,0,0,0,0,0,0,0,0,1,0,1,0
data_046,0,0.8129373788833618,0.8129373788833618,0,5.0,0,0,0,0,0,0,0,0,1,0,0,0
data_046,0,0.8344345688819885,0.8344345688819885,0,5.0,0,0,0,0,0,0,0,0,0,0,0,0
data_046,0,0.8260964751243591,0.8260964751243591,0,3.0,0,0,0,0,0,0,0,0,0,0,0,0
data_046,0,0.8416367173194885,0.8416367173194885,0,3.0,0,0,0,0,0,0,0,0,1,1,0,0
data_046,0,0.7892502546310425,0.7892502546310425,0,3.0,0,0,0,0,1,0,0,0,1,1,0,0
data_046,0,0.7296006679534912,0.7296006679534912,0,2.0,0,0,0,0,0,0,0,0,1,0,0,0
data_046,0,0.7214420437812805,0.7214420437812805,0,2.0,0,0,0,0,0,0,0,0,0,0,0,0
data_046,0,0.8469772338867188,0.8469772338867188,0,2.0,0,0,0,0,0,0,0,0,0,0,0,0
data_046,0,0.7618504762649536,0.6840302348136902,0,2.0,0,0,0,0,0,0,0,0,1,0,0,0
data_047,0,0.8395678400993347,0.8395678400993347,0,6.0,0,0,0,0,0,0,0,0,0,0,0,0
data_047,0,0.8036381602287292,0.8036381602287292,0,6.0,0,0,0,0,0,0,0,0,0,0,0,0
data_047,0,0.9129908680915833,0.9129908680915833,0,6.0,0,0,0,0,0,0,0,0,0,0,0,0
data_047,0,0.6975579857826233,0.6975579857826233,0,6.0,0,0,0,0,0,0,0,0,1,0,0,0
data_047,0,0.8478344082832336,0.8478344082832336,0,6.0,0,0,0,0,0,0,0,0,0,0,0,0
data_047,0,0.6875442266464233,0.6875442266464233,0,6.0,0,0,0,0,0,0,0,0,0,0,0,0
data_047,0,0.8455507159233093,0.8455507159233093,0,2.0,0,0,0,0,0,0,0,0,0,0,0,0
data_047,0,0.7333869338035583,0.7333869338035583,0,2.0,0,0,0,0,0,0,0,0,0,0,1,0
data_047,0,0.7383854389190674,0.7383854389190674,0,3.0,0,0,0,0,0,0,0,0,0,0,0,0
data_047,0,0.8457832336425781,0.6657186150550842,0,3.0,0,1,0,0,0,1,0,0,1,1,1,0
data_047,0,0.7246049642562866,0.6679143905639648,0,3.0,0,0,0,0,0,0,0,0,1,0,0,0
data_047,0,0.7914779782295227,0.7914779782295227,0,2.0,0,0,0,0,0,0,1,0,1,1,0,0
data_047,0,0.7404980659484863,0.7207854986190796,0,2.0,0,0,0,0,0,0,0,0,1,0,0,0
data_047,0,0.7535473108291626,0.7535473108291626,0,3.0,0,0,0,0,0,0,0,0,0,0,0,0
data_047,0,0.8067137598991394,0.8067137598991394,0,3.0,0,0,0,0,0,0,0,0,0,0,0,0
data_047,0,0.7362657189369202,0.4782883524894714,0,3.0,0,0,0,0,1,0,0,0,1,0,0,0
data_047,0,0.8488075137138367,0.8488075137138367,0,2.0,0,0,0,0,0,0,0,0,0,0,0,0
data_047,0,0.7595342993736267,0.7595342993736267,0,2.0,0,0,0,0,0,0,0,0,1,0,0,0
data_047,0,0.6418372988700867,0.5635560154914856,0,2.0,0,0,0,0,0,0,0,0,1,0,0,0
data_047,0,0.8456555008888245,0.8456555008888245,0,2.0,0,0,0,0,0,0,0,0,0,0,0,0
data_047,0,0.8437049388885498,0.8437049388885498,0,2.0,0,0,0,0,0,0,0,0,0,0,0,0
data_047,0,0.7300592064857483,0.7300592064857483,0,2.0,0,0,0,0,0,0,0,0,0,0,0,0
data_048,0,0.8203446269035339,0.6840558648109436,0,3.0,0,0,0,0,0,0,0,0,0,0,0,0
data_048,1,0.7101793885231018,0.6520916819572449,0,3.0,1,1,1,1,1,1,1,1,1,1,1,1
data_048,0,0.8355065584182739,0.7126592397689819,0,3.0,0,0,0,0,0,0,0,0,0,0,0,0
data_048,0,0.9070764780044556,0.9070764780044556,0,3.0,0,0,0,0,0,0,0,0,0,0,0,0
data_048,0,0.8049207329750061,0.7141964435577393,0,3.0,0,0,0,0,1,1,1,0,1,1,1,0
data_048,0,0.7744321823120117,0.635971188545227,0,3.0,0,0,0,0,0,0,0,0,0,0,0,0
data_048,0,0.6538108587265015,0.6047364473342896,0,2.0,0,0,0,0,0,0,0,0,0,0,0,0
data_048,0,0.8444890379905701,0.8444890379905701,0,2.0,0,0,0,0,0,0,0,0,0,0,0,0
data_048,1,0.6850309371948242,0.6668568849563599,0,2.0,1,1,1,1,1,1,1,1,1,1,1,1
data_048,0,0.7925913333892822,0.7925913333892822,0,2.0,0,0,0,0,0,0,0,0,0,0,0,0
data_048,1,0.676007091999054,0.581967294216156,0,2.0,1,1,1,0,1,1,1,0,1,1,1,0
data_048,0,0.8358347415924072,0.8092677593231201,0,2.0,0,0,0,0,0,0,0,0,0,0,0,0
data_048,1,0.7357227802276611,0.6242937445640564,0,1.0,0,0,0,0,0,0,0,0,1,0,1,0
data_048,1,0.5075064897537231,0.5075064897537231,0,1.0,1,1,1,1,1,1,1,1,1,1,1,1
data_048,1,0.5898242592811584,0.5557622313499451,0,2.0,0,0,0,0,0,0,0,0,1,0,0,0
data_048,0,0.834149181842804,0.6937935948371887,0,2.0,0,0,0,0,0,0,0,0,0,1,0,0
data_049,0,0.882720947265625,,1,0.0,0,0,0,0,0,0,0,0,0,0,0,0
data_049,0,0.7667430639266968,,1,0.0,0,0,0,0,0,0,0,0,0,0,0,0
data_049,0,0.6785008907318115,,1,0.0,0,0,0,0,0,0,0,0,0,0,0,0
data_049,0,0.6208438277244568,,1,0.0,0,0,0,0,0,0,0,0,0,0,0,0
data_049,0,0.738935112953186,,1,0.0,0,0,0,0,0,0,0,0,0,0,0,0
data_049,0,0.6824728846549988,,1,0.0,0,0,0,0,0,0,0,0,1,0,0,0
data_049,0,0.8922265768051147,0.8922265768051147,0,4.0,0,0,0,0,0,0,0,0,0,0,0,0
data_049,0,0.6924047470092773,0.6924047470092773,0,4.0,0,0,0,0,0,0,0,0,0,0,0,0
data_049,0,0.8553746342658997,0.8553746342658997,0,4.0,0,0,0,0,0,0,0,0,0,0,0,0
data_049,0,0.7864311337471008,0.7864311337471008,0,4.0,0,0,0,0,0,0,0,0,0,0,0,0
data_049,0,0.8221389055252075,0.8221389055252075,0,3.0,0,0,0,0,0,0,0,0,0,0,0,0
data_049,0,0.6912477612495422,0.6619657874107361,0,3.0,0,0,0,0,0,0,0,0,0,0,0,0
data_049,1,0.7153934836387634,0.6756188869476318,0,3.0,1,1,0,0,1,1,1,0,1,1,1,0
data_049,0,0.7175434827804565,0.7175434827804565,0,3.0,0,0,0,0,0,0,0,0,0,0,0,0
data_049,0,0.6884503960609436,0.6884503960609436,0,3.0,0,0,0,0,0,1,0,0,1,1,0,0
data_049,0,0.6223987936973572,0.5886280536651611,0,3.0,0,0,0,0,0,0,0,0,0,0,1,0
data_049,0,0.6558088660240173,0.6028975248336792,0,3.0,0,0,0,0,1,1,0,0,1,1,1,0
data_049,1,0.5564587116241455,0.5433632135391235,0,3.0,1,1,0,0,1,1,1,0,1,1,1,0
data_049,0,0.8285619020462036,0.8285619020462036,0,3.0,0,0,0,0,0,0,0,0,0,0,0,0
data_049,0,0.7847780585289001,0.7847780585289001,0,3.0,0,0,0,0,0,0,0,0,1,0,0,0
data_049,0,0.6959252953529358,0.6959252953529358,0,3.0,0,0,0,0,0,0,0,0,0,0,0,0
data_049,0,0.5711448192596436,0.5711448192596436,0,3.0,0,0,0,0,1,0,0,0,1,0,0,0
data_049,0,0.7581350803375244,0.7581350803375244,0,3.0,0,1,0,0,1,1,1,0,1,1,1,0
data_049,0,0.5693066120147705,0.5693066120147705,0,3.0,0,0,0,0,0,0,0,0,0,0,0,0
data_049,0,0.6078445911407471,0.5560425519943237,0,3.0,0,0,0,0,1,1,0,0,1,1,1,0
data_050,0,0.7172164916992188,,1,0.0,0,0,0,0,0,0,0,0,0,0,0,0
data_050,0,0.6427925825119019,0.6427925825119019,0,3.0,0,0,0,0,0,0,0,0,0,0,0,0
data_050,0,0.720031201839447,0.6272796988487244,0,3.0,0,0,0,0,0,1,0,0,1,1,1,0
data_050,0,0.8144883513450623,0.8144883513450623,0,3.0,0,0,0,0,0,0,0,0,0,0,0,0
data_050,0,0.8535317182540894,0.8535317182540894,0,3.0,0,0,0,0,0,0,0,0,0,1,0,0
data_050,0,0.5592799782752991,0.5592799782752991,0,3.0,0,0,0,0,0,0,0,0,0,0,0,0
data_050,0,0.5506410598754883,0.5399824976921082,0,3.0,0,0,0,0,0,0,0,0,0,0,0,0
data_050,0,0.6337940096855164,,1,0.0,0,0,0,0,0,0,0,0,0,0,0,0
data_050,0,0.7795059084892273,,1,0.0,0,0,0,0,0,0,0,0,0,0,0,0
data_050,0,0.7264803647994995,,1,0.0,0,0,0,0,0,0,0,0,1,0,0,0
data_050,0,0.7683113217353821,0.7683113217353821,0,3.0,0,0,0,0,0,0,0,0,0,0,0,0
data_050,0,0.7098889350891113,0.7098889350891113,0,3.0,0,0,0,0,0,0,0,0,0,0,0,0
data_050,0,0.6615228652954102,0.6615228652954102,0,3.0,0,0,0,0,0,0,0,0,0,0,0,0
data_050,0,0.6792722344398499,0.6792722344398499,0,3.0,0,0,0,0,0,0,0,0,0,0,0,0
data_050,0,0.7415639758110046,0.7415639758110046,0,3.0,0,0,0,0,0,0,0,0,0,0,0,0
data_050,0,0.7943663597106934,0.6391186118125916,0,3.0,0,0,0,0,1,1,0,0,1,1,0,0
data_050,1,0.6739317178726196,0.5177788138389587,0,3.0,1,0,0,1,1,1,0,0,1,1,0,0
data_050,0,0.7318434119224548,0.6893828511238098,0,3.0,0,0,0,0,0,0,0,0,0,0,0,0
data_050,0,0.8056769967079163,0.8056769967079163,0,3.0,0,0,0,0,0,0,0,0,0,0,0,0
data_050,0,0.5440225005149841,0.5440225005149841,0,2.0,0,0,0,0,0,0,0,0,0,0,0,0
data_050,0,0.7419552206993103,0.7419552206993103,0,2.0,0,1,0,0,0,1,0,0,1,1,0,0
data_051,0,0.8030604720115662,,1,0.0,0,0,0,0,1,1,0,0,1,1,0,0
data_051,0,0.7899519205093384,,1,0.0,0,0,0,0,0,0,0,0,0,0,0,0
data_051,0,0.8771190643310547,,1,0.0,0,0,0,0,0,0,0,0,0,0,0,0
data_051,0,0.7262074947357178,,1,0.0,0,1,0,0,0,1,1,0,1,1,1,0
data_051,0,0.9194047451019288,0.9194047451019288,0,2.0,0,0,0,0,0,0,0,0,1,0,1,0
data_051,0,0.734707772731781,0.6422439813613892,0,2.0,0,0,0,0,1,1,0,0,1,1,0,1
data_051,0,0.7577851414680481,0.7552982568740845,0,3.0,0,0,0,0,0,0,0,0,0,1,0,0
data_051,0,0.7416119575500488,0.6702238917350769,0,3.0,0,0,0,0,0,0,0,0,0,0,0,0
data_051,0,0.8192525506019592,0.7501797676086426,0,3.0,0,0,0,0,0,0,0,0,0,0,0,0
data_051,0,0.649339497089386,0.649339497089386,0,3.0,0,0,0,0,0,0,0,0,1,0,0,0
data_051,0,0.7345079183578491,0.7345079183578491,0,3.0,0,0,0,0,0,0,0,0,1,0,0,0
data_051,1,0.7508090734481812,0.4704601168632507,0,3.0,1,1,1,1,1,1,1,0,1,1,1,0
data_051,0,0.8476852774620056,0.8476852774620056,0,3.0,0,0,0,0,0,0,0,0,0,0,0,0
data_051,0,0.8071922063827515,0.7534739375114441,0,3.0,0,0,0,0,0,0,0,0,0,0,0,0
data_051,0,0.812540590763092,0.812540590763092,0,3.0,0,0,0,0,0,0,0,0,0,0,0,0
data_051,0,0.8032868504524231,0.7071269154548645,0,3.0,0,0,0,0,0,0,0,0,0,0,0,0
data_051,0,0.8011379837989807,0.8011379837989807,0,3.0,0,0,0,0,0,0,0,0,0,0,0,0
data_051,0,0.8581103682518005,0.8581103682518005,0,3.0,0,0,0,0,1,0,0,1,1,1,1,0
data_052,0,0.8034464120864868,,1,0.0,0,0,0,0,0,0,0,0,1,0,0,0
data_052,0,0.8015403151512146,,1,0.0,0,0,0,0,0,0,0,0,0,0,0,0
data_052,0,0.8634629845619202,,1,0.0,0,0,0,0,0,0,0,0,0,0,0,0
data_052,0,0.8338444232940674,0.8338444232940674,0,4.0,0,0,0,0,0,0,0,0,0,0,0,0
data_052,0,0.7895252108573914,0.7895252108573914,0,4.0,0,1,0,0,1,1,0,0,1,1,1,0
data_052,0,0.8460464477539062,0.8460464477539062,0,4.0,0,0,0,0,0,0,0,0,0,0,0,0
data_052,0,0.8221935629844666,0.7252564430236816,0,4.0,1,1,1,0,1,1,1,1,1,1,1,1
data_052,0,0.811213493347168,0.811213493347168,0,3.0,0,0,0,0,0,0,0,0,0,0,0,0
data_052,1,0.7459489107131958,0.7459489107131958,0,3.0,1,1,0,0,1,1,0,1,1,1,1,1
data_052,0,0.812993586063385,0.812993586063385,0,3.0,0,0,0,0,0,0,0,0,0,0,0,0
data_052,0,0.8088542819023132,0.8088542819023132,0,3.0,0,0,0,0,0,0,0,0,0,0,0,0
data_052,0,0.7392191290855408,0.7392191290855408,0,3.0,0,0,0,0,0,0,0,0,0,0,0,0
data_052,0,0.7243189811706543,0.6157554984092712,0,3.0,0,0,0,0,1,1,0,0,1,1,1,0
data_052,0,0.6962084770202637,0.6962084770202637,0,3.0,1,0,0,0,1,1,0,0,1,1,1,0
data_052,0,0.7354112863540649,0.7354112863540649,0,3.0,0,1,0,0,0,1,1,0,1,1,1,0
data_052,0,0.7100096344947815,0.7100096344947815,0,3.0,0,0,0,0,0,0,0,0,0,0,0,0
data_052,0,0.6801987290382385,0.6801987290382385,0,3.0,0,0,0,0,0,0,0,0,0,0,0,0
data_052,0,0.7049580812454224,0.6474528908729553,0,3.0,0,0,0,0,0,0,0,0,1,1,0,0
data_052,0,0.5877927541732788,0.4723784029483795,0,3.0,0,0,0,0,0,1,1,0,1,1,1,0
data_053,0,0.7042771577835083,0.7042771577835083,0,5.0,0,0,0,0,0,0,0,0,0,0,0,0
data_053,0,0.7252623438835144,0.7252623438835144,0,5.0,0,0,0,0,0,0,0,0,0,0,0,0
data_053,0,0.8281177878379822,0.8281177878379822,0,5.0,0,0,0,0,0,0,0,0,0,0,0,0
data_053,0,0.6727754473686218,0.6615176796913147,0,5.0,0,0,0,0,0,0,0,0,0,0,0,0
data_053,0,0.8087215423583984,0.7074540853500366,0,5.0,0,0,0,0,1,0,0,0,1,0,0,0
data_053,0,0.7991121411323547,0.7991121411323547,0,4.0,0,0,0,0,0,1,0,0,1,1,0,0
data_053,0,0.7518256902694702,0.7518256902694702,0,4.0,0,1,0,0,0,1,0,0,0,0,0,0
data_053,0,0.7935591340065002,0.7935591340065002,0,4.0,0,0,0,0,0,0,0,0,0,0,0,0
data_053,0,0.7758302688598633,0.7758302688598633,0,4.0,0,0,0,0,0,0,0,0,0,0,0,0
data_053,0,0.7230688333511353,0.7230688333511353,0,3.0,0,0,0,0,0,0,0,0,0,0,0,0
data_053,0,0.6736610531806946,0.6736610531806946,0,3.0,0,0,0,0,0,0,0,0,0,0,0,0
data_053,0,0.8732380867004395,0.8732380867004395,0,3.0,0,0,0,0,1,0,0,0,1,0,0,0
data_053,0,0.9193847179412842,0.9193847179412842,0,3.0,0,0,0,0,0,0,0,0,0,0,0,0
data_053,0,0.7236621975898743,0.7021040320396423,0,3.0,0,0,0,0,0,0,0,0,1,0,0,0
data_053,0,0.8208889365196228,0.8208889365196228,0,3.0,0,0,0,0,0,0,0,0,1,0,0,0
data_053,0,0.8668729066848755,0.8668729066848755,0,3.0,0,0,0,0,0,0,0,0,0,0,0,0
data_053,0,0.785854160785675,0.785854160785675,0,3.0,0,0,0,0,0,0,0,0,0,0,0,0
data_053,0,0.7360799312591553,0.7360799312591553,0,3.0,0,0,0,0,0,0,0,0,1,1,0,0
data_053,1,0.8789395093917847,0.2561136484146118,0,2.0,1,1,1,1,1,1,1,1,1,1,1,1
data_053,1,0.6005971431732178,0.3703003823757171,0,2.0,1,1,1,1,1,1,1,1,1,1,1,1
data_053,1,0.6287209987640381,0.3650101125240326,0,3.0,1,1,1,1,1,1,1,1,1,1,1,1
data_053,1,0.5986270308494568,0.1811554431915283,0,3.0,1,1,1,1,1,1,1,1,1,1,1,1
data_053,1,0.9055190086364746,0.2719994485378265,0,3.0,1,1,1,1,1,1,1,1,1,1,1,1
data_053,0,0.7285934686660767,,1,0.0,0,0,0,0,0,1,0,0,0,1,0,0
data_053,0,0.8485895395278931,,1,0.0,0,0,0,0,0,0,0,0,0,0,0,0
data_053,0,0.6311550140380859,,1,0.0,0,0,0,0,0,0,0,0,1,1,1,0
data_054,0,0.8307846188545227,,1,0.0,0,0,0,0,0,0,0,0,0,0,0,0
data_054,1,0.8361004590988159,,1,0.0,1,1,0,0,1,1,0,0,1,1,1,0
data_054,0,0.8697702884674072,,1,0.0,0,0,0,0,0,0,0,0,0,0,0,0
data_054,1,0.7499443888664246,,1,0.0,1,1,1,1,1,1,1,1,1,1,1,1
data_054,0,0.8851341009140015,0.8851341009140015,0,5.0,0,0,0,0,0,0,0,0,0,0,0,0
data_054,0,0.8096567988395691,0.8096567988395691,0,5.0,0,0,0,0,0,0,0,0,0,0,0,0
data_054,1,0.7733227014541626,0.7733227014541626,0,5.0,1,1,0,1,1,1,1,1,1,1,1,1
data_054,0,0.8692328929901123,0.8692328929901123,0,5.0,0,0,0,0,0,0,0,0,0,0,0,0
data_054,0,0.7440832853317261,0.7440832853317261,0,5.0,0,0,0,0,0,0,0,0,0,0,0,0
data_054,0,0.7471616864204407,0.7471616864204407,0,6.0,0,0,0,0,0,1,1,0,1,1,1,0
data_054,0,0.8064844608306885,0.8064844608306885,0,6.0,0,0,0,0,0,0,0,0,0,0,0,0
data_054,0,0.7021626830101013,0.6608389616012573,0,6.0,0,0,0,0,0,0,0,0,0,0,0,0
data_054,0,0.7359274625778198,0.7359274625778198,0,6.0,0,0,0,0,0,0,0,0,1,0,0,0
data_054,0,0.7424774765968323,0.7424774765968323,0,6.0,0,0,0,0,0,0,0,0,0,0,0,0
data_054,0,0.8259458541870117,0.605096161365509,0,6.0,0,1,0,0,1,1,1,0,1,1,1,0
data_054,0,0.8070409297943115,0.8070409297943115,0,2.0,0,0,0,0,0,0,0,0,0,1,0,0
data_054,0,0.7091536521911621,0.6548861861228943,0,2.0,0,0,0,0,1,0,0,0,1,0,0,0
data_055,0,0.8526005744934082,,1,0.0,0,0,0,0,0,0,0,0,0,0,0,0
data_055,0,0.756731390953064,,1,0.0,0,0,0,0,0,0,0,0,0,0,0,0
data_055,0,0.7703243494033813,,1,0.0,0,0,0,0,0,0,0,0,0,0,0,0
data_055,1,0.7387431859970093,,1,0.0,0,0,0,0,0,0,0,0,1,1,0,0
data_055,0,0.8338283896446228,0.8338283896446228,0,4.0,0,0,0,0,0,0,0,0,1,0,0,0
data_055,0,0.7826715707778931,0.7826715707778931,0,4.0,0,0,0,0,0,0,0,0,0,0,0,0
data_055,0,0.7722060084342957,0.7722060084342957,0,4.0,0,0,0,0,0,0,0,0,0,0,0,0
data_055,0,0.7642844319343567,0.6862084269523621,0,4.0,0,0,0,0,0,1,0,0,1,1,0,0
data_055,0,0.8620228171348572,0.8620228171348572,0,4.0,0,0,0,0,0,0,0,0,0,0,0,0
data_055,0,0.7567853331565857,0.6438357830047607,0,4.0,0,0,0,0,0,0,0,0,0,0,0,0
data_055,1,0.8083880543708801,0.5901601910591125,0,4.0,1,1,1,1,1,1,1,1,1,1,1,1
data_055,0,0.8038101196289062,0.7096133232116699,0,4.0,0,0,0,0,0,1,0,0,0,1,0,1
data_055,0,0.8542203307151794,0.8542203307151794,0,4.0,0,0,0,0,0,0,0,0,0,0,0,0
data_055,0,0.7755863070487976,0.7229084372520447,0,4.0,0,0,0,0,0,0,0,0,0,0,0,0
data_055,0,0.7977048754692078,0.7977048754692078,0,4.0,0,0,0,0,0,0,0,0,1,0,0,0
data_055,0,0.8337114453315735,0.8337114453315735,0,4.0,0,0,0,0,0,0,0,0,1,0,0,0
data_055,0,0.7704472541809082,0.6269760131835938,0,4.0,0,0,0,0,0,0,0,0,0,0,0,0
data_055,1,0.7609220147132874,0.5983735918998718,0,4.0,1,1,1,1,1,1,1,1,1,1,1,1
data_055,0,0.7130930423736572,0.7130930423736572,0,4.0,0,0,0,0,0,0,0,0,1,0,0,0
data_055,1,0.7570813894271851,0.5387076139450073,0,4.0,1,1,1,1,1,1,1,1,1,1,1,1
data_055,0,0.7646075487136841,0.7646075487136841,0,3.0,0,0,0,0,0,0,0,0,0,0,0,0
data_055,1,0.7547106146812439,0.6201151013374329,0,3.0,0,0,0,0,1,1,0,0,1,1,0,0
data_055,0,0.6942456960678101,0.6201211810112,0,3.0,0,0,0,0,0,0,0,0,1,0,1,0
data_056,0,0.79736328125,,1,0.0,0,0,0,0,0,0,0,0,1,0,0,0
data_056,0,0.787257969379425,,1,0.0,0,0,0,0,0,0,0,0,0,0,0,0
data_056,1,0.7119758129119873,,1,0.0,1,1,1,0,1,1,1,1,1,1,1,1
data_056,0,0.7723420262336731,0.7710610628128052,0,4.0,0,0,0,0,0,0,0,0,0,0,0,0
data_056,0,0.6891143918037415,0.6891143918037415,0,4.0,0,1,0,0,0,1,0,0,0,0,0,0
data_056,0,0.7893862128257751,0.7893862128257751,0,4.0,0,0,0,0,0,0,0,0,0,0,0,0
data_056,0,0.7683284878730774,0.7194277048110962,0,4.0,0,0,0,0,0,0,0,0,0,1,0,0
data_056,0,0.7924330234527588,0.5515013337135315,0,3.0,0,0,0,0,0,0,0,0,0,0,0,0
data_056,0,0.9598475098609924,0.9598475098609924,0,3.0,0,0,0,0,0,0,0,0,0,0,0,0
data_056,0,0.6743366122245789,0.6743366122245789,0,3.0,0,1,0,0,0,1,1,0,1,1,1,0
data_056,0,0.6666629910469055,0.6666629910469055,0,3.0,0,0,0,0,0,0,0,0,0,0,0,0
data_056,0,0.8833659291267395,0.8833659291267395,0,3.0,0,0,0,0,0,0,0,0,0,0,0,0
data_056,0,0.7421891093254089,0.720604419708252,0,3.0,0,0,0,0,0,0,0,0,0,1,0,0
data_056,0,0.5434815287590027,0.4245442152023315,0,3.0,0,1,0,0,0,1,0,0,1,1,1,0
data_056,0,0.6415385603904724,0.6273837685585022,0,3.0,0,0,0,0,0,1,0,0,1,1,1,0
data_056,0,0.763884425163269,0.6389334201812744,0,3.0,0,0,0,0,0,0,0,0,1,0,0,0
data_056,0,0.7915288209915161,0.7915288209915161,0,3.0,0,0,0,0,0,0,0,0,0,0,0,0
data_056,0,0.7752121686935425,0.7752121686935425,0,3.0,0,0,0,0,0,0,0,0,0,0,0,0
data_056,0,0.8669266104698181,0.8669266104698181,0,3.0,0,0,0,0,0,0,0,0,0,0,0,0
data_057,0,0.8151575922966003,0.6410112977027893,0,2.0,0,0,0,0,0,0,0,0,0,0,0,0
data_057,0,0.5697672367095947,0.3856289386749267,0,2.0,0,0,0,0,0,0,0,0,1,0,0,0
data_057,0,0.7025510668754578,,1,0.0,0,0,0,0,1,1,0,0,1,0,0,0
data_057,0,0.6282225847244263,,1,0.0,1,1,1,1,1,1,1,1,1,1,1,1
data_057,0,0.884122371673584,0.884122371673584,0,3.0,0,0,0,0,0,0,0,0,0,0,0,0
data_057,0,0.9255542755126952,0.9255542755126952,0,3.0,0,0,0,0,0,0,0,0,0,0,0,0
data_057,0,0.8382801413536072,0.7881151437759399,0,3.0,0,0,0,0,0,0,0,0,1,0,0,0
data_057,0,0.7906309962272644,0.6112937331199646,0,3.0,0,0,0,0,0,1,0,0,0,0,0,0
data_057,0,0.5453538298606873,0.5236124992370605,0,3.0,0,0,0,0,0,0,0,0,0,0,0,0
data_057,0,0.6985669136047363,0.6214113831520081,0,3.0,0,0,0,0,0,0,0,0,0,0,0,0
data_057,0,0.8631523251533508,0.8420191407203674,0,3.0,0,0,0,0,0,0,0,0,0,0,0,0
data_057,1,0.5793637037277222,0.5793637037277222,0,3.0,1,1,1,1,1,1,1,1,1,1,1,1
data_057,0,0.8399051427841187,0.8399051427841187,0,3.0,0,0,0,0,0,0,0,0,0,0,0,0
data_057,0,0.8207516074180603,0.6222348213195801,0,3.0,0,0,0,0,0,0,0,0,1,0,0,0
data_057,0,0.7254416942596436,0.6289888024330139,0,3.0,0,0,0,0,0,0,0,0,0,0,0,0
data_057,0,0.7103961706161499,0.634654700756073,0,3.0,0,0,0,0,0,0,0,0,0,0,0,0
data_057,0,0.7871959805488586,0.7617039680480957,0,2.0,0,0,0,0,0,0,0,0,0,0,0,0
data_057,0,0.847245991230011,0.847245991230011,0,2.0,0,0,0,0,0,0,0,0,0,0,0,0
data_057,1,0.8400880098342896,0.7842201590538025,0,3.0,0,0,0,0,0,0,0,0,1,1,0,0
data_057,0,0.7976669669151306,0.7976669669151306,0,3.0,0,0,0,0,0,0,0,0,0,0,0,0
data_057,1,0.7318217158317566,0.6905556321144104,0,3.0,1,1,1,0,1,1,1,1,1,1,1,1
data_057,0,0.6961035132408142,0.6725395917892456,0,3.0,0,0,0,0,0,0,0,0,0,1,0,0
data_057,0,0.7248681783676147,0.7248681783676147,0,3.0,0,0,0,0,0,0,0,0,0,0,0,0
data_057,0,0.8268684148788452,0.8268684148788452,0,3.0,0,0,0,0,0,0,0,0,1,0,0,0
data_057,0,0.776663601398468,0.776663601398468,0,3.0,0,0,0,0,0,0,0,0,0,0,0,0
data_057,0,0.763883650302887,0.763883650302887,0,3.0,0,0,0,0,0,0,0,0,0,0,0,0
data_057,0,0.7314494252204895,0.5942512154579163,0,3.0,0,0,0,0,0,0,0,0,0,0,0,0
data_058,0,0.7628812193870544,,1,0.0,0,1,0,1,1,0,0,0,1,0,0,0
data_058,0,0.6702711582183838,,1,0.0,0,0,0,0,0,0,0,0,1,0,0,0
data_058,1,0.6814336776733398,,1,0.0,1,1,1,1,1,1,1,1,1,1,1,1
data_058,0,0.8800308704376221,0.8800308704376221,0,6.0,0,0,0,0,0,0,0,0,1,0,0,0
data_058,0,0.7482287883758545,0.7482287883758545,0,6.0,0,1,0,0,1,1,0,0,1,1,0,0
data_058,0,0.8433679342269897,0.8433679342269897,0,6.0,0,0,0,0,0,0,0,0,0,0,0,0
data_058,0,0.8177518844604492,0.8177518844604492,0,6.0,0,0,0,0,0,0,0,0,1,0,0,0
data_058,0,0.7644611597061157,0.7488899827003479,0,6.0,0,1,0,0,1,1,0,1,1,1,1,0
data_058,0,0.6565289497375488,0.6565289497375488,0,6.0,0,0,0,0,1,1,0,0,1,1,0,0
data_058,1,0.7689581513404846,0.6156541705131531,0,3.0,1,1,0,1,1,1,1,1,1,1,1,1
data_058,0,0.8419485688209534,0.6791930198669434,0,3.0,0,0,0,0,1,1,0,0,1,1,1,0
data_058,1,0.8656969666481018,0.5630323886871338,0,3.0,1,1,1,1,1,1,1,1,1,1,1,1
data_058,0,0.7883511781692505,0.7883511781692505,0,4.0,0,0,0,0,0,0,0,0,0,1,0,0
data_058,0,0.7542140483856201,0.7542140483856201,0,4.0,0,0,0,0,0,0,0,0,0,0,0,0
data_058,0,0.7619233131408691,0.7619233131408691,0,4.0,0,0,0,0,1,0,0,0,1,0,0,0
data_058,0,0.7013115882873535,0.7013115882873535,0,4.0,1,1,1,1,1,1,0,0,1,1,1,0
data_058,0,0.8188744187355042,0.8188744187355042,0,2.0,0,0,0,0,0,0,0,0,0,0,0,0
data_058,0,0.7966822981834412,0.6299140453338623,0,2.0,0,0,0,0,0,0,0,0,0,0,0,0
data_058,0,0.720014214515686,0.7198589444160461,0,3.0,0,0,0,0,0,0,0,0,1,1,0,0
data_058,0,0.912467360496521,0.912467360496521,0,3.0,0,0,0,0,0,0,0,0,0,0,0,0
data_058,0,0.8056955337524414,0.8056955337524414,0,3.0,1,0,0,0,1,0,0,0,1,1,0,0
data_059,0,0.7129518985748291,,1,0.0,0,0,0,0,0,0,0,0,1,0,0,0
data_059,0,0.734035313129425,,1,0.0,0,0,0,0,1,0,0,0,0,0,0,0
data_059,0,0.7899240255355835,,1,0.0,0,0,0,0,0,0,0,0,0,0,0,0
data_059,0,0.729270339012146,0.729270339012146,0,3.0,0,0,0,0,0,0,0,0,0,0,0,0
data_059,0,0.8677379488945007,0.8677379488945007,0,3.0,0,0,0,0,0,0,0,0,0,0,0,0
data_059,0,0.7493178844451904,0.6585516929626465,0,3.0,0,0,0,0,0,0,0,0,0,0,0,0
data_059,0,0.7959235310554504,0.7959235310554504,0,3.0,0,0,0,0,0,0,0,0,0,0,0,0
data_059,0,0.8499649167060852,0.8499649167060852,0,3.0,0,0,0,0,0,0,0,0,0,0,0,0
data_059,0,0.781827986240387,0.6944111585617065,0,3.0,0,0,0,0,0,0,0,0,1,1,0,0
data_059,0,0.7840986847877502,0.7279760837554932,0,3.0,0,0,0,0,0,0,0,0,1,0,0,0
data_059,0,0.6087474226951599,0.4572440087795257,0,3.0,0,1,0,0,1,1,1,1,1,1,1,0
data_059,0,0.757914662361145,0.5862143635749817,0,3.0,0,0,0,0,0,0,0,0,0,0,0,0
data_059,0,0.7220990657806396,0.7220990657806396,0,3.0,0,0,0,0,0,0,0,0,0,0,0,0
data_059,0,0.7964388728141785,0.7964388728141785,0,3.0,0,0,0,0,0,0,0,0,0,0,0,0
data_059,0,0.6780195236206055,0.6780195236206055,0,3.0,0,0,0,0,0,0,0,0,0,0,0,0
data_059,0,0.5902169346809387,0.5102434754371643,0,3.0,0,0,0,0,0,0,0,0,0,0,0,0
data_059,1,0.790964663028717,0.7854278683662415,0,3.0,0,0,0,0,1,1,0,1,1,1,1,0
data_059,0,0.7903729677200317,0.7903729677200317,0,3.0,0,0,0,0,0,0,0,0,0,0,0,0
data_059,0,0.6176953315734863,0.5672427415847778,0,3.0,0,0,0,0,0,0,0,0,1,0,0,0
data_059,0,0.667985200881958,0.667985200881958,0,3.0,0,0,0,0,0,0,0,0,0,0,0,0
data_059,0,0.7658193111419678,0.7331214547157288,0,3.0,0,0,0,0,0,0,0,0,0,0,0,0
data_060,0,0.786715030670166,,1,0.0,0,0,0,0,0,0,0,0,0,0,0,0
data_060,0,0.7006515264511108,,1,0.0,0,0,0,0,0,0,0,0,1,1,1,0
data_060,0,0.6859666705131531,,1,0.0,0,0,0,0,0,0,0,0,1,0,0,0
data_060,0,0.7462277412414551,,1,0.0,0,0,0,0,0,1,0,0,1,1,1,0
data_060,0,0.77833092212677,0.77833092212677,0,4.0,0,0,0,0,0,0,0,0,0,0,0,0
data_060,0,0.9213871955871582,0.9213871955871582,0,4.0,0,0,0,0,0,0,0,0,0,0,0,0
data_060,0,0.8202993273735046,0.8202993273735046,0,4.0,0,0,0,0,0,0,0,0,0,0,0,0
data_060,0,0.8401399850845337,0.8401399850845337,0,4.0,0,0,0,0,0,0,0,0,0,0,0,0
data_060,0,0.7682270407676697,0.7682270407676697,0,2.0,0,0,0,0,1,0,1,0,1,1,1,0
data_060,0,0.8016295433044434,0.7736563086509705,0,2.0,0,0,0,0,0,0,0,0,0,0,0,0
data_060,0,0.7911399602890015,0.7911399602890015,0,3.0,0,0,0,0,0,0,0,0,0,0,0,0
data_060,0,0.7727134823799133,0.7727134823799133,0,3.0,0,0,0,0,0,0,0,0,1,0,0,0
data_060,0,0.7678471803665161,0.7678471803665161,0,3.0,0,0,0,0,0,0,0,0,1,0,0,0
data_060,0,0.776540219783783,0.7079208493232727,0,2.0,0,0,0,0,0,0,0,0,0,0,0,0
data_060,1,0.7777937054634094,0.5948576927185059,0,2.0,1,1,0,1,1,1,1,1,1,1,1,1
data_060,1,0.8365238904953003,0.8173844218254089,0,2.0,0,0,0,0,0,0,0,0,0,1,0,0
data_060,0,0.7501155734062195,0.6002273559570312,0,2.0,0,0,0,0,0,0,0,0,1,0,0,0
data_060,0,0.8203350305557251,0.8124427795410156,0,2.0,0,0,0,0,0,0,0,0,0,0,0,0
data_060,0,0.751504123210907,0.7489032745361328,0,2.0,0,0,0,0,0,0,0,0,0,0,0,0
data_061,0,0.8184866309165955,,1,0.0,0,0,0,0,0,0,0,0,0,0,0,0
data_061,0,0.8499354720115662,,1,0.0,0,0,0,0,0,0,0,0,0,0,0,0
data_061,0,0.7929306030273438,,1,0.0,0,0,0,0,0,0,0,0,0,0,0,0
data_061,1,0.751055896282196,,1,0.0,1,1,0,1,1,1,1,1,1,1,1,1
data_061,0,0.7997322678565979,0.7997322678565979,0,4.0,0,0,0,0,0,0,0,0,1,0,0,0
data_061,0,0.9151089191436768,0.9151089191436768,0,4.0,0,0,0,0,0,0,0,0,0,0,0,0
data_061,0,0.8264987468719482,0.8264987468719482,0,4.0,0,0,0,0,0,0,0,0,0,0,0,0
data_061,0,0.6509861946105957,0.6509861946105957,0,4.0,0,0,0,0,0,0,0,0,0,0,0,0
data_061,0,0.8855717778205872,0.6876358985900879,0,4.0,0,0,0,0,0,0,0,0,0,1,0,0
data_061,0,0.8184484243392944,0.8184484243392944,0,4.0,0,0,0,0,0,0,0,0,0,0,0,0
data_061,0,0.7237542271614075,0.7237542271614075,0,4.0,0,0,0,0,0,0,0,0,0,0,0,0
data_061,0,0.6590156555175781,0.6590156555175781,0,4.0,0,1,1,1,1,1,1,1,1,1,0,0
data_061,0,0.7269408702850342,0.7269408702850342,0,4.0,0,0,0,0,1,0,0,0,1,1,0,0
data_061,0,0.6451135873794556,0.5845896601676941,0,4.0,0,0,0,0,1,0,0,0,1,0,0,0
data_061,0,0.5795130133628845,0.5120143294334412,0,4.0,0,0,0,0,1,1,1,0,1,1,1,0
data_061,0,0.6574044227600098,0.6574044227600098,0,4.0,0,0,0,0,0,0,0,0,0,0,0,0
data_061,0,0.930524468421936,0.930524468421936,0,4.0,0,0,0,0,0,0,0,0,0,0,0,0
data_061,0,0.7409201860427856,0.6040977835655212,0,4.0,0,0,0,0,0,0,0,0,1,0,0,0
data_061,0,0.8377795219421387,0.8377795219421387,0,4.0,0,0,0,0,0,0,0,0,0,0,1,0
data_061,0,0.8161764144897461,0.8161764144897461,0,4.0,0,0,0,0,0,0,0,0,0,0,0,0
data_062,0,0.8779969811439514,,1,0.0,0,0,0,0,1,1,0,0,1,1,0,0
data_062,0,0.7674051523208618,,1,0.0,0,0,0,0,0,0,0,0,0,0,0,0
data_062,0,0.7568509578704834,,1,0.0,0,0,0,0,0,0,0,0,0,0,0,0
data_062,0,0.7379401326179504,0.7379401326179504,0,4.0,0,0,0,0,0,0,0,0,0,0,0,0
data_062,1,0.6795106530189514,0.677866518497467,0,4.0,1,1,0,0,1,1,1,0,1,1,1,0
data_062,1,0.6830536127090454,0.6428138017654419,0,4.0,1,1,1,1,1,1,1,1,1,1,1,1
data_062,0,0.93331640958786,0.93331640958786,0,4.0,0,0,0,0,0,0,0,0,0,0,0,0
data_062,0,0.8278042078018188,0.7439457178115845,0,4.0,0,0,0,0,0,0,0,0,0,0,0,0
data_062,0,0.6996344923973083,0.645244836807251,0,4.0,0,0,0,0,0,0,0,0,0,0,0,0
data_062,0,0.7803583741188049,0.615731418132782,0,4.0,0,0,0,0,0,0,0,0,1,0,0,0
data_062,0,0.6132873892784119,0.6132873892784119,0,4.0,0,0,0,0,0,0,0,0,0,0,0,0
data_062,0,0.9197626113891602,0.9197626113891602,0,3.0,0,0,0,0,0,0,0,0,0,0,0,0
data_062,0,0.72939532995224,0.72939532995224,0,3.0,0,0,0,0,0,0,0,0,1,0,1,0
data_062,0,0.7393696904182434,0.7393696904182434,0,3.0,0,0,0,0,1,1,0,0,1,1,0,0
data_062,0,0.718964695930481,0.6588730812072754,0,3.0,0,0,0,0,0,0,0,0,1,0,0,0
data_062,0,0.663124144077301,0.581813395023346,0,3.0,0,0,0,0,0,0,0,0,0,1,0,0
data_062,1,0.7208433151245117,0.5427875518798828,0,3.0,1,1,1,1,1,1,1,1,1,1,1,1
data_062,0,0.7107498049736023,0.7107498049736023,0,3.0,0,0,0,0,0,0,0,0,1,0,0,0
data_062,0,0.877936840057373,0.877936840057373,0,3.0,0,0,0,0,0,0,0,0,0,0,0,0
data_062,0,0.9035062193870544,0.9035062193870544,0,3.0,0,0,0,0,0,0,0,0,0,0,0,0
data_062,0,0.6916157007217407,0.6916157007217407,0,3.0,0,0,0,1,0,1,0,1,1,1,1,1
data_062,0,0.6060324907302856,0.6060324907302856,0,3.0,0,0,0,0,0,0,0,0,1,0,0,0
data_062,0,0.7407417297363281,0.6071648001670837,0,3.0,0,0,0,0,0,0,0,0,1,0,0,0
data_063,0,0.7395055890083313,,1,0.0,0,0,0,0,0,0,0,0,0,0,0,0
data_063,1,0.8566811680793762,,1,0.0,1,1,1,0,1,1,1,0,1,1,1,1
data_063,0,0.8672352433204651,,1,0.0,0,0,0,0,0,0,0,0,0,0,0,0
data_063,0,0.8502190709114075,0.8502190709114075,0,4.0,0,0,0,0,1,0,0,0,1,1,0,0
data_063,0,0.8170719146728516,0.8170719146728516,0,4.0,0,0,0,0,0,0,0,0,0,0,0,0
data_063,0,0.7277501225471497,0.7277501225471497,0,4.0,0,0,0,0,0,0,0,0,0,0,0,0
data_063,0,0.7759451866149902,0.7759451866149902,0,4.0,0,0,0,0,0,0,0,0,0,0,0,0
data_063,0,0.8240516185760498,0.6690908074378967,0,3.0,0,0,0,0,0,0,0,0,1,0,0,0
data_063,0,0.7087046504020691,0.7087046504020691,0,3.0,0,0,0,0,0,0,0,0,0,0,0,0
data_063,0,0.7458281517028809,0.7135132551193237,0,3.0,0,0,0,0,0,0,0,0,1,0,0,0
data_063,0,0.7850199937820435,0.7620455622673035,0,3.0,0,0,0,0,0,0,0,0,0,0,0,0
data_063,0,0.6807244420051575,0.6807244420051575,0,3.0,0,0,0,0,0,0,0,0,1,0,0,0
data_063,0,0.6157407164573669,0.6157407164573669,0,3.0,0,0,0,0,0,0,0,0,0,0,0,0
data_063,0,0.609483003616333,0.609483003616333,0,3.0,0,0,0,0,0,0,0,0,0,0,0,0
data_063,0,0.7637762427330017,0.7637762427330017,0,3.0,0,0,0,0,0,0,0,0,0,0,0,0
data_063,0,0.8510016798973083,0.8510016798973083,0,3.0,0,0,0,0,0,0,0,0,0,0,0,0
data_063,0,0.6563529372215271,0.6563529372215271,0,3.0,0,0,0,0,1,0,0,0,1,1,0,0
data_063,1,0.7441230416297913,0.5666828751564026,0,3.0,0,1,0,0,1,1,1,1,1,1,1,1
data_063,1,0.5820881724357605,0.5480852127075195,0,3.0,0,1,1,1,1,1,1,1,1,1,1,1
data_064,0,0.7858467102050781,,1,0.0,0,0,0,0,0,0,0,0,0,0,0,0
data_064,0,0.909792184829712,,1,0.0,0,0,0,0,0,0,0,0,0,0,0,0
data_064,1,0.8048245906829834,,1,0.0,1,1,1,1,1,1,1,1,1,1,1,1
data_064,0,0.7827725410461426,,1,0.0,0,0,0,0,0,0,0,0,1,0,0,0
data_064,0,0.9898855686187744,0.9898855686187744,0,3.0,0,0,0,0,0,0,0,0,0,0,0,0
data_064,0,0.8609813451766968,0.8609813451766968,0,3.0,0,0,0,0,0,0,0,0,0,0,0,0
data_064,0,0.7830955982208252,0.7830955982208252,0,3.0,0,1,0,0,0,1,1,0,0,0,0,0
data_064,0,0.7226571440696716,0.7226571440696716,0,3.0,0,0,0,0,0,0,0,0,0,0,0,0
data_064,0,0.7850646376609802,0.7850646376609802,0,3.0,0,0,0,0,0,0,0,0,0,0,0,0
data_064,1,0.819586455821991,0.819586455821991,0,3.0,1,1,1,1,1,1,1,0,1,1,1,1
data_064,0,0.6227105259895325,0.6227105259895325,0,2.0,0,0,0,0,0,0,0,0,0,0,0,0
data_064,0,0.7557294964790344,0.7557294964790344,0,2.0,0,0,0,0,0,0,0,0,1,1,0,0
data_064,0,0.8664652109146118,0.8539882898330688,0,2.0,0,0,0,0,0,0,0,0,0,0,0,0
data_064,0,0.7177978754043579,0.7177978754043579,0,2.0,0,0,0,0,1,0,0,0,1,1,0,0
data_064,0,0.9322327971458436,0.9322327971458436,0,2.0,0,0,0,0,0,0,0,0,0,0,0,0
data_064,0,0.7955411076545715,0.7792118191719055,0,2.0,0,0,0,0,0,0,0,0,0,0,0,0
data_064,0,0.754923939704895,0.6094909906387329,0,2.0,1,1,0,1,1,1,1,1,1,1,1,1
data_064,1,0.7057002186775208,0.4155041575431824,0,2.0,0,0,0,0,1,0,0,0,1,1,0,0
data_064,0,0.7030963897705078,0.7030963897705078,0,2.0,1,0,0,0,1,0,0,0,1,1,0,0
data_064,0,0.6548201441764832,0.6548201441764832,0,2.0,0,0,0,0,0,0,0,0,1,0,0,0
data_064,0,0.7322711944580078,0.606450617313385,0,2.0,0,0,0,0,1,0,0,0,1,0,0,0
data_064,0,0.8193296790122986,0.8193296790122986,0,2.0,0,0,0,0,1,1,1,0,1,1,0,0
data_065,0,0.7896701693534851,,1,0.0,0,0,0,0,0,0,0,0,0,0,0,0
data_065,0,0.8033000230789185,,1,0.0,0,0,0,0,1,1,1,0,1,1,1,0
data_065,0,0.9130485653877258,,1,0.0,0,0,0,0,0,0,0,0,0,0,0,0
data_065,0,0.5886293053627014,0.5886293053627014,0,3.0,0,1,0,0,1,1,0,0,1,1,0,0
data_065,1,0.6230894923210144,0.547722339630127,0,3.0,0,1,0,0,0,1,0,0,1,1,0,0
data_065,0,0.5506434440612793,0.4286620914936065,0,3.0,0,0,0,0,1,0,0,0,1,0,0,0
data_065,0,0.8681963086128235,,1,0.0,0,0,0,0,0,1,0,0,1,1,0,0
data_065,0,0.6114675998687744,,1,0.0,0,0,0,0,0,0,0,0,0,0,0,0
data_065,1,0.6418432593345642,,1,0.0,0,1,1,1,1,1,1,1,1,1,1,1
data_065,0,0.7218459248542786,0.5946349501609802,0,2.0,0,1,0,0,1,1,0,0,1,1,1,0
data_065,1,0.7547228932380676,0.6610778570175171,0,2.0,1,1,1,1,1,1,1,1,1,1,1,1
data_065,0,0.6742495894432068,0.6742495894432068,0,3.0,0,0,0,0,0,0,0,0,0,0,0,0
data_065,0,0.8114561438560486,0.8114561438560486,0,3.0,0,0,0,0,0,0,0,0,1,0,0,0
data_065,1,0.7187404036521912,0.7187404036521912,0,3.0,1,1,1,1,1,1,1,1,1,1,1,1
data_065,0,0.764636218547821,0.764636218547821,0,2.0,0,0,0,0,0,1,0,0,1,0,0,0
data_065,0,0.7879845499992371,0.7879845499992371,0,2.0,0,0,0,0,0,0,0,0,1,0,0,0
data_065,1,0.6879653930664062,0.6859808564186096,0,2.0,1,1,0,0,0,1,0,0,1,1,0,0
data_065,0,0.8124942779541016,0.7264506220817566,0,2.0,0,0,0,0,0,0,0,0,1,0,0,0
data_065,1,0.7758563756942749,0.6911343932151794,0,2.0,1,1,0,0,1,1,1,1,1,1,1,1
data_065,1,0.6877795457839966,0.6447048187255859,0,2.0,0,0,0,1,0,1,0,0,1,1,1,1
data_066,0,0.7967435121536255,,1,0.0,0,0,0,0,0,0,0,0,0,0,0,0
data_066,0,0.7947189807891846,,1,0.0,0,0,0,0,0,0,0,0,0,0,0,0
data_066,0,0.8067192435264587,,1,0.0,0,0,0,0,0,0,0,0,0,0,0,0
data_066,1,0.794842541217804,,1,0.0,1,1,1,1,1,1,1,1,1,1,1,1
data_066,1,0.7179415225982666,,1,0.0,1,1,1,1,1,1,1,1,1,1,1,1
data_066,0,0.6409997940063477,0.6253795623779297,0,4.0,0,0,0,0,0,0,0,0,0,0,0,0
data_066,0,0.6848155856132507,0.6848155856132507,0,4.0,0,0,0,0,0,0,0,0,1,0,0,0
data_066,1,0.8313429355621338,0.7398569583892822,0,4.0,1,1,1,1,1,1,1,1,1,1,1,1
data_066,1,0.6914198398590088,0.6551814675331116,0,4.0,1,1,1,1,1,1,1,1,1,1,1,1
data_066,0,0.7034670114517212,0.7034670114517212,0,4.0,0,0,0,0,0,0,0,0,0,0,0,0
data_066,0,0.6288936734199524,0.6288936734199524,0,4.0,0,1,1,0,1,1,1,0,1,1,1,0
data_066,1,0.7482771873474121,0.7482771873474121,0,4.0,1,1,1,0,1,1,1,1,1,1,1,1
data_066,0,0.771949052810669,0.771949052810669,0,4.0,0,0,0,0,0,0,0,0,0,0,0,0
data_066,0,0.7470537424087524,0.6602092981338501,0,2.0,0,0,0,0,0,0,0,0,0,0,0,0
data_066,0,0.7094163298606873,0.6033233404159546,0,2.0,0,0,0,0,0,0,0,0,0,0,0,0
data_066,1,0.7235791683197021,0.7235791683197021,0,2.0,0,0,1,0,0,1,0,0,1,1,1,0
data_066,1,0.7280408143997192,0.5576165914535522,0,2.0,1,1,0,0,1,1,1,1,1,1,1,1
data_066,0,0.8541760444641113,0.8541760444641113,0,4.0,0,0,0,0,0,0,0,0,0,0,0,0
data_066,0,0.7107508182525635,0.6901715993881226,0,4.0,0,0,0,0,0,0,0,0,0,0,0,0
data_066,1,0.6294195652008057,0.6093258261680603,0,4.0,0,0,0,0,0,1,0,0,0,1,0,0
data_066,0,0.6342126131057739,0.6342126131057739,0,4.0,0,0,0,0,0,0,0,0,1,0,0,0
data_067,0,0.9382627606391908,,1,0.0,0,0,0,0,0,0,0,0,0,0,0,0
data_067,0,0.8017204999923706,,1,0.0,0,0,0,0,0,0,0,0,0,0,0,0
data_067,0,0.8550057411193848,,1,0.0,0,0,0,0,0,0,0,0,0,0,0,0
data_067,0,0.9074192643165588,,1,0.0,0,0,0,0,0,0,0,0,0,0,0,0
data_067,0,0.7702410221099854,0.7702410221099854,0,5.0,0,0,0,0,0,0,0,0,1,0,0,0
data_067,0,0.7442039251327515,0.7442039251327515,0,5.0,0,0,0,0,0,0,0,0,0,0,0,0
data_067,0,0.7218343019485474,0.7218343019485474,0,5.0,0,0,0,0,0,0,0,0,0,0,0,0
data_067,0,0.7774790525436401,0.7774790525436401,0,5.0,0,0,0,0,0,0,0,0,0,0,0,0
data_067,0,0.8153674602508545,0.8153674602508545,0,5.0,0,0,0,0,0,0,0,0,0,0,0,0
data_067,0,0.6773340106010437,0.5768253207206726,0,4.0,0,0,0,0,1,0,0,0,1,0,1,0
data_067,0,0.5807862877845764,0.557267427444458,0,4.0,0,1,0,0,1,1,0,0,1,1,1,0
data_067,0,0.7581904530525208,0.7026481032371521,0,4.0,0,0,0,0,0,0,0,0,1,0,0,0
data_067,0,0.7445101737976074,0.6489827632904053,0,4.0,0,0,0,1,1,1,0,1,1,1,1,0
data_067,0,0.7583861947059631,0.6153470277786255,0,3.0,0,0,0,0,0,0,0,0,0,0,0,0
data_067,0,0.7647882103919983,0.5296986103057861,0,3.0,0,0,0,0,0,0,0,0,0,0,0,0
data_067,0,0.7175222039222717,0.5426483750343323,0,3.0,0,0,0,0,0,0,0,0,1,0,0,0
data_067,0,0.6780926585197449,0.6780926585197449,0,2.0,0,0,0,0,0,0,1,0,1,1,1,0
data_067,1,0.6474213600158691,0.4530342817306518,0,2.0,1,1,1,1,1,1,1,1,1,1,1,1
data_067,0,0.7243639230728149,0.6925376653671265,0,3.0,0,0,0,0,0,0,0,0,0,0,0,0
data_067,0,0.8161669969558716,0.8161669969558716,0,3.0,0,0,0,0,0,0,0,0,0,0,0,0
data_067,0,0.8150277733802795,0.8150277733802795,0,3.0,0,0,0,0,0,0,0,0,0,0,0,0
data_068,0,0.9208875894546508,,1,0.0,0,0,0,0,0,0,0,0,0,0,0,0
data_068,0,0.9087551832199096,,1,0.0,0,0,0,0,0,0,0,0,0,0,0,0
data_068,0,0.825348436832428,0.825348436832428,0,5.0,0,0,0,0,0,0,0,0,0,0,0,0
data_068,0,0.8409262299537659,0.8409262299537659,0,5.0,0,0,0,0,0,0,0,0,0,0,0,0
data_068,0,0.9924117922782898,0.9924117922782898,0,5.0,0,0,0,0,0,0,0,0,0,0,0,0
data_068,0,0.6436823606491089,0.6436823606491089,0,5.0,0,0,0,0,0,0,0,0,0,0,0,0
data_068,0,0.7916818261146545,0.7916818261146545,0,5.0,0,0,0,0,0,0,0,0,0,0,0,0
data_068,0,0.7061190605163574,0.7061190605163574,0,3.0,0,0,0,0,0,0,0,0,1,0,0,0
data_068,0,0.7818379998207092,0.7818379998207092,0,3.0,0,0,0,0,0,0,0,0,0,1,0,0
data_068,0,0.789306104183197,0.789306104183197,0,3.0,0,0,0,0,0,0,1,0,1,1,1,0
data_068,0,0.7918007373809814,0.6871470808982849,0,3.0,0,0,0,0,0,0,0,0,0,0,0,0
data_068,0,0.8876085877418518,0.8876085877418518,0,3.0,0,0,0,0,0,1,0,0,0,1,0,0
data_068,1,0.6884231567382812,0.6884231567382812,0,3.0,0,0,0,0,0,0,0,0,1,1,0,0
data_068,0,0.8045361638069153,0.7972645163536072,0,3.0,0,0,0,0,0,0,0,0,0,0,0,0
data_068,0,0.8391327857971191,0.8391327857971191,0,3.0,0,0,0,0,0,0,0,0,0,0,0,0
data_068,0,0.740967869758606,0.740967869758606,0,3.0,0,0,0,0,0,0,0,0,0,0,0,0
data_068,1,0.6563023924827576,0.6563023924827576,0,3.0,0,0,0,0,0,0,0,0,1,0,0,0
data_068,0,0.6965942978858948,0.6965942978858948,0,3.0,0,0,0,0,0,0,0,0,1,0,0,0
data_068,0,0.8743410110473633,0.8743410110473633,0,3.0,0,0,0,0,0,0,0,0,1,0,0,0
data_068,0,0.9033403396606444,0.9033403396606444,0,3.0,0,0,0,0,0,0,0,0,0,0,0,0
data_068,0,0.6865090131759644,0.6865090131759644,0,3.0,0,0,0,0,0,0,0,0,0,0,0,0
data_068,0,0.760646641254425,0.6595699787139893,0,3.0,0,0,0,0,0,0,0,0,1,0,0,0
data_068,0,0.957805871963501,0.957805871963501,0,2.0,0,0,0,0,0,0,0,0,0,0,0,0
data_068,0,0.7243506908416748,0.6240326166152954,0,2.0,0,0,0,0,0,0,0,0,0,0,0,0
data_069,0,0.7409318685531616,,1,0.0,0,0,0,0,0,0,0,0,0,0,0,0
data_069,0,0.7224382162094116,,1,0.0,0,0,0,0,0,0,0,0,1,0,0,0
data_069,0,0.7477254867553711,,1,0.0,0,0,0,0,0,0,0,0,0,0,0,0
data_069,0,0.7422242760658264,0.7422242760658264,0,4.0,0,0,0,0,1,0,0,0,1,1,0,0
data_069,1,0.7410861253738403,0.7410861253738403,0,4.0,0,0,0,0,0,0,0,0,0,0,0,0
data_069,0,0.823152482509613,0.823152482509613,0,4.0,0,0,0,0,0,0,0,0,0,0,0,0
data_069,0,0.8029724955558777,0.8029724955558777,0,4.0,0,0,0,0,0,0,0,0,0,0,0,0
data_069,0,0.8979121446609497,0.8979121446609497,0,3.0,0,0,0,0,0,0,0,0,0,0,0,0
data_069,0,0.8930538892745972,0.8930538892745972,0,3.0,0,0,0,0,0,0,0,0,0,0,0,0
data_069,0,0.8006348013877869,0.8006348013877869,0,3.0,0,0,0,0,0,0,0,0,0,0,0,0
data_069,0,0.8067010045051575,0.8067010045051575,0,3.0,0,0,0,0,0,0,0,0,0,0,0,0
data_069,0,0.6115707159042358,0.5342540740966797,0,3.0,0,0,0,0,0,0,0,0,1,0,1,0
data_069,0,0.7497851848602295,0.7448195815086365,0,3.0,0,0,0,0,0,0,0,0,0,0,0,0
data_069,0,0.6764159202575684,0.6684308648109436,0,3.0,0,0,0,0,0,0,0,0,0,0,0,0
data_069,0,0.7393743991851807,0.7393743991851807,0,3.0,0,0,0,0,0,0,0,0,0,0,0,0
data_069,0,0.7060033679008484,0.6014914512634277,0,3.0,0,0,0,0,1,1,0,0,1,1,1,0
data_069,0,0.8687540292739868,0.8687540292739868,0,3.0,0,0,0,0,0,0,0,0,0,0,0,0
data_069,0,0.8096393346786499,0.7405441403388977,0,3.0,0,0,0,0,1,1,0,0,1,1,1,0
data_069,0,0.6923845410346985,0.6923845410346985,0,3.0,0,0,0,0,0,0,0,0,0,0,0,0
data_069,0,0.6548600792884827,0.6548600792884827,0,3.0,0,0,0,0,0,0,0,0,0,0,0,0
data_069,0,0.7736073732376099,0.7736073732376099,0,3.0,0,0,0,0,0,0,0,0,0,0,0,0
data_069,0,0.6235840916633606,0.5985226035118103,0,3.0,0,0,0,0,0,0,0,0,0,0,0,0
data_070,0,0.7625308036804199,0.4089911580085754,0,3.0,0,0,0,0,0,0,0,0,0,0,0,0
data_070,0,0.8788247108459473,0.1707045286893844,0,3.0,0,0,0,0,0,0,0,0,0,0,0,0
data_070,0,0.6851644515991211,0.1852975338697433,0,3.0,0,0,0,0,0,0,0,0,1,0,0,0
data_070,0,0.881754457950592,,1,0.0,0,0,0,0,0,0,0,0,0,0,0,0
data_070,0,0.8465888500213623,,1,0.0,0,0,0,0,0,0,0,0,0,0,0,0
data_070,1,0.6493273377418518,,1,0.0,1,0,0,0,1,0,0,0,1,1,0,0
data_070,0,0.6642009019851685,0.6534176468849182,0,3.0,0,0,0,0,0,0,0,0,0,0,0,0
data_070,0,0.7071661353111267,0.7071661353111267,0,3.0,0,0,0,0,0,0,0,0,0,0,0,0
data_070,0,0.6908596754074097,0.6908596754074097,0,3.0,0,0,0,0,0,0,0,0,1,0,0,0
data_070,0,0.699287474155426,0.699287474155426,0,3.0,0,0,0,0,0,0,0,0,1,1,0,0
data_070,0,0.8492134809494019,0.8492134809494019,0,3.0,0,0,0,0,0,0,0,0,1,0,0,0
data_070,0,0.9634320139884948,0.9634320139884948,0,3.0,0,0,0,0,0,0,0,0,0,0,0,0
data_070,0,0.6637986898422241,0.6637986898422241,0,3.0,0,0,0,0,0,0,0,0,1,1,1,0
data_070,0,0.7755230665206909,0.7755230665206909,0,3.0,0,0,0,0,0,0,0,0,1,1,0,0
data_070,0,0.6945329904556274,0.6559990644454956,0,3.0,0,0,0,0,0,0,0,0,0,1,0,0
data_070,0,0.6550536751747131,0.6550536751747131,0,3.0,0,0,0,0,0,0,0,0,1,0,0,0
data_070,0,0.807470977306366,0.807470977306366,0,3.0,0,0,0,0,0,0,0,1,0,1,0,0
data_070,0,0.8596963882446289,0.8596963882446289,0,3.0,0,0,0,0,0,0,0,0,0,1,1,0
data_070,0,0.6910252571105957,0.6910252571105957,0,3.0,0,0,0,0,0,0,0,0,1,0,0,0
data_070,0,0.7635970711708069,0.7635970711708069,0,3.0,0,0,0,0,0,0,0,0,0,0,0,0
data_070,0,0.6419013738632202,0.6419013738632202,0,3.0,0,0,0,0,0,0,0,0,0,0,0,0
data_071,0,0.6451135873794556,,1,0.0,0,0,0,0,0,0,0,0,1,0,0,0
data_071,0,0.9315046668052672,,1,0.0,0,0,0,0,0,0,0,0,0,0,0,0
data_071,0,0.7017845511436462,,1,0.0,0,0,0,0,0,0,0,0,0,0,0,0
data_071,0,0.7423935532569885,,1,0.0,0,0,0,0,0,0,0,0,1,1,0,0
data_071,0,0.8117075562477112,0.8117075562477112,0,4.0,0,0,0,0,0,0,0,0,0,0,0,0
data_071,0,0.8715898990631104,0.8715898990631104,0,4.0,0,0,0,0,0,0,0,0,0,0,0,0
data_071,0,0.692280113697052,0.692280113697052,0,4.0,0,0,0,0,0,0,0,0,0,0,0,0
data_071,0,0.7996050715446472,0.7996050715446472,0,4.0,0,0,0,0,0,0,0,0,0,0,0,0
data_071,0,0.6656020283699036,0.6628759503364563,0,4.0,0,0,0,0,0,0,0,0,1,0,0,0
data_071,1,0.7885792851448059,0.6737425327301025,0,4.0,1,1,1,1,1,1,1,1,1,1,1,1
data_071,0,0.8292095065116882,0.8292095065116882,0,4.0,0,0,0,0,0,0,0,0,0,0,0,0
data_071,0,0.784614622592926,0.784614622592926,0,4.0,0,0,0,0,1,0,0,0,1,0,0,0
data_071,0,0.6405911445617676,0.6405911445617676,0,4.0,0,0,0,0,0,1,0,0,1,1,0,0
data_071,0,0.6669239401817322,0.6669239401817322,0,4.0,0,0,0,0,0,0,0,0,0,0,0,0
data_071,0,0.7757646441459656,0.7757646441459656,0,4.0,0,0,0,0,0,0,0,0,1,0,0,0
data_071,0,0.7293300032615662,0.6352584958076477,0,4.0,0,0,0,0,0,0,0,0,0,0,0,0
data_071,0,0.7041885256767273,0.7041885256767273,0,4.0,0,0,0,0,0,0,0,0,1,1,1,0
data_071,0,0.8380849361419678,0.8380849361419678,0,4.0,0,0,0,0,0,1,0,0,0,1,0,0
data_071,0,0.764775812625885,0.764775812625885,0,4.0,0,0,0,0,1,0,0,0,1,1,1,0
data_071,0,0.7558148503303528,0.6964128613471985,0,4.0,0,0,0,0,1,0,0,0,1,1,0,0
data_072,0,0.8800883889198303,,1,0.0,0,0,0,0,0,0,0,0,0,0,0,0
data_072,0,0.8286073803901672,,1,0.0,0,0,0,0,0,0,0,0,0,0,0,0
data_072,0,0.8985726833343506,,1,0.0,0,0,0,0,0,0,0,0,0,0,0,0
data_072,0,0.8159148097038269,0.8159148097038269,0,4.0,0,0,0,0,0,0,0,0,0,0,0,0
data_072,0,0.8458797931671143,0.8458797931671143,0,4.0,0,0,0,0,1,0,0,0,0,1,0,0
data_072,0,0.8327605724334717,0.8327605724334717,0,4.0,0,0,0,0,0,0,0,0,0,0,0,0
data_072,0,0.712855339050293,0.712855339050293,0,4.0,0,0,0,0,1,1,0,0,0,1,0,0
data_072,0,0.8952888250350952,0.8952888250350952,0,3.0,0,0,0,0,0,0,0,0,0,0,0,0
data_072,0,0.8399033546447754,0.7968113422393799,0,3.0,0,0,0,0,0,0,0,0,0,0,0,0
data_072,0,0.6581693887710571,0.6581693887710571,0,3.0,0,0,0,0,1,1,0,0,1,1,1,1
data_072,0,0.838742196559906,0.838742196559906,0,4.0,0,0,0,0,0,0,0,0,0,0,0,0
data_072,0,0.7953212261199951,0.7953212261199951,0,4.0,0,0,0,0,0,0,0,0,0,0,0,0
data_072,0,0.7980294227600098,0.7980294227600098,0,4.0,0,0,0,0,0,0,0,0,0,0,0,0
data_072,0,0.8390748500823975,0.8390748500823975,0,4.0,0,0,0,0,0,0,0,0,0,0,0,0
data_072,0,0.6516559720039368,0.6516559720039368,0,3.0,0,0,0,0,0,0,0,0,0,0,0,0
data_072,0,0.7582901120185852,0.7582901120185852,0,3.0,0,0,0,0,0,0,0,0,0,0,0,0
data_072,0,0.6711866855621338,0.6711866855621338,0,3.0,0,0,0,0,0,1,0,0,1,1,0,0
data_072,0,0.9636520743370056,0.9636520743370056,0,3.0,0,0,0,0,0,0,0,0,0,0,0,0
data_072,0,0.7756617069244385,0.7756617069244385,0,3.0,0,0,0,0,0,0,0,0,0,0,0,0
data_072,0,0.7564544081687927,0.7564544081687927,0,3.0,0,0,0,0,0,0,0,0,0,0,0,0
data_072,0,0.8018501996994019,0.8018501996994019,0,3.0,0,0,0,0,0,0,0,0,0,0,0,0
data_072,0,0.8824061751365662,0.8824061751365662,0,3.0,0,0,0,0,0,0,0,0,0,0,0,0
data_072,0,0.7327264547348022,0.7327264547348022,0,3.0,0,0,0,0,0,0,0,0,0,0,0,0
data_073,0,0.659039318561554,,1,0.0,0,0,0,0,1,0,0,0,1,0,0,0
data_073,1,0.6695526242256165,,1,0.0,1,1,1,1,1,1,1,1,1,1,1,0
data_073,1,0.8123398423194885,0.7382579445838928,0,3.0,0,0,0,0,1,0,1,0,1,1,1,0
data_073,0,0.7800639271736145,0.7800639271736145,0,3.0,0,0,0,0,0,0,0,0,1,0,0,0
data_073,0,0.6749078631401062,0.6749078631401062,0,3.0,0,0,0,0,0,0,0,0,1,0,0,0
data_073,0,0.6897068023681641,0.5884296894073486,0,3.0,0,0,0,0,0,1,0,0,1,1,0,0
data_073,0,0.8412519693374634,0.8412519693374634,0,3.0,0,0,0,0,0,0,0,0,1,0,0,0
data_073,0,0.7345114946365356,0.7061414122581482,0,3.0,0,0,0,0,1,0,0,0,1,0,0,0
data_073,0,0.6897068023681641,0.4207528233528137,0,3.0,0,0,0,0,0,0,0,0,1,0,0,0
data_073,0,0.8073530793190002,0.8073530793190002,0,3.0,0,0,0,0,0,0,0,0,0,0,0,0
data_073,0,0.8332198262214661,0.8332198262214661,0,3.0,0,0,0,0,0,0,0,0,0,0,0,0
data_073,0,0.8239220380783081,0.8239220380783081,0,3.0,0,0,0,0,0,0,0,0,0,0,0,0
data_073,0,0.7681044936180115,0.7681044936180115,0,3.0,0,0,0,0,0,1,0,0,1,0,0,0
data_073,0,0.7025642395019531,0.7025642395019531,0,3.0,0,0,0,0,0,0,0,0,0,0,0,0
data_073,0,0.8128852248191833,0.8128852248191833,0,3.0,0,0,0,0,0,0,0,0,0,0,0,0
data_073,0,0.7153326869010925,0.6864636540412903,0,3.0,0,0,0,0,0,0,0,0,1,1,0,0
data_073,0,0.7661935687065125,0.6849956512451172,0,3.0,0,0,0,0,0,0,0,0,0,0,0,0
data_073,0,0.774200439453125,0.6724367737770081,0,3.0,0,0,0,0,1,1,0,0,1,1,1,0
data_073,0,0.7321925759315491,0.7098714709281921,0,3.0,0,0,0,0,1,0,0,0,1,0,0,0
data_073,0,0.8176664113998413,0.8176664113998413,0,3.0,0,0,0,0,0,0,0,0,0,0,0,0
data_073,0,0.8299043774604797,0.8299043774604797,0,3.0,0,0,0,0,0,0,0,0,0,0,0,0
data_073,0,0.7412360310554504,0.7412360310554504,0,3.0,0,0,0,0,0,0,0,0,1,0,1,0
data_073,1,0.7143135070800781,0.5316266417503357,0,3.0,0,0,0,0,1,0,0,0,0,0,0,0
data_074,0,0.8300073146820068,,1,0.0,0,0,0,0,0,0,0,0,0,0,0,0
data_074,1,0.7695925235748291,,1,0.0,1,0,1,0,1,1,0,0,1,1,1,0
data_074,0,0.6116544604301453,0.5892877578735352,0,5.0,0,0,0,0,0,0,0,0,0,0,0,0
data_074,0,0.6682826280593872,0.6317733526229858,0,5.0,0,0,0,0,0,0,0,0,0,0,0,0
data_074,0,0.8082040548324585,0.8082040548324585,0,5.0,0,0,0,0,0,0,0,0,0,0,0,0
data_074,0,0.6866216659545898,0.6866216659545898,0,5.0,0,0,0,0,0,0,0,0,1,0,0,0
data_074,0,0.7143056988716125,0.7100597620010376,0,5.0,0,0,0,0,0,0,0,0,0,0,0,0
data_074,0,0.8821684122085571,0.8821684122085571,0,4.0,0,0,0,0,1,1,0,0,1,1,0,0
data_074,0,0.7874420285224915,0.7630223035812378,0,4.0,0,0,0,0,0,0,0,0,0,0,0,0
data_074,0,0.8657199740409851,0.8657199740409851,0,4.0,0,0,0,0,0,1,0,0,1,1,0,0
data_074,0,0.6845337152481079,0.6362120509147644,0,4.0,0,0,0,0,0,0,0,0,0,0,0,0
data_074,0,0.7896237373352051,,1,0.0,0,0,0,0,0,0,0,0,1,0,0,0
data_074,0,0.7077038288116455,,1,0.0,0,0,0,0,0,0,0,0,1,1,0,0
data_074,0,0.8011130690574646,,1,0.0,0,0,0,0,0,0,0,0,1,1,0,0
data_074,1,0.7297156453132629,,1,0.0,1,1,1,1,1,1,1,1,1,1,1,1
data_074,1,0.6767702102661133,,1,0.0,0,1,1,1,1,1,1,1,1,1,1,1
data_074,1,0.7615141868591309,,1,0.0,1,1,1,1,1,1,1,1,1,1,1,1
data_074,0,0.89490807056427,0.89490807056427,0,4.0,0,0,0,0,0,0,0,0,0,0,0,0
data_074,0,0.8167620301246643,0.8167620301246643,0,4.0,0,0,0,0,0,0,0,0,0,0,0,0
data_074,0,0.8248324394226074,0.8248324394226074,0,4.0,0,0,0,0,0,0,0,0,0,0,0,0
data_074,0,0.8443424701690674,0.8443424701690674,0,4.0,0,0,0,0,0,0,0,0,0,0,0,0
data_074,0,0.8722832798957825,0.8722832798957825,0,3.0,0,0,0,0,0,0,0,0,0,0,0,0
data_074,0,0.7438263297080994,0.7438263297080994,0,3.0,0,0,0,0,0,0,0,0,0,0,0,0
data_074,0,0.93254417181015,0.93254417181015,0,3.0,0,0,0,0,0,0,0,0,0,0,0,0
data_074,0,0.8354767560958862,0.8354767560958862,0,3.0,0,0,0,0,0,0,0,0,0,0,0,0
data_074,0,0.6851900219917297,0.6818409562110901,0,3.0,0,0,0,0,0,0,0,0,0,0,0,0
data_074,0,0.8433244228363037,0.8433244228363037,0,3.0,0,0,0,0,0,0,0,0,0,0,0,0
data_074,0,0.8107917904853821,0.8107917904853821,0,3.0,0,0,0,0,0,0,0,0,1,0,0,0
data_074,0,0.7526005506515503,0.7526005506515503,0,3.0,0,0,0,0,0,0,0,0,0,0,0,0
data_074,0,0.7529077529907227,0.7351521849632263,0,3.0,0,0,0,0,0,0,0,0,1,0,0,0
data_074,0,0.759580135345459,0.759580135345459,0,3.0,0,0,0,0,0,0,0,0,0,0,0,0
data_074,0,0.6213768124580383,0.6044922471046448,0,3.0,0,0,0,0,0,0,0,0,0,0,0,0
data_074,0,0.8740502595901489,0.6467617154121399,0,3.0,0,0,0,0,0,0,0,0,1,0,0,0
data_075,0,0.8901782631874084,,1,0.0,0,0,0,0,0,1,0,0,0,1,0,0
data_075,0,0.7830777168273926,0.7830777168273926,0,3.0,0,0,0,0,0,0,0,0,0,0,0,0
data_075,0,0.7271871566772461,0.7197641730308533,0,3.0,0,0,0,0,0,0,0,0,1,0,0,0
data_075,0,0.7799588441848755,0.7514289021492004,0,3.0,0,0,0,0,0,0,0,0,0,1,0,0
data_075,0,0.7875328660011292,0.7875328660011292,0,3.0,0,0,0,0,0,0,0,0,0,0,0,0
data_075,0,0.8995428085327148,0.8995428085327148,0,3.0,0,0,0,0,0,0,0,0,0,0,0,0
data_075,0,0.669792890548706,0.6423628926277161,0,3.0,0,0,0,0,0,1,0,0,1,1,1,0
data_075,0,0.7626772522926331,0.7508549690246582,0,3.0,0,0,0,0,1,0,0,0,1,0,0,0
data_075,0,0.7702595591545105,0.7702595591545105,0,3.0,0,0,0,0,0,0,0,0,0,0,0,0
data_075,0,0.821056067943573,0.821056067943573,0,3.0,0,0,0,0,0,0,0,0,1,0,0,0
data_075,0,0.8089317083358765,0.8089317083358765,0,3.0,0,0,0,0,0,0,0,0,0,0,0,0
data_075,0,0.7380619049072266,0.7380619049072266,0,3.0,0,0,0,0,0,0,0,0,0,0,0,0
data_075,0,0.8191578388214111,0.6869749426841736,0,3.0,0,0,0,0,0,0,0,0,0,0,0,0
data_075,0,0.7648450136184692,0.7648450136184692,0,2.0,0,0,0,0,0,0,0,0,0,0,0,0
data_075,0,0.7272759675979614,0.7272759675979614,0,2.0,0,0,0,0,0,0,0,0,1,0,0,0
data_075,0,0.8101869821548462,0.6839230060577393,0,2.0,0,0,0,0,0,0,0,0,0,0,0,0
data_075,0,0.7495517730712891,0.6827870607376099,0,2.0,0,0,0,0,0,1,1,0,1,1,1,0
data_075,0,0.6080578565597534,0.5167005658149719,0,2.0,0,0,0,0,0,0,0,0,0,0,0,0
data_075,0,0.6953546404838562,0.6386013627052307,0,2.0,0,0,0,0,0,0,1,0,1,0,1,0
data_075,0,0.6917779445648193,0.6917779445648193,0,3.0,0,0,0,0,0,0,0,0,0,0,0,0
data_075,0,0.7228099703788757,0.7043952345848083,0,3.0,0,0,0,0,0,0,0,0,0,0,0,0
data_075,0,0.7058326601982117,0.7058326601982117,0,3.0,0,0,0,0,0,0,0,0,1,1,0,0
data_075,0,0.7455911636352539,0.7169538736343384,0,2.0,0,0,0,0,0,0,0,0,1,0,0,0
data_075,0,0.5909780859947205,0.5819649696350098,0,2.0,0,0,0,0,0,0,0,0,0,0,0,0
data_075,1,0.769829273223877,0.769829273223877,0,2.0,1,0,0,0,1,1,0,0,1,1,1,0
data_075,0,0.7300673127174377,0.7300673127174377,0,2.0,0,0,0,0,0,0,0,0,0,0,0,0
data_075,0,0.7482784390449524,0.6635198593139648,0,2.0,0,0,0,0,0,0,0,0,0,0,0,0
data_075,0,0.7951858639717102,0.7951858639717102,0,2.0,0,0,0,0,0,0,0,0,0,0,0,0
data_075,0,0.6940393447875977,0.6940393447875977,0,2.0,0,0,0,0,0,0,0,0,0,0,0,0
data_075,0,0.66810142993927,0.6075246334075928,0,2.0,0,0,0,0,0,0,0,0,0,0,0,0
data_076,0,0.7826897501945496,,1,0.0,0,0,0,0,0,0,0,0,0,0,0,0
data_076,0,0.7645943760871887,,1,0.0,0,0,0,0,0,0,0,0,0,0,0,0
data_076,0,0.8149086236953735,0.8149086236953735,0,3.0,0,0,0,0,0,0,0,0,0,0,0,0
data_076,0,0.7921255230903625,0.7921255230903625,0,3.0,0,0,0,0,0,0,0,0,0,0,0,0
data_076,0,0.7594788670539856,0.7594788670539856,0,3.0,0,0,0,0,0,0,0,0,0,0,0,0
data_076,0,0.7237440943717957,0.7237440943717957,0,2.0,0,0,0,0,0,0,0,0,0,0,0,0
data_076,0,0.7417767643928528,0.7417767643928528,0,2.0,0,0,0,0,0,0,0,0,0,0,0,0
data_076,0,0.772241473197937,0.7190059423446655,0,2.0,0,0,0,0,0,0,0,0,1,0,0,0
data_076,0,0.6723883748054504,0.67112135887146,0,2.0,0,0,0,0,0,0,0,0,0,0,0,0
data_076,0,0.7519806027412415,0.7519806027412415,0,2.0,0,0,0,0,0,0,0,0,1,1,0,0
data_076,0,0.7527000308036804,0.7527000308036804,0,2.0,0,0,0,0,0,0,0,0,0,0,0,0
data_076,0,0.6985056400299072,0.6665535569190979,0,2.0,0,0,0,0,0,0,0,0,1,1,0,0
data_076,0,0.8104020357131958,0.8104020357131958,0,2.0,0,0,0,0,0,0,0,0,1,1,0,0
data_076,0,0.7737608551979065,0.7737608551979065,0,2.0,0,0,0,0,0,0,0,0,0,0,0,0
data_076,0,0.8149456977844238,0.8149456977844238,0,2.0,0,0,0,0,0,0,0,0,1,1,0,0
data_076,0,0.5947816371917725,0.4667825400829315,0,2.0,0,0,0,0,0,0,0,0,0,1,0,0
data_076,0,0.6129250526428223,0.5418499112129211,0,2.0,0,0,0,0,0,0,0,0,0,1,0,0
data_076,0,0.7474937438964844,0.7456015348434448,0,2.0,0,0,0,0,0,0,0,0,1,0,0,0
data_076,0,0.7401730418205261,0.7322924733161926,0,2.0,0,0,0,0,0,0,0,0,0,0,0,0
data_076,0,0.7578155398368835,0.6894091367721558,0,2.0,0,0,0,0,1,0,0,0,1,0,0,0
data_076,0,0.8223903775215149,0.8176628947257996,0,2.0,0,0,0,0,0,0,0,0,1,0,0,0
data_077,0,0.8594702482223511,,1,0.0,0,0,0,0,0,0,0,0,0,0,0,0
data_077,0,0.7999318242073059,,1,0.0,0,0,0,0,0,0,0,0,0,0,0,0
data_077,0,0.7434818148612976,,1,0.0,0,0,0,0,0,0,0,0,0,0,0,0
data_077,1,0.7186822295188904,,1,0.0,1,1,1,1,1,1,1,1,1,1,1,1
data_077,0,0.7303645014762878,,1,0.0,0,0,0,0,0,0,0,0,0,0,0,0
data_077,0,0.8390224575996399,0.7543823719024658,0,5.0,0,0,0,0,0,0,0,0,0,0,0,0
data_077,0,0.732549250125885,0.6690484881401062,0,5.0,0,0,0,0,0,0,0,0,1,0,0,0
data_077,0,0.8753151297569275,0.8753151297569275,0,5.0,0,0,0,0,0,0,0,0,0,0,0,0
data_077,0,0.7074025273323059,0.7074025273323059,0,5.0,0,0,0,0,0,0,0,0,0,0,0,0
data_077,0,0.8315456509590149,0.8315456509590149,0,5.0,0,0,0,0,0,0,0,0,0,0,0,0
data_077,1,0.7209804654121399,0.6671338677406311,0,5.0,0,0,0,0,0,0,0,0,0,0,0,0
data_077,0,0.8104257583618164,0.8104257583618164,0,5.0,0,0,0,0,0,0,0,0,0,0,0,0
data_077,0,0.7749316692352295,0.7749316692352295,0,5.0,0,0,0,0,0,0,0,0,0,0,0,0
data_077,0,0.702172577381134,0.702172577381134,0,5.0,0,0,0,0,0,0,0,0,0,1,0,0
data_077,0,0.8229947686195374,0.8229947686195374,0,5.0,0,0,0,0,0,0,0,0,0,0,0,0
data_077,0,0.6875550746917725,0.6321749687194824,0,5.0,0,0,0,0,0,0,0,0,0,0,0,0
data_077,0,0.6964430809020996,0.5946300625801086,0,5.0,0,0,0,0,0,0,0,0,0,0,0,0
data_077,0,0.8021815419197083,0.8021815419197083,0,5.0,0,0,0,0,0,0,0,0,0,0,0,0
data_077,0,0.8004075884819031,0.7035927772521973,0,5.0,0,0,0,0,0,0,0,0,1,0,1,0
data_077,0,0.71349036693573,0.71349036693573,0,5.0,0,0,0,0,1,1,1,0,1,1,0,0
data_078,0,0.7130292654037476,0.1373656690120697,0,3.0,0,0,0,0,0,0,0,0,0,0,0,0
data_078,0,0.7893664836883545,0.0204925742000341,0,3.0,0,0,0,0,0,0,0,0,0,0,0,0
data_078,0,0.7230562567710876,0.2260978072881698,0,3.0,0,0,0,0,0,0,0,0,0,0,0,0
data_078,0,0.6786047220230103,0.6423314213752747,0,3.0,0,0,0,0,0,0,0,0,0,0,0,0
data_078,0,0.8659694194793701,0.8659694194793701,0,3.0,0,0,0,0,0,0,0,0,1,0,0,0
data_078,1,0.6790030598640442,0.6790030598640442,0,3.0,1,1,0,1,1,1,1,1,1,1,1,1
data_078,0,0.8050563931465149,0.7148674726486206,0,3.0,0,0,0,0,0,0,0,0,0,0,0,0
data_078,0,0.7536926865577698,0.7536926865577698,0,3.0,0,1,0,0,1,0,0,0,1,1,1,0
data_078,0,0.673842191696167,0.673842191696167,0,3.0,0,1,0,1,0,1,1,1,1,1,1,1
data_078,0,0.7151084542274475,0.7151084542274475,0,3.0,0,0,0,0,0,0,0,0,0,0,0,0
data_078,0,0.7032808065414429,0.7032808065414429,0,3.0,0,0,0,0,0,1,0,0,1,1,0,0
data_078,0,0.7018960118293762,0.7018960118293762,0,3.0,1,1,1,1,1,1,1,1,1,1,1,1
data_078,0,0.5916903018951416,0.5884987711906433,0,3.0,0,0,0,0,0,0,0,0,0,0,0,0
data_078,1,0.787450909614563,0.787450909614563,0,3.0,0,1,0,0,0,1,1,0,1,1,1,0
data_078,0,0.6120525598526001,0.5200899243354797,0,3.0,0,0,0,0,0,1,0,0,1,1,1,0
data_079,0,0.7724905014038086,,1,0.0,0,0,0,0,0,0,0,0,1,0,0,0
data_079,0,0.7841943502426147,,1,0.0,0,0,0,0,0,0,0,0,1,0,0,0
data_079,1,0.7760939598083496,0.7760939598083496,0,2.0,0,0,0,0,1,1,0,0,1,1,1,0
data_079,0,0.6981752514839172,0.6981752514839172,0,2.0,0,0,0,0,1,0,0,0,1,0,0,0
data_079,0,0.8041020631790161,0.8041020631790161,0,3.0,0,0,0,0,0,0,0,0,0,0,0,0
data_079,0,0.8233799338340759,0.8233799338340759,0,3.0,0,0,0,0,0,0,0,0,0,0,0,0
data_079,0,0.7083997130393982,0.6972953677177429,0,3.0,0,0,0,0,0,0,0,0,1,0,0,0
data_079,0,0.7524107694625854,0.7524107694625854,0,3.0,0,0,0,0,0,0,0,0,0,0,0,0
data_079,0,0.8726299405097961,0.8726299405097961,0,3.0,0,0,0,0,0,0,0,0,0,0,0,0
data_079,0,0.7713834047317505,0.7474716305732727,0,3.0,0,0,1,0,1,1,0,1,1,1,0,1
data_079,0,0.7206262946128845,0.7206262946128845,0,2.0,0,0,0,0,0,0,0,0,0,0,1,0
data_079,0,0.8530359268188477,0.8530359268188477,0,2.0,0,0,0,0,0,0,0,0,0,0,0,0
data_079,0,0.7201535105705261,0.6180142760276794,0,3.0,0,0,0,0,1,0,0,0,1,0,0,0
data_079,0,0.7469469308853149,0.6436415314674377,0,3.0,0,0,0,0,0,0,0,0,0,1,0,0
data_079,0,0.7763823866844177,0.7763823866844177,0,3.0,0,0,0,0,0,0,0,0,1,0,0,0
data_079,0,0.7903226017951965,0.7903226017951965,0,3.0,0,0,0,0,0,0,0,0,0,0,0,0
data_079,0,0.7599553465843201,0.7599553465843201,0,3.0,0,0,0,0,0,0,0,0,0,0,0,0
data_079,0,0.7398714423179626,0.703201413154602,0,3.0,0,0,0,0,1,0,0,0,1,0,0,0
data_080,0,0.8923434019088745,,1,0.0,0,0,0,0,0,0,0,0,0,0,0,0
data_080,0,0.7356153130531311,,1,0.0,0,0,0,0,0,0,0,0,1,0,0,0
data_080,0,0.730935275554657,,1,0.0,0,0,0,0,0,0,0,0,1,1,0,0
data_080,0,0.7920913100242615,0.7086760997772217,0,4.0,0,0,0,0,0,0,0,0,0,1,1,0
data_080,1,0.7428406476974487,0.674465537071228,0,4.0,0,1,0,0,1,1,0,0,1,1,1,0
data_080,0,0.780804455280304,0.780804455280304,0,4.0,0,0,0,0,0,0,0,0,0,0,0,0
data_080,0,0.7607002258300781,0.7607002258300781,0,4.0,0,0,0,0,0,0,0,0,0,0,0,0
data_080,1,0.7538994550704956,0.7095528244972229,0,3.0,0,0,0,0,0,0,0,0,0,0,0,0
data_080,0,0.8168885111808777,0.8168885111808777,0,3.0,0,0,0,0,0,0,0,0,1,0,0,0
data_080,0,0.8355679512023926,0.7066765427589417,0,3.0,0,0,0,0,0,0,0,0,0,0,0,0
data_080,0,0.5980258584022522,0.5980258584022522,0,3.0,0,0,0,0,0,0,0,0,1,0,0,0
data_080,0,0.7510365843772888,0.7510365843772888,0,3.0,0,0,0,0,0,0,0,0,0,1,0,0
data_080,0,0.6506872177124023,0.6506872177124023,0,3.0,0,0,0,0,0,0,0,0,0,0,0,0
data_080,0,0.7373623251914978,0.647237241268158,0,2.0,0,0,0,0,0,0,0,0,0,0,0,0
data_080,0,0.7310424447059631,0.7310424447059631,0,2.0,0,0,0,0,0,0,0,0,0,0,0,0
data_080,0,0.7560374736785889,0.6643621921539307,0,3.0,0,0,0,0,1,0,0,0,1,1,0,0
data_080,0,0.6572757959365845,0.6243901252746582,0,3.0,0,0,0,0,0,0,1,0,1,0,1,0
data_080,0,0.8113772869110107,0.8113772869110107,0,3.0,0,0,0,0,0,0,0,0,0,0,0,0
data_080,0,0.928433120250702,0.928433120250702,0,2.0,0,0,0,0,0,0,0,0,0,0,0,0
data_080,0,0.748060941696167,0.748060941696167,0,2.0,0,0,0,0,0,0,0,0,0,0,0,0
data_080,0,0.8813078999519348,0.8813078999519348,0,3.0,0,0,0,0,0,0,0,0,0,0,0,0
data_080,0,0.7747359871864319,0.7747359871864319,0,3.0,0,0,0,0,0,0,0,0,0,0,0,0
data_080,0,0.845895528793335,0.845895528793335,0,3.0,0,0,0,0,0,0,0,0,1,0,0,0
data_080,0,0.9431106448173524,0.9431106448173524,0,2.0,0,0,0,0,0,0,0,0,0,0,0,0
data_080,0,0.759014368057251,0.6554772853851318,0,2.0,0,0,0,0,0,0,0,0,0,0,0,0
data_080,0,0.7361389994621277,0.6732979416847229,0,3.0,0,0,0,0,0,0,0,0,1,0,0,0
data_080,0,0.7951688766479492,0.7951688766479492,0,3.0,0,0,0,0,0,0,0,0,0,0,0,0
data_080,1,0.7788549065589905,0.7788549065589905,0,3.0,0,0,0,0,1,0,0,0,1,0,0,0
data_080,0,0.8358176946640015,0.8358176946640015,0,3.0,0,0,0,0,0,0,1,0,0,0,0,0
data_080,0,0.8477813601493835,0.8477813601493835,0,3.0,0,0,0,0,0,0,0,0,0,0,0,0
data_080,0,0.6805579662322998,0.6805579662322998,0,3.0,0,0,0,0,0,0,0,0,1,0,0,0
data_081,0,0.8947214484214783,,1,0.0,0,0,0,0,0,0,0,0,0,0,0,0
data_081,0,0.5969856381416321,,1,0.0,0,0,0,0,0,0,0,0,0,0,0,0
data_081,0,0.6744146347045898,0.6744146347045898,0,4.0,0,0,0,0,0,0,0,0,0,1,0,0
data_081,0,0.7922000288963318,0.6619576811790466,0,4.0,0,0,0,0,0,0,0,0,1,0,0,0
data_081,1,0.8121406435966492,0.7009796500205994,0,4.0,0,0,0,0,0,0,0,0,1,0,1,0
data_081,0,0.6633833050727844,0.6633833050727844,0,4.0,0,0,0,0,0,0,0,0,0,0,0,0
data_081,0,0.6722344160079956,0.6657041907310486,0,2.0,0,0,0,0,0,0,0,0,0,0,0,0
data_081,1,0.6492254734039307,0.6201665997505188,0,2.0,0,0,0,0,1,1,1,0,1,1,1,1
data_081,0,0.7459772229194641,0.7093844413757324,0,4.0,0,0,0,0,0,0,0,0,0,0,0,0
data_081,0,0.6830824613571167,0.63168865442276,0,4.0,0,0,0,0,1,0,0,0,1,0,0,0
data_081,1,0.7344842553138733,0.7344842553138733,0,4.0,0,1,0,0,1,1,1,0,1,1,0,0
data_081,0,0.6802757978439331,0.6802757978439331,0,4.0,0,0,0,0,0,0,0,0,1,0,0,0
data_081,1,0.6692513227462769,0.6451636552810669,0,3.0,0,1,0,1,0,1,0,0,0,1,0,0
data_081,0,0.797319769859314,0.797319769859314,0,3.0,0,0,0,0,0,0,0,0,0,0,0,0
data_081,0,0.7460507750511169,0.7460507750511169,0,3.0,0,0,0,0,0,1,0,0,1,1,0,0
data_081,0,0.7630676031112671,0.7289645671844482,0,3.0,0,0,0,0,0,0,0,0,0,0,0,0
data_081,0,0.79579097032547,0.7037145495414734,0,3.0,0,0,0,0,0,0,0,0,0,0,0,0
data_081,0,0.7199623584747314,0.7199623584747314,0,3.0,0,0,0,0,0,0,0,0,0,0,0,0
data_082,0,0.7954440712928772,,1,0.0,0,0,0,0,0,0,0,0,0,0,0,0
data_082,0,0.7844278216362,,1,0.0,0,0,0,0,1,0,0,0,1,1,0,0
data_082,0,0.7184796333312988,,1,0.0,0,0,0,0,0,0,0,0,1,0,0,0
data_082,1,0.6827330589294434,0.5834988355636597,0,3.0,1,1,0,0,1,1,1,1,1,1,1,1
data_082,1,0.7435967922210693,0.7197537422180176,0,3.0,0,0,0,0,0,0,0,0,1,1,1,0
data_082,0,0.7089752554893494,0.6800507307052612,0,3.0,0,0,0,0,0,0,0,0,1,0,0,0
data_082,0,0.8081540465354919,0.8081540465354919,0,3.0,0,0,0,0,0,0,0,0,0,0,0,0
data_082,0,0.7202004194259644,0.7202004194259644,0,3.0,0,0,0,0,0,0,0,0,0,0,0,0
data_082,0,0.769429087638855,0.7256829142570496,0,3.0,0,0,0,0,0,0,0,0,1,0,0,0
data_082,0,0.7931972146034241,0.7931972146034241,0,3.0,0,0,0,0,0,0,0,0,0,1,0,0
data_082,0,0.719721257686615,0.7070029973983765,0,3.0,0,0,0,0,0,0,0,0,0,0,0,0
data_082,0,0.6382649540901184,0.6382649540901184,0,3.0,0,0,0,0,1,0,0,0,1,1,0,0
data_082,0,0.8382238745689392,0.8382238745689392,0,3.0,0,0,0,0,0,0,0,0,1,0,0,0
data_082,0,0.6991128921508789,0.552500307559967,0,3.0,0,0,0,0,1,0,0,0,1,1,1,0
data_082,0,0.806455671787262,0.5872814059257507,0,3.0,0,0,0,0,1,0,0,0,1,1,1,0
data_082,0,0.7485325932502747,0.6757382750511169,0,3.0,0,0,0,0,0,0,0,0,1,0,0,0
data_082,0,0.7325242161750793,0.7323959469795227,0,3.0,0,0,0,0,0,0,0,0,1,1,0,0
data_082,1,0.7982190251350403,0.5646312236785889,0,3.0,0,0,0,0,1,1,0,0,1,1,0,0
data_083,0,0.8345800638198853,,1,0.0,0,0,0,0,1,0,0,0,0,1,1,0
data_083,0,0.7684284448623657,,1,0.0,0,0,0,0,0,0,0,0,1,1,1,0
data_083,0,0.818789005279541,,1,0.0,0,0,0,0,0,0,0,0,0,0,0,1
data_083,0,0.7459083199501038,,1,0.0,0,0,0,0,0,0,0,0,0,0,0,0
data_083,0,0.798274040222168,,1,0.0,0,0,0,0,0,0,0,0,1,1,0,0
data_083,0,0.8063329458236694,0.8063329458236694,0,2.0,0,0,0,0,0,0,0,0,0,0,0,0
data_083,0,0.7442375421524048,0.7442375421524048,0,2.0,0,0,0,0,1,0,0,0,1,1,1,0
data_083,1,0.6538342833518982,0.6066545844078064,0,2.0,1,1,1,1,1,1,1,1,1,1,1,1
data_083,1,0.7598393559455872,0.5558124780654907,0,2.0,1,1,1,1,1,1,1,1,1,1,1,1
data_084,0,0.8640872836112976,,1,0.0,0,0,0,0,0,0,0,0,0,0,0,0
data_084,0,0.8203778862953186,,1,0.0,0,0,0,0,0,0,0,0,1,0,0,0
data_084,0,0.7495602965354919,,1,0.0,0,0,0,0,1,0,0,0,1,0,0,0
data_084,0,0.8293125033378601,,1,0.0,0,0,0,0,0,0,0,0,0,0,0,0
data_084,0,0.8563228845596313,,1,0.0,0,0,0,0,0,0,0,0,0,0,0,0
data_084,0,0.7469343543052673,0.7469343543052673,0,5.0,0,0,0,0,0,0,0,0,1,1,0,0
data_084,0,0.6975567936897278,0.6975567936897278,0,5.0,0,0,0,0,0,0,0,0,0,0,0,0
data_084,0,0.7673121690750122,0.7673121690750122,0,5.0,0,0,0,0,0,1,0,0,0,1,0,0
data_084,0,0.794758141040802,0.6759657263755798,0,5.0,0,0,0,0,0,0,0,0,0,0,0,0
data_084,0,0.8518735766410828,0.8518735766410828,0,5.0,0,0,0,0,0,0,0,0,0,0,0,0
data_084,1,0.7861918210983276,0.6707983016967773,0,5.0,0,1,0,1,1,1,1,1,1,1,1,1
data_084,1,0.86980140209198,0.5248793959617615,0,5.0,1,1,1,1,1,1,1,1,1,1,1,1
data_084,1,0.6670255064964294,0.5270266532897949,0,5.0,1,1,1,1,1,1,1,1,1,1,1,1
data_084,1,0.768227756023407,0.578342854976654,0,5.0,1,1,1,1,1,1,1,1,1,1,1,1
data_084,1,0.6883248090744019,0.5823643207550049,0,5.0,1,1,1,1,1,1,1,1,1,1,1,1
data_084,0,0.9470921754837036,0.9470921754837036,0,5.0,0,0,0,0,0,0,0,0,0,0,0,0
data_084,0,0.6917374134063721,0.6668329834938049,0,5.0,0,0,0,0,0,0,0,0,0,0,0,0
data_084,0,0.8145421743392944,0.8145421743392944,0,5.0,0,0,0,0,0,0,0,0,0,0,0,0
data_084,0,0.6806882619857788,0.6052584052085876,0,5.0,0,1,0,0,1,1,0,0,1,1,0,0
data_084,0,0.6992928385734558,0.6992928385734558,0,5.0,0,0,0,0,0,0,0,0,1,0,0,0
data_084,0,0.7985569834709167,0.7985569834709167,0,5.0,0,0,0,0,0,0,0,0,0,0,0,0
data_084,0,0.6525635123252869,0.6130682229995728,0,5.0,0,0,0,0,0,0,0,0,0,0,0,0
data_084,0,0.7346277236938477,0.6813035011291504,0,5.0,0,0,0,0,0,0,0,0,0,0,0,0
data_084,0,0.7815775871276855,0.7212747931480408,0,5.0,0,0,0,0,0,1,0,0,1,1,0,0
data_084,1,0.6950977444648743,0.6950977444648743,0,5.0,1,1,0,0,1,1,0,0,1,1,0,1
data_084,0,0.7782965302467346,0.7554823756217957,0,5.0,0,0,0,0,0,0,0,0,1,0,0,0
data_084,1,0.7746415138244629,0.7213611602783203,0,5.0,0,1,0,0,1,1,0,0,1,1,1,1
data_084,0,0.6710627675056458,0.6166136860847473,0,5.0,0,1,0,0,1,1,1,0,1,1,1,0
data_084,0,0.708225667476654,0.6892534494400024,0,5.0,0,0,0,0,0,0,0,0,1,0,0,0
data_084,1,0.7164162397384644,0.6348233222961426,0,5.0,1,1,1,1,1,1,1,1,1,1,1,1
data_085,0,0.8000990748405457,,1,0.0,0,0,0,0,0,0,0,0,1,0,0,0
data_085,0,0.8674425482749939,,1,0.0,0,0,0,0,0,0,0,0,0,0,0,0
data_085,0,0.8573671579360962,,1,0.0,0,0,0,0,0,0,0,0,0,0,0,0
data_085,0,0.7906025052070618,,1,0.0,0,0,0,0,0,0,0,0,0,0,0,0
data_085,0,0.9188742637634276,0.9188742637634276,0,5.0,0,0,0,0,0,0,0,0,0,0,0,0
data_085,0,0.9000332951545715,0.7856162786483765,0,5.0,0,0,0,0,0,0,0,0,0,0,0,0
data_085,0,0.7496669888496399,0.7496669888496399,0,5.0,0,0,0,0,0,0,0,0,0,0,0,0
data_085,0,0.8546757102012634,0.85423743724823,0,5.0,0,0,0,0,0,0,0,0,0,0,0,0
data_085,0,0.7654682993888855,0.7654682993888855,0,5.0,0,0,0,1,0,1,0,1,1,1,0,1
data_085,0,0.7318019866943359,0.7318019866943359,0,5.0,0,0,0,0,0,0,0,0,0,0,0,0
data_085,0,0.8784753680229187,0.8278290033340454,0,5.0,0,0,0,0,0,0,0,0,0,0,0,0
data_085,0,0.8525155186653137,0.8525155186653137,0,5.0,0,0,0,0,1,0,0,0,0,0,0,0
data_085,0,0.8038133978843689,0.8038133978843689,0,5.0,0,0,0,0,0,0,0,0,0,0,0,0
data_085,0,0.7895744442939758,0.7895744442939758,0,5.0,0,0,0,0,0,0,0,0,1,0,0,0
data_085,0,0.738820493221283,0.738820493221283,0,5.0,0,0,0,0,0,0,0,0,0,0,0,0
data_085,0,0.7377285361289978,0.6845645904541016,0,5.0,0,0,0,0,0,0,0,0,0,0,0,0
data_085,0,0.8627235889434814,0.8627235889434814,0,5.0,0,0,0,0,0,0,0,0,1,0,0,0
data_085,0,0.8532158136367798,0.8532158136367798,0,5.0,0,0,0,0,0,0,0,0,1,0,0,0
data_085,0,0.9481576681137084,0.9481576681137084,0,5.0,0,0,0,0,0,0,0,0,0,0,0,0
data_085,0,0.7511692047119141,0.7242076992988586,0,5.0,0,0,0,0,1,1,0,0,1,1,1,0
data_085,0,0.7390755414962769,0.7390755414962769,0,5.0,0,0,0,0,0,0,0,0,0,0,0,0
data_085,0,0.7708953619003296,0.7223497629165649,0,5.0,0,0,0,0,0,0,0,0,1,0,0,0
data_085,0,0.7793363332748413,0.743952751159668,0,5.0,0,0,0,0,0,0,0,0,0,0,0,0
data_085,0,0.8136072754859924,0.8136072754859924,0,5.0,0,0,0,0,0,0,0,0,1,0,0,0
data_085,0,0.8953385353088379,0.8953385353088379,0,4.0,0,0,0,0,0,0,0,0,0,0,0,0
data_085,0,0.803146243095398,0.803146243095398,0,4.0,0,0,0,0,0,0,0,0,0,0,0,0
data_085,0,0.7867096662521362,0.7867096662521362,0,4.0,0,0,0,0,0,0,0,0,0,0,0,0
data_085,0,0.7655290961265564,0.7655290961265564,0,4.0,0,0,0,0,0,0,0,0,0,0,0,0
data_086,0,0.6551004648208618,,1,0.0,0,0,0,0,0,1,0,0,0,1,1,0
data_086,0,0.7587323784828186,,1,0.0,0,0,0,0,0,0,0,0,0,0,0,0
data_086,1,0.7723236083984375,0.6018288135528564,0,2.0,1,1,1,0,1,1,1,0,1,1,1,0
data_086,0,0.8174556493759155,0.7504770159721375,0,2.0,0,0,0,0,0,0,0,0,0,0,0,0
data_086,0,0.7923460602760315,0.6685748100280762,0,2.0,0,0,0,0,0,0,0,0,0,0,0,0
data_086,0,0.6883291006088257,0.6883291006088257,0,2.0,0,0,0,0,0,0,0,0,0,0,0,0
data_086,0,0.6580308675765991,0.6488269567489624,0,2.0,0,0,0,0,0,0,0,0,0,0,0,0
data_086,0,0.7484515905380249,0.7013239860534668,0,2.0,0,0,0,0,0,0,0,0,0,0,0,0
data_086,0,0.8418723940849304,0.8418723940849304,0,2.0,0,0,0,0,0,0,0,0,0,0,0,0
data_086,0,0.7308819890022278,0.7308819890022278,0,2.0,0,0,0,0,0,0,0,0,0,0,0,0
data_086,0,0.7714817523956299,0.7714817523956299,0,2.0,0,0,0,0,0,0,0,0,0,0,0,0
data_086,0,0.714593231678009,0.714593231678009,0,2.0,0,0,0,0,0,0,0,0,1,0,0,0
data_087,0,0.9073167443275452,,1,0.0,0,0,0,0,0,0,0,0,0,0,0,0
data_087,0,0.7700111865997314,,1,0.0,0,0,0,0,1,1,0,0,1,1,1,0
data_087,0,0.8118476867675781,0.7356394529342651,0,2.0,0,0,0,0,0,0,0,0,0,0,0,0
data_087,0,0.7669772505760193,0.6011393070220947,0,2.0,0,0,0,0,1,1,1,0,1,1,1,0
data_087,0,0.5829818248748779,0.5829818248748779,0,3.0,0,0,0,0,0,0,0,0,0,0,0,0
data_087,0,0.7976616621017456,0.7430436015129089,0,3.0,0,0,0,0,0,0,0,0,0,0,0,0
data_087,0,0.7426002025604248,0.7426002025604248,0,3.0,0,0,0,0,0,0,0,0,0,0,0,0
data_087,1,0.6645519733428955,0.5768854022026062,0,2.0,0,0,0,0,1,0,0,0,1,1,0,0
data_087,0,0.7462381720542908,0.7462381720542908,0,2.0,0,0,0,0,1,0,0,0,1,1,1,0
data_087,1,0.6663698554039001,0.6663698554039001,0,2.0,0,0,0,0,0,0,0,0,1,0,0,0
data_087,1,0.6792720556259155,0.6792720556259155,0,2.0,1,1,1,1,1,1,1,1,1,1,1,1
data_087,0,0.7530972957611084,0.7447864413261414,0,2.0,0,0,0,0,0,0,0,0,0,0,0,0
data_087,0,0.767223060131073,0.7445760369300842,0,2.0,0,0,0,0,0,0,0,0,0,0,0,0
data_087,0,0.7806363701820374,0.7424221634864807,0,1.0,0,0,0,0,0,0,0,0,0,0,0,0
data_087,0,0.6470709443092346,0.6074985861778259,0,2.0,0,1,1,0,1,1,1,1,1,1,1,1
data_087,0,0.7735593318939209,0.6464579701423645,0,2.0,0,0,1,0,0,1,0,1,1,1,1,1
data_088,1,0.6882383227348328,0.6574181914329529,0,5.0,0,0,0,0,1,1,0,0,1,1,0,0
data_088,0,0.5890358686447144,0.5890358686447144,0,5.0,0,0,0,0,0,0,0,0,0,0,0,0
data_088,0,0.7845728397369385,0.6351416110992432,0,5.0,0,0,0,0,0,0,0,0,0,0,0,0
data_088,0,0.7460512518882751,0.6106491088867188,0,5.0,0,0,0,0,0,0,0,0,1,0,0,0
data_088,0,0.6667969226837158,0.6667969226837158,0,5.0,0,0,0,0,0,0,0,0,1,0,0,0
data_088,0,0.7305087447166443,0.7305087447166443,0,3.0,0,0,0,0,0,0,0,0,0,0,0,0
data_088,0,0.7734544277191162,0.7734544277191162,0,3.0,0,0,0,0,0,0,0,0,0,0,0,0
data_088,0,0.838408887386322,0.838408887386322,0,3.0,0,0,0,0,0,0,0,0,0,0,0,0
data_088,0,0.8307749629020691,0.8307749629020691,0,3.0,0,0,0,0,0,0,0,0,0,0,0,0
data_088,0,0.5959328413009644,0.586951732635498,0,3.0,0,0,0,0,0,0,0,0,0,1,1,0
data_088,0,0.7558225393295288,0.7165095210075378,0,3.0,0,0,0,0,0,0,0,0,0,0,0,0
data_088,0,0.660078763961792,0.6334157586097717,0,3.0,0,0,0,0,0,0,0,0,0,0,0,0
data_088,0,0.8117784857749939,0.8117784857749939,0,3.0,0,0,0,0,0,0,0,0,0,0,0,0
data_088,1,0.6711732149124146,0.6711732149124146,0,3.0,0,0,0,0,0,0,0,0,0,0,0,0
data_088,0,0.9120171666145324,0.9120171666145324,0,3.0,0,0,0,0,1,0,0,0,1,0,0,0
data_088,0,0.7087945342063904,0.6603291034698486,0,3.0,0,0,0,0,0,1,0,0,0,1,0,0
data_088,0,0.6839699745178223,0.6839699745178223,0,3.0,0,0,0,0,1,0,0,0,1,0,0,0
data_089,0,0.8715161681175232,,1,0.0,0,0,0,0,0,0,0,0,0,0,0,0
data_089,0,0.6662408113479614,,1,0.0,0,0,0,0,0,0,0,0,1,0,0,0
data_089,0,0.7352838516235352,,1,0.0,0,0,0,0,1,1,0,0,1,1,0,0
data_089,0,0.7978392243385315,,1,0.0,1,1,0,1,1,1,0,1,1,1,0,1
data_089,0,0.7961426973342896,0.7961426973342896,0,4.0,0,0,0,0,0,0,0,0,0,0,0,0
data_089,0,0.728520393371582,0.728520393371582,0,4.0,0,0,0,0,0,0,0,0,0,0,0,0
data_089,0,0.7134672999382019,0.7134672999382019,0,4.0,0,0,0,0,0,0,0,0,0,0,0,0
data_089,0,0.802325427532196,0.802325427532196,0,4.0,0,0,0,0,0,0,0,0,0,0,0,0
data_089,0,0.8779535293579102,0.7573527693748474,0,3.0,0,0,0,0,0,0,0,0,0,0,0,0
data_089,0,0.8132109045982361,0.8132109045982361,0,3.0,0,0,0,0,0,0,0,0,0,0,0,0
data_089,0,0.9191944599151612,0.9191944599151612,0,3.0,0,0,0,0,0,0,0,0,0,0,0,0
data_089,0,0.7923221588134766,0.7923221588134766,0,3.0,0,0,0,0,0,0,0,0,0,0,0,0
data_089,0,0.841528594493866,0.841528594493866,0,3.0,0,0,0,0,0,0,0,0,0,0,0,0
data_089,0,0.8164896965026855,0.750141441822052,0,3.0,0,0,0,0,0,0,0,0,0,1,0,0
data_089,0,0.7880280613899231,0.7880280613899231,0,3.0,0,0,0,0,0,0,0,0,0,0,0,0
data_089,0,0.692425549030304,0.692425549030304,0,3.0,0,0,0,0,0,0,0,0,0,0,0,0
data_089,0,0.8043927550315857,0.8043927550315857,0,3.0,0,0,0,0,0,0,0,0,0,0,0,0
data_089,0,0.7152779698371887,0.7152779698371887,0,2.0,0,0,0,0,0,0,0,0,1,0,0,0
data_089,0,0.8106951713562012,0.8106951713562012,0,2.0,0,0,0,0,0,0,0,0,0,0,0,0
data_089,0,0.8086338043212891,0.8086338043212891,0,3.0,0,0,0,0,0,0,0,0,1,0,0,0
data_089,1,0.7031970024108887,0.7031970024108887,0,3.0,0,1,0,0,1,1,0,0,1,1,1,0
data_089,0,0.7277277112007141,0.7277277112007141,0,3.0,0,0,0,0,0,0,0,0,1,0,0,0
data_090,0,0.8614102005958557,,1,0.0,0,0,0,0,0,0,0,0,0,0,0,0
data_090,1,0.7789497375488281,,1,0.0,1,1,0,0,1,1,1,1,1,1,1,1
data_090,1,0.9268393516540528,0.7007272243499756,0,2.0,1,1,1,1,1,1,1,1,1,1,1,1
data_090,0,0.7192107439041138,0.6575586199760437,0,2.0,0,1,0,0,1,1,1,0,1,1,1,0
data_090,0,0.9901638627052308,0.9901638627052308,0,3.0,0,0,0,0,0,0,0,0,0,0,0,0
data_090,0,0.8892697691917419,0.8892697691917419,0,3.0,0,0,0,0,0,0,0,0,1,1,0,0
data_090,0,0.7929487228393555,0.7929487228393555,0,3.0,0,0,0,0,0,0,0,0,0,0,0,0
data_090,0,0.8502628207206726,0.8502628207206726,0,3.0,0,0,0,0,0,0,0,0,0,0,0,0
data_090,0,0.923669934272766,0.6937126517295837,0,3.0,0,0,0,0,0,0,0,0,1,0,0,0
data_090,0,0.8383585214614868,0.8383585214614868,0,3.0,0,0,0,0,0,0,0,0,0,1,0,0
data_090,0,0.8592528104782104,0.8352657556533813,0,2.0,0,0,0,0,0,0,0,0,0,0,0,0
data_090,0,0.814838171005249,0.6721487641334534,0,2.0,0,0,0,0,0,0,0,0,0,0,0,0
data_090,0,0.7926075458526611,0.7926075458526611,0,2.0,0,0,0,0,0,0,0,0,0,0,0,0
data_090,0,0.8674954175949097,0.8674954175949097,0,2.0,0,0,0,0,0,0,0,0,0,0,0,0
data_090,0,0.6429250240325928,0.6429250240325928,0,3.0,0,0,0,0,0,0,0,0,0,0,0,0
data_090,0,0.8374279141426086,0.8374279141426086,0,3.0,0,0,0,0,0,0,0,0,1,0,0,0
data_090,0,0.7259814739227295,0.6396480798721313,0,3.0,0,0,0,0,0,0,0,0,1,0,0,0
data_091,0,0.7363482713699341,,1,0.0,1,1,1,0,1,1,0,0,1,1,1,0
data_091,0,0.7143676280975342,,1,0.0,0,0,0,0,0,0,0,0,0,0,0,0
data_091,0,0.7843916416168213,,1,0.0,0,0,0,0,0,0,0,0,0,0,0,0
data_091,0,0.7492989301681519,,1,0.0,0,0,0,0,1,0,0,0,1,1,1,0
data_091,0,0.7191200256347656,,1,0.0,0,0,0,0,0,0,0,0,0,0,0,0
data_091,0,0.850127637386322,0.850127637386322,0,3.0,0,0,0,0,0,0,0,0,0,0,0,0
data_091,0,0.6991299390792847,0.6991299390792847,0,3.0,0,0,0,0,0,0,0,0,0,0,0,0
data_091,1,0.7926020622253418,0.7926020622253418,0,3.0,0,0,1,1,0,1,1,1,0,1,1,0
data_091,0,0.7443163394927979,0.7443163394927979,0,3.0,0,0,0,0,0,0,0,0,0,0,0,0
data_091,0,0.7755879759788513,0.7755879759788513,0,3.0,0,0,0,0,0,0,0,0,0,0,0,0
data_091,0,0.7223140597343445,0.7223140597343445,0,3.0,0,0,0,0,0,0,0,0,0,0,0,0
data_091,0,0.8914526700973511,0.8914526700973511,0,3.0,0,0,0,0,0,0,0,0,0,0,0,0
data_091,0,0.7051832675933838,0.7051832675933838,0,3.0,0,0,0,0,0,0,0,0,0,0,0,0
data_091,0,0.7166813015937805,0.6535897254943848,0,3.0,0,0,0,0,0,0,0,0,0,0,0,0
data_091,0,0.5787155628204346,0.5787155628204346,0,3.0,0,0,0,0,0,0,0,0,1,0,0,0
data_091,0,0.7367048859596252,0.7367048859596252,0,3.0,0,0,0,0,0,0,0,0,0,0,0,0
data_091,0,0.6261959075927734,0.5821920037269592,0,3.0,0,0,0,0,0,0,0,0,0,0,0,0
data_091,0,0.6837882995605469,0.6653811931610107,0,3.0,0,0,0,0,0,0,0,0,0,0,0,0
data_091,0,0.7506048679351807,0.6639713644981384,0,3.0,0,0,0,0,0,0,0,0,1,0,0,0
data_091,0,0.8107720017433167,0.8107720017433167,0,3.0,0,0,0,0,0,0,0,0,0,0,0,0
data_091,0,0.75126051902771,0.75126051902771,0,2.0,0,0,0,0,0,0,0,0,0,0,0,0
data_091,0,0.6714219450950623,0.5617274641990662,0,2.0,0,0,0,0,1,1,0,0,1,1,1,0
data_092,0,0.9157084822654724,0.9157084822654724,0,4.0,0,0,0,0,0,0,0,0,0,0,0,0
data_092,0,0.8490661978721619,0.8490661978721619,0,4.0,0,0,0,0,0,0,0,0,0,0,0,0
data_092,0,0.9804825186729432,0.9804825186729432,0,4.0,0,0,0,0,0,0,0,0,0,0,0,0
data_092,0,0.8082520365715027,0.8082520365715027,0,4.0,0,0,0,0,0,0,0,0,0,0,0,0
data_092,0,0.9765724539756776,0.9765724539756776,0,3.0,0,0,0,0,0,0,0,0,0,0,0,0
data_092,0,0.7428420782089233,0.7428420782089233,0,3.0,0,0,0,0,0,0,0,0,0,0,0,0
data_092,0,0.7513404488563538,0.6915683150291443,0,3.0,1,0,0,0,1,0,0,0,1,1,0,0
data_092,1,0.7825344800949097,0.6081964373588562,0,3.0,1,1,1,1,1,1,1,1,1,1,1,1
data_092,0,0.6474364995956421,0.6323230862617493,0,3.0,0,0,0,0,0,0,0,0,1,0,0,0
data_092,0,0.6353574395179749,0.6353574395179749,0,3.0,1,1,1,0,1,1,1,0,1,1,1,0
data_092,0,0.8911945819854736,0.8911945819854736,0,3.0,0,0,0,0,0,0,0,0,0,0,0,0
data_092,0,0.9389013051986694,0.9389013051986694,0,3.0,0,0,0,0,0,0,0,0,0,0,0,0
data_092,0,0.741664707660675,0.741664707660675,0,3.0,0,0,0,0,0,0,0,0,1,0,0,0
data_092,0,0.6028521060943604,0.6028521060943604,0,3.0,0,0,0,0,0,0,0,0,0,1,0,0
data_092,0,0.7641960382461548,0.7615208029747009,0,3.0,0,0,0,0,0,0,0,0,0,0,0,0
data_092,0,0.6060819625854492,0.6060819625854492,0,3.0,0,0,0,1,0,0,0,0,0,0,0,0
data_093,0,0.8732661604881287,,1,0.0,0,0,0,0,0,0,0,0,0,0,0,0
data_093,0,0.7013763189315796,,1,0.0,0,0,0,0,0,0,0,0,0,0,0,0
data_093,0,0.7845450639724731,0.7845450639724731,0,3.0,0,0,0,0,0,1,0,0,1,1,0,0
data_093,0,0.8488887548446655,0.8488887548446655,0,3.0,0,0,0,0,0,0,0,0,0,0,0,0
data_093,0,0.7377017140388489,0.7170978784561157,0,3.0,0,0,0,0,0,0,0,0,1,1,0,0
data_093,0,0.8086739182472229,0.8086739182472229,0,3.0,0,0,0,0,0,0,0,0,0,0,0,0
data_093,0,0.7464665174484253,0.7464665174484253,0,3.0,0,0,0,0,0,0,0,0,0,0,0,0
data_093,0,0.7628490328788757,0.7628490328788757,0,3.0,0,0,0,0,0,0,0,0,1,0,0,0
data_093,0,0.8788964748382568,0.8788964748382568,0,3.0,0,0,0,0,0,0,0,0,1,1,1,0
data_093,0,0.818111002445221,0.7571679353713989,0,3.0,0,1,1,0,1,1,1,0,1,1,1,0
data_093,0,0.8114986419677734,0.8114986419677734,0,3.0,0,0,0,0,0,0,0,0,0,0,0,0
data_093,0,0.8090846538543701,0.8090846538543701,0,3.0,0,0,0,0,0,0,0,0,1,0,0,0
data_093,0,0.6313597559928894,0.6313597559928894,0,3.0,0,0,0,0,0,0,0,0,1,0,0,0
data_093,0,0.7325760722160339,0.7325760722160339,0,3.0,0,0,0,0,0,0,0,0,1,1,1,0
data_094,0,0.8586755990982056,,1,0.0,1,1,0,0,1,1,1,1,1,1,1,1
data_094,0,0.8943058848381042,,1,0.0,0,0,0,0,0,0,0,0,0,0,0,0
data_094,0,0.8560681939125061,,1,0.0,0,0,0,0,0,0,0,0,0,0,0,0
data_094,1,0.8643680214881897,0.7754958271980286,0,3.0,1,1,0,0,1,1,1,0,1,1,1,0
data_094,0,0.8169800639152527,0.8169800639152527,0,3.0,0,0,0,0,0,0,0,0,0,0,0,0
data_094,0,0.8312932848930359,0.8309376835823059,0,3.0,0,0,0,0,0,1,0,0,1,1,1,0
data_094,0,0.7307705283164978,0.721347451210022,0,3.0,0,0,0,0,0,0,0,0,1,0,0,0
data_094,0,0.8396958708763123,0.8312384486198425,0,3.0,0,0,0,0,1,0,0,0,1,1,1,0
data_094,0,0.95648992061615,0.95648992061615,0,3.0,0,0,0,0,0,0,0,0,1,1,1,0
data_094,0,0.6873322129249573,0.6440436840057373,0,2.0,0,0,0,0,0,0,0,0,1,0,0,0
data_094,0,0.6944339275360107,0.688205897808075,0,2.0,0,0,0,0,0,0,0,0,0,0,0,0
data_094,1,0.8797039985656738,0.8744160532951355,0,3.0,1,1,1,1,1,1,1,1,1,1,1,1
data_094,0,0.8556300401687622,0.8274544477462769,0,3.0,0,1,1,0,1,1,1,0,1,1,1,0
data_094,0,0.6906296610832214,0.551555871963501,0,3.0,0,0,0,0,1,1,1,0,1,1,1,0
data_095,0,0.7170906662940979,,1,0.0,0,0,0,0,0,0,0,0,1,0,1,0
data_095,0,0.8991730213165283,,1,0.0,0,0,0,0,0,0,0,0,1,0,1,0
data_095,0,0.5652424097061157,,1,0.0,0,0,0,0,0,0,0,0,0,0,0,0
data_095,0,0.7268021702766418,,1,0.0,0,1,0,0,0,1,0,0,1,1,1,0
data_095,0,0.6287274360656738,0.5840243697166443,0,4.0,0,0,0,0,0,0,0,0,0,0,0,0
data_095,0,0.816228985786438,0.816228985786438,0,4.0,0,0,0,0,0,0,0,0,0,0,0,0
data_095,0,0.7829492688179016,0.7705748081207275,0,4.0,0,0,0,0,0,0,0,0,1,0,0,0
data_095,0,0.7112632989883423,0.7112632989883423,0,4.0,0,0,0,0,0,0,0,0,1,0,0,0
data_095,0,0.8273295760154724,0.8273295760154724,0,3.0,0,0,0,0,0,0,0,0,0,0,0,0
data_095,0,0.7520686984062195,0.7520686984062195,0,3.0,0,0,0,0,0,0,0,0,0,0,0,0
data_095,0,0.7947484850883484,0.7947484850883484,0,3.0,0,0,0,0,0,0,0,0,0,0,0,0
data_095,0,0.7837422490119934,0.7837422490119934,0,3.0,0,0,0,0,0,0,0,0,1,1,0,0
data_095,0,0.7130758166313171,0.7130758166313171,0,3.0,0,0,0,0,0,0,0,0,1,0,0,0
data_095,0,0.7880073189735413,0.7880073189735413,0,3.0,0,0,0,0,0,0,0,0,0,0,0,0
data_095,0,0.8475394248962402,0.8475394248962402,0,3.0,0,0,0,0,0,0,0,0,1,0,0,0
data_095,0,0.8007397651672363,0.8007397651672363,0,3.0,0,0,0,0,0,0,0,0,0,0,0,0
data_095,0,0.86796635389328,0.86796635389328,0,3.0,0,0,0,0,0,0,0,0,0,0,0,0
data_095,0,0.7800060510635376,0.7800060510635376,0,3.0,0,0,0,0,0,0,0,0,1,1,0,0
data_095,0,0.669279932975769,0.669279932975769,0,3.0,0,0,0,0,0,0,0,0,0,0,0,0
data_095,0,0.7808432579040527,0.7683677673339844,0,3.0,0,0,0,0,0,1,0,0,1,1,1,1
data_095,0,0.9229407906532288,0.9229407906532288,0,3.0,0,0,0,0,0,0,0,0,0,0,0,0
data_095,0,0.7196519374847412,0.7196519374847412,0,3.0,0,0,0,0,0,1,0,0,1,1,0,0
data_095,0,0.8711397647857666,0.8711397647857666,0,3.0,0,0,0,0,0,0,0,0,0,1,0,0
data_096,0,0.7602100372314453,,1,0.0,0,0,0,0,0,0,0,0,1,0,0,0
data_096,0,0.8004969358444214,,1,0.0,0,0,0,0,0,0,0,0,0,0,0,0
data_096,0,0.6971651315689087,,1,0.0,0,0,0,0,0,0,0,0,0,0,0,0
data_096,0,0.8216745853424072,0.7631857395172119,0,3.0,0,0,0,0,0,0,0,0,0,0,0,0
data_096,0,0.8173701763153076,0.8173701763153076,0,3.0,0,0,0,0,0,1,0,1,1,1,0,0
data_096,0,0.7641669511795044,0.7641669511795044,0,3.0,0,0,0,0,0,0,0,0,0,0,0,0
data_096,0,0.7763805389404297,0.7309223413467407,0,3.0,0,0,0,0,0,0,0,0,1,0,0,0
data_096,0,0.7561248540878296,0.7561248540878296,0,3.0,0,0,0,0,0,0,0,0,1,1,0,0
data_096,0,0.7830696105957031,0.7830696105957031,0,3.0,0,0,0,0,0,0,0,0,0,0,0,0
data_096,0,0.8528071045875549,0.8331435918807983,0,3.0,0,0,0,0,0,0,0,0,0,0,0,0
data_096,0,0.7902573347091675,0.7721970081329346,0,3.0,0,0,0,0,0,0,0,0,0,0,0,0
data_096,0,0.8850162029266357,0.8850162029266357,0,3.0,0,0,0,0,0,0,0,0,0,0,0,0
data_096,0,0.7603294253349304,0.6966503858566284,0,3.0,0,0,0,0,0,0,0,0,1,0,0,0
data_096,0,0.6613689064979553,0.5874488949775696,0,3.0,0,0,0,0,0,0,0,0,1,0,0,0
data_096,1,0.6562623381614685,0.5434755682945251,0,3.0,1,1,1,0,1,1,1,0,1,1,1,1
data_096,0,0.700556755065918,0.700556755065918,0,3.0,0,0,0,0,0,0,0,0,1,1,0,0
data_096,0,0.8899903297424316,0.8899903297424316,0,3.0,0,0,0,0,0,0,0,0,0,0,0,0
data_096,0,0.7889610528945923,0.6514650583267212,0,3.0,0,0,0,0,0,0,0,0,0,1,0,0
data_096,0,0.8704851865768433,0.8704851865768433,0,3.0,0,0,0,0,0,0,0,0,0,0,0,0
data_096,0,0.8750678300857544,0.8493242263793945,0,3.0,0,0,1,0,1,1,1,0,1,1,1,0
data_096,0,0.7761427760124207,0.7761427760124207,0,3.0,0,0,0,0,0,0,0,0,0,0,0,0
data_097,1,0.8531970977783203,,1,0.0,1,0,0,0,1,0,1,0,1,1,1,0
data_097,0,0.8648762106895447,,1,0.0,0,0,0,0,0,0,0,0,0,0,0,0
data_097,1,0.8170251250267029,,1,0.0,0,0,0,0,1,1,0,1,1,1,1,0
data_097,1,0.8230932354927063,,1,0.0,1,1,0,0,1,1,1,0,1,1,1,1
data_097,0,0.7463682293891907,0.7455347776412964,0,3.0,0,0,0,0,0,0,0,0,0,0,0,0
data_097,0,0.7612367272377014,0.7612367272377014,0,3.0,0,0,0,0,0,0,0,0,0,0,0,0
data_097,0,0.7374982833862305,0.7374982833862305,0,3.0,0,0,0,0,0,0,0,0,1,1,1,0
data_097,1,0.8517995476722717,0.6486392021179199,0,3.0,1,1,0,1,1,1,1,1,1,1,1,1
data_097,0,0.6937666535377502,0.6605620980262756,0,3.0,0,1,0,0,1,1,1,0,1,1,1,1
data_097,1,0.7595529556274414,0.6075478792190552,0,3.0,1,1,1,1,1,1,1,1,1,1,1,1
data_097,0,0.7984493970870972,0.7984493970870972,0,2.0,0,0,0,0,0,1,0,0,0,1,0,0
data_097,0,0.7696450352668762,0.7696450352668762,0,2.0,0,0,0,0,0,0,0,0,0,0,0,0
data_097,1,0.7836155891418457,0.6288135647773743,0,3.0,1,1,1,1,1,1,1,1,1,1,1,1
data_097,1,0.6827784180641174,0.6827784180641174,0,3.0,1,1,1,1,1,1,1,1,1,1,1,1
data_097,1,0.8849524855613708,0.6091471910476685,0,3.0,1,1,1,1,1,1,1,1,1,1,1,1
data_097,0,0.8313368558883667,0.8313368558883667,0,2.0,0,0,0,0,0,0,0,0,1,0,0,0
data_097,0,0.7326474189758301,0.7326474189758301,0,2.0,0,0,0,0,0,0,0,0,0,0,0,0
data_098,0,0.7753280997276306,,1,0.0,0,0,0,0,0,0,0,0,0,0,0,0
data_098,0,0.7338720560073853,,1,0.0,0,0,0,0,0,0,0,0,0,0,0,0
data_098,0,0.7136620879173279,,1,0.0,0,0,0,0,1,0,0,0,1,1,1,0
data_098,0,0.776043176651001,0.6868376135826111,0,3.0,0,1,0,0,1,1,0,0,1,1,1,0
data_098,0,0.8151156902313232,0.8151156902313232,0,3.0,0,0,0,0,0,0,0,0,0,0,0,0
data_098,0,0.7609730362892151,0.7474398612976074,0,3.0,0,1,1,0,1,1,0,0,1,1,0,0
data_098,0,0.8754666447639465,0.8754666447639465,0,3.0,0,0,0,0,0,0,0,0,0,0,0,0
data_098,0,0.7141254544258118,0.7141254544258118,0,3.0,0,0,0,0,0,1,0,0,1,1,0,0
data_098,0,0.8058268427848816,0.8058268427848816,0,3.0,0,0,0,0,0,0,0,0,0,0,0,0
data_098,1,0.8060857057571411,0.7507086396217346,0,3.0,0,0,0,0,1,0,0,0,1,1,0,0
data_098,0,0.7107845544815063,0.7107845544815063,0,3.0,0,0,0,0,0,0,0,0,1,0,0,0
data_098,0,0.698311984539032,0.698311984539032,0,3.0,0,0,0,0,0,0,0,0,0,0,0,0
data_098,0,0.7561901211738586,0.7561901211738586,0,3.0,0,0,0,0,1,1,1,0,1,1,1,0
data_098,0,0.7354748249053955,0.6287155747413635,0,3.0,1,1,1,0,1,1,1,0,1,1,1,0
data_098,0,0.8083703517913818,0.8083703517913818,0,3.0,0,0,0,0,0,0,0,0,0,0,0,0
data_098,0,0.8436324000358582,0.8436324000358582,0,3.0,0,0,0,0,0,0,0,0,0,0,0,0
data_098,0,0.8333003520965576,0.8333003520965576,0,3.0,0,0,0,0,0,0,0,0,0,0,0,0
data_098,0,0.7708178162574768,0.7708178162574768,0,3.0,0,0,0,0,1,0,0,0,1,0,0,0
data_098,0,0.7161005139350891,0.7161005139350891,0,2.0,0,0,0,0,0,0,0,0,0,0,0,0
data_098,0,0.8082532286643982,0.7319298982620239,0,2.0,0,0,0,0,0,0,0,0,0,0,0,0
data_098,0,0.7456311583518982,0.6990903615951538,0,3.0,0,0,0,0,0,0,0,0,1,0,0,0
data_098,0,0.8532664775848389,0.8532664775848389,0,3.0,0,0,0,0,0,0,0,0,1,0,0,0
data_098,0,0.719417929649353,0.719417929649353,0,3.0,0,1,0,0,1,1,0,0,1,1,0,0
data_098,0,0.8160961270332336,0.8160961270332336,0,2.0,0,0,0,0,0,0,0,0,1,0,0,0
data_098,0,0.7447277307510376,0.7447277307510376,0,2.0,0,0,0,0,0,0,0,0,1,1,0,0
data_099,0,0.8470807671546936,,1,0.0,0,0,0,0,0,0,0,0,1,0,0,0
data_099,1,0.6504285335540771,,1,0.0,1,1,1,1,1,1,1,1,1,1,1,1
data_099,0,0.7244844436645508,0.6996809244155884,0,2.0,0,0,0,0,0,0,0,0,0,0,0,0
data_099,0,0.7425335645675659,0.7235479950904846,0,2.0,0,0,0,0,0,0,0,0,0,0,0,0
data_099,0,0.8044629693031311,0.223562866449356,0,2.0,0,0,0,0,0,0,0,0,0,0,0,0
data_099,0,0.7475535273551941,0.2151457220315933,0,2.0,0,0,0,0,0,0,0,0,0,0,0,0
data_099,0,0.7752927541732788,0.7275844216346741,0,2.0,0,0,0,0,0,0,0,0,0,0,0,0
data_099,0,0.8081713318824768,0.6660635471343994,0,2.0,0,0,0,0,0,0,0,0,0,0,0,0
data_099,0,0.7890551090240479,0.7043424844741821,0,2.0,0,0,0,0,0,0,0,0,1,1,1,0
data_099,0,0.6721475720405579,0.6721475720405579,0,2.0,0,0,0,0,0,0,0,0,1,0,0,0
data_099,1,0.7858120799064636,0.6781612038612366,0,2.0,1,1,1,1,1,1,1,1,1,1,1,1
data_099,1,0.784259557723999,0.5658120512962341,0,2.0,1,1,1,1,1,1,1,1,1,1,1,1
data_099,0,0.781174898147583,0.781174898147583,0,2.0,0,0,0,0,0,0,0,0,0,0,0,0
data_099,0,0.7798058986663818,0.7798058986663818,0,2.0,0,0,0,0,0,0,0,0,0,0,0,0
data_099,1,0.7640666365623474,0.5473618507385254,0,1.0,0,1,1,0,1,1,1,1,1,1,1,1
data_100,0,0.7669106125831604,,1,0.0,0,0,0,0,1,1,0,0,1,1,0,0
data_100,1,0.751515805721283,,1,0.0,1,1,1,1,1,1,1,1,1,1,1,1
data_100,1,0.7651990652084351,,1,0.0,0,0,0,0,0,1,0,0,1,1,0,0
data_100,0,0.8045450448989868,0.7556053996086121,0,4.0,0,0,0,0,0,0,0,0,0,0,0,0
data_100,0,0.8076131939888,0.8076131939888,0,4.0,0,0,0,0,0,0,0,0,0,0,0,0
data_100,0,0.7371674180030823,0.7336565852165222,0,4.0,0,0,0,0,0,0,0,0,0,0,0,0
data_100,0,0.8168514966964722,0.8168514966964722,0,4.0,0,0,0,0,0,0,0,0,0,0,0,0
data_100,0,0.6393609642982483,0.6393609642982483,0,3.0,0,0,0,0,0,0,0,0,0,0,0,0
data_100,0,0.723540186882019,0.6472801566123962,0,3.0,0,0,0,0,0,0,0,0,1,0,1,0
data_100,1,0.71048504114151,0.71048504114151,0,3.0,1,1,1,1,1,1,1,1,1,1,1,1
data_100,0,0.7725645899772644,0.7725645899772644,0,3.0,0,0,0,0,0,0,0,0,0,0,0,0
data_100,0,0.8357787728309631,0.8357787728309631,0,3.0,0,0,0,0,0,0,0,0,0,1,0,0
data_100,0,0.7961439490318298,0.7961439490318298,0,3.0,0,0,0,0,0,0,0,0,0,0,0,0
data_100,0,0.8960844278335571,0.8960844278335571,0,3.0,0,0,0,0,0,0,0,0,0,0,0,0
data_100,0,0.7448253035545349,0.7448253035545349,0,3.0,0,0,0,0,0,0,0,0,0,0,0,0
data_100,1,0.6919037103652954,0.6919037103652954,0,3.0,0,0,0,0,1,0,0,0,1,1,0,0
data_100,0,0.9601559638977052,0.9601559638977052,0,3.0,0,0,0,0,0,0,0,0,0,0,0,0
data_100,0,0.7797510027885437,0.7797510027885437,0,3.0,0,0,0,0,0,0,0,0,0,0,0,0
data_100,0,0.881117045879364,0.881117045879364,0,3.0,0,0,0,0,0,0,0,0,0,0,0,0
data_100,0,0.8772872090339661,0.8772872090339661,0,2.0,0,0,0,0,0,0,0,0,0,0,0,0
data_100,0,0.7897863984107971,0.7897863984107971,0,2.0,0,0,0,0,0,0,0,0,0,0,1,0
data_100,0,0.7956909537315369,,1,0.0,0,0,0,0,0,0,0,0,0,0,0,0
data_100,0,0.8040673732757568,,1,0.0,0,0,0,0,0,0,0,0,0,0,0,0
data_101,0,0.6775626540184021,0.6775626540184021,0,5.0,0,0,0,0,0,0,0,0,1,1,0,0
data_101,0,0.8552200198173523,0.8552200198173523,0,5.0,0,0,0,0,0,0,0,0,0,0,0,0
data_101,0,0.6839925050735474,0.5771214962005615,0,5.0,0,0,0,0,1,0,0,0,1,0,0,0
data_101,0,0.8281248211860657,0.8281248211860657,0,5.0,0,0,0,0,0,0,0,0,0,0,0,0
data_101,0,0.8245502710342407,0.8245502710342407,0,5.0,0,0,0,0,0,1,0,0,1,1,0,0
data_101,0,0.9004234671592712,0.9004234671592712,0,3.0,0,0,0,0,0,0,0,0,0,0,0,0
data_101,0,0.744381308555603,0.744381308555603,0,3.0,0,0,0,0,0,0,0,0,0,0,0,0
data_101,0,0.8879343271255493,0.8879343271255493,0,3.0,0,0,0,0,0,0,0,0,0,0,0,0
data_101,0,0.872349739074707,0.872349739074707,0,2.0,0,0,0,0,0,0,0,0,1,0,0,0
data_101,1,0.7801945805549622,0.7801945805549622,0,2.0,0,0,0,0,0,0,0,0,1,1,1,0
data_101,0,0.8128678202629089,0.685350775718689,0,3.0,0,0,0,0,0,0,0,0,0,0,0,0
data_101,0,0.7317463755607605,0.7317463755607605,0,3.0,0,0,0,0,0,0,0,0,1,0,0,0
data_101,0,0.6351203918457031,0.6351203918457031,0,3.0,0,0,0,0,0,0,0,0,0,0,0,0
data_101,0,0.665876030921936,0.665876030921936,0,3.0,0,0,0,0,0,0,0,0,0,0,0,0
data_101,1,0.7051982879638672,0.5805267691612244,0,3.0,1,1,1,0,1,1,1,0,1,1,1,0
data_101,1,0.8052825927734375,0.5226479768753052,0,3.0,0,0,0,0,0,0,1,0,1,1,1,1
data_101,0,0.6553994417190552,0.5250983238220215,0,3.0,0,0,0,0,0,0,0,0,1,0,0,0
data_101,0,0.664761483669281,0.664761483669281,0,3.0,0,0,0,0,0,0,0,0,1,0,0,0
data_101,0,0.7716299295425415,0.7249332070350647,0,3.0,0,0,0,0,0,0,0,0,0,0,0,0
data_101,0,0.8229214549064636,0.68783038854599,0,3.0,0,0,0,0,0,0,0,0,0,0,0,0
data_101,1,0.7900584936141968,0.6036238670349121,0,3.0,1,1,1,1,1,1,1,1,1,1,1,1
data_101,1,0.7430658340454102,0.6637444496154785,0,3.0,1,1,1,1,1,1,1,1,1,1,1,1
data_102,1,0.7399574518203735,0.4665225148200989,0,3.0,0,1,1,0,1,0,0,0,1,1,0,0
data_102,0,0.7632110118865967,0.434711754322052,0,3.0,0,0,0,0,0,0,0,0,1,1,0,0
data_102,0,0.784774899482727,0.5424976348876953,0,3.0,0,0,0,0,0,0,0,0,0,0,0,0
data_102,0,0.7374732494354248,0.7374732494354248,0,3.0,0,0,0,0,0,0,0,0,0,0,0,0
data_102,0,0.7208147644996643,0.7208147644996643,0,3.0,0,0,0,0,1,0,0,0,1,1,0,0
data_102,0,0.63042813539505,0.63042813539505,0,3.0,0,0,0,0,0,0,0,0,1,0,0,0
data_102,0,0.910638689994812,0.910638689994812,0,3.0,0,0,0,0,0,0,0,0,0,0,0,0
data_102,0,0.8498737215995789,0.8498737215995789,0,3.0,0,0,0,0,0,0,0,0,1,0,0,0
data_102,0,0.8083690404891968,0.8083690404891968,0,3.0,0,0,0,0,0,0,0,0,0,0,0,0
data_102,0,0.8301771879196167,0.8301771879196167,0,3.0,0,0,0,0,0,0,0,0,0,0,0,0
data_102,0,0.7825526595115662,0.7778322696685791,0,3.0,0,0,0,0,0,0,0,0,1,0,0,0
data_102,0,0.7318233251571655,0.7318233251571655,0,3.0,0,0,0,0,0,0,0,0,0,0,0,0
data_102,0,0.8318192958831787,0.8318192958831787,0,3.0,0,0,0,0,0,0,0,0,1,0,0,0
data_102,0,0.8212549090385437,0.8212549090385437,0,3.0,0,0,0,0,0,0,0,0,0,0,0,0
data_102,0,0.8004087805747986,0.8004087805747986,0,3.0,0,0,0,0,0,0,0,0,0,0,0,0
data_103,0,0.7440964579582214,,1,0.0,0,0,0,0,0,0,0,0,0,0,0,0
data_103,0,0.6751160621643066,,1,0.0,0,0,0,0,0,0,0,0,0,0,0,0
data_103,0,0.6355661153793335,0.6268169283866882,0,6.0,0,0,0,0,0,0,0,0,1,0,0,0
data_103,0,0.7417570352554321,0.7417570352554321,0,6.0,0,0,0,0,0,0,0,0,0,0,0,0
data_103,0,0.775677502155304,0.775677502155304,0,6.0,0,0,0,0,0,0,0,0,0,0,0,0
data_103,0,0.6828319430351257,0.6828319430351257,0,6.0,0,0,0,0,0,0,0,0,0,0,0,0
data_103,0,0.7015632390975952,0.6650678515434265,0,6.0,0,0,0,0,0,0,0,0,0,0,0,0
data_103,1,0.7042760848999023,0.7042760848999023,0,6.0,1,1,0,0,1,1,0,0,1,1,1,0
data_103,0,0.6795975565910339,0.5842181444168091,0,3.0,0,0,0,0,0,0,0,0,1,1,0,0
data_103,0,0.7222765684127808,0.7222765684127808,0,3.0,0,0,0,0,0,0,0,0,0,0,0,0
data_103,0,0.6980175971984863,0.6980175971984863,0,3.0,0,0,0,0,0,0,0,0,0,0,0,0
data_103,0,0.7052015662193298,0.7052015662193298,0,2.0,0,0,0,0,0,0,0,0,0,0,0,0
data_103,0,0.6423604488372803,0.6423604488372803,0,2.0,0,0,0,0,0,0,0,0,1,1,0,0
data_103,0,0.7528331279754639,0.7528331279754639,0,2.0,0,0,0,1,0,0,0,1,1,1,1,1
data_103,0,0.7027270197868347,0.7027270197868347,0,2.0,0,0,0,0,0,0,0,0,0,0,0,0
data_103,0,0.6747063994407654,0.6322301030158997,0,2.0,0,0,0,0,0,0,0,0,0,0,0,0
data_103,0,0.7046969532966614,0.6966481804847717,0,2.0,0,0,0,0,0,1,0,0,1,1,0,0
data_103,0,0.6943039894104004,0.6943039894104004,0,2.0,0,0,0,0,0,0,0,0,0,0,0,0
data_103,0,0.8283430337905884,0.8283430337905884,0,2.0,0,0,0,0,0,0,0,0,1,0,0,0
data_104,0,0.7683995962142944,,1,0.0,0,0,0,0,0,0,0,0,1,0,0,0
data_104,0,0.7523393034934998,,1,0.0,0,0,0,0,0,0,0,0,0,0,0,0
data_104,1,0.6772536635398865,,1,0.0,0,1,0,0,0,1,1,1,1,1,1,0
data_104,0,0.8526855111122131,0.8526855111122131,0,3.0,0,0,0,0,0,0,0,0,0,0,0,0
data_104,0,0.8057421445846558,0.8057421445846558,0,3.0,0,0,0,0,0,0,0,0,0,0,0,0
data_104,0,0.6249671578407288,0.6221712827682495,0,3.0,0,0,0,0,0,0,0,0,0,0,0,0
data_104,0,0.8028610348701477,0.8028610348701477,0,3.0,0,0,0,0,0,0,0,0,0,0,0,0
data_104,1,0.6958507299423218,0.6958507299423218,0,3.0,1,0,0,0,1,1,0,0,1,1,1,0
data_104,1,0.7745857238769531,0.7745857238769531,0,3.0,1,1,1,0,1,1,0,0,1,1,1,0
data_104,0,0.9239912629127502,0.9239912629127502,0,3.0,0,0,0,0,0,0,0,0,0,1,0,0
data_104,0,0.8000208735466003,0.8000208735466003,0,3.0,0,0,0,0,0,0,0,0,0,0,0,0
data_104,0,0.7459604144096375,0.7357963919639587,0,3.0,0,0,0,0,0,0,0,0,0,0,0,0
data_104,0,0.7035627365112305,0.7035627365112305,0,3.0,0,0,0,0,0,0,0,0,0,0,0,0
data_104,0,0.6895535588264465,0.678779661655426,0,3.0,0,0,0,0,0,0,0,0,0,0,0,0
data_104,0,0.721366286277771,0.6943292617797852,0,3.0,0,0,0,0,0,0,0,0,0,0,0,0
data_105,0,0.7649549245834351,,1,0.0,0,0,0,0,0,0,0,0,0,0,0,0
data_105,0,0.8748320937156677,,1,0.0,0,0,0,0,0,0,0,0,0,0,0,0
data_105,0,0.9609742760658264,,1,0.0,0,0,0,0,0,0,0,0,0,0,0,0
data_105,0,0.8234104514122009,,1,0.0,0,0,0,0,0,0,0,0,0,0,0,0
data_105,0,0.7593653202056885,0.7593653202056885,0,5.0,0,0,0,0,0,0,0,0,0,0,0,0
data_105,0,0.8754618167877197,0.8754618167877197,0,5.0,0,0,0,0,1,0,0,0,1,0,0,0
data_105,0,0.7369168996810913,0.6463059782981873,0,5.0,0,0,0,0,0,0,0,0,0,0,0,0
data_105,0,0.859033465385437,0.859033465385437,0,5.0,0,0,0,0,0,0,0,0,0,0,0,0
data_105,0,0.6758052110671997,0.6589656472206116,0,5.0,0,0,0,0,0,0,0,0,1,0,0,0
data_105,0,0.863547146320343,0.863547146320343,0,4.0,0,0,0,0,0,0,0,0,0,0,0,0
data_105,0,0.6456806659698486,0.6387202739715576,0,4.0,0,0,0,0,0,0,0,0,1,0,0,0
data_105,0,0.8441718816757202,0.8441718816757202,0,4.0,0,0,0,0,0,0,0,0,0,0,0,0
data_105,0,0.9352766871452332,0.9352766871452332,0,4.0,0,0,0,0,0,1,0,0,0,1,0,0
data_105,0,0.814582109451294,0.814582109451294,0,3.0,0,0,0,0,0,0,0,0,0,0,0,0
data_105,0,0.8401056528091431,0.8401056528091431,0,3.0,0,0,0,0,0,0,0,0,0,0,0,0
data_105,0,0.8123424649238586,0.7607648968696594,0,3.0,0,0,0,0,0,1,0,0,1,1,1,0
data_105,1,0.8944178223609924,0.8944178223609924,0,3.0,0,0,0,0,0,0,0,0,0,0,0,0
data_105,0,0.7356913089752197,0.7221385836601257,0,3.0,0,0,0,0,0,0,0,0,0,0,0,0
data_105,0,0.7542800903320312,0.6195813417434692,0,3.0,0,1,0,0,1,1,0,0,1,1,1,0
data_105,0,0.6601582765579224,0.6601582765579224,0,3.0,0,0,0,0,0,0,0,0,1,1,0,0
data_105,0,0.8720781803131104,0.8720781803131104,0,3.0,0,0,0,0,0,0,0,0,0,0,0,0
data_105,0,0.7950170040130615,0.7950170040130615,0,3.0,0,0,0,0,1,1,0,0,1,1,1,0
data_105,0,0.7812609672546387,0.7812609672546387,0,2.0,0,0,0,0,0,0,0,0,0,0,0,0
data_105,0,0.6439952254295349,0.6439952254295349,0,2.0,0,0,0,0,0,0,0,0,1,0,0,0
data_106,0,0.9123432636260986,,1,0.0,0,0,0,0,0,0,0,0,0,0,0,0
data_106,0,0.7646556496620178,,1,0.0,0,0,0,0,0,0,0,0,0,0,0,0
data_106,0,0.7415915727615356,0.7338970303535461,0,4.0,0,0,0,0,0,0,0,0,0,0,0,0
data_106,0,0.8359276056289673,0.8110408782958984,0,4.0,0,0,0,0,0,0,0,0,0,0,0,0
data_106,0,0.7320844531059265,0.7130250930786133,0,4.0,0,0,0,0,0,0,0,0,1,1,0,0
data_106,0,0.7065885663032532,0.7065885663032532,0,4.0,0,0,0,0,0,0,0,0,0,0,0,0
data_106,0,0.787795901298523,0.640169620513916,0,3.0,0,0,0,0,0,0,0,0,1,0,0,0
data_106,0,0.6770245432853699,0.6513685584068298,0,3.0,0,0,0,0,0,0,0,0,0,1,0,0
data_106,0,0.7029399871826172,0.7029399871826172,0,3.0,0,0,0,0,0,0,0,0,1,0,0,0
data_106,0,0.7924507856369019,0.7924507856369019,0,4.0,0,0,0,0,0,0,0,0,0,0,0,0
data_106,1,0.7379040718078613,0.7303968667984009,0,4.0,1,1,0,0,1,1,0,0,1,1,1,0
data_106,1,0.6688214540481567,0.6688214540481567,0,4.0,1,1,1,1,1,1,1,1,1,1,1,1
data_106,1,0.5813104510307312,0.5813104510307312,0,4.0,0,0,0,0,1,1,0,0,1,1,1,0
data_106,1,0.7530537843704224,0.6637885570526123,0,3.0,0,0,0,0,1,1,0,0,1,1,0,1
data_106,1,0.7203426957130432,0.7203426957130432,0,3.0,1,1,1,1,1,1,1,1,1,1,1,1
data_106,0,0.7698088884353638,0.7698088884353638,0,3.0,0,0,0,0,0,0,0,0,1,1,1,0
data_107,1,0.7067809700965881,,1,0.0,1,1,1,0,1,1,1,1,1,1,1,1
data_107,0,0.7717902064323425,,1,0.0,0,0,0,0,0,0,0,0,0,0,0,0
data_107,0,0.5814855098724365,,1,0.0,0,0,0,0,0,1,0,0,0,1,0,0
data_107,0,0.6802886128425598,,1,0.0,0,0,0,0,1,1,0,0,1,1,1,0
data_107,0,0.7692347168922424,0.7692347168922424,0,4.0,0,0,0,0,0,0,0,0,1,0,0,0
data_107,0,0.6381672620773315,0.6381672620773315,0,4.0,0,0,0,0,0,0,0,0,0,0,0,0
data_107,0,0.696386456489563,0.696386456489563,0,4.0,0,0,0,0,0,1,0,0,1,1,0,0
data_107,0,0.602944552898407,0.5840249061584473,0,4.0,0,0,0,0,0,0,0,0,0,0,0,0
data_107,0,0.6952880620956421,0.6952880620956421,0,4.0,0,0,0,0,0,0,0,0,1,1,0,0
data_107,0,0.7475419044494629,0.7475419044494629,0,4.0,0,0,0,0,0,0,0,0,0,0,0,0
data_107,0,0.7660892605781555,0.7660892605781555,0,4.0,0,0,0,0,1,0,0,0,1,0,0,0
data_107,1,0.6993463039398193,0.6737496852874756,0,4.0,0,1,0,0,0,1,0,0,1,1,0,1
data_107,0,0.5813062787055969,0.5813062787055969,0,3.0,0,0,0,0,0,0,0,0,0,0,0,0
data_107,0,0.7084605097770691,0.6963852047920227,0,3.0,0,0,0,0,0,0,0,0,0,0,0,0
data_107,0,0.6590834259986877,0.6590834259986877,0,3.0,0,0,0,0,0,0,0,0,1,0,0,0
data_107,1,0.606859564781189,0.5124350190162659,0,3.0,1,1,1,1,1,1,1,1,1,1,1,1
data_107,1,0.7691743969917297,0.6129158735275269,0,3.0,1,1,1,1,1,1,1,1,1,1,1,1
data_107,1,0.6254924535751343,0.4767030775547027,0,3.0,1,1,1,1,1,1,1,1,1,1,1,1
data_108,0,0.7006633281707764,,1,0.0,0,0,0,0,1,1,0,1,1,1,0,1
data_108,1,0.7662228345870972,,1,0.0,1,1,1,1,1,1,1,1,1,1,1,1
data_108,0,0.7077925205230713,,1,0.0,0,0,0,0,0,0,0,0,1,0,1,0
data_108,0,0.7727808952331543,0.4384371340274811,0,2.0,0,0,0,0,0,0,0,0,0,0,0,0
data_108,0,0.7917911410331726,0.40969118475914,0,2.0,0,0,0,0,0,0,0,0,1,1,0,0
data_108,0,0.826920211315155,0.7544265985488892,0,3.0,0,0,0,0,0,0,0,0,0,0,0,0
data_108,0,0.6558018326759338,0.6558018326759338,0,3.0,0,0,0,0,0,0,0,0,1,0,0,0
data_108,0,0.6999170780181885,0.5795515179634094,0,3.0,0,0,0,0,1,0,0,0,1,0,0,0
data_108,0,0.6305566430091858,0.6037228107452393,0,3.0,1,1,0,0,1,1,0,0,1,1,1,0
data_108,0,0.7834185361862183,0.5761433243751526,0,3.0,0,0,0,0,0,0,0,0,0,0,0,0
data_108,1,0.7419294118881226,0.4897214770317077,0,3.0,1,1,1,1,1,1,1,1,1,1,1,1
data_108,0,0.6479859948158264,0.1903502196073532,0,3.0,1,0,0,0,1,0,1,0,1,1,1,0
data_108,0,0.8217432498931885,0.3875371217727661,0,3.0,0,0,0,0,0,0,0,0,0,0,0,0
data_108,1,0.8458089232444763,0.1679468601942062,0,3.0,1,1,1,1,1,1,1,1,1,1,1,1
data_108,0,0.6512272953987122,0.553821325302124,0,2.0,0,0,0,0,1,0,0,0,1,0,0,0
data_108,0,0.6671358346939087,0.6547700762748718,0,2.0,0,0,0,0,0,0,0,0,1,0,0,0
data_108,1,0.6277352571487427,0.5129379034042358,0,3.0,1,0,0,0,1,1,1,0,1,1,1,0
data_108,0,0.7392703890800476,0.7392703890800476,0,3.0,0,0,0,0,0,0,0,0,0,0,0,0
data_108,0,0.6308505535125732,0.6308505535125732,0,3.0,0,0,0,0,0,0,0,0,0,0,0,0
data_109,0,0.7838209271430969,,1,0.0,1,0,0,0,1,1,0,0,1,1,0,1
data_109,0,0.6412696242332458,,1,0.0,0,1,0,0,0,0,0,0,0,0,0,0
data_109,0,0.8220553398132324,0.8064967393875122,0,4.0,0,0,0,0,0,0,0,0,0,0,0,0
data_109,0,0.7175025343894958,0.6895179152488708,0,4.0,0,0,0,0,1,0,0,0,1,0,1,0
data_109,0,0.6326442956924438,0.5347532629966736,0,4.0,0,0,0,0,0,0,0,0,0,1,1,0
data_109,0,0.8152726292610168,0.8152726292610168,0,4.0,0,0,0,0,0,0,0,0,0,0,0,0
data_109,1,0.813370406627655,0.7293092608451843,0,1.0,0,1,0,0,1,1,1,1,1,1,1,1
data_109,0,0.5908588171005249,0.5351550579071045,0,2.0,0,0,0,0,0,0,0,0,0,0,0,0
data_109,0,0.7402376532554626,0.7402376532554626,0,2.0,0,0,0,0,0,0,0,0,0,0,0,0
data_109,0,0.7650420665740967,0.7650420665740967,0,2.0,0,0,0,0,0,0,0,0,0,0,0,0
data_109,0,0.7164844274520874,0.7164844274520874,0,2.0,0,0,0,0,0,0,0,0,0,0,0,0
data_110,0,0.8868731260299683,,1,0.0,0,0,0,0,0,0,0,0,0,0,0,0
data_110,0,0.7761238217353821,,1,0.0,0,0,0,0,0,0,0,0,1,0,0,0
data_110,0,0.7882408499717712,,1,0.0,0,0,0,0,1,0,0,0,1,0,0,1
data_110,0,0.921973705291748,0.921973705291748,0,3.0,0,0,0,0,0,0,0,0,0,0,0,0
data_110,0,0.7812215089797974,0.7812215089797974,0,3.0,0,0,0,0,0,0,0,0,0,0,0,0
data_110,0,0.6650099158287048,0.6077085733413696,0,3.0,0,0,0,0,0,0,0,0,0,0,0,0
data_110,0,0.8874005079269409,0.8747603297233582,0,3.0,0,0,0,0,0,0,0,0,0,0,0,0
data_110,0,0.8863367438316345,0.8863367438316345,0,3.0,0,0,0,0,0,0,0,0,0,0,0,0
data_110,0,0.7720142602920532,0.7720142602920532,0,3.0,0,0,0,0,0,0,0,0,0,0,0,0
data_110,0,0.7169221639633179,0.6499846577644348,0,3.0,0,0,0,0,0,1,0,0,1,1,0,0
data_110,0,0.7615638971328735,0.631222128868103,0,3.0,0,0,0,0,0,0,0,0,0,0,0,0
data_110,0,0.7890363335609436,0.7890363335609436,0,3.0,0,0,0,0,0,0,0,0,0,0,0,0
data_110,1,0.7366313338279724,0.7366313338279724,0,3.0,0,1,0,1,1,1,1,1,1,1,1,1
data_110,0,0.8023239374160767,0.8023239374160767,0,3.0,0,0,0,0,0,0,0,0,0,0,0,0
data_110,0,0.7043287754058838,0.7043287754058838,0,3.0,0,0,0,0,0,0,0,0,0,0,0,0
data_110,0,0.7374117374420166,0.7237672209739685,0,3.0,0,0,0,0,0,0,0,0,0,0,0,0
data_110,0,0.7047803401947021,0.7047803401947021,0,3.0,0,0,0,0,0,0,0,0,1,0,0,0
data_110,0,0.8312904238700867,0.8312904238700867,0,3.0,0,0,0,0,0,0,0,0,0,0,0,0
data_110,0,0.8467686772346497,0.7304922342300415,0,3.0,0,0,0,0,1,1,0,0,1,1,1,0
data_110,1,0.778877317905426,0.7266009449958801,0,3.0,0,1,1,0,1,1,1,1,1,1,1,0
data_110,0,0.7960032224655151,0.6311853528022766,0,3.0,0,0,0,0,0,0,0,0,1,0,0,0
data_110,1,0.7429112195968628,0.1999852061271667,0,3.0,1,1,1,1,1,1,1,1,1,1,1,1
data_110,1,0.7519977688789368,0.1070730537176132,0,3.0,1,1,1,1,1,1,1,1,1,1,1,1
data_110,1,0.5966184735298157,0.2855074405670166,0,3.0,1,1,1,1,1,1,1,1,1,1,1,1
data_110,0,0.9463682174682616,0.9463682174682616,0,3.0,0,0,0,0,0,0,0,0,0,0,0,0
data_110,0,0.7834693193435669,0.7495090961456299,0,3.0,0,0,0,0,0,0,0,0,1,1,0,0
data_110,0,0.7790911793708801,0.7380247712135315,0,3.0,0,0,0,0,0,0,0,0,1,0,0,0
data_110,0,0.7987937331199646,0.6713213920593262,0,3.0,0,0,0,0,1,0,0,0,1,0,0,0
data_110,0,0.7529375553131104,0.6065630912780762,0,3.0,0,0,0,0,0,0,0,0,1,0,0,0
data_110,0,0.6357900500297546,0.6142604947090149,0,3.0,1,1,1,1,1,1,1,1,1,1,1,1
data_111,1,0.8281192183494568,0.2723179161548614,0,5.0,1,1,1,1,1,1,1,1,1,1,1,1
data_111,1,0.8231408596038818,0.1626099795103073,0,5.0,1,1,1,1,1,1,1,1,1,1,1,1
data_111,1,0.983673334121704,0.2679018676280975,0,5.0,1,1,1,1,1,1,1,1,1,1,1,1
data_111,1,0.9357183575630188,0.1931180357933044,0,5.0,1,1,1,1,1,1,1,1,1,1,1,1
data_111,1,0.861367404460907,0.214075282216072,0,5.0,1,1,1,1,1,1,1,1,1,1,1,1
data_111,1,0.8955401182174683,0.1847478002309799,0,4.0,1,1,1,1,1,1,1,1,1,1,1,1
data_111,1,0.8037248849868774,0.1347788125276565,0,4.0,1,1,1,1,1,1,1,1,1,1,1,1
data_111,1,0.8145855665206909,0.0842989012598991,0,4.0,1,1,1,1,1,1,1,1,1,1,1,1
data_111,1,0.858934760093689,0.2089893072843551,0,4.0,1,1,1,1,1,1,1,1,1,1,1,1
data_111,1,0.9702326059341432,0.4145004153251648,0,4.0,1,1,1,1,1,1,1,1,1,1,1,1
data_111,1,0.7933945655822754,0.1845024228096008,0,4.0,1,1,1,1,1,1,1,1,1,1,1,1
data_111,1,0.7944039106369019,0.2276381403207779,0,4.0,1,1,1,1,1,1,1,1,1,1,1,1
data_111,1,0.8348327875137329,0.4112088680267334,0,4.0,1,1,1,1,1,1,1,1,1,1,1,1
data_111,1,0.926669418811798,0.158922404050827,0,3.0,1,1,1,1,1,1,1,1,1,1,1,1
data_111,1,0.881260335445404,0.1252428591251373,0,3.0,1,1,1,1,1,1,1,1,1,1,1,1
data_111,1,0.7081496119499207,0.2967980206012726,0,3.0,1,1,1,1,1,1,1,1,1,1,1,1
data_112,0,0.7867937088012695,,1,0.0,0,0,0,0,0,0,0,0,0,0,0,0
data_112,0,0.8019343614578247,,1,0.0,0,0,0,0,1,1,0,0,1,1,1,0
data_112,0,0.6228506565093994,,1,0.0,0,0,0,0,0,0,0,0,1,1,1,0
data_112,0,0.7383191585540771,0.7383191585540771,0,3.0,1,1,1,1,1,1,1,1,1,1,1,1
data_112,0,0.7680580019950867,0.690290629863739,0,3.0,0,0,0,0,0,0,0,0,0,0,0,0
data_112,0,0.7563969492912292,0.682887852191925,0,3.0,0,0,0,0,1,0,1,0,1,1,1,0
data_112,0,0.6938772797584534,0.6938772797584534,0,3.0,0,0,0,0,0,0,0,0,0,0,0,0
data_112,0,0.7535620927810669,0.7535620927810669,0,3.0,0,0,0,0,0,0,0,0,0,0,0,0
data_112,0,0.667491614818573,0.667491614818573,0,3.0,0,0,0,0,0,0,0,0,0,0,0,0
data_112,0,0.6457906365394592,0.5151209235191345,0,3.0,0,0,0,0,0,0,0,0,1,0,0,0
data_112,0,0.7246931195259094,0.7246931195259094,0,3.0,0,0,0,0,0,0,0,0,0,0,0,0
data_112,0,0.7097346186637878,0.666679322719574,0,3.0,0,0,0,0,0,0,0,0,0,0,0,0
data_112,0,0.6467640399932861,0.6009078025817871,0,2.0,0,0,0,0,0,0,0,0,0,1,0,0
data_112,0,0.7297284603118896,0.7297284603118896,0,2.0,0,0,0,0,1,0,0,0,1,0,0,0
data_112,0,0.7964884638786316,0.7964884638786316,0,2.0,0,0,0,0,0,0,0,0,0,0,0,0
data_112,0,0.7011897563934326,0.7011897563934326,0,2.0,0,0,0,0,0,0,0,0,0,0,0,0
data_112,0,0.7497917413711548,0.7357025742530823,0,2.0,0,0,0,0,0,0,0,0,0,0,0,0
data_112,0,0.7864745855331421,0.7864745855331421,0,2.0,0,0,0,0,0,0,0,0,0,0,0,0
data_112,0,0.7268931269645691,0.6192936301231384,0,2.0,0,0,0,0,0,0,0,0,0,0,0,0
data_112,0,0.7813026309013367,0.7813026309013367,0,2.0,0,0,0,0,0,0,0,0,1,0,1,0
data_112,0,0.7272642254829407,0.7272642254829407,0,2.0,0,0,0,0,0,0,0,0,0,0,0,0
data_112,0,0.7839699983596802,0.7839699983596802,0,2.0,0,0,0,0,0,0,0,0,0,0,0,0
data_113,0,0.7651214599609375,,1,0.0,0,0,0,0,0,0,0,0,0,0,0,0
data_113,0,0.7189008593559265,,1,0.0,0,0,0,0,0,0,0,0,1,0,0,0
data_113,0,0.8742362260818481,,1,0.0,0,0,0,0,0,0,0,0,0,0,0,0
data_113,1,0.6974295973777771,,1,0.0,1,1,1,1,1,1,1,1,1,1,1,1
data_113,0,0.7464561462402344,,1,0.0,0,0,0,0,0,0,0,0,1,0,0,0
data_113,0,0.7736875414848328,,1,0.0,0,0,0,0,0,0,0,0,0,0,0,0
data_113,0,0.7721482515335083,0.7721482515335083,0,3.0,0,0,0,0,0,0,0,0,0,1,0,0
data_113,0,0.6804909110069275,0.6804909110069275,0,3.0,0,0,0,0,0,1,0,0,0,1,0,0
data_113,0,0.7767060399055481,0.7767060399055481,0,3.0,0,0,0,0,0,0,0,0,0,0,0,0
data_113,0,0.7586220502853394,0.7586220502853394,0,3.0,0,0,0,0,0,0,0,0,0,0,0,0
data_113,0,0.7753797173500061,0.7753797173500061,0,3.0,0,0,0,0,1,0,0,0,1,0,0,0
data_113,0,0.7932636141777039,0.7932636141777039,0,3.0,0,0,0,0,0,0,0,0,0,0,0,0
data_113,0,0.6325438618659973,0.6325438618659973,0,2.0,0,0,0,0,0,0,0,0,0,0,0,0
data_113,1,0.7695486545562744,0.4708500802516937,0,2.0,0,0,0,0,0,0,1,0,1,0,1,0
data_113,0,0.6894046068191528,0.6894046068191528,0,1.0,0,0,0,0,0,0,0,0,0,0,0,0
data_114,0,0.809640645980835,,1,0.0,0,0,0,0,0,0,0,0,0,0,0,0
data_114,0,0.8205533027648926,,1,0.0,0,0,0,0,0,0,0,0,1,0,0,0
data_114,0,0.83965665102005,,1,0.0,0,0,0,0,0,0,0,0,0,0,0,0
data_114,0,0.912548840045929,,1,0.0,0,0,0,0,0,0,0,0,0,0,0,0
data_114,0,0.8485757112503052,0.6749134063720703,0,3.0,0,0,0,0,0,0,0,0,1,0,0,0
data_114,0,0.7186537981033325,0.7186537981033325,0,3.0,0,0,0,0,0,0,0,0,0,0,0,0
data_114,0,0.770415723323822,0.762626588344574,0,3.0,0,0,0,0,0,0,0,0,0,0,0,0
data_114,0,0.8236857056617737,0.8236857056617737,0,3.0,0,0,0,0,0,0,0,0,1,1,0,0
data_114,0,0.8636876940727234,0.8636876940727234,0,3.0,0,0,0,0,0,0,0,0,0,0,0,0
data_114,0,0.8744390606880188,0.8744390606880188,0,3.0,0,0,0,0,0,0,0,0,1,0,0,0
data_114,1,0.7958988547325134,0.4679708778858185,0,3.0,0,1,0,0,1,1,1,0,1,1,1,0
data_114,1,0.7875274419784546,0.7630545496940613,0,3.0,0,0,0,0,1,0,0,0,1,1,1,0
data_114,0,0.793108344078064,0.7291473746299744,0,3.0,1,1,1,1,1,1,1,1,1,1,1,1
data_114,0,0.8066006302833557,0.7159888744354248,0,3.0,0,0,1,0,1,0,0,0,1,1,1,0
data_114,0,0.7134125232696533,0.7134125232696533,0,3.0,0,0,0,0,0,0,0,0,0,0,0,0
data_114,0,0.8700228333473206,0.8700228333473206,0,3.0,0,0,0,0,0,0,0,0,0,0,0,0
data_114,1,0.957714319229126,0.6972644925117493,0,1.0,1,1,1,1,1,1,1,1,1,1,1,1
data_115,0,0.933966338634491,0.933966338634491,0,4.0,0,0,0,0,0,0,0,0,0,0,0,0
data_115,0,0.8531754612922668,0.8531754612922668,0,4.0,0,0,0,0,0,0,0,0,0,0,0,0
data_115,0,0.9077836871147156,0.9077836871147156,0,4.0,0,0,0,0,0,0,0,0,0,0,0,0
data_115,1,0.7956053018569946,0.7377042770385742,0,4.0,1,0,1,1,1,1,1,1,1,1,1,1
data_115,1,0.806455671787262,0.5994347333908081,0,2.0,1,1,1,1,1,1,1,1,1,1,1,1
data_115,0,0.8225825428962708,0.6775461435317993,0,2.0,0,0,0,0,1,0,0,0,1,1,1,0
data_115,0,0.7512390613555908,0.7512390613555908,0,2.0,0,0,0,0,0,0,0,0,1,0,0,0
data_115,0,0.7503123879432678,0.5328820943832397,0,2.0,1,0,1,0,0,1,0,0,1,1,1,0
data_115,0,0.815121054649353,0.8121532201766968,0,2.0,0,0,0,0,0,0,0,0,1,1,0,0
data_115,0,0.8512489795684814,0.7899768948554993,0,2.0,0,0,0,0,0,0,0,0,0,0,0,0
data_115,0,0.7363302111625671,0.7363302111625671,0,2.0,0,0,0,0,0,0,0,0,0,0,0,0
data_115,0,0.7198895215988159,0.7198895215988159,0,2.0,0,0,0,0,0,0,0,0,0,0,0,0
data_115,0,0.7335587739944458,,1,0.0,0,0,0,0,0,0,0,0,0,0,0,0
data_115,0,0.8248192071914673,,1,0.0,0,0,0,0,0,0,0,0,0,0,0,0
data_115,0,0.689577579498291,0.689577579498291,0,2.0,0,0,0,0,0,0,0,0,0,0,0,0
data_115,0,0.7636456489562988,0.7636456489562988,0,2.0,0,0,0,0,0,0,0,0,0,0,0,0
data_116,0,0.7090947031974792,,1,0.0,0,0,0,0,1,0,0,0,1,0,0,0
data_116,0,0.8372440338134766,,1,0.0,0,0,0,0,0,0,0,0,0,0,0,0
data_116,0,0.8124710917472839,0.8124710917472839,0,5.0,0,0,0,0,0,0,0,0,1,1,0,0
data_116,0,0.6835215091705322,0.5417893528938293,0,5.0,0,0,0,0,0,0,0,0,0,0,0,0
data_116,0,0.8446511626243591,0.8446511626243591,0,5.0,0,0,0,0,0,0,0,0,0,0,0,0
data_116,0,0.7298046946525574,0.7298046946525574,0,5.0,0,0,0,0,0,0,0,0,0,0,0,0
data_116,0,0.7856919765472412,0.7856919765472412,0,5.0,0,0,0,0,0,0,0,0,0,0,0,0
data_116,0,0.7601481080055237,0.6454839706420898,0,2.0,0,1,0,0,1,1,0,0,1,1,1,0
data_116,0,0.6234344840049744,0.6234344840049744,0,2.0,0,0,0,0,0,0,0,0,0,1,0,0
data_116,0,0.7173648476600647,0.691768229007721,0,2.0,0,0,0,0,0,1,0,0,0,1,0,0
data_116,0,0.7877265810966492,0.6515086889266968,0,2.0,0,0,0,0,0,0,0,0,0,0,0,0
data_116,0,0.6674286127090454,0.6674286127090454,0,4.0,0,0,0,0,0,0,0,0,1,0,0,0
data_116,0,0.8859272003173828,0.8859272003173828,0,4.0,0,0,0,0,0,0,0,0,0,0,0,0
data_116,0,0.7989086508750916,0.7989086508750916,0,4.0,0,0,0,0,0,0,0,0,1,0,0,0
data_116,0,0.7354260683059692,0.7354260683059692,0,4.0,0,0,0,0,0,0,0,0,1,1,1,0
data_116,0,0.7820170521736145,0.7528514266014099,0,2.0,0,0,0,0,0,0,0,0,0,0,0,0
data_116,0,0.672519862651825,0.5307400226593018,0,2.0,0,0,0,0,1,1,0,0,1,1,1,0
data_116,0,0.6854649782180786,0.6854649782180786,0,3.0,0,0,0,0,0,0,0,0,0,0,0,0
data_116,0,0.800517737865448,0.800517737865448,0,3.0,0,0,0,0,0,0,0,0,1,0,0,0
data_116,0,0.679103434085846,0.679103434085846,0,3.0,0,0,0,0,0,0,0,0,0,0,0,0
data_116,0,0.7044889330863953,0.6049408316612244,0,2.0,0,0,0,0,0,0,0,0,0,0,0,0
data_116,0,0.722930908203125,0.722930908203125,0,2.0,0,0,0,0,0,0,0,0,0,0,0,0
data_116,0,0.8760926723480225,0.8760926723480225,0,2.0,0,0,0,0,0,0,0,0,0,0,0,0
data_116,0,0.7292400598526001,0.7165887951850891,0,2.0,0,0,0,0,0,0,0,0,0,0,0,0
data_116,0,0.7413762807846069,0.7042734622955322,0,2.0,0,0,0,0,0,0,0,0,1,0,1,0
data_116,0,0.698070228099823,0.6903423070907593,0,2.0,0,0,0,0,0,0,0,0,1,0,0,0
data_117,0,0.6901008486747742,,1,0.0,0,0,0,0,0,0,0,0,0,0,0,0
data_117,1,0.7691611051559448,,1,0.0,1,1,1,1,1,1,1,1,1,1,1,1
data_117,0,0.9999997615814208,0.9999997615814208,0,4.0,0,0,0,0,0,0,0,0,0,0,0,0
data_117,0,0.5726590752601624,0.5490466356277466,0,4.0,0,0,0,0,0,0,0,0,0,1,0,0
data_117,0,0.7160748839378357,0.7160748839378357,0,4.0,0,0,0,0,0,0,0,0,0,0,0,0
data_117,0,0.8815171122550964,0.8815171122550964,0,4.0,1,1,1,1,1,1,0,0,1,1,0,0
data_117,0,0.8688440322875977,0.8688440322875977,0,2.0,0,0,0,0,0,0,0,0,0,0,0,0
data_117,0,0.9704037308692932,0.9704037308692932,0,2.0,0,0,0,0,0,0,0,0,0,0,0,0
data_117,1,0.8858804702758789,0.8858804702758789,0,3.0,1,1,1,1,1,1,1,1,1,1,1,1
data_117,0,0.7620912790298462,0.7620912790298462,0,3.0,0,0,0,0,0,1,0,0,0,1,0,1
data_117,0,0.9519782066345216,0.9519782066345216,0,3.0,0,0,0,0,0,0,0,0,0,0,0,0
data_117,0,0.6408607363700867,0.6141732335090637,0,2.0,0,0,0,0,0,0,0,0,0,0,0,0
data_117,0,0.8802046775817871,0.8802046775817871,0,2.0,0,0,0,0,0,0,0,0,0,0,0,0
data_117,0,0.8712033033370972,0.8712033033370972,0,3.0,0,0,0,0,0,0,0,0,0,0,0,0
data_117,0,0.8165693283081055,0.8165693283081055,0,3.0,0,0,0,0,0,0,0,0,0,0,0,0
data_117,0,0.8894898295402527,0.8894898295402527,0,3.0,0,0,0,0,0,0,0,0,0,0,0,0
data_117,0,0.6042042970657349,0.6042042970657349,0,2.0,0,0,0,0,0,0,0,0,0,0,0,0
data_117,0,0.8644497990608215,0.8644497990608215,0,2.0,0,0,0,0,0,0,0,0,0,0,0,0
data_118,0,0.6570612192153931,,1,0.0,0,0,0,0,0,0,0,0,1,0,1,0
data_118,0,0.9051613211631776,,1,0.0,0,0,0,0,0,0,0,0,0,0,0,0
data_118,0,0.8441857099533081,0.8441857099533081,0,5.0,0,0,0,0,0,0,0,0,0,0,0,0
data_118,0,0.8300644755363464,0.8300644755363464,0,5.0,0,0,0,0,0,0,0,0,0,0,0,0
data_118,0,0.6177018880844116,0.6013452410697937,0,5.0,0,0,0,0,0,0,0,1,0,1,0,0
data_118,0,0.587051510810852,0.587051510810852,0,5.0,0,0,0,0,0,0,0,0,0,0,0,0
data_118,0,0.7417978048324585,0.7078070044517517,0,5.0,0,0,0,0,0,0,0,0,1,1,0,0
data_118,0,0.7591148018836975,0.7591148018836975,0,3.0,0,0,0,0,0,0,0,0,0,0,0,0
data_118,0,0.8441540002822876,0.8441540002822876,0,3.0,0,0,0,0,0,0,0,0,0,0,0,0
data_118,0,0.6740425825119019,0.4818577170372009,0,3.0,0,0,0,0,0,0,0,0,0,0,0,0
data_118,0,0.7428051233291626,0.5613199472427368,0,2.0,0,0,0,0,0,0,0,0,0,0,0,0
data_118,0,0.687687873840332,0.5949581265449524,0,2.0,0,0,0,0,1,0,0,0,0,0,0,0
data_118,0,0.7211999893188477,0.652036190032959,0,2.0,0,0,0,0,0,0,0,0,1,0,0,0
data_118,1,0.6348757743835449,0.6348757743835449,0,2.0,1,1,1,0,1,1,1,0,1,1,1,1
data_118,0,0.7880811095237732,0.7880811095237732,0,2.0,0,0,0,0,0,0,0,0,0,0,0,0
data_118,0,0.7030301690101624,0.6762102842330933,0,2.0,0,0,0,0,0,0,0,0,1,1,0,0
data_118,0,0.763562798500061,0.7068703174591064,0,3.0,0,1,0,0,0,1,1,0,1,1,1,0
data_118,0,0.6763482093811035,0.6763482093811035,0,3.0,0,0,0,0,0,0,0,0,0,0,0,0
data_118,0,0.6217490434646606,0.5320450663566589,0,3.0,0,0,0,0,0,0,0,0,0,0,0,0
data_119,0,0.8220396041870117,,1,0.0,0,0,0,0,0,0,0,0,1,0,0,0
data_119,0,0.8248887658119202,,1,0.0,0,1,0,0,0,1,0,0,1,1,0,0
data_119,0,0.6340273022651672,,1,0.0,0,0,0,0,0,0,0,0,0,0,0,0
data_119,0,0.8937600255012512,0.8937600255012512,0,4.0,0,0,0,0,0,0,0,0,0,0,0,0
data_119,0,0.6795538663864136,0.6795538663864136,0,4.0,0,1,0,0,0,1,0,0,1,1,1,0
data_119,0,0.7562295198440552,0.7562295198440552,0,4.0,0,0,0,0,0,0,0,0,1,0,0,0
data_119,0,0.6556093096733093,0.6556093096733093,0,4.0,0,0,0,0,0,0,0,0,1,0,0,0
data_119,0,0.9493061304092408,0.9493061304092408,0,4.0,0,0,0,0,0,0,0,0,0,0,0,0
data_119,0,0.8218571543693542,0.8218571543693542,0,4.0,0,0,0,0,0,0,0,0,0,0,0,0
data_119,0,0.8940054178237915,0.8940054178237915,0,4.0,0,0,0,0,0,0,0,0,0,0,0,0
data_119,0,0.7043028473854065,0.6539050936698914,0,4.0,1,1,1,0,1,1,0,0,1,1,1,1
data_119,0,0.7960739731788635,0.7244372367858887,0,3.0,0,0,0,0,0,0,0,0,0,0,0,0
data_119,0,0.6982681751251221,0.6658991575241089,0,3.0,0,0,0,0,0,0,0,0,1,0,0,0
data_119,0,0.639985203742981,0.5513185858726501,0,3.0,0,0,0,0,0,0,0,0,0,0,0,0
data_119,0,0.8203036189079285,0.8203036189079285,0,3.0,0,0,0,0,0,1,0,0,1,1,0,0
data_119,0,0.6897634267807007,0.6625469923019409,0,3.0,0,0,0,0,0,0,0,0,0,0,0,0
data_119,0,0.874950110912323,0.874950110912323,0,3.0,0,0,0,0,0,0,0,0,0,0,0,0
data_119,0,0.6655654907226562,0.6467834115028381,0,2.0,0,0,0,0,0,0,0,0,1,0,0,0
data_119,0,0.7447211146354675,0.7447211146354675,0,2.0,0,0,0,0,0,1,0,0,1,1,0,0
data_119,0,0.7433722019195557,0.5706004500389099,0,2.0,0,0,0,0,0,0,0,0,0,0,0,0
data_119,0,0.7783975005149841,0.6781269311904907,0,2.0,0,0,0,0,0,0,0,0,0,0,0,1
data_119,0,0.7610723972320557,0.6668760776519775,0,4.0,0,0,0,0,0,0,0,0,0,0,0,0
data_119,0,0.7512826323509216,0.7512826323509216,0,4.0,0,0,0,0,0,0,0,0,0,0,0,0
data_119,0,0.722840428352356,0.5939893126487732,0,4.0,0,0,0,0,0,0,0,0,0,1,0,0
data_119,0,0.7845853567123413,0.7845853567123413,0,4.0,0,0,0,0,0,0,0,0,1,0,0,0
data_120,1,0.8774486184120178,0.8774486184120178,0,5.0,0,0,0,0,0,0,0,0,0,0,0,0
data_120,0,0.9285019040107728,0.9285019040107728,0,5.0,0,0,0,0,0,0,0,0,0,0,0,0
data_120,0,0.864619791507721,0.864619791507721,0,5.0,0,0,0,0,0,0,0,0,0,0,0,0
data_120,0,0.8570627570152283,0.8570627570152283,0,5.0,0,0,0,0,0,0,0,0,0,0,0,0
data_120,1,0.7660192847251892,0.7660192847251892,0,5.0,1,1,0,1,1,1,1,1,1,1,1,1
data_120,0,0.8633809089660645,0.8055222034454346,0,4.0,0,0,0,0,0,0,0,0,1,0,0,0
data_120,0,0.6599515676498413,0.585743248462677,0,4.0,0,0,0,0,0,0,0,0,1,0,0,0
data_120,0,0.7421911358833313,0.7421911358833313,0,4.0,0,0,0,0,0,0,0,0,0,0,0,0
data_120,0,0.6580690145492554,0.5622804760932922,0,4.0,0,0,0,0,1,0,0,0,1,1,0,0
data_120,0,0.8375081419944763,0.8375081419944763,0,5.0,0,0,0,0,0,0,0,0,0,0,0,0
data_120,0,0.7475778460502625,0.7475778460502625,0,5.0,0,0,0,0,0,0,0,0,0,0,0,0
data_120,0,0.8381150364875793,0.8381150364875793,0,5.0,0,0,0,0,0,0,0,0,0,0,0,0
data_120,0,0.8085117936134338,0.8085117936134338,0,5.0,0,0,0,0,0,0,0,0,0,1,0,0
data_120,0,0.8617305755615234,0.8617305755615234,0,5.0,0,0,0,0,0,0,0,0,0,0,0,0
data_120,0,0.6982582807540894,0.6864755749702454,0,4.0,0,0,0,0,0,0,0,0,0,0,0,0
data_120,0,0.667138934135437,0.5758700370788574,0,4.0,0,0,0,0,0,0,0,0,1,0,0,0
data_120,0,0.9065826535224916,0.9065826535224916,0,4.0,0,0,0,0,0,0,0,0,0,0,0,0
data_120,0,0.6818085312843323,0.678652286529541,0,4.0,0,0,0,0,1,1,1,1,1,1,1,1
data_120,0,0.820508599281311,0.820508599281311,0,4.0,0,0,0,0,0,0,0,0,0,0,0,0
data_120,0,0.7666728496551514,0.7666728496551514,0,4.0,0,0,0,0,0,0,0,0,1,0,0,0
data_120,0,0.7723671197891235,0.7723671197891235,0,4.0,0,1,0,0,0,1,0,0,1,1,0,0
data_120,0,0.7857553362846375,0.7857553362846375,0,4.0,0,0,0,0,0,0,0,0,0,0,0,0
data_121,0,0.8282501101493835,,1,0.0,0,0,0,0,0,0,0,0,1,0,0,0
data_121,0,0.7851896286010742,,1,0.0,0,0,0,0,0,0,0,0,1,0,0,0
data_121,1,0.7903231382369995,,1,0.0,1,0,0,0,0,0,1,0,1,1,1,0
data_121,0,0.824752688407898,0.824752688407898,0,4.0,0,0,0,0,0,0,0,0,0,0,0,0
data_121,0,0.7493447065353394,0.6556254625320435,0,4.0,0,0,0,0,1,0,0,0,1,1,0,0
data_121,0,0.8140460252761841,0.8140460252761841,0,4.0,0,0,0,0,0,0,0,0,0,0,0,0
data_121,0,0.7797567844390869,0.7544184327125549,0,4.0,0,0,0,0,0,1,0,0,1,1,0,0
data_121,0,0.909820020198822,0.909820020198822,0,4.0,0,0,0,0,0,0,0,0,0,0,0,0
data_121,0,0.7127763032913208,0.7127763032913208,0,4.0,0,0,0,0,0,0,0,0,0,0,0,0
data_121,0,0.6656192541122437,0.6656192541122437,0,4.0,0,0,0,0,0,0,0,0,0,0,0,0
data_121,0,0.7510088086128235,0.7299261689186096,0,4.0,0,0,0,0,0,0,0,0,1,1,0,0
data_121,0,0.725730836391449,0.725730836391449,0,4.0,0,0,0,0,0,0,0,0,0,0,0,0
data_121,0,0.8632672429084778,0.8632672429084778,0,4.0,0,0,0,0,0,0,0,0,0,0,0,0
data_121,0,0.8629375100135803,0.7296990156173706,0,4.0,0,0,0,0,0,0,0,0,0,0,0,0
data_121,0,0.8252182006835938,0.8252182006835938,0,4.0,0,0,0,0,0,0,0,0,0,0,0,0
data_121,0,0.8110349774360657,0.8110349774360657,0,4.0,0,0,0,0,0,0,0,0,0,0,0,0
data_121,0,0.9474457502365112,0.9474457502365112,0,4.0,0,0,0,0,0,0,0,0,0,0,0,0
data_121,0,0.8520309925079346,0.8520309925079346,0,4.0,0,0,0,0,0,0,0,0,0,0,0,0
data_121,1,0.7054855823516846,0.6933918595314026,0,4.0,0,0,0,0,1,0,0,0,0,1,0,0
data_121,0,0.7687169909477234,0.757079541683197,0,4.0,0,0,0,0,0,0,0,0,0,0,0,0
data_121,0,0.674077033996582,0.6726836562156677,0,4.0,0,0,0,0,1,0,0,0,1,0,0,0
data_121,1,0.7261515855789185,0.7261515855789185,0,4.0,0,0,0,0,0,0,0,0,1,0,0,0
data_121,0,0.7605494856834412,0.7605494856834412,0,4.0,0,0,0,0,1,1,1,0,1,1,1,0
data_121,0,0.7059339284896851,,1,0.0,0,0,0,0,0,0,0,0,1,0,0,0
data_121,0,0.7809081673622131,,1,0.0,0,0,0,0,0,0,0,0,1,0,0,0
data_121,0,0.6767063140869141,,1,0.0,0,0,0,0,0,0,0,0,0,0,0,0
data_121,0,0.7903709411621094,,1,0.0,1,0,0,0,1,1,1,1,1,1,1,1
data_122,0,0.7820746898651123,,1,0.0,0,0,0,0,0,0,0,0,0,0,0,0
data_122,0,0.8864213228225708,,1,0.0,0,0,0,0,0,0,0,0,0,0,0,0
data_122,0,0.7965913414955139,,1,0.0,0,0,0,0,0,0,0,0,0,0,0,0
data_122,0,0.8167873620986938,0.8167873620986938,0,4.0,0,0,0,0,0,0,0,0,1,0,0,0
data_122,1,0.6064985394477844,0.6064985394477844,0,4.0,0,1,0,0,1,1,0,0,0,1,1,0
data_122,0,0.8096096515655518,0.8096096515655518,0,4.0,0,0,0,0,0,0,0,0,0,0,0,0
data_122,1,0.7749435901641846,0.70345139503479,0,4.0,1,0,0,0,1,1,0,0,1,1,1,0
data_122,0,0.8796082735061646,0.7316725850105286,0,2.0,0,0,0,0,0,0,0,0,1,0,0,0
data_122,0,0.7212146520614624,0.7050527930259705,0,2.0,0,0,0,0,1,1,0,0,1,1,1,0
data_122,0,0.7254610657691956,0.7254610657691956,0,3.0,0,0,0,0,0,0,0,0,1,1,0,0
data_122,0,0.640828013420105,0.640828013420105,0,3.0,0,0,0,0,0,0,0,0,0,0,0,0
data_122,0,0.639971911907196,0.639971911907196,0,3.0,0,0,0,0,0,0,0,0,1,0,0,0
data_122,0,0.5619046688079834,0.5582020878791809,0,2.0,1,0,0,0,1,0,0,0,1,1,0,0
data_122,0,0.6917489171028137,0.6473448276519775,0,2.0,0,0,0,0,0,0,0,0,0,0,0,0
data_123,0,0.794807493686676,0.794807493686676,0,3.0,0,0,0,0,1,0,0,0,1,1,0,0
data_123,0,0.7995114922523499,0.5510233640670776,0,3.0,0,0,0,0,0,1,0,0,1,1,0,0
data_123,0,0.7753835916519165,0.6020578145980835,0,3.0,0,0,0,0,0,0,0,0,0,0,0,0
data_123,1,0.7794591784477234,0.7564196586608887,0,3.0,1,1,1,1,1,1,1,1,1,1,1,1
data_123,0,0.8206493854522705,0.8206493854522705,0,3.0,0,0,0,0,0,0,0,0,0,0,0,0
data_123,0,0.8414323925971985,0.7983157634735107,0,3.0,0,0,0,0,1,0,0,0,1,1,0,0
data_123,0,0.8612366318702698,0.7007970809936523,0,2.0,0,0,0,0,0,0,0,0,0,0,0,0
data_123,1,0.6850996017456055,0.4916350245475769,0,2.0,1,1,1,1,1,1,1,1,1,1,1,1
data_123,0,0.7482213377952576,0.7099794149398804,0,2.0,1,0,0,1,1,1,0,1,1,1,1,1
data_123,0,0.7587581276893616,0.7587581276893616,0,2.0,0,0,0,0,0,0,0,0,0,0,0,0
data_123,0,0.7921169400215149,0.7560929656028748,0,1.0,0,0,0,0,0,0,0,0,0,1,1,0
data_124,0,0.9037423133850098,0.8846611976623535,0,5.0,0,0,0,0,0,0,0,0,0,0,0,0
data_124,0,0.7530003190040588,0.7530003190040588,0,5.0,0,0,0,0,0,0,0,0,1,0,0,0
data_124,0,0.8971661329269409,0.8971661329269409,0,5.0,0,0,0,0,0,0,0,0,0,0,0,0
data_124,0,0.7845630049705505,0.7845630049705505,0,5.0,0,0,0,1,0,0,0,0,1,0,0,0
data_124,0,0.8336184024810791,0.8336184024810791,0,5.0,0,0,0,0,0,0,0,0,0,0,0,0
data_124,0,0.652624785900116,,1,0.0,0,0,1,0,0,0,0,0,0,0,0,0
data_124,0,0.6756162047386169,,1,0.0,0,0,0,0,0,0,0,0,1,0,0,0
data_124,0,0.8054287433624268,0.8054287433624268,0,5.0,0,0,0,0,0,0,0,0,0,0,0,0
data_124,0,0.8866710662841797,0.8866710662841797,0,5.0,0,0,0,0,0,0,0,0,0,0,0,0
data_124,1,0.8857106566429138,0.6953626871109009,0,5.0,1,1,1,1,1,1,1,1,1,1,1,1
data_124,0,0.6396586894989014,0.5845773816108704,0,5.0,0,1,0,0,1,1,0,0,1,1,0,0
data_124,0,0.8033549189567566,0.6205021142959595,0,5.0,0,0,0,0,0,0,0,0,0,0,0,0
data_124,0,0.6279594302177429,0.5095427632331848,0,2.0,0,0,0,0,0,0,0,0,0,0,0,0
data_124,1,0.6355466842651367,0.6082218885421753,0,2.0,0,0,0,0,1,1,1,0,1,1,1,0
data_124,0,0.7636386752128601,0.7636386752128601,0,2.0,0,0,0,0,1,1,0,0,1,1,0,0
data_124,0,0.9199270009994508,0.9199270009994508,0,2.0,0,0,0,0,0,0,0,0,0,0,0,0
data_125,0,0.6557035446166992,,1,0.0,0,0,0,0,0,0,0,0,0,0,0,0
data_125,0,0.7829442024230957,,1,0.0,0,0,0,0,0,0,0,0,0,0,0,0
data_125,0,0.7075448632240295,,1,0.0,0,0,0,0,0,0,0,0,1,0,0,0
data_125,0,0.5539158582687378,,1,0.0,0,0,0,0,0,0,0,0,1,0,0,0
data_125,0,0.7292728424072266,,1,0.0,0,0,0,0,0,0,0,0,0,1,0,0
data_125,0,0.8214109539985657,0.8214109539985657,0,4.0,0,0,0,0,0,0,0,0,0,0,0,0
data_125,0,0.7965327501296997,0.7965327501296997,0,4.0,0,0,0,0,1,1,0,0,1,1,0,0
data_125,0,0.9276172518730164,0.9276172518730164,0,4.0,0,0,0,0,0,0,0,0,0,0,0,0
data_125,0,0.7490605711936951,0.6019282937049866,0,4.0,1,1,1,1,1,1,1,0,1,1,1,1
data_125,0,0.888336718082428,0.888336718082428,0,4.0,0,0,0,0,0,1,0,0,1,1,0,0
data_125,0,0.7813073396682739,0.7625336050987244,0,4.0,0,0,0,0,0,0,0,0,0,0,0,0
data_125,0,0.7841928005218506,0.7841928005218506,0,4.0,0,0,0,0,0,0,0,0,0,0,0,0
data_125,0,0.8535103797912598,0.8535103797912598,0,4.0,0,0,0,0,0,1,1,0,1,1,1,0
data_125,0,0.7879549264907837,0.7879549264907837,0,3.0,0,0,0,0,0,0,0,0,0,0,0,0
data_125,0,0.822008490562439,0.822008490562439,0,3.0,0,0,0,0,0,0,0,0,0,0,0,0
data_125,0,0.7788147330284119,0.7739364504814148,0,3.0,0,0,0,0,0,1,0,0,1,0,1,0
data_125,0,0.8368788957595825,0.8368788957595825,0,3.0,0,0,0,0,0,0,0,0,0,0,0,0
data_125,0,0.8207270503044128,0.808794379234314,0,3.0,0,0,0,0,0,0,0,0,0,0,0,0
data_125,0,0.8420320153236389,0.8420320153236389,0,3.0,0,0,0,0,0,0,0,0,1,0,1,0
data_125,1,0.8142955899238586,0.7221038937568665,0,3.0,0,0,0,0,0,0,0,0,1,1,0,0
data_125,0,0.7780506014823914,0.7780506014823914,0,3.0,0,0,0,0,1,1,0,0,1,1,1,0
data_125,0,0.7962354421615601,0.7962354421615601,0,3.0,0,0,0,0,0,0,0,0,1,0,1,0
data_126,0,0.6704419851303101,,1,0.0,0,0,0,0,0,0,0,0,1,1,1,0
data_126,0,0.7381947636604309,,1,0.0,0,0,0,0,0,1,1,0,1,1,1,0
data_126,0,0.7828870415687561,0.7828870415687561,0,3.0,0,0,0,0,0,0,0,0,0,0,0,0
data_126,0,0.6867658495903015,0.5706652998924255,0,3.0,0,0,0,0,0,0,0,0,0,0,0,0
data_126,0,0.6630144119262695,0.445838451385498,0,3.0,0,0,0,0,0,1,0,0,1,1,0,0
data_126,0,0.8581483364105225,0.8581483364105225,0,4.0,0,0,0,0,0,0,0,0,0,0,0,0
data_126,0,0.6477012634277344,0.6477012634277344,0,4.0,0,0,0,0,0,0,0,0,0,0,0,0
data_126,0,0.6351261138916016,0.6334448456764221,0,4.0,0,0,0,0,0,0,0,0,1,0,0,0
data_126,0,0.6911716461181641,0.6804807782173157,0,4.0,0,0,0,0,0,0,0,0,1,0,1,0
data_126,0,0.6651431322097778,0.4895947575569153,0,3.0,0,0,0,0,1,0,0,0,1,0,0,0
data_126,0,0.7172919511795044,0.6353994607925415,0,3.0,0,0,0,0,0,0,0,0,0,0,0,0
data_126,0,0.569534957408905,0.5682214498519897,0,3.0,0,0,0,0,0,0,0,0,1,0,0,0
data_126,0,0.7530600428581238,0.6872882843017578,0,3.0,0,0,0,0,0,0,0,0,0,0,0,0
data_126,0,0.727013349533081,0.727013349533081,0,3.0,0,0,0,0,0,0,0,0,0,0,0,0
data_126,0,0.7014389038085938,0.6855251789093018,0,3.0,0,0,0,0,1,0,0,0,1,1,1,0
data_126,0,0.6199125051498413,0.6199125051498413,0,3.0,0,0,0,0,0,0,0,0,1,0,0,0
data_126,0,0.6664699912071228,0.6636699438095093,0,3.0,0,0,0,0,0,0,0,0,0,0,0,0
data_126,0,0.7110080718994141,0.6965968608856201,0,3.0,0,0,0,0,0,0,0,0,0,0,0,0
data_126,0,0.7825332880020142,0.6103556752204895,0,3.0,0,0,0,0,0,0,0,0,1,0,0,0
data_126,0,0.5117243528366089,0.4587929844856262,0,3.0,0,0,0,0,0,0,0,0,1,1,1,0
data_126,1,0.653185248374939,0.6234305500984192,0,3.0,0,0,0,0,1,1,0,1,1,1,1,1
data_126,1,0.8034796118736267,0.572437584400177,0,2.0,1,0,0,0,1,1,1,0,1,1,1,0
data_126,0,0.7068154811859131,0.7068154811859131,0,2.0,0,0,0,0,0,0,0,0,0,1,1,0
data_126,0,0.6569769382476807,0.6125473976135254,0,3.0,0,0,0,0,0,0,0,0,0,0,0,0
data_126,1,0.7684188485145569,0.6775317192077637,0,3.0,1,0,0,0,1,0,1,0,1,1,1,0
data_126,0,0.6936209201812744,0.6936209201812744,0,3.0,0,0,0,0,0,1,0,0,0,1,1,0
data_126,0,0.6581685543060303,0.6581685543060303,0,3.0,0,0,0,0,0,0,0,0,1,0,0,0
data_126,0,0.6565738320350647,0.6178935170173645,0,3.0,0,0,0,0,0,0,0,0,1,1,0,0
data_126,0,0.7289943695068359,0.6699512600898743,0,3.0,0,0,0,0,0,0,0,0,0,0,0,0
data_127,0,0.8286952972412109,0.6166715025901794,0,3.0,0,0,0,0,0,0,0,0,1,0,0,0
data_127,0,0.8012556433677673,0.7681978344917297,0,3.0,0,0,0,0,0,1,0,0,1,1,0,0
data_127,0,0.8525699377059937,0.7804392576217651,0,3.0,0,0,0,0,0,0,0,0,0,0,0,0
data_127,1,0.8489233255386353,,1,0.0,0,0,0,0,1,1,1,1,1,1,1,1
data_127,1,0.7765560150146484,,1,0.0,1,1,1,1,1,1,1,1,1,1,1,1
data_127,1,0.9286332726478576,,1,0.0,1,1,1,1,1,1,1,1,1,1,1,1
data_127,0,0.8705030679702759,0.8705030679702759,0,2.0,0,0,0,0,0,0,0,0,0,0,0,0
data_127,0,0.8121216297149658,0.8121216297149658,0,2.0,0,0,0,0,0,0,0,0,1,0,0,0
data_127,0,0.6130220890045166,0.4922802448272705,0,3.0,0,0,0,0,0,0,0,0,0,0,0,0
data_127,0,0.9747387766838074,0.9747387766838074,0,3.0,0,0,0,0,0,0,0,0,0,0,0,0
data_127,0,0.8860343098640442,0.8860343098640442,0,3.0,0,0,0,0,0,0,0,0,0,0,0,0
data_127,0,0.819489061832428,0.819489061832428,0,3.0,0,0,0,0,0,1,0,0,0,1,0,0
data_127,0,0.77205890417099,0.77205890417099,0,3.0,0,0,1,1,1,1,1,1,1,1,1,0
data_127,0,0.7973679304122925,0.7973679304122925,0,3.0,0,0,0,0,0,0,0,0,0,0,0,0
data_127,1,0.9129520058631896,0.5779841542243958,0,2.0,1,1,0,0,1,1,1,1,1,1,1,1
data_127,1,0.8154628872871399,0.7210841178894043,0,2.0,0,0,0,0,1,1,0,0,1,1,1,0
data_127,1,0.8713850378990173,0.6051109433174133,0,2.0,1,1,1,1,1,1,1,1,1,1,1,1
data_127,1,0.7859267592430115,0.7816967368125916,0,2.0,1,1,1,1,1,1,1,0,1,1,1,1
data_128,0,0.9497591257095336,,1,0.0,0,0,0,0,0,0,0,0,0,0,0,0
data_128,0,0.9681413769721984,,1,0.0,0,0,0,0,0,0,0,0,0,0,0,0
data_128,0,0.993620991706848,,1,0.0,0,0,0,0,0,0,0,0,0,0,0,0
data_128,0,0.8337112665176392,0.8337112665176392,0,3.0,0,0,0,0,1,1,1,1,1,1,1,1
data_128,0,0.9731482863426208,0.9731482863426208,0,3.0,0,0,0,0,0,0,0,0,0,0,0,0
data_128,0,0.794605553150177,0.794605553150177,0,3.0,0,0,0,1,1,0,0,1,1,0,0,1
data_128,0,0.7735481262207031,0.7735481262207031,0,3.0,0,0,0,0,0,0,0,0,0,0,0,0
data_128,0,0.9209941625595092,0.9209941625595092,0,3.0,0,0,0,0,0,0,0,0,0,0,0,0
data_128,0,0.7172648906707764,0.7172648906707764,0,3.0,0,0,0,0,0,0,0,0,0,0,0,0
data_128,0,0.7512251734733582,0.7512251734733582,0,3.0,0,0,0,0,0,0,0,0,0,0,0,0
data_128,0,0.8350750207901001,0.8350750207901001,0,3.0,0,0,0,0,1,0,0,0,1,1,0,0
data_128,0,0.927057683467865,0.927057683467865,0,3.0,0,0,0,0,0,0,0,0,0,0,0,0
data_128,0,0.973246932029724,0.973246932029724,0,3.0,0,0,0,0,0,0,0,0,0,0,0,0
data_128,0,0.8301335573196411,0.8301335573196411,0,3.0,0,0,0,0,0,0,0,0,1,0,0,0
data_128,0,0.8105322122573853,0.789282500743866,0,3.0,0,1,0,0,1,1,0,1,1,1,1,1
data_128,0,0.835378885269165,0.835378885269165,0,3.0,0,0,0,0,0,0,0,0,0,0,0,0
data_128,0,0.808398962020874,0.808398962020874,0,3.0,0,0,0,0,0,0,0,0,0,0,0,0
data_128,0,0.8589823246002197,0.7712022066116333,0,3.0,0,0,0,0,0,1,0,0,1,1,1,0
data_128,0,0.8736234903335571,0.8736234903335571,0,3.0,0,0,0,0,0,0,0,0,0,1,0,0
data_128,0,0.9147278070449828,0.9147278070449828,0,3.0,0,0,0,0,0,0,0,0,0,0,0,0
data_128,0,0.8050230145454407,0.8050230145454407,0,3.0,0,0,0,0,0,0,0,0,0,0,0,0
data_129,0,0.8325019478797913,0.8301817178726196,0,4.0,0,0,0,0,0,0,0,0,0,0,0,0
data_129,0,0.7712500691413879,0.5046941637992859,0,4.0,0,0,0,0,0,0,0,0,0,0,0,0
data_129,0,0.6626384854316711,0.6626384854316711,0,4.0,0,0,0,0,0,0,0,0,0,0,0,0
data_129,0,0.7680615186691284,0.7124892473220825,0,4.0,1,0,0,0,1,1,0,0,1,1,0,0
data_129,0,0.891913115978241,0.891913115978241,0,4.0,0,0,0,0,0,0,0,0,0,0,0,0
data_129,0,0.6982734203338623,0.6773125529289246,0,4.0,0,0,0,0,0,0,0,0,0,0,0,0
data_129,0,0.8275560736656189,0.8275560736656189,0,4.0,0,0,0,0,0,0,0,0,0,0,0,0
data_129,0,0.9380514025688172,0.9380514025688172,0,4.0,0,0,0,0,0,0,0,0,0,0,0,0
data_129,0,0.7694290280342102,0.7685309052467346,0,3.0,0,1,0,0,0,0,0,0,1,0,0,0
data_129,0,0.8085238933563232,0.8085238933563232,0,3.0,0,0,0,0,0,0,0,0,0,0,0,0
data_129,0,0.820691704750061,0.733522355556488,0,3.0,0,0,0,0,0,1,0,0,0,1,1,0
data_129,0,0.8307472467422485,0.6848932504653931,0,2.0,0,0,0,0,0,0,0,0,1,0,0,0
data_129,0,0.916635513305664,0.916635513305664,0,2.0,0,0,0,0,0,0,0,0,0,0,0,0
data_129,0,0.7367070317268372,0.7076805233955383,0,2.0,0,0,0,0,0,0,0,0,0,0,0,0
data_129,0,0.8681169152259827,0.6760337948799133,0,2.0,0,0,0,0,0,0,0,0,0,0,0,0
data_130,0,0.7831699252128601,,1,0.0,0,0,0,0,0,0,0,0,0,0,1,0
data_130,0,0.9196085929870604,,1,0.0,0,0,0,0,0,0,0,0,0,0,0,0
data_130,0,0.7431186437606812,,1,0.0,0,0,0,0,1,1,0,0,1,1,1,0
data_130,1,0.7536189556121826,,1,0.0,1,1,1,1,1,1,1,1,1,1,1,1
data_130,1,0.8712739944458008,0.8712739944458008,0,3.0,1,1,1,1,1,1,1,1,1,1,1,1
data_130,1,0.7607865929603577,0.5636956691741943,0,3.0,1,1,1,1,1,1,1,1,1,1,1,1
data_130,1,0.9399733543395996,0.9399733543395996,0,3.0,1,1,1,1,1,1,1,1,1,1,1,1
data_130,1,0.7039374709129333,0.6111614108085632,0,2.0,1,0,1,0,1,1,1,0,1,1,1,0
data_130,1,0.77561354637146,0.6211395263671875,0,2.0,1,1,1,1,1,1,1,1,1,1,1,1
data_130,0,0.960038959980011,0.5367646217346191,0,3.0,0,1,0,0,1,1,0,1,1,1,1,1
data_130,1,0.6957883238792419,0.5960288047790527,0,3.0,1,1,1,1,1,1,1,1,1,1,1,1
data_130,1,0.7655720114707947,0.5993449687957764,0,3.0,1,1,1,1,1,1,1,1,1,1,1,1
data_130,1,0.7781529426574707,0.6066185832023621,0,2.0,0,0,0,0,1,1,1,0,1,1,1,0
data_130,1,0.6868904829025269,0.6388759613037109,0,2.0,0,0,0,0,1,0,0,0,1,1,1,0
data_130,1,0.7765182852745056,,1,0.0,1,1,1,1,1,1,1,1,1,1,1,1
data_130,0,0.836647093296051,,1,0.0,0,0,1,0,1,0,0,0,1,1,1,0
data_131,0,0.7779409289360046,,1,0.0,0,0,0,0,0,0,0,0,0,0,0,0
data_131,0,0.7956516742706299,,1,0.0,0,0,0,0,0,0,0,0,0,0,0,0
data_131,0,0.7899339199066162,,1,0.0,0,0,0,0,0,0,0,0,0,0,0,0
data_131,1,0.7095682621002197,0.7095682621002197,0,4.0,1,1,1,0,1,1,1,1,1,1,1,1
data_131,0,0.6935164332389832,0.6935164332389832,0,4.0,0,0,0,0,0,0,0,0,0,0,0,0
data_131,0,0.892671525478363,0.892671525478363,0,4.0,0,0,0,0,0,0,0,0,0,0,0,0
data_131,0,0.9515599608421326,0.9515599608421326,0,4.0,0,0,0,0,0,0,0,0,0,0,0,0
data_131,0,0.8022366166114807,0.6897701025009155,0,2.0,0,0,0,0,0,0,0,0,1,0,0,0
data_131,0,0.7925233244895935,0.7925233244895935,0,2.0,0,0,0,0,0,0,0,0,0,0,0,0
data_131,0,0.741145133972168,0.741145133972168,0,3.0,0,0,0,0,0,0,0,0,1,0,0,0
data_131,0,0.7500871419906616,0.7500871419906616,0,3.0,0,0,0,0,1,0,0,0,0,0,0,0
data_131,0,0.8428053259849548,0.8428053259849548,0,3.0,0,0,0,0,0,0,0,0,0,0,0,0
data_131,0,0.7949222326278687,0.7949222326278687,0,2.0,0,0,0,0,0,0,0,0,0,0,0,0
data_131,0,0.7687552571296692,0.7687552571296692,0,2.0,0,0,0,0,0,0,0,0,1,1,1,1
data_131,0,0.8457865715026855,0.8457865715026855,0,1.0,0,0,0,0,0,0,0,0,0,0,0,0
data_132,0,0.7574266791343689,,1,0.0,0,0,0,0,0,0,0,0,0,0,0,0
data_132,0,0.854225218296051,,1,0.0,0,0,0,0,1,1,0,0,1,1,0,0
data_132,0,0.649299681186676,,1,0.0,0,0,0,0,1,1,0,0,1,1,1,0
data_132,0,0.8292921781539917,0.8292921781539917,0,3.0,0,0,0,0,0,0,0,0,0,0,0,0
data_132,0,0.7451211810112,0.7142796516418457,0,3.0,0,0,0,0,0,0,0,0,0,0,0,0
data_132,0,0.8305968046188354,0.8305968046188354,0,3.0,0,0,0,0,0,0,0,0,0,0,0,0
data_132,0,0.8611321449279785,0.6896016597747803,0,3.0,0,1,0,0,0,1,0,0,1,1,0,0
data_132,0,0.8287445902824402,0.72623610496521,0,3.0,0,0,0,0,0,0,0,0,1,1,0,0
data_132,1,0.8044765591621399,0.6206466555595398,0,3.0,1,1,1,0,1,1,1,0,1,1,1,0
data_132,1,0.6109477877616882,0.6109477877616882,0,3.0,0,1,0,0,0,1,0,0,0,1,0,0
data_132,0,0.744351327419281,0.744351327419281,0,3.0,0,0,0,0,0,0,0,0,1,0,0,0
data_132,1,0.8419229984283447,0.8419229984283447,0,3.0,0,1,0,0,1,1,1,0,1,1,1,0
data_132,0,0.8977379202842712,0.8977379202842712,0,3.0,0,0,0,0,0,0,0,0,0,0,0,0
data_132,0,0.8244318962097168,0.7939993143081665,0,3.0,0,0,0,0,0,0,0,0,0,0,0,0
data_132,0,0.8246155381202698,0.8246155381202698,0,3.0,0,0,0,0,0,0,0,0,1,0,0,0
data_132,0,0.8761523962020874,0.8761523962020874,0,3.0,0,0,0,0,0,0,0,0,0,0,0,0
data_132,0,0.7027157545089722,0.6786732077598572,0,3.0,0,0,0,0,0,0,0,0,0,0,0,0
data_132,1,0.7802098393440247,0.7128205299377441,0,3.0,1,1,1,1,1,1,1,1,1,1,1,1
data_133,0,0.6910868883132935,,1,0.0,0,0,0,0,0,0,0,0,0,0,0,0
data_133,0,0.69278883934021,,1,0.0,0,0,0,0,0,0,0,0,0,0,0,0
data_133,0,0.7686441540718079,,1,0.0,0,0,0,0,0,0,0,0,0,0,0,0
data_133,0,0.6909047365188599,,1,0.0,0,0,0,0,0,0,0,0,0,0,0,0
data_133,0,0.6314135193824768,0.5085055232048035,0,4.0,0,0,0,0,0,0,0,0,1,0,0,0
data_133,0,0.7634552121162415,0.442253053188324,0,4.0,0,0,0,0,0,0,0,0,0,0,0,0
data_133,0,0.7944760322570801,0.7015727758407593,0,4.0,0,0,0,0,1,0,0,0,1,0,0,0
data_133,0,0.8489486575126648,0.7414531707763672,0,4.0,0,0,0,0,0,0,0,0,0,0,0,0
data_133,0,0.758809506893158,0.7250665426254272,0,4.0,0,0,0,0,0,0,0,0,1,0,0,0
data_133,1,0.6604478359222412,0.503736674785614,0,4.0,0,1,1,1,1,1,1,1,1,1,1,1
data_133,0,0.8235403299331665,0.6157083511352539,0,4.0,1,0,0,0,1,1,0,1,1,1,1,1
data_133,0,0.7065967321395874,0.3943894505500793,0,4.0,0,0,0,0,0,0,0,0,1,0,0,0
data_133,0,0.7014359831809998,0.672517716884613,0,3.0,0,0,0,0,0,0,0,0,0,0,0,0
data_133,0,0.4942601025104522,0.3944278359413147,0,3.0,0,0,0,0,0,1,0,0,1,1,0,0
data_133,0,0.6668617725372314,0.6099216341972351,0,3.0,0,0,0,0,0,0,0,0,0,0,0,0
data_133,0,0.7891297936439514,0.7721063494682312,0,3.0,0,0,0,0,0,0,0,0,0,0,0,0
data_133,0,0.711936354637146,0.6672805547714233,0,3.0,0,0,0,0,0,0,0,0,0,0,0,0
data_133,0,0.6586427092552185,0.521851122379303,0,3.0,0,0,0,0,1,1,0,0,1,1,0,0
data_133,0,0.6838697791099548,0.4537227749824524,0,3.0,0,0,0,0,0,0,0,0,1,0,0,0
data_133,0,0.6423248052597046,0.6423248052597046,0,3.0,0,0,0,0,0,0,0,0,0,0,0,0
data_133,0,0.745681881904602,0.5921049118041992,0,3.0,0,0,0,0,0,0,0,0,0,0,0,0
data_133,0,0.6445966958999634,0.5429509878158569,0,3.0,0,0,0,0,0,0,0,0,0,0,0,0
data_133,0,0.6202937960624695,0.6095927953720093,0,3.0,0,0,0,0,0,0,0,0,1,0,0,0
data_133,1,0.6415682435035706,0.6415682435035706,0,3.0,1,1,1,1,1,1,1,1,1,1,1,1
data_133,0,0.8287027478218079,0.8287027478218079,0,3.0,0,0,0,0,0,0,0,0,0,0,0,0
data_133,0,0.6843607425689697,0.5074268579483032,0,3.0,0,0,0,0,0,0,0,0,0,0,0,0
data_133,0,0.7324009537696838,0.6402291655540466,0,3.0,0,0,0,0,0,0,0,0,0,0,0,0
data_133,0,0.6653202772140503,0.6059673428535461,0,3.0,0,0,0,0,0,0,0,0,0,0,1,0
data_133,0,0.7932710647583008,0.7932710647583008,0,3.0,0,0,0,0,0,0,0,0,0,0,0,0
data_133,1,0.636612057685852,0.6146823763847351,0,3.0,0,0,0,0,1,0,1,0,1,1,1,0
data_133,0,0.6536210775375366,0.5958394408226013,0,3.0,0,0,0,0,0,0,0,0,0,0,0,0
data_133,0,0.5644873976707458,0.5042374134063721,0,3.0,0,0,0,0,0,0,0,0,1,0,0,0
data_133,1,0.6949887871742249,0.6013938784599304,0,3.0,0,0,0,0,0,0,1,0,1,1,1,0
data_133,0,0.6847620010375977,0.6847620010375977,0,3.0,0,0,0,0,0,0,0,0,0,0,0,0
data_133,0,0.5340141654014587,0.5091310739517212,0,3.0,0,0,0,0,0,0,0,0,0,0,0,0
data_133,0,0.6709132790565491,0.5416584014892578,0,3.0,0,0,0,0,0,0,0,0,0,0,1,0
data_133,0,0.7288765907287598,0.543734073638916,0,2.0,0,0,0,0,0,0,0,0,0,0,0,0
data_133,0,0.8167991638183594,0.8167991638183594,0,2.0,0,0,0,0,0,0,0,0,1,1,0,0
data_133,0,0.888161838054657,0.888161838054657,0,3.0,0,0,0,0,0,0,0,0,0,0,0,0
data_133,0,0.6229351758956909,0.6229351758956909,0,3.0,0,0,0,0,0,0,0,0,0,0,0,0
data_133,0,0.6413161158561707,0.6413161158561707,0,3.0,0,0,0,0,1,0,0,0,1,1,0,0
data_134,0,0.7278481125831604,0.7278481125831604,0,4.0,0,0,0,0,0,0,0,0,0,0,0,0
data_134,0,0.7220381498336792,0.6606168746948242,0,4.0,0,0,0,0,0,0,0,0,0,0,0,0
data_134,0,0.9196321368217468,0.9196321368217468,0,4.0,0,0,0,0,0,0,0,0,0,0,0,0
data_134,1,0.8461291193962097,0.8461291193962097,0,4.0,1,1,0,1,1,1,1,1,1,1,1,1
data_134,0,0.8158487677574158,0.6845991611480713,0,4.0,0,0,0,0,0,0,0,0,0,0,0,0
data_134,0,0.7589287757873535,0.7589287757873535,0,4.0,0,0,0,0,0,0,0,0,0,0,0,0
data_134,0,0.8110865950584412,0.8110865950584412,0,4.0,0,0,0,0,0,0,0,0,0,0,0,0
data_134,0,0.9338151216506958,0.9338151216506958,0,4.0,0,0,0,0,0,0,0,0,0,0,0,0
data_134,0,0.9282445311546326,0.9282445311546326,0,4.0,0,0,0,0,0,0,0,0,0,0,0,0
data_134,0,0.7799538373947144,0.7799538373947144,0,4.0,0,0,0,0,0,0,0,0,0,0,0,0
data_134,0,0.7365352511405945,0.7365352511405945,0,4.0,0,0,0,0,0,0,0,0,0,0,0,0
data_134,0,0.7556508779525757,0.6323816180229187,0,4.0,0,0,0,0,0,1,0,0,1,1,0,0
data_134,0,0.8605713248252869,0.8605713248252869,0,3.0,0,0,0,0,0,0,0,0,0,0,0,0
data_134,0,0.9475948214530944,0.9475948214530944,0,3.0,0,0,0,0,0,0,0,0,0,0,0,0
data_134,0,0.9172219038009644,0.9172219038009644,0,3.0,0,0,0,0,0,0,0,0,0,0,0,0
data_134,0,0.6762775182723999,0.4994416534900665,0,3.0,0,0,0,0,0,0,0,0,0,1,0,0
data_134,0,0.6860692501068115,0.6860692501068115,0,3.0,0,0,0,0,1,0,0,0,1,1,0,0
data_134,0,0.9234704375267028,0.9234704375267028,0,3.0,0,0,0,0,0,0,0,0,0,0,0,0
data_135,0,0.9934783577919006,,1,0.0,0,0,0,0,0,0,0,0,0,0,0,0
data_135,0,0.7347027063369751,,1,0.0,0,0,0,0,0,0,0,0,1,0,0,0
data_135,0,0.7492185235023499,,1,0.0,0,0,0,0,0,0,0,0,0,0,0,0
data_135,0,0.6924290060997009,,1,0.0,0,0,0,0,0,0,0,0,0,0,0,0
data_135,0,0.6886769533157349,0.6886769533157349,0,4.0,0,0,0,0,0,0,0,0,0,0,0,0
data_135,0,0.7408860325813293,0.7408860325813293,0,4.0,0,0,0,0,0,0,0,0,0,0,0,0
data_135,0,0.8181287050247192,0.8181287050247192,0,4.0,0,0,0,0,0,0,0,0,0,0,0,0
data_135,0,0.886831521987915,0.886831521987915,0,4.0,0,0,0,0,0,0,0,0,0,0,0,0
data_135,1,0.6819837689399719,0.6819837689399719,0,3.0,0,0,0,0,0,0,0,0,1,0,0,0
data_135,0,0.7887301445007324,0.7887301445007324,0,3.0,0,0,0,0,0,0,0,0,0,0,0,0
data_135,0,0.7120086550712585,0.6591086983680725,0,3.0,0,0,0,0,0,0,0,0,0,0,0,0
data_135,0,0.9155805110931396,0.9155805110931396,0,3.0,0,0,0,0,0,0,0,0,0,0,0,0
data_135,0,0.7852861285209656,0.6837192177772522,0,3.0,0,0,0,0,0,0,0,0,1,1,0,0
data_135,0,0.7846810817718506,0.6524430513381958,0,3.0,0,0,0,0,0,0,0,0,1,0,0,0
data_135,0,0.6708975434303284,0.6384445428848267,0,3.0,0,0,0,0,0,0,0,0,0,0,0,0
data_135,0,0.8241783380508423,0.8241783380508423,0,3.0,0,0,0,0,0,0,0,0,0,0,0,0
data_135,0,0.8388115167617798,0.7151100039482117,0,3.0,0,0,0,0,0,0,0,0,1,1,1,0
data_135,0,0.8506065011024475,0.8506065011024475,0,3.0,0,0,0,0,0,0,0,0,0,0,0,0
data_135,0,0.8268161416053772,0.8268161416053772,0,3.0,0,0,0,0,0,0,0,0,1,0,0,0
data_135,0,0.7839571833610535,0.7839571833610535,0,3.0,0,0,0,0,1,1,0,0,1,1,0,0
data_135,0,0.77456134557724,0.77456134557724,0,3.0,0,0,0,0,0,0,0,0,0,0,0,0
data_135,0,0.7197487950325012,0.7197487950325012,0,3.0,0,0,0,0,0,0,0,0,1,0,0,0
data_135,0,0.9036182761192322,0.9036182761192322,0,3.0,0,0,0,0,0,0,0,0,1,0,0,0
data_135,0,0.7267616391181946,0.6361254453659058,0,3.0,0,0,0,0,0,0,0,0,0,0,0,0
data_135,0,0.5519870519638062,0.5275541543960571,0,3.0,0,0,0,0,0,0,0,0,0,0,0,0
data_135,0,0.644387423992157,0.5787085890769958,0,3.0,0,0,0,0,0,0,0,0,0,0,0,0
data_135,0,0.7319557070732117,0.7082592248916626,0,3.0,0,0,0,0,0,0,0,0,1,0,0,0
data_135,0,0.865963876247406,0.865963876247406,0,3.0,0,0,0,0,0,0,0,0,0,0,0,0
data_135,1,0.7960195541381836,0.7960195541381836,0,3.0,0,0,0,0,0,0,0,0,0,1,0,0
data_136,0,0.9461145401000975,,1,0.0,0,0,0,0,0,0,0,0,0,0,0,0
data_136,0,0.8411527276039124,,1,0.0,0,0,0,0,0,0,0,0,0,0,0,0
data_136,0,0.7144193649291992,,1,0.0,0,0,0,0,0,0,0,0,0,0,0,0
data_136,0,0.7856478095054626,,1,0.0,0,0,0,0,0,0,0,0,1,1,0,0
data_136,0,0.8530299067497253,0.8129616975784302,0,4.0,0,0,0,0,0,0,0,0,1,0,0,0
data_136,0,0.8756510615348816,0.821098268032074,0,4.0,0,0,0,0,0,0,0,0,0,0,0,0
data_136,0,0.8157033920288086,0.8157033920288086,0,4.0,0,0,0,0,1,0,0,0,1,1,0,0
data_136,1,0.867081880569458,0.7323595285415649,0,4.0,0,0,0,0,0,1,0,0,1,1,0,0
data_136,0,0.7972240447998047,,1,0.0,0,0,0,0,0,0,0,0,0,0,0,0
data_136,0,0.8415782451629639,,1,0.0,0,0,0,0,1,1,0,0,1,1,1,0
data_136,0,0.8340495228767395,,1,0.0,0,0,0,0,1,0,0,0,1,0,0,0
data_136,0,0.8284163475036621,,1,0.0,0,0,0,0,0,0,0,0,0,0,0,0
data_136,0,0.8628197312355042,0.8628197312355042,0,3.0,0,0,0,0,0,0,0,0,0,0,0,0
data_136,0,0.8172628283500671,0.8172628283500671,0,3.0,0,0,0,0,0,0,0,0,1,0,0,0
data_136,0,0.803505539894104,0.803505539894104,0,3.0,0,0,0,0,0,0,0,0,1,1,0,0
data_136,0,0.9127392172813416,0.9127392172813416,0,2.0,0,0,0,0,0,1,0,0,0,1,0,0
data_136,0,0.7155889272689819,0.7105697989463806,0,2.0,0,0,0,0,0,0,0,0,0,0,0,0
data_136,0,0.7207362651824951,0.7207362651824951,0,2.0,0,0,0,0,0,0,0,0,1,0,0,0
data_136,1,0.8613487482070923,0.6834458112716675,0,2.0,1,1,1,1,1,1,1,1,1,1,1,1
data_136,0,0.6606200933456421,0.6248793601989746,0,4.0,0,0,0,0,1,0,0,0,1,1,0,0
data_136,0,0.9272393584251404,0.9272393584251404,0,4.0,0,0,0,0,0,0,0,0,0,0,0,0
data_136,0,0.8754624128341675,0.8754624128341675,0,4.0,0,0,0,0,0,0,0,0,0,0,0,0
data_136,0,0.8688461184501648,0.8688461184501648,0,4.0,0,0,0,0,0,0,0,0,1,0,0,0
data_136,0,0.8036617040634155,0.8036617040634155,0,2.0,0,0,0,0,0,0,0,0,1,0,0,0
data_136,0,0.7782962918281555,0.7379235029220581,0,2.0,0,0,0,0,0,0,0,0,1,0,0,0
data_136,0,0.8323675990104675,0.6398393511772156,0,2.0,1,0,0,0,1,1,0,0,1,1,0,0
data_136,0,0.8586480021476746,0.8586480021476746,0,2.0,0,0,0,0,0,0,0,0,1,0,0,0
data_136,0,0.5663042664527893,0.5663042664527893,0,2.0,0,0,0,0,0,0,0,0,0,0,0,0
data_136,0,0.6752479672431946,0.5842136740684509,0,2.0,0,0,0,0,0,0,0,0,0,0,0,0
data_137,0,0.7253174781799316,,1,0.0,1,1,1,1,1,1,0,1,1,1,1,0
data_137,0,0.7588171362876892,0.7588171362876892,0,3.0,0,0,0,0,0,0,0,0,0,0,0,0
data_137,0,0.8273717761039734,0.8273717761039734,0,3.0,0,0,0,0,0,0,0,0,0,0,0,0
data_137,0,0.7854697108268738,0.7854697108268738,0,3.0,0,0,0,0,0,0,0,0,0,0,0,0
data_137,0,0.7616449594497681,0.7616449594497681,0,2.0,0,0,0,0,0,0,0,0,0,0,0,0
data_137,0,0.7586162090301514,0.5510029792785645,0,2.0,0,1,0,0,1,1,1,0,1,1,1,0
data_137,0,0.774141788482666,0.7571834325790405,0,3.0,0,0,0,0,0,0,0,0,0,0,0,0
data_137,0,0.7506681680679321,0.7506681680679321,0,3.0,0,0,0,0,1,0,0,0,1,1,1,0
data_137,0,0.632567822933197,0.632567822933197,0,3.0,0,0,0,0,0,0,0,0,0,0,0,0
data_137,1,0.750093936920166,0.750093936920166,0,3.0,0,0,0,0,0,0,0,0,0,0,0,0
data_137,0,0.8228669762611389,0.8228669762611389,0,3.0,0,0,0,0,0,0,0,0,0,0,0,0
data_137,0,0.7939313650131226,0.5863397717475891,0,3.0,0,1,0,1,1,1,0,1,1,1,0,1
data_137,0,0.6880913376808167,0.6641587615013123,0,1.0,0,0,0,0,1,0,0,0,1,1,0,0
data_137,0,0.8036420345306396,0.8036420345306396,0,2.0,0,0,0,0,0,0,0,0,1,0,0,0
data_137,0,0.599005401134491,0.5740696787834167,0,2.0,0,0,0,0,0,0,0,0,1,0,0,0
data_137,0,0.8101506233215332,0.8101506233215332,0,2.0,0,0,0,0,0,0,0,0,0,0,0,0
data_137,0,0.7194151878356934,0.6912087798118591,0,2.0,0,0,0,0,0,0,0,0,1,0,0,0
data_138,0,0.732714056968689,,1,0.0,0,0,0,0,0,0,0,0,1,0,0,0
data_138,0,0.7916330099105835,,1,0.0,0,0,0,0,0,0,0,0,0,0,0,0
data_138,0,0.8028997182846069,,1,0.0,0,0,0,0,0,0,0,0,0,0,0,0
data_138,0,0.8502156734466553,0.8492027521133423,0,5.0,0,0,0,0,0,0,0,0,0,0,0,0
data_138,0,0.6715933084487915,0.6715933084487915,0,5.0,0,0,0,0,0,0,0,0,0,0,0,0
data_138,0,0.7010431289672852,0.6696212887763977,0,5.0,0,0,0,0,0,0,0,0,1,0,0,0
data_138,0,0.8180994391441345,0.8180994391441345,0,5.0,0,0,0,0,0,0,0,0,1,0,0,0
data_138,1,0.746646523475647,0.746646523475647,0,5.0,0,0,0,0,1,1,0,0,1,1,1,0
data_138,0,0.7482250928878784,0.7482250928878784,0,4.0,0,0,0,0,0,0,0,0,1,0,0,0
data_138,0,0.720543384552002,0.720543384552002,0,4.0,0,0,0,0,0,0,0,0,1,1,0,0
data_138,0,0.6724879145622253,0.4775540828704834,0,4.0,0,0,0,0,0,0,0,0,1,0,0,0
data_138,0,0.8247278332710266,0.8168802261352539,0,4.0,0,0,0,0,0,0,0,0,0,1,0,0
data_139,0,0.8109331130981445,,1,0.0,0,0,0,0,0,0,0,0,0,0,0,0
data_139,0,0.6529828310012817,,1,0.0,0,0,0,0,0,0,0,0,0,1,0,0
data_139,0,0.7085543870925903,,1,0.0,0,0,0,0,0,0,0,0,0,0,0,0
data_139,0,0.8297946453094482,0.7720320820808411,0,3.0,0,0,0,0,0,0,0,0,0,0,0,0
data_139,0,0.7277707457542419,0.7277707457542419,0,3.0,0,0,0,0,0,0,0,0,0,0,0,0
data_139,0,0.8068742156028748,0.6941635012626648,0,3.0,0,0,0,0,0,0,0,0,1,0,0,0
data_139,0,0.709882378578186,0.5359007716178894,0,3.0,0,0,0,0,0,0,0,0,1,0,0,0
data_139,0,0.6908227801322937,0.6908227801322937,0,3.0,0,0,0,0,0,1,0,0,0,0,0,0
data_139,1,0.7070905566215515,0.5565457940101624,0,3.0,0,0,0,0,1,0,1,0,1,1,1,0
data_139,0,0.744340717792511,0.7405652403831482,0,3.0,0,0,0,0,0,0,0,0,1,0,0,0
data_139,0,0.7357721328735352,0.7186535596847534,0,3.0,0,0,0,0,1,0,0,0,1,0,0,0
data_139,0,0.7183462381362915,0.6551690101623535,0,3.0,0,0,0,0,1,0,0,0,0,0,0,0
data_139,0,0.761406660079956,0.761406660079956,0,3.0,0,0,0,0,0,0,0,0,0,0,0,0
data_139,0,0.7206880450248718,0.652908444404602,0,3.0,0,0,0,0,0,1,0,0,1,1,1,0
data_139,1,0.6883946061134338,0.6883946061134338,0,3.0,1,1,1,1,1,1,1,0,1,1,1,1
data_139,0,0.726415753364563,0.726415753364563,0,3.0,0,0,0,0,0,0,0,0,1,0,0,0
data_139,0,0.6935253143310547,0.6935253143310547,0,3.0,0,0,0,0,1,0,0,0,1,0,0,0
data_139,0,0.7660600543022156,0.7660600543022156,0,3.0,0,0,0,0,0,0,0,0,0,0,0,0
data_139,0,0.6926015019416809,0.6926015019416809,0,3.0,0,0,0,0,0,0,0,0,0,0,0,0
data_139,0,0.7072116136550903,0.7072116136550903,0,3.0,0,0,0,0,0,0,0,0,1,0,0,0
data_139,0,0.7426109910011292,0.7426109910011292,0,3.0,0,0,0,0,0,0,0,0,1,0,0,0
data_140,0,0.758528470993042,,1,0.0,0,0,0,0,0,0,0,0,0,0,0,0
data_140,0,0.835505485534668,,1,0.0,0,0,0,0,0,0,0,0,0,0,0,0
data_140,0,0.9034079313278198,,1,0.0,0,0,0,0,1,0,0,0,1,1,1,0
data_140,0,0.6726416945457458,0.6726416945457458,0,6.0,0,0,0,0,0,0,0,0,0,0,0,0
data_140,0,0.6208904981613159,0.6026641726493835,0,6.0,0,0,0,0,0,0,0,0,0,0,0,0
data_140,0,0.854915201663971,0.8071585893630981,0,6.0,0,0,0,0,0,0,0,0,0,0,0,0
data_140,0,0.7751941084861755,0.7751941084861755,0,6.0,0,0,0,0,0,0,0,0,1,0,0,0
data_140,0,0.8301016688346863,0.8301016688346863,0,6.0,0,0,0,1,1,1,0,1,1,1,0,1
data_140,0,0.882642388343811,0.882642388343811,0,6.0,0,0,0,0,0,0,0,0,0,0,0,0
data_140,0,0.6480767130851746,0.6480767130851746,0,4.0,0,0,0,0,0,0,0,0,0,0,0,0
data_140,0,0.7025516033172607,0.5797356367111206,0,4.0,0,0,0,0,0,0,0,0,1,1,0,0
data_140,0,0.7546253204345703,0.7546253204345703,0,4.0,0,0,0,0,0,0,0,0,0,0,0,0
data_140,0,0.7638344764709473,0.7557429075241089,0,4.0,0,0,0,0,0,0,0,0,1,0,0,0
data_141,0,0.9018630385398864,,1,0.0,0,0,0,0,0,0,0,0,0,0,0,0
data_141,0,0.86123126745224,,1,0.0,0,0,0,0,0,0,0,0,0,0,0,0
data_141,1,0.7754842638969421,,1,0.0,1,1,1,1,1,1,1,1,1,1,1,1
data_141,0,0.841257631778717,0.5177078247070312,0,2.0,0,0,0,0,0,1,0,0,1,1,0,0
data_141,1,0.7211793065071106,0.5762460231781006,0,2.0,1,1,1,1,1,1,1,1,1,1,1,1
data_141,0,0.7358266711235046,0.7358266711235046,0,3.0,0,0,0,0,0,0,0,0,0,0,0,0
data_141,0,0.8764821290969849,0.8764821290969849,0,3.0,0,0,0,0,1,0,0,0,1,0,0,0
data_141,0,0.7700133919715881,0.7700133919715881,0,3.0,0,0,0,0,0,0,0,0,0,0,0,0
data_141,0,0.7839726209640503,0.7839726209640503,0,2.0,0,0,0,0,0,0,0,0,0,0,0,0
data_141,0,0.7631237506866455,0.7258855700492859,0,2.0,0,0,0,0,1,0,0,0,1,0,0,0
data_141,0,0.7806131839752197,0.7064518332481384,0,2.0,0,0,0,0,0,0,0,0,0,0,0,0
data_141,0,0.8459200859069824,0.8011324405670166,0,2.0,0,0,0,0,0,0,0,0,0,0,0,0
data_141,0,0.9611544609069824,0.9611544609069824,0,2.0,0,0,0,0,0,0,0,0,0,0,0,0
data_141,0,0.7246713638305664,0.7044315338134766,0,2.0,0,0,0,0,1,1,0,0,1,1,1,0
data_141,0,0.5802700519561768,0.5587971210479736,0,1.0,0,0,0,0,0,0,0,0,0,0,0,0
data_141,1,0.8539848923683167,0.6877175569534302,0,2.0,1,1,1,1,1,1,1,1,1,1,1,1
data_141,1,0.699335515499115,0.5795791149139404,0,2.0,1,1,1,1,1,1,1,1,1,1,1,1
data_142,0,0.6802791953086853,,1,0.0,0,0,0,0,0,0,0,0,0,0,0,0
data_142,0,0.9312543869018556,,1,0.0,0,0,0,0,0,0,0,0,0,0,0,0
data_142,0,0.8502430319786072,0.8502430319786072,0,4.0,0,0,0,0,0,0,0,0,0,0,0,0
data_142,0,0.7535847425460815,0.6422666907310486,0,4.0,0,1,0,0,1,1,1,1,1,1,1,1
data_142,0,0.772322416305542,0.772322416305542,0,4.0,0,0,0,0,0,0,0,0,0,0,0,0
data_142,0,0.6433032751083374,0.6433032751083374,0,4.0,0,0,0,0,0,0,0,0,1,0,0,0
data_142,0,0.7801437377929688,0.7801437377929688,0,3.0,0,1,0,0,1,1,1,0,1,1,1,0
data_142,1,0.7584632635116577,0.6795862317085266,0,3.0,1,1,1,0,1,1,1,1,1,1,1,1
data_142,0,0.8497793078422546,0.7601689100265503,0,3.0,0,0,0,0,0,0,0,0,0,0,0,0
data_142,0,0.8666037321090698,0.8666037321090698,0,2.0,0,0,0,0,0,0,0,0,0,0,0,0
data_142,0,0.7641400098800659,0.7641400098800659,0,2.0,0,0,0,0,0,0,0,0,0,0,0,0
data_142,0,0.6038353443145752,0.4995103180408478,0,2.0,0,0,0,0,0,0,0,0,1,1,0,0
data_142,0,0.7609074115753174,0.6637935638427734,0,2.0,0,0,0,0,0,1,0,0,1,0,0,0
data_143,0,0.8021018505096436,,1,0.0,0,0,0,0,0,0,0,0,0,0,0,0
data_143,0,0.6907059550285339,,1,0.0,0,0,0,0,1,0,0,0,1,1,0,0
data_143,0,0.910475730895996,0.910475730895996,0,3.0,0,0,0,0,0,0,0,0,0,0,0,0
data_143,0,0.7521671056747437,0.7521671056747437,0,3.0,0,0,0,0,0,0,0,0,0,0,0,0
data_143,0,0.6924921274185181,0.6924921274185181,0,3.0,0,0,0,0,0,0,0,0,0,0,0,0
data_143,0,0.8785423040390015,0.8785423040390015,0,3.0,0,0,0,0,0,0,0,0,0,0,0,0
data_143,0,0.7455244064331055,0.7008998394012451,0,3.0,0,0,0,0,0,0,0,0,0,0,0,0
data_143,0,0.6626850962638855,0.6474027633666992,0,3.0,0,0,0,0,0,0,0,0,0,0,0,0
data_143,1,0.7898436784744263,0.6671406626701355,0,4.0,0,0,0,0,1,0,0,0,1,1,0,0
data_143,0,0.8261150121688843,0.8261150121688843,0,4.0,0,0,0,0,0,0,0,0,0,0,0,0
data_143,0,0.631382405757904,0.631382405757904,0,4.0,0,0,0,0,0,0,0,0,0,0,0,0
data_143,0,0.790961503982544,0.790961503982544,0,4.0,1,1,1,1,1,1,1,1,1,1,1,1
data_143,0,0.9124045968055724,0.9124045968055724,0,3.0,0,0,0,0,0,0,0,0,0,0,0,0
data_143,0,0.7562291622161865,0.7562291622161865,0,3.0,0,0,0,0,0,0,0,0,0,0,0,0
data_143,1,0.8253918886184692,0.8253918886184692,0,3.0,0,0,0,0,1,1,0,0,1,1,1,0
data_143,0,0.7534424662590027,0.6523041129112244,0,3.0,0,0,0,0,0,0,0,0,0,0,0,0
data_143,0,0.8606932163238525,0.8606932163238525,0,3.0,0,0,0,0,0,0,0,0,0,0,0,0
data_143,0,0.9666852355003356,0.9666852355003356,0,3.0,0,0,0,0,0,0,0,0,0,0,0,0
data_143,1,0.6216906905174255,0.6204924583435059,0,3.0,1,1,0,1,1,1,1,0,1,1,1,1
data_143,0,0.8497843146324158,0.8497843146324158,0,3.0,0,0,0,0,0,0,0,0,1,0,0,0
data_143,0,0.7191665768623352,0.6191374063491821,0,3.0,0,0,0,0,0,0,0,0,0,0,0,0
data_143,0,0.7377889156341553,0.7377889156341553,0,3.0,0,0,0,0,0,0,0,0,0,0,0,0
data_143,0,0.7374218106269836,0.7374218106269836,0,3.0,0,0,0,0,0,0,0,0,0,0,0,0
data_143,0,0.8420699238777161,0.8420699238777161,0,3.0,0,0,0,0,1,0,0,0,1,0,0,0
data_144,0,0.777712345123291,,1,0.0,0,0,0,0,0,1,0,0,0,1,0,0
data_144,0,0.8133861422538757,,1,0.0,0,0,0,0,0,1,0,0,1,1,0,0
data_144,0,0.7210066914558411,0.7004009485244751,0,5.0,0,0,0,0,0,1,0,0,0,1,0,0
data_144,0,0.6912678480148315,0.6548393964767456,0,5.0,0,0,0,0,0,0,0,0,0,0,0,0
data_144,0,0.6220404505729675,0.5742496252059937,0,5.0,0,0,0,0,0,0,0,0,0,0,0,0
data_144,0,0.7838708758354187,0.4320697784423828,0,5.0,0,0,0,0,0,0,0,0,0,0,0,0
data_144,0,0.7508094906806946,0.5609349012374878,0,5.0,0,0,0,0,0,0,0,0,0,0,0,0
data_144,0,0.7772076725959778,0.7772076725959778,0,2.0,0,1,0,0,0,0,0,0,0,1,0,0
data_144,0,0.7311227917671204,0.7311227917671204,0,2.0,0,0,0,0,0,0,0,0,0,0,0,0
data_144,0,0.7569517493247986,0.7569517493247986,0,2.0,0,0,0,0,0,0,0,0,0,0,0,0
data_144,0,0.6466451287269592,0.5669328570365906,0,2.0,0,0,0,0,0,0,0,0,0,0,0,0
data_144,0,0.7836645841598511,0.7836645841598511,0,2.0,0,0,0,0,0,0,0,0,0,0,0,0
data_144,0,0.6799134612083435,0.6799134612083435,0,2.0,0,0,0,0,1,0,0,0,1,0,0,0
data_144,0,0.8483319282531738,0.8483319282531738,0,2.0,0,0,0,0,0,0,0,0,0,0,0,0
data_144,0,0.8156203627586365,0.8156203627586365,0,2.0,0,0,0,0,0,0,0,0,0,0,0,0
data_144,0,0.6988203525543213,0.6760467290878296,0,2.0,0,0,0,0,0,0,0,0,0,0,0,0
data_144,0,0.8119314908981323,0.8119314908981323,0,2.0,0,0,0,0,0,0,0,0,0,0,0,0
data_144,0,0.768608570098877,0.768608570098877,0,3.0,0,0,0,0,0,0,0,0,0,0,0,0
data_144,0,0.7329994440078735,0.7329994440078735,0,3.0,0,0,0,0,0,0,0,0,0,0,0,0
data_144,0,0.642291247844696,0.5786774158477783,0,3.0,0,0,0,0,0,0,0,0,0,0,0,0
data_145,0,0.6582905054092407,,1,0.0,0,0,0,0,0,0,0,0,0,0,0,0
data_145,1,0.7292393445968628,,1,0.0,0,0,0,0,0,0,0,0,1,0,0,0
data_145,0,0.7512632608413696,0.6512795090675354,0,2.0,0,0,0,0,0,0,0,0,1,0,0,0
data_145,0,0.6544256210327148,0.6544256210327148,0,2.0,0,0,0,0,0,0,0,0,0,0,0,0
data_145,0,0.6325303912162781,0.5595371723175049,0,2.0,0,0,0,0,0,0,0,0,1,0,0,0
data_145,0,0.6834904551506042,0.6834904551506042,0,2.0,0,0,0,0,0,0,0,0,0,0,0,0
data_145,0,0.8223627209663391,0.8223627209663391,0,2.0,0,0,0,0,0,0,0,0,1,0,0,0
data_145,0,0.7432771325111389,0.7432771325111389,0,2.0,0,0,0,0,0,1,0,0,0,0,0,0
data_145,0,0.7036283016204834,0.6949036121368408,0,2.0,0,0,1,0,0,0,0,0,0,0,0,0
data_145,1,0.777250349521637,0.777250349521637,0,2.0,0,0,0,0,0,0,0,0,0,0,0,0
data_145,0,0.6968088746070862,0.6968088746070862,0,1.0,0,0,0,0,0,0,0,0,0,0,0,0
data_146,0,0.7967933416366577,,1,0.0,0,0,1,0,0,1,1,0,1,1,1,1
data_146,0,0.6533563137054443,,1,0.0,0,0,0,0,1,0,0,0,1,0,0,0
data_146,0,0.7409244179725647,,1,0.0,0,0,0,0,1,1,0,0,1,1,1,0
data_146,0,0.7669888138771057,,1,0.0,0,0,0,0,1,1,1,0,1,1,1,0
data_146,0,0.8056741952896118,0.8056741952896118,0,4.0,0,0,0,0,0,0,0,0,0,0,0,0
data_146,0,0.7106403708457947,0.7106403708457947,0,4.0,0,0,0,0,1,0,0,0,1,0,0,0
data_146,0,0.7174673080444336,0.6450088620185852,0,4.0,0,0,0,0,0,1,1,0,1,1,1,0
data_146,0,0.7246198654174805,0.7246198654174805,0,4.0,0,0,0,0,0,0,0,0,1,1,1,0
data_146,1,0.7858985662460327,0.7858985662460327,0,4.0,0,1,0,0,1,1,1,0,1,1,1,0
data_146,0,0.8590748310089111,0.8590748310089111,0,4.0,0,0,0,0,0,0,0,0,0,1,0,0
data_146,0,0.7076496481895447,0.6523125767707825,0,4.0,1,1,1,0,1,1,1,1,1,1,1,0
data_146,0,0.7641183733940125,0.7641183733940125,0,4.0,0,0,0,0,1,0,0,0,1,0,0,0
data_146,0,0.8525491952896118,0.8525491952896118,0,4.0,0,0,0,0,0,0,0,0,0,0,0,0
data_146,0,0.677756667137146,0.677756667137146,0,4.0,0,0,0,0,0,0,0,0,0,0,0,0
data_146,0,0.8474696278572083,0.8474696278572083,0,4.0,0,0,0,0,0,1,0,0,1,1,1,0
data_146,0,0.7706986665725708,0.7706986665725708,0,4.0,0,0,0,0,0,0,0,0,0,0,0,0
data_146,0,0.7588896751403809,0.7588896751403809,0,4.0,0,0,0,0,0,0,0,0,0,0,0,0
data_146,0,0.7610150575637817,0.7524860501289368,0,4.0,0,1,0,0,1,0,0,0,0,0,0,0
data_146,0,0.8284562826156616,0.6975641846656799,0,4.0,0,0,0,0,0,0,0,0,1,1,0,0
data_146,0,0.7941831946372986,0.7361394166946411,0,4.0,0,0,0,0,0,0,0,0,0,0,0,0
data_146,0,0.7528531551361084,0.7156276702880859,0,4.0,0,0,0,0,0,0,0,0,1,1,0,0
data_146,0,0.7759419083595276,0.6926488280296326,0,4.0,0,0,0,0,0,0,0,0,1,0,0,0
data_146,0,0.8323874473571777,0.8323874473571777,0,4.0,0,0,0,0,0,0,0,0,0,0,0,0
data_146,0,0.7618571519851685,0.7618571519851685,0,4.0,0,0,0,0,0,0,0,0,0,0,0,0
data_146,0,0.6956700682640076,0.6956700682640076,0,4.0,0,0,0,0,0,0,0,0,1,1,1,0
data_146,0,0.7746487855911255,0.6771418452262878,0,4.0,0,0,0,0,1,0,0,0,1,1,0,0
data_146,0,0.7977017164230347,0.686525821685791,0,4.0,0,0,0,0,0,0,0,0,1,0,0,0
data_146,0,0.6421344876289368,0.5887430906295776,0,4.0,0,0,0,0,1,0,0,0,1,0,0,0
data_147,0,0.8227463960647583,,1,0.0,0,0,0,0,0,0,0,0,0,0,0,0
data_147,0,0.746671736240387,,1,0.0,0,0,0,0,1,1,0,1,1,1,1,1
data_147,0,0.883895993232727,,1,0.0,0,0,1,0,0,1,1,0,1,1,1,0
data_147,0,0.8783451318740845,,1,0.0,0,0,0,0,1,0,0,0,1,0,1,0
data_147,0,0.972212851047516,0.972212851047516,0,3.0,0,0,0,0,0,0,0,0,0,0,0,0
data_147,0,0.9510288834571838,0.9510288834571838,0,3.0,0,0,0,0,0,0,0,0,0,0,0,0
data_147,0,0.8486306071281433,0.8408600091934204,0,3.0,0,0,0,0,1,0,0,0,1,1,0,0
data_147,1,0.7285578846931458,0.4987023174762726,0,2.0,1,1,1,1,1,1,1,1,1,1,1,1
data_147,1,0.7514426112174988,0.6299492120742798,0,2.0,1,1,0,0,1,1,1,0,1,1,1,0
data_147,0,0.8459024429321289,0.7350014448165894,0,2.0,0,0,0,0,1,1,0,0,1,1,1,0
data_147,1,0.7948243618011475,0.7564610838890076,0,2.0,0,1,0,1,1,1,0,0,1,1,0,0
data_147,1,0.775770902633667,0.6022699475288391,0,1.0,1,1,0,1,1,1,0,1,1,1,1,1
data_147,1,0.9618516564369202,0.6260303258895874,0,2.0,1,1,1,1,1,1,1,1,1,1,1,1
data_147,1,0.6912651658058167,0.4715871512889862,0,2.0,1,1,0,1,1,1,1,1,1,1,1,1
data_147,0,0.7756112813949585,0.7756112813949585,0,3.0,0,0,0,0,0,0,0,0,0,0,0,0
data_147,0,0.7388542294502258,0.7388542294502258,0,3.0,0,1,0,0,0,1,0,0,1,1,0,0
data_147,0,0.8127762675285339,0.8127762675285339,0,3.0,0,0,0,0,0,0,0,0,0,0,0,0
data_147,0,0.8287435173988342,0.5694881677627563,0,2.0,0,0,0,0,0,0,0,0,1,1,1,0
data_147,0,0.688368558883667,0.688368558883667,0,2.0,0,0,0,0,0,0,0,0,0,0,0,0
data_148,0,0.7965285181999207,,1,0.0,0,0,0,0,1,1,0,0,1,1,0,0
data_148,0,0.676879346370697,,1,0.0,0,0,0,0,0,0,0,0,0,1,0,0
data_148,0,0.7325072288513184,0.7325072288513184,0,3.0,0,0,0,0,0,1,0,1,0,1,0,0
data_148,0,0.7302902936935425,0.7302902936935425,0,3.0,0,0,0,0,0,0,0,0,1,0,0,0
data_148,0,0.7691604495048523,0.7691604495048523,0,3.0,0,0,0,0,0,1,0,0,1,1,0,0
data_148,0,0.7085455060005188,0.6488471627235413,0,3.0,1,1,1,0,1,1,1,0,1,1,1,1
data_148,1,0.7578116059303284,0.7578116059303284,0,3.0,1,1,0,0,1,1,1,1,1,1,1,1
data_148,0,0.5843003988265991,0.5843003988265991,0,3.0,0,0,0,0,0,0,0,0,1,1,1,0
data_148,0,0.6847444176673889,0.6494559049606323,0,3.0,0,0,0,0,0,0,0,0,1,0,0,0
data_148,0,0.8108487129211426,0.8108487129211426,0,3.0,0,1,0,0,0,1,0,0,1,1,1,0
data_148,0,0.7843599915504456,0.7843599915504456,0,3.0,0,0,0,0,0,1,0,0,1,1,1,0
data_148,0,0.740738570690155,0.7139280438423157,0,2.0,0,0,0,0,0,1,0,0,1,1,0,0
data_148,0,0.7161719799041748,0.6124482154846191,0,2.0,0,0,0,0,0,0,0,0,1,0,0,0
data_148,0,0.8717655539512634,0.8717655539512634,0,2.0,0,0,0,0,0,0,0,0,0,0,0,0
data_148,0,0.7572630047798157,0.7572630047798157,0,2.0,0,0,0,0,1,1,0,0,1,1,0,0
data_148,0,0.7305189371109009,0.6833210587501526,0,3.0,0,0,0,0,0,0,0,0,0,0,0,0
data_148,0,0.6185576915740967,0.6185576915740967,0,3.0,0,0,0,0,0,0,0,0,1,1,0,0
data_148,0,0.7995761632919312,0.6566928029060364,0,3.0,0,0,0,0,0,1,0,0,1,1,1,0
data_149,0,0.8706204295158386,,1,0.0,0,0,0,0,0,0,0,0,1,0,0,0
data_149,0,0.8148549199104309,,1,0.0,0,0,0,0,0,0,0,0,0,0,0,0
data_149,0,0.8142770528793335,,1,0.0,0,0,0,0,0,0,0,0,0,0,0,0
data_149,0,0.8053332567214966,,1,0.0,0,0,0,0,0,0,0,0,1,0,1,0
data_149,0,0.7805188894271851,0.725612998008728,0,6.0,0,0,0,0,0,0,0,0,0,0,0,0
data_149,0,0.759580135345459,0.7569776773452759,0,6.0,0,0,0,0,0,0,0,0,0,0,0,0
data_149,0,0.8578556180000305,0.6974645256996155,0,6.0,0,0,0,0,1,0,0,0,1,1,0,0
data_149,0,0.7400991320610046,0.7400991320610046,0,6.0,0,0,0,0,0,0,0,0,0,0,0,0
data_149,0,0.6831344962120056,0.6831344962120056,0,6.0,0,0,0,0,1,0,0,0,1,1,0,0
data_149,0,0.6735919713973999,0.6735919713973999,0,6.0,0,0,0,0,0,0,0,0,0,0,0,0
data_149,0,0.8042536377906799,0.2575277984142303,0,5.0,0,0,0,0,0,1,0,0,0,1,1,0
data_149,0,0.7257850766181946,0.1882265508174896,0,5.0,0,0,0,0,0,0,0,0,1,0,0,0
data_149,0,0.8112215995788574,0.2875920832157135,0,5.0,0,0,0,0,0,0,0,0,0,0,0,0
data_149,0,0.7209513187408447,0.1614329516887664,0,5.0,0,0,0,0,1,0,0,0,1,1,0,0
data_149,0,0.7744044065475464,0.1578471958637237,0,5.0,0,0,0,0,0,0,0,0,0,0,0,0
data_149,0,0.7569743990898132,0.7569743990898132,0,4.0,0,0,0,0,0,0,0,0,1,1,1,0
data_149,0,0.8427460789680481,0.8427460789680481,0,4.0,0,0,0,0,0,0,0,0,1,0,0,0
data_149,1,0.7973169684410095,0.7626138925552368,0,4.0,0,0,0,0,1,1,0,0,1,1,1,0
data_149,0,0.755260705947876,0.7041071057319641,0,4.0,0,0,0,0,0,0,0,0,1,0,0,0
data_149,0,0.8239383697509766,0.8239383697509766,0,4.0,0,0,0,0,0,0,0,0,1,0,0,0
data_149,0,0.8788376450538635,0.8788376450538635,0,4.0,0,0,0,0,0,0,0,0,0,0,0,0
data_149,0,0.7493088841438293,0.6403825879096985,0,4.0,0,0,0,0,0,0,0,0,1,0,0,0
data_149,0,0.7889126539230347,0.7889126539230347,0,4.0,0,0,0,0,0,0,0,0,1,0,0,0
data_149,0,0.7446181774139404,0.7122009992599487,0,4.0,0,0,0,0,0,0,0,0,0,0,0,0
data_149,0,0.7620838284492493,0.7059566974639893,0,4.0,0,0,0,0,0,0,0,0,0,0,0,0
data_149,0,0.7939717769622803,0.5868289470672607,0,4.0,0,0,0,0,0,0,0,0,1,1,1,0
data_149,0,0.7122700810432434,0.6251809000968933,0,4.0,0,0,0,0,0,0,0,0,0,0,0,1
data_149,0,0.8365707993507385,0.7750778198242188,0,4.0,0,0,0,0,0,0,0,0,0,0,0,0
data_149,0,0.7771173119544983,0.7771173119544983,0,4.0,0,0,0,0,0,0,0,0,1,1,0,0
data_149,0,0.8537038564682007,0.8537038564682007,0,4.0,0,0,0,0,0,0,0,0,0,0,0,0
data_149,0,0.831437885761261,0.831437885761261,0,4.0,0,0,0,0,0,0,0,0,1,1,1,0
data_150,0,0.972406566143036,,1,0.0,0,0,0,0,0,0,0,0,0,0,0,0
data_150,0,0.8205251693725586,,1,0.0,0,0,0,0,0,0,0,0,0,0,0,0
data_150,0,0.7739508152008057,,1,0.0,0,0,0,0,0,0,0,0,0,0,0,0
data_150,0,0.8239599466323853,0.7103958129882812,0,4.0,0,0,0,0,0,0,0,0,0,0,0,0
data_150,0,0.8620918989181519,0.8620918989181519,0,4.0,0,0,0,0,0,0,0,0,0,0,0,0
data_150,0,0.7749423384666443,0.7698342204093933,0,4.0,0,0,0,0,0,0,0,0,0,0,0,0
data_150,0,0.7383030652999878,0.7383030652999878,0,4.0,0,0,0,0,0,0,0,0,0,1,0,0
data_150,0,0.8060051798820496,0.7950038313865662,0,4.0,0,0,0,0,0,0,0,0,1,1,0,0
data_150,0,0.8461167812347412,0.8461167812347412,0,4.0,0,0,0,0,0,0,0,0,0,0,0,0
data_150,0,0.7883357405662537,0.7883357405662537,0,4.0,0,0,0,0,0,1,0,0,0,1,0,0
data_150,0,0.7747548222541809,0.7747548222541809,0,4.0,0,0,0,0,0,0,0,0,1,1,0,0
data_150,0,0.8132137060165405,0.8132137060165405,0,4.0,0,0,0,0,0,0,0,0,1,0,1,0
data_150,0,0.7269342541694641,0.7065698504447937,0,4.0,0,0,0,0,0,1,0,0,1,1,1,0
data_150,1,0.8122678995132446,0.6356232762336731,0,4.0,0,1,0,1,1,1,1,1,1,1,1,1
data_150,1,0.9328187108039856,0.9328187108039856,0,4.0,0,1,0,0,0,1,0,0,0,1,0,0
data_150,0,0.8027758002281189,0.8027758002281189,0,4.0,0,0,0,0,1,0,0,0,0,0,0,0
data_150,0,0.843119740486145,0.843119740486145,0,4.0,0,0,0,0,0,0,0,0,0,0,0,0
data_150,0,0.8167072534561157,0.8167072534561157,0,4.0,0,0,0,0,0,0,0,0,0,0,0,0
data_150,0,0.7389344573020935,0.7389344573020935,0,4.0,0,0,0,0,0,0,0,0,1,0,0,0
data_150,0,0.9208608865737916,0.9208608865737916,0,4.0,0,0,0,0,0,0,0,0,0,0,0,0
data_150,0,0.8311934471130371,0.8311934471130371,0,4.0,0,0,0,0,0,0,0,0,0,0,0,0
data_150,0,0.7476966381072998,0.7476966381072998,0,4.0,0,0,0,0,0,0,0,0,0,0,0,0
data_150,0,0.7928844094276428,0.7842963337898254,0,4.0,0,0,0,0,0,0,0,0,1,0,0,0
data_151,0,0.8158392906188965,,1,0.0,0,0,0,0,1,0,0,0,1,1,0,0
data_151,1,0.8975358605384827,,1,0.0,1,1,1,1,1,1,1,1,1,1,1,1
data_151,0,0.8202623724937439,0.8202623724937439,0,3.0,0,0,0,0,0,0,0,0,0,0,0,0
data_151,0,0.7287212610244751,0.7287212610244751,0,3.0,0,0,0,0,0,0,0,0,1,0,0,0
data_151,0,0.8436070084571838,0.8436070084571838,0,3.0,0,0,0,0,0,0,0,0,0,0,0,0
data_151,0,0.7791795134544373,0.7791795134544373,0,2.0,0,0,0,0,0,0,0,0,0,0,0,0
data_151,0,0.7464505434036255,0.7464505434036255,0,2.0,0,0,0,0,0,0,0,0,0,0,0,0
data_151,0,0.8552513718605042,0.8552513718605042,0,2.0,0,0,0,0,0,0,0,0,0,0,0,0
data_151,0,0.7953360676765442,0.7953360676765442,0,2.0,0,0,0,0,1,0,0,0,1,0,0,0
data_151,0,0.7939665913581848,0.7444891333580017,0,2.0,0,0,0,0,0,0,0,0,0,0,0,0
data_151,0,0.8249072432518005,0.8104787468910217,0,2.0,0,0,0,0,0,0,0,0,0,0,0,0
data_151,0,0.843685507774353,0.843685507774353,0,2.0,0,1,0,0,0,1,0,0,1,1,0,0
data_151,0,0.7969527840614319,0.7969527840614319,0,2.0,0,0,0,0,0,0,0,0,0,0,0,0
data_151,0,0.9210742712020874,0.9210742712020874,0,2.0,0,0,0,0,0,0,0,0,0,0,0,0
data_151,0,0.9135807156562804,0.9135807156562804,0,2.0,0,0,0,0,1,0,0,0,1,0,0,0
data_151,0,0.7385730743408203,0.7385730743408203,0,2.0,0,0,0,0,0,0,0,0,0,0,0,0
data_151,0,0.7311593294143677,0.7311593294143677,0,2.0,0,0,0,0,0,0,0,0,0,0,0,0
data_151,0,0.8871671557426453,0.8871671557426453,0,2.0,0,0,0,0,0,0,0,0,0,0,0,0
data_151,0,0.8462005853652954,0.8462005853652954,0,2.0,0,0,0,0,0,0,0,0,1,1,0,0
data_151,0,0.8293066024780273,0.8032940626144409,0,2.0,0,0,0,0,0,0,0,0,0,0,0,0
data_151,0,0.7452781796455383,0.698456346988678,0,2.0,0,0,0,0,0,0,0,0,0,0,0,0
data_151,0,0.8863927721977234,0.8863927721977234,0,2.0,0,0,0,0,0,0,0,0,0,0,0,0
data_151,1,0.7389334440231323,0.5601731538772583,0,2.0,0,1,0,0,1,1,1,0,1,1,1,0
data_152,0,0.8623493313789368,,1,0.0,0,0,0,0,0,0,0,0,1,0,0,0
data_152,0,0.7341790199279785,,1,0.0,0,1,0,0,0,0,0,1,1,1,0,1
data_152,0,0.8936501145362854,0.8936501145362854,0,3.0,0,0,0,0,0,0,0,0,0,0,0,0
data_152,0,0.8774734139442444,0.8774734139442444,0,3.0,0,0,0,0,0,0,0,0,0,0,0,0
data_152,0,0.8170477747917175,0.8170477747917175,0,3.0,0,0,0,0,0,0,0,0,0,0,0,0
data_152,0,0.7652555108070374,0.7529405355453491,0,3.0,0,0,0,0,0,0,0,0,1,0,0,0
data_152,0,0.686347246170044,0.686347246170044,0,3.0,0,0,0,0,0,0,0,0,0,0,0,0
data_152,0,0.7759895324707031,0.7759895324707031,0,3.0,0,0,0,0,0,0,0,0,0,0,0,0
data_152,1,0.795213520526886,0.6349111795425415,0,3.0,0,0,0,0,0,0,0,0,0,0,0,0
data_152,0,0.6408421993255615,0.5873827338218689,0,3.0,0,0,0,0,0,0,0,0,0,0,0,0
data_152,1,0.7666112780570984,0.6468771696090698,0,3.0,0,0,0,0,0,0,0,0,1,1,1,0
data_152,0,0.6128414869308472,0.6128414869308472,0,2.0,0,0,0,0,0,0,0,0,1,0,0,0
data_152,1,0.6905469298362732,0.5660704970359802,0,2.0,1,0,0,1,1,1,0,0,1,1,1,1
data_152,0,0.7555137872695923,0.6740675568580627,0,2.0,0,0,0,0,0,0,0,0,0,0,0,0
data_152,0,0.7477491497993469,0.7477491497993469,0,2.0,0,0,0,0,0,0,0,0,0,0,0,0
data_152,0,0.6734419465065002,0.6341346502304077,0,3.0,0,0,0,0,0,0,0,0,0,0,0,0
data_152,0,0.7321248650550842,0.7321248650550842,0,3.0,0,0,0,0,0,0,0,0,0,0,0,0
data_152,0,0.7088945508003235,0.7088945508003235,0,3.0,0,0,0,0,0,0,0,0,0,0,0,0
data_152,0,0.8086877465248108,0.8086877465248108,0,2.0,0,0,0,0,0,0,0,0,0,0,0,0
data_152,1,0.7295031547546387,0.7295031547546387,0,2.0,0,0,0,0,0,1,0,0,1,1,1,1
data_152,0,0.6792258620262146,0.6717270612716675,0,1.0,0,0,0,0,1,0,1,1,1,1,1,0
data_153,0,0.8903305530548096,,1,0.0,0,0,0,0,0,0,0,0,0,0,0,0
data_153,0,0.8293887972831726,,1,0.0,0,0,0,0,0,0,0,0,0,0,0,0
data_153,0,0.7097612023353577,,1,0.0,0,0,0,0,0,0,0,0,1,0,0,0
data_153,0,0.6401064991950989,0.6401064991950989,0,3.0,0,0,0,0,0,0,0,0,0,0,0,0
data_153,0,0.8244063258171082,0.8244063258171082,0,3.0,0,0,0,0,0,0,0,0,0,0,0,0
data_153,0,0.6925691962242126,0.6022099852561951,0,3.0,0,0,0,0,0,0,0,0,0,0,0,0
data_153,0,0.8153476715087891,0.8153476715087891,0,3.0,0,0,0,0,0,0,0,0,0,0,0,0
data_153,0,0.7390514612197876,0.7390514612197876,0,3.0,0,0,0,0,0,0,0,0,0,1,0,0
data_153,0,0.6112558841705322,0.6112558841705322,0,3.0,0,0,0,0,1,1,0,0,1,1,1,0
data_153,0,0.7606474161148071,0.7606474161148071,0,3.0,0,0,0,0,0,0,0,0,0,0,0,0
data_153,1,0.6773791909217834,0.6023951172828674,0,3.0,1,1,1,1,1,1,1,1,1,1,1,1
data_153,0,0.618933379650116,0.5986878871917725,0,3.0,0,0,0,0,0,0,0,0,0,0,0,0
data_153,0,0.7206305265426636,0.6988564729690552,0,3.0,0,0,0,0,0,0,0,0,0,0,0,0
data_153,0,0.6673851013183594,0.6673851013183594,0,3.0,0,0,0,0,0,0,0,0,0,0,0,0
data_153,1,0.7413091659545898,0.6364282965660095,0,3.0,0,0,0,0,0,0,0,0,0,1,0,0
data_153,1,0.6277263164520264,0.5256466865539551,0,3.0,0,0,0,0,1,0,0,0,1,1,1,0
data_153,1,0.6650091409683228,0.5474100708961487,0,3.0,1,1,1,1,1,1,1,1,1,1,1,1
data_153,1,0.8128806352615356,0.5868028402328491,0,3.0,1,1,1,0,1,1,1,0,1,1,1,0
data_154,0,0.7319715619087219,,1,0.0,0,0,0,0,0,0,0,0,0,0,0,0
data_154,1,0.7898494601249695,,1,0.0,1,1,1,1,1,1,1,1,1,1,1,1
data_154,0,0.7694445848464966,,1,0.0,0,0,0,0,0,0,0,0,1,0,0,0
data_154,0,0.8424767255783081,,1,0.0,0,0,0,0,0,0,0,0,0,0,0,0
data_154,0,0.5721880197525024,,1,0.0,0,1,0,0,0,0,0,0,1,0,0,0
data_154,0,0.7774934768676758,0.7774934768676758,0,5.0,0,0,0,0,0,0,0,0,1,1,0,0
data_154,1,0.6949043869972229,0.6949043869972229,0,5.0,1,1,0,0,1,1,1,0,1,1,1,1
data_154,0,0.6844145059585571,0.6844145059585571,0,5.0,0,1,0,0,1,1,1,0,1,1,1,0
data_154,0,0.7269133925437927,0.7269133925437927,0,5.0,0,0,0,0,0,0,0,0,0,1,0,0
data_154,0,0.7553418874740601,0.7553418874740601,0,5.0,0,0,0,0,0,1,0,0,0,1,0,0
data_154,0,0.589306116104126,0.589306116104126,0,4.0,0,0,0,0,1,0,0,0,1,1,1,0
data_154,0,0.7101147770881653,0.6755425930023193,0,4.0,0,0,0,0,0,0,0,0,1,0,0,0
data_154,0,0.6110014319419861,0.6110014319419861,0,4.0,0,0,0,0,0,0,0,0,0,0,0,0
data_154,0,0.7705981731414795,0.7705981731414795,0,4.0,0,0,0,0,0,0,0,0,0,0,0,0
data_154,0,0.8195687532424927,0.8195687532424927,0,4.0,0,0,0,0,0,0,0,0,1,1,0,0
data_154,0,0.5636105537414551,0.5441415309906006,0,4.0,0,0,0,0,0,0,0,0,0,0,0,0
data_154,0,0.6890962719917297,0.5470601916313171,0,4.0,0,0,0,0,0,0,0,0,0,0,0,0
data_154,0,0.6537861824035645,0.5195580124855042,0,4.0,0,0,0,0,0,0,0,0,0,0,0,0
data_154,0,0.764987587928772,0.764987587928772,0,4.0,0,0,0,0,0,0,0,0,0,0,0,0
data_154,0,0.7460858225822449,0.6952122449874878,0,4.0,0,0,0,0,0,0,0,0,0,0,0,0
data_154,0,0.7096267342567444,0.633137583732605,0,4.0,0,1,0,1,1,1,1,0,1,1,1,0
data_154,0,0.7139832973480225,0.5678573250770569,0,4.0,0,0,0,0,0,0,0,0,0,0,0,0
data_154,0,0.7455522418022156,0.6896197199821472,0,4.0,0,0,0,0,1,1,1,0,1,1,1,0
data_154,0,0.7881609797477722,0.7881609797477722,0,4.0,0,0,0,0,0,0,0,0,1,0,0,0
data_154,1,0.8431606888771057,0.6967333555221558,0,4.0,0,1,0,0,1,1,0,0,1,1,0,0
data_154,0,0.8093534111976624,0.6861847639083862,0,4.0,0,0,0,0,0,0,0,0,0,0,0,0
data_155,1,0.6522942185401917,,1,0.0,1,1,1,1,1,1,1,1,1,1,1,1
data_155,0,0.651537299156189,,1,0.0,0,0,0,0,0,0,0,0,0,0,0,0
data_155,0,0.6685106158256531,0.6685106158256531,0,3.0,0,0,0,0,0,0,0,0,0,0,0,0
data_155,0,0.6564576625823975,0.6075586676597595,0,3.0,0,0,0,0,0,0,0,0,0,0,0,0
data_155,0,0.7640608549118042,0.7640608549118042,0,3.0,0,0,0,0,0,0,0,0,1,1,0,0
data_155,1,0.7337933778762817,0.3440300524234772,0,1.0,1,1,1,1,1,1,1,1,1,1,1,1
data_155,0,0.8111743927001953,0.8111743927001953,0,1.0,0,0,0,0,0,0,0,0,0,0,0,0
data_155,0,0.8412358164787292,0.8412358164787292,0,2.0,0,0,0,0,0,0,0,0,0,0,0,0
data_155,0,0.7606481313705444,0.7606481313705444,0,2.0,0,0,0,0,0,0,0,0,0,0,0,0
data_155,0,0.5903412699699402,0.5903412699699402,0,2.0,0,1,0,0,0,1,0,0,1,1,0,0
data_155,0,0.6394224166870117,0.6394224166870117,0,2.0,0,0,0,0,0,0,0,0,0,0,0,0
data_155,0,0.693138599395752,0.5814245343208313,0,2.0,0,0,0,0,0,0,0,0,0,0,0,0
data_155,0,0.684212327003479,0.684212327003479,0,2.0,0,0,0,0,0,0,0,0,1,0,0,0
data_155,0,0.8222312927246094,0.8145619630813599,0,2.0,0,1,0,0,0,1,0,0,1,1,1,0
data_155,1,0.6269943714141846,0.5192692875862122,0,2.0,1,1,1,1,1,1,1,1,1,1,1,1
data_156,0,0.8436546921730042,,1,0.0,0,0,0,0,0,0,0,0,0,0,0,0
data_156,1,0.6267367005348206,,1,0.0,0,1,0,0,1,1,1,1,1,1,1,1
data_156,1,0.7776556015014648,,1,0.0,1,0,0,0,1,1,1,1,1,1,1,0
data_156,0,0.7988842129707336,0.7988842129707336,0,3.0,0,0,0,0,0,0,0,0,0,0,0,0
data_156,0,0.6777663826942444,0.6777663826942444,0,3.0,0,0,0,0,0,0,0,0,0,0,0,0
data_156,0,0.6992285847663879,0.6992285847663879,0,3.0,0,0,0,0,0,0,0,0,1,0,0,0
data_156,0,0.8583077192306519,0.8583077192306519,0,3.0,0,0,0,0,0,0,0,0,0,0,0,0
data_156,0,0.7963320016860962,0.673946738243103,0,3.0,0,0,0,0,0,0,0,0,0,0,0,0
data_156,1,0.6837644577026367,0.6679059863090515,0,3.0,0,1,0,0,1,1,0,0,1,1,0,0
data_156,1,0.7683653831481934,0.5926693081855774,0,3.0,1,1,1,1,1,1,1,1,1,1,1,1
data_156,1,0.7466811537742615,0.6171356439590454,0,3.0,1,1,1,1,1,1,1,1,1,1,1,1
data_156,1,0.7042188048362732,0.7042188048362732,0,3.0,0,0,0,0,1,1,0,0,1,1,0,0
data_156,0,0.8053270578384399,0.5439767837524414,0,3.0,0,0,0,0,1,0,0,0,1,1,1,0
data_156,0,0.6732861399650574,0.521173894405365,0,3.0,0,1,0,0,1,1,1,1,1,1,1,0
data_156,0,0.6869744658470154,0.5114416480064392,0,3.0,0,0,0,0,1,1,0,0,1,1,1,0
data_156,0,0.8319403529167175,0.8319403529167175,0,2.0,0,0,0,0,0,0,0,0,1,0,0,0
data_156,0,0.7274746894836426,0.7274746894836426,0,2.0,0,0,0,0,0,0,0,0,0,0,0,0
data_157,0,0.8882712125778198,,1,0.0,0,0,0,0,0,0,0,0,0,0,0,0
data_157,0,0.643250048160553,,1,0.0,0,0,0,0,0,0,0,0,0,0,0,0
data_157,0,0.8078078031539917,0.7608662843704224,0,4.0,0,0,0,0,0,0,0,0,1,0,0,0
data_157,0,0.7659393548965454,0.7461168766021729,0,4.0,0,0,0,0,0,0,0,0,1,1,0,0
data_157,0,0.79936283826828,0.79936283826828,0,4.0,0,0,0,0,0,0,0,0,0,0,0,0
data_157,1,0.7420961260795593,0.6728410720825195,0,4.0,1,1,1,1,1,1,1,1,1,1,1,1
data_157,0,0.7671204805374146,0.7606461644172668,0,3.0,0,0,0,0,0,0,0,0,0,0,0,0
data_157,0,0.7086198925971985,0.6587281227111816,0,3.0,1,1,0,1,1,1,1,1,1,1,1,1
data_157,0,0.774781346321106,0.774781346321106,0,3.0,0,0,0,0,0,0,0,0,1,1,0,0
data_157,1,0.7712875604629517,0.7712875604629517,0,3.0,0,1,0,0,0,1,1,1,1,1,1,1
data_157,1,0.7012221813201904,0.6792073249816895,0,3.0,1,1,1,1,1,1,1,1,1,1,1,1
data_157,1,0.8214840292930603,0.6873924732208252,0,3.0,1,1,1,1,1,1,1,1,1,1,1,1
data_157,0,0.8476580381393433,0.8476580381393433,0,3.0,0,0,0,0,0,0,0,0,0,0,0,0
data_157,0,0.9466143250465392,0.9466143250465392,0,3.0,0,0,0,0,0,0,0,0,0,0,0,0
data_157,0,0.7149285674095154,0.7149285674095154,0,3.0,0,0,0,0,0,1,0,0,0,1,0,0
data_158,0,0.6848065853118896,,1,0.0,0,0,0,0,0,0,0,0,1,0,0,0
data_158,0,0.8503227829933167,,1,0.0,0,0,0,0,0,0,0,0,0,0,0,0
data_158,0,0.871057391166687,,1,0.0,0,0,0,0,0,0,0,0,0,0,0,0
data_158,0,0.7578026056289673,,1,0.0,0,0,0,0,0,0,0,0,0,0,0,0
data_158,0,0.7350023984909058,0.7350023984909058,0,4.0,0,0,0,0,0,0,0,0,0,0,0,0
data_158,0,0.8434407114982605,0.8434407114982605,0,4.0,0,0,0,0,0,0,0,0,1,0,0,0
data_158,0,0.7466022968292236,0.6861051917076111,0,4.0,0,0,0,0,0,0,0,0,0,0,0,0
data_158,0,0.7082957029342651,0.7082957029342651,0,4.0,0,0,0,0,0,0,0,0,0,0,0,0
data_158,0,0.6740303635597229,0.6186604499816895,0,4.0,0,1,0,1,1,1,1,0,1,1,1,1
data_158,0,0.792166531085968,0.7006045579910278,0,4.0,0,0,0,0,0,0,0,0,1,0,0,0
data_158,0,0.8327116966247559,0.8327116966247559,0,4.0,0,0,0,0,0,0,0,0,0,0,0,0
data_158,0,0.7528812289237976,0.7528812289237976,0,4.0,0,1,0,0,0,0,0,0,1,1,0,0
data_158,0,0.7766153812408447,0.7766153812408447,0,4.0,0,0,0,0,0,0,0,0,0,0,0,0
data_158,0,0.7672040462493896,0.7672040462493896,0,4.0,0,0,0,0,0,0,0,0,0,0,0,0
data_158,0,0.8724927306175232,0.8724927306175232,0,4.0,0,0,0,0,0,0,0,0,0,0,0,0
data_158,0,0.7255295515060425,0.7190778255462646,0,4.0,0,0,0,0,0,0,0,0,1,1,0,0
data_158,0,0.9174363613128662,0.7117264866828918,0,3.0,0,0,0,0,0,0,0,0,1,1,0,0
data_158,1,0.745689868927002,0.6708539128303528,0,3.0,1,1,1,1,1,1,1,0,1,1,1,0
data_158,0,0.8219963312149048,0.8219963312149048,0,3.0,0,0,0,0,0,0,0,0,0,0,0,0
data_158,0,0.7582191228866577,0.7582191228866577,0,3.0,0,0,0,0,0,0,0,0,0,0,0,0
data_158,0,0.8253030776977539,0.8253030776977539,0,3.0,0,0,0,0,0,0,0,0,0,0,0,0
data_158,0,0.9088596701622008,0.9088596701622008,0,3.0,0,0,0,0,0,0,0,0,1,0,0,0
data_158,1,0.7042282819747925,0.6358103156089783,0,3.0,0,0,0,0,0,0,0,0,1,0,0,0
data_158,0,0.8384764194488525,0.8384764194488525,0,3.0,0,0,0,0,0,0,0,0,0,0,0,0
data_158,0,0.82430499792099,0.5923673510551453,0,3.0,0,0,0,0,0,0,0,0,1,1,0,0
data_158,0,0.8718326687812805,0.8718326687812805,0,3.0,0,0,0,0,0,0,0,0,0,0,0,0
data_158,0,0.7031472325325012,0.6873252391815186,0,3.0,0,0,0,0,0,0,0,0,1,0,0,0
data_158,0,0.6611793637275696,0.5632731318473816,0,3.0,0,0,0,0,1,1,1,0,1,1,1,0
data_159,0,0.8333606123924255,,1,0.0,0,0,0,0,0,0,0,0,0,0,0,0
data_159,0,0.9097852110862732,,1,0.0,0,0,0,0,0,0,0,0,0,0,0,0
data_159,0,0.8635926842689514,,1,0.0,0,0,0,0,1,0,0,0,0,0,0,0
data_159,0,0.8378390073776245,0.7083526253700256,0,3.0,0,0,0,0,0,0,0,0,0,0,0,0
data_159,0,0.8169811367988586,0.8101736903190613,0,3.0,0,0,0,0,0,0,0,0,0,0,0,0
data_159,0,0.9107343554496764,0.8338654637336731,0,3.0,0,0,0,0,0,0,0,0,0,0,0,0
data_159,0,0.8299271464347839,0.8299271464347839,0,4.0,0,0,0,0,0,0,0,0,0,0,0,0
data_159,0,0.8817450404167175,0.8817450404167175,0,4.0,0,0,0,0,0,0,0,0,0,0,0,0
data_159,0,0.946335792541504,0.946335792541504,0,4.0,0,0,0,0,0,0,0,0,0,0,0,0
data_159,0,0.6863990426063538,0.6863990426063538,0,4.0,0,0,0,0,0,0,0,0,0,0,0,0
data_159,0,0.9441375732421876,0.9441375732421876,0,4.0,0,0,0,0,0,0,0,0,0,0,0,0
data_159,0,0.8293262124061584,0.760732889175415,0,4.0,0,0,0,0,0,0,0,0,0,0,0,0
data_159,0,0.8139321804046631,0.7964659333229065,0,4.0,0,0,0,0,0,0,0,0,0,0,0,0
data_159,0,0.7092120051383972,0.6734154224395752,0,4.0,0,0,0,0,1,0,0,0,1,0,0,0
data_159,0,0.748064398765564,0.748064398765564,0,3.0,0,0,0,0,0,0,0,0,0,0,0,0
data_159,0,0.617705762386322,0.5556617975234985,0,3.0,0,0,0,0,0,0,0,0,1,0,0,0
data_159,0,0.743067741394043,0.743067741394043,0,3.0,0,0,0,0,0,0,0,0,1,0,0,0
data_159,0,0.7098100185394287,0.7098100185394287,0,3.0,0,0,0,0,0,0,0,0,0,0,0,0
data_159,0,0.7280856370925903,0.7280856370925903,0,3.0,0,0,0,0,0,0,0,0,0,0,0,0
data_159,0,0.742845892906189,0.6124604344367981,0,3.0,0,0,0,0,0,1,0,0,1,1,1,0
data_159,0,0.8180490732192993,0.8180490732192993,0,3.0,0,0,0,0,0,0,0,0,0,0,0,0
data_159,0,0.7726722955703735,0.6819704174995422,0,3.0,0,0,0,0,0,0,0,0,0,0,0,0
data_159,0,0.9375267028808594,0.9375267028808594,0,3.0,0,0,0,0,0,0,0,0,0,0,0,0
data_160,0,0.8790827393531799,,1,0.0,0,0,0,0,1,1,1,0,1,0,1,0
data_160,0,0.6860196590423584,,1,0.0,0,0,0,0,0,0,0,0,0,0,0,0
data_160,1,0.8569051623344421,,1,0.0,0,1,1,0,0,1,1,1,0,1,1,0
data_160,0,0.8930206894874573,0.8930206894874573,0,3.0,0,0,0,0,0,0,0,0,0,0,0,0
data_160,0,0.8434112071990967,0.8434112071990967,0,3.0,0,0,0,0,0,0,0,0,0,0,0,0
data_160,0,0.8552233576774597,0.8282322883605957,0,3.0,0,0,0,0,0,0,0,0,0,0,0,0
data_160,0,0.7141838073730469,0.6888654232025146,0,3.0,0,0,0,0,0,0,0,0,0,0,0,0
data_160,0,0.8209409713745117,0.8209409713745117,0,3.0,0,0,0,0,0,0,0,0,0,0,0,0
data_160,0,0.8838710188865662,0.794883668422699,0,3.0,0,0,0,0,0,0,0,0,1,0,0,0
data_160,0,0.777375340461731,0.777375340461731,0,3.0,0,0,0,0,0,0,0,0,0,0,0,0
data_160,0,0.7644985318183899,0.7629979252815247,0,3.0,0,0,0,0,0,0,0,0,0,0,0,0
data_160,0,0.8275938034057617,0.8275938034057617,0,3.0,0,0,0,0,0,0,0,0,1,0,0,0
data_160,0,0.6413039565086365,0.6413039565086365,0,3.0,0,0,0,0,0,0,0,0,0,0,0,0
data_160,0,0.8001658320426941,0.7225484848022461,0,3.0,0,0,0,0,0,0,0,0,1,1,0,0
data_160,0,0.7473883032798767,0.7473883032798767,0,3.0,0,0,0,0,0,0,0,0,0,0,0,0
data_160,0,0.7881011962890625,0.668846607208252,0,3.0,0,0,0,0,0,0,0,0,0,0,0,0
data_160,0,0.687602162361145,0.687602162361145,0,3.0,0,0,0,0,0,0,0,0,0,0,0,0
data_160,0,0.7961665391921997,0.7961665391921997,0,3.0,0,0,0,0,0,0,0,0,0,0,1,0
data_160,0,0.8321805000305176,0.6272361278533936,0,3.0,0,0,0,0,0,0,0,0,0,0,0,0
data_160,0,0.8225134015083313,0.7537503242492676,0,3.0,0,0,0,0,0,0,0,0,0,0,0,0
data_160,0,0.8598331212997437,0.6857317090034485,0,3.0,0,0,0,0,0,0,0,0,1,0,0,0
data_160,0,0.8734015822410583,0.8734015822410583,0,3.0,0,0,0,0,0,1,0,0,1,1,0,0
data_160,0,0.8207579851150513,0.8207579851150513,0,3.0,0,0,0,0,0,0,0,0,0,0,0,0
data_160,0,0.8527334928512573,0.8527334928512573,0,3.0,0,0,0,0,0,0,0,0,0,0,0,0
data_161,0,0.7183613777160645,0.5900511741638184,0,4.0,0,0,0,0,0,0,0,0,0,0,0,0
data_161,0,0.766492486000061,0.5757742524147034,0,4.0,0,0,0,0,0,0,0,0,0,0,0,0
data_161,0,0.7227230072021484,0.4966664016246795,0,4.0,0,0,0,0,0,0,0,0,0,0,0,0
data_161,0,0.739782452583313,0.6050692796707153,0,4.0,0,1,1,1,1,1,0,1,1,1,1,1
data_161,0,0.8330294489860535,0.8330294489860535,0,4.0,0,0,0,0,0,0,0,0,0,0,0,0
data_161,0,0.8370595574378967,0.8370595574378967,0,4.0,0,0,0,0,0,0,0,0,0,0,0,0
data_161,0,0.7251344919204712,0.5687598586082458,0,4.0,0,0,0,0,0,0,0,0,1,1,0,0
data_161,1,0.7425140738487244,0.6395251154899597,0,4.0,1,1,1,1,1,1,1,1,1,1,1,1
data_161,0,0.7758238911628723,0.7758238911628723,0,3.0,0,0,0,0,0,0,0,0,0,0,0,0
data_161,0,0.7508052587509155,0.7508052587509155,0,3.0,0,0,0,0,1,1,0,0,1,1,1,0
data_161,1,0.7993800044059753,0.7993800044059753,0,3.0,1,1,1,0,1,1,0,0,1,1,1,0
data_161,0,0.6899587512016296,0.6899587512016296,0,3.0,0,0,0,0,0,0,0,0,1,0,0,0
data_161,0,0.8650237321853638,0.8650237321853638,0,3.0,0,0,0,0,0,0,0,0,0,0,0,0
data_161,0,0.632540225982666,0.632540225982666,0,3.0,0,0,0,0,0,0,0,0,0,0,0,0
data_161,0,0.6876295208930969,0.6876295208930969,0,3.0,0,0,0,0,0,0,0,0,0,0,0,0
data_161,0,0.7616312503814697,0.7616312503814697,0,3.0,0,0,0,0,0,0,0,0,0,0,0,0
data_161,0,0.7099155187606812,0.5987962484359741,0,3.0,0,0,0,0,0,0,0,0,0,0,0,0
data_161,0,0.678911030292511,0.6425577998161316,0,3.0,0,0,0,0,0,0,0,0,0,0,0,0
data_161,0,0.6630814671516418,0.5806910395622253,0,3.0,0,0,0,0,0,0,0,0,1,0,0,0
data_161,0,0.7257123589515686,0.7257123589515686,0,3.0,0,0,0,0,0,0,0,0,1,0,0,0
data_161,0,0.695723831653595,0.6107620000839233,0,3.0,0,0,0,0,0,0,0,0,0,0,0,0
data_161,0,0.7962982058525085,0.7962982058525085,0,3.0,0,0,0,0,0,0,0,0,0,0,0,0
data_161,0,0.6386013627052307,0.5296580195426941,0,3.0,0,0,0,0,0,0,1,0,1,0,1,0
data_161,0,0.7537716031074524,0.7537716031074524,0,2.0,0,0,0,0,0,0,0,0,0,0,0,0
data_161,0,0.7401456832885742,0.7401456832885742,0,2.0,1,0,0,0,1,0,0,0,1,0,0,0
data_161,0,0.6575731635093689,0.5681232810020447,0,3.0,0,1,1,0,1,1,0,0,1,1,1,0
data_161,0,0.7356517910957336,0.6240617632865906,0,3.0,0,0,0,0,0,0,0,0,0,0,0,0
data_161,0,0.7191336154937744,0.7191336154937744,0,3.0,0,0,0,0,0,0,0,0,0,0,0,0
data_161,0,0.6532032489776611,0.6219511032104492,0,3.0,0,0,0,0,0,0,0,0,1,0,0,0
data_161,0,0.6746099591255188,0.6746099591255188,0,3.0,0,0,0,0,0,0,0,0,0,0,0,0
data_161,0,0.7408679723739624,0.737271785736084,0,3.0,0,0,0,0,0,0,0,0,0,0,0,0
data_161,0,0.6515404582023621,0.6515404582023621,0,2.0,0,0,0,0,1,0,0,0,0,0,0,0
data_161,0,0.7412816286087036,0.7412816286087036,0,2.0,0,0,0,0,0,0,0,0,0,0,0,0
data_162,0,0.8067566156387329,,1,0.0,0,0,0,0,0,0,0,0,1,0,0,0
data_162,0,0.9410579800605774,,1,0.0,0,0,0,0,0,0,0,0,0,0,0,0
data_162,0,0.7011548280715942,,1,0.0,0,0,0,0,0,0,0,0,0,0,0,0
data_162,0,0.8372350931167603,,1,0.0,0,0,0,0,0,0,0,0,1,1,0,0
data_162,1,0.7837390899658203,,1,0.0,1,0,0,0,1,1,0,1,1,1,1,0
data_162,0,0.8582191467285156,0.8045302629470825,0,4.0,0,0,0,0,0,0,0,0,0,1,0,0
data_162,0,0.8804945945739746,0.8804945945739746,0,4.0,0,0,0,0,0,0,0,0,0,0,0,0
data_162,0,0.74513840675354,0.6948245763778687,0,4.0,0,0,0,0,0,0,0,0,0,0,0,0
data_162,0,0.836852490901947,0.836852490901947,0,4.0,0,0,0,0,0,0,0,0,0,0,0,0
data_162,0,0.7518947720527649,0.7518947720527649,0,3.0,0,0,0,0,0,0,0,0,0,0,0,0
data_162,0,0.9085819125175476,0.9085819125175476,0,3.0,0,0,0,0,0,0,0,0,0,0,0,0
data_162,0,0.8978126645088196,0.8978126645088196,0,3.0,0,0,0,0,0,0,0,0,0,0,0,0
data_162,0,0.8067902326583862,0.8067902326583862,0,3.0,0,0,0,0,0,0,0,0,0,0,0,0
data_162,0,0.837958037853241,0.837958037853241,0,3.0,0,0,0,0,0,0,0,0,0,0,0,0
data_162,0,0.8441771864891052,0.8441771864891052,0,3.0,0,0,0,0,0,0,0,0,0,0,0,0
data_162,0,0.924014687538147,0.924014687538147,0,3.0,0,0,0,0,0,0,0,0,0,0,0,0
data_162,0,0.7723397612571716,0.7723397612571716,0,3.0,0,0,0,0,0,0,0,0,0,0,0,0
data_162,0,0.8533328771591187,0.7314856648445129,0,3.0,0,1,0,0,0,1,0,0,1,1,0,0
data_162,0,0.8658540844917297,0.8658540844917297,0,3.0,0,0,0,0,0,0,0,0,0,0,0,0
data_162,0,0.7704122066497803,0.7185949683189392,0,3.0,0,0,0,0,1,0,0,1,1,0,0,0
data_162,0,0.6600492596626282,0.6481350064277649,0,3.0,0,0,0,0,0,1,0,0,1,1,0,0
data_162,0,0.9010597467422484,0.9010597467422484,0,3.0,0,0,0,0,0,0,0,0,0,0,0,0
data_162,0,0.8661602735519409,0.8661602735519409,0,3.0,0,0,0,0,0,0,0,0,0,1,0,0
data_162,0,0.8631670475006104,0.8631670475006104,0,3.0,0,0,0,0,0,0,0,0,1,0,0,0
data_162,0,0.8330802321434021,0.7504308223724365,0,3.0,0,0,0,0,1,0,0,0,1,1,0,0
data_162,0,0.803824782371521,0.803824782371521,0,3.0,0,0,0,0,0,0,0,0,0,0,0,0
data_162,1,0.7505587935447693,0.7505587935447693,0,3.0,0,0,0,0,0,0,0,0,0,0,0,0
data_163,0,0.8072050213813782,,1,0.0,0,0,0,0,0,0,0,0,0,0,0,0
data_163,0,0.7346169352531433,,1,0.0,0,0,0,0,0,0,0,0,0,0,0,0
data_163,0,0.8111027479171753,,1,0.0,0,0,0,0,1,0,0,0,1,1,1,0
data_163,0,0.8571513891220093,0.8571513891220093,0,3.0,0,0,0,0,0,0,0,0,0,0,0,0
data_163,0,0.7928779125213623,0.7928779125213623,0,3.0,0,0,0,0,0,0,0,0,0,0,0,0
data_163,0,0.7606085538864136,0.7606085538864136,0,3.0,0,0,0,0,0,0,0,0,0,0,0,0
data_163,0,0.7685509324073792,0.7685509324073792,0,3.0,0,0,0,0,0,0,0,0,1,0,0,0
data_163,0,0.8687372803688049,0.8687372803688049,0,3.0,0,0,0,0,0,0,0,0,1,0,0,0
data_163,0,0.785910964012146,0.7501243352890015,0,3.0,0,0,0,0,0,1,0,0,1,1,0,0
data_163,0,0.7523984909057617,0.7523984909057617,0,3.0,0,0,0,0,0,0,0,0,0,1,0,0
data_163,0,0.8085625767707825,0.8085625767707825,0,3.0,0,0,0,0,0,0,0,0,0,0,0,0
data_163,0,0.7841107845306396,0.7841107845306396,0,3.0,0,0,0,0,0,0,0,0,0,0,0,0
data_163,0,0.7333628535270691,0.7123347520828247,0,3.0,1,1,0,0,1,1,0,0,1,1,1,0
data_163,0,0.70328289270401,0.70328289270401,0,3.0,0,0,0,0,0,0,0,0,0,0,0,0
data_163,0,0.8108489513397217,0.8108489513397217,0,3.0,0,0,0,0,0,0,0,0,0,0,0,0
data_163,0,0.7828996777534485,0.7828996777534485,0,3.0,0,0,0,0,0,0,0,0,1,0,0,0
data_163,0,0.8865628242492676,0.8865628242492676,0,3.0,0,0,0,0,0,0,0,0,0,0,0,0
data_163,0,0.9441344141960144,0.9441344141960144,0,3.0,0,0,0,0,0,0,0,0,1,0,0,0
data_164,1,0.7591575384140015,,1,0.0,0,0,0,0,1,0,0,0,1,1,1,0
data_164,0,0.7630924582481384,,1,0.0,0,0,0,0,0,0,0,0,0,0,0,0
data_164,0,0.7479419708251953,,1,0.0,0,0,0,0,0,0,0,0,0,0,0,0
data_164,0,0.7548387050628662,,1,0.0,0,0,0,0,1,0,0,0,1,1,0,0
data_164,0,0.8983984589576721,0.8983984589576721,0,3.0,1,1,1,1,1,1,0,1,1,1,0,1
data_164,0,0.7129409313201904,0.7070320248603821,0,3.0,0,0,0,0,0,0,0,0,0,0,0,0
data_164,0,0.843633770942688,0.843633770942688,0,3.0,0,0,0,0,0,0,0,0,0,0,0,0
data_164,0,0.7919179201126099,0.7820898294448853,0,2.0,0,0,0,0,0,0,0,0,0,0,0,0
data_164,0,0.688992440700531,0.6821895837783813,0,2.0,0,0,0,0,0,0,0,0,1,0,0,0
data_164,0,0.8290018439292908,0.8290018439292908,0,6.0,0,0,0,0,0,0,0,0,0,0,0,0
data_164,0,0.6274649500846863,0.5150079727172852,0,6.0,0,0,0,0,0,0,0,0,1,0,0,0
data_164,0,0.848182201385498,0.848182201385498,0,6.0,1,1,1,0,0,1,0,0,0,1,1,0
data_164,0,0.7982109189033508,0.7982109189033508,0,6.0,0,0,0,0,0,1,0,0,1,1,0,0
data_164,0,0.7099477052688599,0.6688836812973022,0,6.0,0,0,0,0,0,0,0,0,0,0,0,0
data_164,0,0.7881929874420166,0.7881929874420166,0,6.0,0,0,0,0,0,0,0,0,0,0,0,0
data_165,0,0.8130563497543335,,1,0.0,0,0,0,0,0,1,0,0,0,1,1,0
data_165,0,0.91231507062912,,1,0.0,0,1,0,0,1,1,1,0,1,1,1,0
data_165,1,0.7404949069023132,,1,0.0,1,1,1,1,1,1,1,1,1,1,1,1
data_165,0,0.9643670916557312,0.9643670916557312,0,4.0,0,0,0,0,0,0,0,0,0,0,0,0
data_165,0,0.7764166593551636,0.7764166593551636,0,4.0,0,0,0,0,0,0,0,0,0,0,0,0
data_165,0,0.7905563712120056,0.7905563712120056,0,4.0,0,0,0,0,0,0,0,0,0,0,0,0
data_165,0,0.8802704811096191,0.8802704811096191,0,4.0,0,0,0,0,0,0,0,0,1,0,0,0
data_165,0,0.804561197757721,0.7239236831665039,0,4.0,0,0,0,0,1,1,0,0,1,1,1,0
data_165,0,0.7488114833831787,0.7350475788116455,0,4.0,0,0,0,0,0,0,0,0,0,0,0,0
data_165,0,0.8658862709999084,0.8658862709999084,0,4.0,0,0,0,0,0,0,0,0,0,0,0,0
data_165,0,0.7800326943397522,0.3475992977619171,0,4.0,0,0,0,0,0,0,0,0,0,0,0,0
data_165,0,0.8128212094306946,0.7965792417526245,0,4.0,0,0,0,0,1,0,0,0,1,0,0,0
data_165,0,0.771869957447052,0.7322100400924683,0,4.0,0,0,0,0,0,0,0,0,0,0,0,0
data_165,0,0.7045505046844482,0.4755080342292785,0,4.0,0,0,0,0,0,0,0,0,1,0,0,0
data_165,0,0.832675576210022,0.7227168679237366,0,4.0,0,0,0,0,0,0,0,0,0,0,0,0
data_165,0,0.8096193075180054,0.6300601959228516,0,4.0,0,0,0,0,0,0,0,0,0,0,0,0
data_165,0,0.8656209111213684,0.8656209111213684,0,4.0,0,0,0,0,0,0,0,0,0,0,0,0
data_165,0,0.6968786120414734,0.6320853233337402,0,4.0,0,0,0,0,0,0,0,0,0,0,0,0
data_165,1,0.8163005709648132,0.72618168592453,0,4.0,0,1,0,0,1,1,1,1,1,1,1,0
data_165,0,0.8268877267837524,0.7227529287338257,0,4.0,0,0,0,0,0,0,0,0,1,0,0,0
data_165,0,0.7334862947463989,0.7334862947463989,0,4.0,0,0,0,0,0,0,0,0,0,0,0,0
data_165,0,0.8937944769859314,0.8937944769859314,0,4.0,0,0,0,0,0,0,0,0,0,0,0,0
data_165,0,0.9293517470359802,0.9293517470359802,0,4.0,0,0,0,0,0,0,0,0,0,0,0,0
data_165,0,0.7581323385238647,0.7581323385238647,0,4.0,0,0,0,0,0,0,0,0,1,0,0,0
data_165,0,0.7011630535125732,0.7011630535125732,0,4.0,0,0,0,0,0,0,0,0,0,0,0,0
data_165,0,0.7846065759658813,0.7846065759658813,0,4.0,0,0,0,0,0,0,0,0,0,0,0,0
data_165,0,0.802213728427887,0.802213728427887,0,4.0,0,0,0,0,0,0,0,0,0,0,0,0
data_166,0,0.8652960658073425,,1,0.0,0,0,0,0,0,0,0,0,0,0,0,0
data_166,0,0.7417565584182739,,1,0.0,0,0,0,0,0,0,0,0,1,0,0,0
data_166,0,0.7946218252182007,,1,0.0,0,0,0,0,1,1,0,0,1,1,1,0
data_166,1,0.7844668626785278,,1,0.0,1,1,0,0,1,1,1,1,1,1,1,0
data_166,1,0.8229326605796814,,1,0.0,1,0,0,0,1,1,1,0,1,1,1,0
data_166,0,0.768058717250824,0.768058717250824,0,3.0,0,0,0,0,0,0,0,0,0,0,0,0
data_166,0,0.6726119518280029,0.6450015902519226,0,3.0,0,0,0,0,0,0,0,0,0,0,0,0
data_166,0,0.8277062177658081,0.7623645663261414,0,3.0,0,0,0,0,0,0,1,0,1,0,1,0
data_166,0,0.8176553845405579,0.8176553845405579,0,3.0,0,0,0,0,0,0,0,0,0,0,0,0
data_166,0,0.7702996730804443,0.7034746408462524,0,3.0,0,0,0,0,0,0,0,0,1,0,0,0
data_166,1,0.8204330205917358,0.6895649433135986,0,3.0,0,0,0,0,1,1,1,0,1,1,1,0
data_166,0,0.7206547856330872,0.7206547856330872,0,2.0,0,0,0,0,1,1,0,0,1,0,0,0
data_166,0,0.7330200672149658,0.7330200672149658,0,2.0,1,1,1,1,1,1,1,1,1,1,1,1
data_166,0,0.8794095516204834,0.8794095516204834,0,3.0,0,0,0,0,0,0,0,0,0,0,0,0
data_166,0,0.8083944916725159,0.8083944916725159,0,3.0,0,0,0,0,0,0,0,0,1,0,0,0
data_166,0,0.6877513527870178,0.6834431886672974,0,3.0,0,0,0,0,0,0,0,0,0,0,0,0
data_166,0,0.8482025265693665,0.8482025265693665,0,3.0,0,0,0,0,0,0,0,0,0,0,0,0
data_166,0,0.8120173215866089,0.7646437287330627,0,3.0,0,0,0,0,0,0,0,0,0,0,0,0
data_166,1,0.8097511529922485,0.6801908612251282,0,3.0,0,1,0,0,1,0,0,0,1,1,1,0
data_166,0,0.7484109997749329,0.7106443047523499,0,3.0,0,1,0,0,1,1,0,0,1,1,1,0
data_166,0,0.7372868061065674,0.6627962589263916,0,3.0,0,0,0,0,0,0,0,0,0,0,0,0
data_166,0,0.7789778709411621,0.7065458297729492,0,3.0,0,0,0,0,0,0,0,0,1,1,0,0
data_166,1,0.7428247332572937,0.6467291712760925,0,2.0,1,0,0,0,1,0,0,0,1,1,1,1
data_166,0,0.7131200432777405,0.5918071269989014,0,2.0,1,0,0,0,1,1,0,0,1,1,1,0
data_167,0,0.973564088344574,,1,0.0,0,0,0,0,0,0,0,0,0,0,0,0
data_167,0,0.7430209517478943,,1,0.0,0,0,0,0,0,0,0,0,0,0,0,0
data_167,0,0.7304656505584717,,1,0.0,0,0,0,0,0,0,0,0,1,0,0,1
data_167,0,0.7365638613700867,0.7365638613700867,0,3.0,0,0,0,0,0,0,0,0,0,0,0,0
data_167,0,0.7269700169563293,0.7269700169563293,0,3.0,0,0,0,0,0,0,0,0,0,0,0,0
data_167,0,0.8868460655212402,0.8868460655212402,0,3.0,0,0,0,0,0,0,0,0,0,0,0,0
data_167,0,0.7369220852851868,0.7369220852851868,0,3.0,0,0,0,0,0,0,0,0,0,0,0,0
data_167,0,0.9992734789848328,0.9992734789848328,0,3.0,0,0,0,0,0,0,0,0,0,0,0,0
data_167,0,0.8205393552780151,0.8205393552780151,0,3.0,0,0,0,0,0,0,0,0,0,0,0,0
data_167,0,0.9033872485160828,0.9033872485160828,0,3.0,0,0,0,0,0,0,0,0,0,0,0,0
data_167,0,0.8263664245605469,0.687990665435791,0,3.0,0,0,0,0,0,0,0,0,1,0,0,0
data_167,0,0.6837761998176575,0.6837761998176575,0,3.0,0,0,1,0,1,1,1,0,1,1,1,1
data_167,0,0.7579150795936584,0.7579150795936584,0,3.0,0,0,0,0,1,0,0,0,1,0,0,0
data_167,0,0.786922037601471,0.786922037601471,0,3.0,0,0,0,0,0,0,0,0,0,0,0,0
data_167,0,0.9796441793441772,0.9796441793441772,0,3.0,0,0,0,0,0,0,0,0,0,0,0,0
data_167,0,0.985853672027588,0.985853672027588,0,3.0,0,0,0,0,0,0,0,0,0,0,0,0
data_167,0,0.8547754287719727,0.8547754287719727,0,3.0,0,0,0,0,0,0,0,0,0,0,0,0
data_167,0,0.8717347383499146,0.8717347383499146,0,3.0,0,0,0,0,0,0,0,0,0,0,0,0
data_167,0,0.8733588457107544,0.8733588457107544,0,3.0,0,0,0,0,0,0,0,0,0,0,0,0
data_167,0,0.7616228461265564,0.7616228461265564,0,3.0,0,0,0,0,0,0,0,0,0,1,1,0
data_167,0,0.9499624371528624,0.9499624371528624,0,3.0,0,0,0,0,0,0,0,0,0,0,0,0
data_167,0,0.8564935326576233,0.8564935326576233,0,3.0,0,0,0,0,0,0,0,0,0,0,0,0
data_167,0,0.7883255481719971,0.7883255481719971,0,3.0,0,0,0,0,0,0,0,0,0,0,0,0
data_167,0,0.7423038482666016,0.7423038482666016,0,3.0,0,0,0,0,0,0,0,0,1,1,0,0
data_167,0,0.9915010929107666,0.9915010929107666,0,3.0,0,0,0,0,0,0,0,0,0,0,0,0
data_167,0,0.8021882772445679,0.7423400282859802,0,3.0,0,0,0,0,0,0,0,0,0,0,0,0
data_167,0,0.8224149942398071,0.7670945525169373,0,3.0,0,0,0,0,0,0,0,0,0,0,0,0
data_167,0,0.8107624053955078,0.8107624053955078,0,2.0,0,0,0,0,0,0,0,0,1,1,0,0
data_167,0,0.6495340466499329,0.5829654335975647,0,2.0,0,1,0,0,0,1,0,0,1,1,0,0
data_168,1,0.7434858679771423,,1,0.0,0,1,0,0,1,1,1,1,1,1,1,1
data_168,1,0.7880211472511292,,1,0.0,0,0,0,0,1,1,0,0,1,1,1,0
data_168,0,0.6793980002403259,,1,0.0,0,0,0,0,0,0,0,0,0,0,0,0
data_168,0,0.7633221745491028,,1,0.0,0,0,0,0,0,0,0,0,0,0,0,0
data_168,0,0.7718634605407715,0.7718634605407715,0,5.0,0,0,0,0,0,0,0,0,1,0,0,0
data_168,0,0.7769603729248047,0.7700207233428955,0,5.0,0,0,0,0,0,0,0,0,0,0,0,0
data_168,0,0.6745637655258179,0.6745637655258179,0,5.0,0,0,0,0,0,0,0,0,1,1,0,0
data_168,1,0.6181395053863525,0.5592032074928284,0,5.0,1,1,1,1,1,1,1,1,1,1,1,1
data_168,1,0.7801245450973511,0.6837150454521179,0,5.0,0,0,0,0,1,1,1,0,1,1,1,0
data_168,0,0.7436703443527222,0.7436703443527222,0,3.0,0,0,0,0,0,0,0,0,0,0,0,0
data_168,0,0.8354681134223938,0.8354681134223938,0,3.0,0,0,0,0,0,0,0,0,0,0,0,0
data_168,0,0.6666116118431091,0.6032432913780212,0,3.0,0,0,0,0,0,1,0,0,1,1,0,0
data_168,0,0.6735300421714783,0.5862359404563904,0,3.0,0,0,0,0,0,0,0,0,0,0,0,0
data_168,0,0.5483359098434448,0.4593251645565033,0,3.0,0,0,0,0,0,0,0,0,0,0,0,0
data_168,0,0.8523083329200745,0.6408767700195312,0,3.0,0,0,0,0,1,1,1,1,1,1,1,0
data_168,0,0.727151095867157,0.727151095867157,0,2.0,0,0,0,0,0,0,0,0,0,0,0,0
data_168,0,0.7625826001167297,0.7625826001167297,0,2.0,0,0,0,0,0,0,0,0,0,0,0,0
data_169,0,0.7618786692619324,0.7618786692619324,0,3.0,0,0,0,0,0,0,0,0,0,0,0,0
data_169,0,0.9254331588745116,0.9254331588745116,0,3.0,0,0,0,0,0,0,0,0,0,0,0,0
data_169,0,0.8233111500740051,0.8233111500740051,0,3.0,0,0,0,0,0,0,0,0,0,0,0,0
data_169,0,0.7712877988815308,,1,0.0,0,0,0,0,1,0,0,0,1,1,1,0
data_169,1,0.8027428984642029,,1,0.0,1,1,1,1,1,1,1,1,1,1,1,1
data_169,1,0.8299866914749146,,1,0.0,1,1,1,1,1,1,1,1,1,1,1,1
data_169,0,0.9444068670272828,0.9444068670272828,0,3.0,0,0,0,0,0,0,0,0,0,0,0,0
data_169,1,0.6682668328285217,0.5865564346313477,0,3.0,0,0,0,0,0,0,0,0,1,0,0,0
data_169,0,0.7585176825523376,0.605935275554657,0,3.0,0,0,0,0,0,0,0,0,0,0,0,0
data_169,1,0.7300636768341064,,1,0.0,1,1,1,1,1,1,1,1,1,1,1,1
data_169,1,0.7848569750785828,,1,0.0,1,0,1,0,1,1,1,0,1,1,1,1
data_169,1,0.7009209990501404,,1,0.0,0,0,0,0,1,1,1,0,1,1,1,0
data_170,0,0.9397792220115662,,1,0.0,0,0,0,0,0,0,0,0,0,0,0,0
data_170,1,0.8412524461746216,,1,0.0,0,0,0,1,1,1,0,1,1,1,1,1
data_170,0,0.8716174364089966,0.8483701348304749,0,3.0,0,0,0,0,0,0,0,0,1,0,0,0
data_170,0,0.8432232737541199,0.8432232737541199,0,3.0,0,0,0,0,0,0,0,0,0,0,0,0
data_170,0,0.8643363118171692,0.8643363118171692,0,3.0,0,0,0,0,0,0,0,0,0,0,0,0
data_170,0,0.7261423468589783,0.6732630729675293,0,2.0,0,0,0,0,0,0,0,0,1,0,0,0
data_170,0,0.6754060387611389,0.6151733994483948,0,2.0,0,0,0,0,0,0,0,0,0,0,0,0
data_170,0,0.8045516014099121,0.8045516014099121,0,2.0,0,0,0,0,0,0,0,0,0,0,1,0
data_170,1,0.8313837647438049,0.7572092413902283,0,2.0,1,1,1,1,1,1,1,1,1,1,1,1
data_170,1,0.7814494371414185,,1,0.0,0,0,0,0,0,0,0,0,1,1,0,0
data_170,0,0.7210232019424438,0.659424901008606,0,1.0,0,0,0,0,0,0,0,0,1,1,0,0
data_170,1,0.7188721299171448,0.5266387462615967,0,1.0,1,1,1,1,1,1,1,1,1,1,1,1
data_170,1,0.8613889813423157,0.8191638588905334,0,2.0,0,0,0,0,1,1,0,0,1,1,0,0
data_170,0,0.7494961619377136,0.6674791574478149,0,2.0,0,0,0,0,0,0,0,0,1,1,0,0
data_170,0,0.7279976010322571,0.7019572257995605,0,1.0,0,0,0,0,1,1,1,0,1,1,1,0
data_170,0,0.8622550368309021,0.8622550368309021,0,2.0,0,0,0,0,0,0,0,0,0,0,0,0
data_170,1,0.8162907361984253,0.7595652341842651,0,2.0,0,0,0,0,0,0,0,0,0,0,0,0
data_170,0,0.8251343369483948,0.7527315020561218,0,2.0,0,0,0,0,0,0,0,0,0,1,0,0
data_170,0,0.747811496257782,0.569611132144928,0,2.0,0,0,0,0,1,1,1,0,1,1,1,1
data_171,0,0.7325634956359863,0.7016791105270386,0,6.0,0,0,0,0,0,0,0,0,1,0,0,0
data_171,0,0.8087708950042725,0.8087708950042725,0,6.0,0,0,0,0,0,0,0,0,0,0,0,0
data_171,0,0.727173924446106,0.727173924446106,0,6.0,0,0,0,0,0,0,0,0,1,1,1,0
data_171,0,0.6977019906044006,0.6977019906044006,0,6.0,0,1,0,1,1,1,0,1,1,1,1,1
data_171,0,0.8179959654808044,0.8179959654808044,0,6.0,0,0,0,0,0,0,0,0,0,0,0,0
data_171,0,0.7792057991027832,0.760341465473175,0,6.0,0,0,0,0,0,0,0,0,0,0,0,0
data_171,0,0.6430050134658813,0.6430050134658813,0,2.0,0,0,0,0,0,0,0,0,0,0,0,0
data_171,0,0.6692063808441162,0.5802084803581238,0,2.0,0,0,0,0,0,0,0,0,1,0,0,0
data_171,0,0.7214440107345581,0.7214440107345581,0,3.0,0,0,0,0,0,0,0,0,0,0,0,0
data_171,0,0.9179374575614928,0.9179374575614928,0,3.0,0,0,0,0,0,0,0,0,0,0,0,0
data_171,0,0.8366239070892334,0.6948306560516357,0,3.0,0,0,0,0,0,0,0,0,0,0,0,0
data_171,0,0.7505128383636475,0.6610944867134094,0,2.0,0,0,0,0,0,0,0,0,0,0,0,0
data_171,0,0.8453721404075623,0.8453721404075623,0,2.0,0,0,0,0,0,0,0,0,0,0,0,0
data_171,0,0.8453012108802795,0.8453012108802795,0,3.0,0,0,0,0,0,0,0,0,0,0,0,0
data_171,0,0.7880573868751526,0.7880573868751526,0,3.0,0,0,0,0,0,0,0,0,0,0,0,0
data_171,0,0.7630190253257751,0.7304366230964661,0,3.0,0,0,0,0,0,0,0,0,0,0,0,0
data_171,0,0.7707298398017883,0.7707298398017883,0,2.0,0,0,0,0,0,0,0,0,0,0,0,0
data_171,0,0.8972207903862,0.8972207903862,0,2.0,0,0,0,0,0,0,0,0,0,0,0,0
data_171,0,0.8272181749343872,0.7522907257080078,0,2.0,0,0,0,0,0,0,0,0,0,0,0,0
data_171,0,0.5969398021697998,0.5581273436546326,0,2.0,0,0,0,0,0,1,0,0,1,0,0,0
data_171,0,0.5869218111038208,0.5573647022247314,0,2.0,0,0,0,0,0,0,0,0,0,0,0,0
data_171,0,0.7233505845069885,0.7233505845069885,0,2.0,0,0,0,0,0,0,0,0,1,0,0,0
data_172,1,0.792148768901825,,1,0.0,0,0,0,0,1,1,0,0,1,0,0,0
data_172,1,0.7165634632110596,,1,0.0,0,0,0,0,0,0,0,0,0,1,0,0
data_172,0,0.7245458364486694,,1,0.0,0,0,0,0,0,0,0,0,0,0,0,0
data_172,0,0.8633082509040833,0.8633082509040833,0,3.0,0,0,0,0,0,0,0,0,0,0,0,0
data_172,1,0.6157097220420837,0.6157097220420837,0,3.0,0,1,0,0,1,1,0,1,1,1,1,0
data_172,0,0.729947030544281,0.6960963010787964,0,3.0,0,0,0,0,0,0,0,0,1,0,0,0
data_172,0,0.6793830990791321,0.6618064045906067,0,3.0,0,0,0,0,0,0,0,0,0,1,0,0
data_172,0,0.6411941647529602,0.5522229671478271,0,3.0,0,0,0,0,0,0,0,0,1,0,0,0
data_172,0,0.8098666071891785,0.5912182331085205,0,3.0,0,1,0,0,0,0,0,0,1,1,1,0
data_172,0,0.672062337398529,0.5726490020751953,0,3.0,0,0,0,0,0,0,0,0,0,0,0,0
data_172,0,0.8297801613807678,0.8297801613807678,0,3.0,0,0,0,0,0,0,0,0,0,0,0,0
data_172,0,0.6847083568572998,0.6847083568572998,0,3.0,0,0,0,0,0,0,0,0,0,0,0,0
data_172,0,0.786243736743927,0.697981595993042,0,3.0,0,0,0,0,0,0,0,0,0,0,0,0
data_172,0,0.7416401505470276,0.7416401505470276,0,3.0,0,0,0,0,0,0,0,0,0,0,0,0
data_172,0,0.8066490888595581,0.8066490888595581,0,3.0,0,0,0,0,0,0,0,0,0,0,0,0
data_172,1,0.8100226521492004,0.4836284816265106,0,3.0,1,1,1,1,1,1,1,1,1,1,1,1
data_172,1,0.7238328456878662,0.569785475730896,0,3.0,1,1,1,1,1,1,1,1,1,1,1,1
data_172,0,0.7277075052261353,0.620307207107544,0,3.0,0,0,0,0,1,0,0,0,1,1,1,0
data_172,0,0.8093461394309998,0.8093461394309998,0,3.0,0,0,0,0,0,0,0,0,0,0,0,0
data_172,0,0.5992816686630249,0.5833244919776917,0,3.0,0,0,0,0,0,0,0,0,0,0,0,0
data_172,0,0.7234905362129211,0.6408465504646301,0,3.0,0,0,0,0,0,0,0,0,0,0,0,0
data_172,0,0.7063808441162109,0.6254204511642456,0,3.0,0,0,0,0,0,0,0,0,1,0,0,0
data_172,0,0.7413171529769897,0.7413171529769897,0,3.0,0,0,0,0,0,0,0,0,0,0,0,0
data_172,0,0.6180889010429382,0.4264164566993713,0,3.0,0,0,0,0,0,0,0,0,0,0,0,0
data_172,0,0.75285804271698,0.7431504130363464,0,3.0,0,0,0,0,0,0,0,0,0,0,0,0
data_172,0,0.6788877844810486,0.6788877844810486,0,3.0,0,0,0,0,0,0,0,0,0,0,0,0
data_172,0,0.6823154091835022,0.5598859786987305,0,3.0,0,0,0,0,0,0,0,0,0,0,0,0
data_172,0,0.6220400333404541,0.5768306255340576,0,3.0,0,0,0,0,0,0,0,0,0,0,0,0
data_172,0,0.7236102223396301,0.7236102223396301,0,3.0,0,0,0,0,0,0,0,0,0,0,0,0
data_172,0,0.600681722164154,0.5303535461425781,0,3.0,0,0,0,0,0,0,0,0,0,0,0,0
data_173,0,0.7911902666091919,,1,0.0,0,0,0,0,0,0,0,0,0,0,0,0
data_173,0,0.8515316247940063,,1,0.0,0,0,0,0,0,0,0,0,0,0,0,0
data_173,0,0.6917563676834106,,1,0.0,0,0,0,0,0,0,0,0,0,0,0,0
data_173,0,0.8633314371109009,0.7507548332214355,0,5.0,0,0,0,0,0,0,0,0,0,0,0,0
data_173,0,0.8219879865646362,0.8219879865646362,0,5.0,0,0,0,0,0,0,0,0,0,0,0,0
data_173,0,0.7945085167884827,0.7306838631629944,0,5.0,0,0,0,0,1,1,0,0,1,1,1,0
data_173,0,0.7267761826515198,0.6966102123260498,0,5.0,0,0,0,0,0,0,0,0,0,0,0,0
data_173,0,0.8329688310623169,0.7407408952713013,0,5.0,0,0,0,0,0,0,0,0,0,0,0,0
data_173,0,0.7825258374214172,0.7825258374214172,0,3.0,0,0,0,0,0,0,0,0,0,0,0,0
data_173,0,0.7974869012832642,0.7974869012832642,0,3.0,0,0,0,0,0,0,0,0,0,0,0,0
data_173,1,0.8429749011993408,0.8429749011993408,0,3.0,0,0,0,0,0,1,0,0,1,1,0,0
data_173,0,0.8348038792610168,0.8348038792610168,0,4.0,0,0,0,0,0,0,0,0,0,0,0,0
data_173,0,0.7767444849014282,0.7767444849014282,0,4.0,0,0,0,0,0,0,0,0,0,0,0,0
data_173,0,0.847427487373352,0.847427487373352,0,4.0,0,0,0,0,1,0,0,0,1,0,0,0
data_173,0,0.7943457961082458,0.7943457961082458,0,4.0,0,0,0,0,0,0,0,0,0,0,0,0
data_173,0,0.8561975955963135,0.8008022904396057,0,4.0,0,0,0,0,0,0,0,0,0,0,0,0
data_173,0,0.7549928426742554,0.7549928426742554,0,4.0,0,0,0,0,0,0,0,0,0,0,0,0
data_173,0,0.7797430157661438,0.7357309460639954,0,4.0,0,0,1,0,1,1,1,1,1,1,1,1
data_173,0,0.809169590473175,0.6366550922393799,0,4.0,0,0,0,0,0,0,0,0,1,0,1,0
data_173,0,0.7996858358383179,0.7996858358383179,0,4.0,0,0,0,0,0,0,0,0,0,0,0,0
data_173,0,0.7367722988128662,0.7367722988128662,0,4.0,0,0,0,0,0,0,0,0,1,0,0,0
data_173,1,0.7109310626983643,0.6947364211082458,0,4.0,0,0,0,0,0,1,0,0,1,1,1,0
data_173,0,0.6792196035385132,0.6597276329994202,0,4.0,0,0,0,0,0,0,0,0,0,0,0,0
data_173,0,0.8532577157020569,0.8532577157020569,0,4.0,0,0,0,0,0,0,0,0,0,0,0,0
data_173,0,0.8696388602256775,0.8696388602256775,0,4.0,0,0,0,0,0,0,0,0,1,0,0,0
data_173,1,0.7395002245903015,0.7395002245903015,0,4.0,1,0,1,0,1,1,0,0,1,1,1,0
data_173,0,0.8319405913352966,0.8319405913352966,0,4.0,0,0,0,0,0,0,0,0,1,0,0,0
data_174,0,0.7964081168174744,,1,0.0,0,0,0,0,0,0,0,0,0,0,0,0
data_174,0,0.7723825573921204,,1,0.0,0,0,0,0,0,0,0,0,0,0,0,0
data_174,0,0.8050017952919006,,1,0.0,0,0,0,0,0,0,0,0,0,0,0,0
data_174,0,0.7452744841575623,0.7452744841575623,0,4.0,0,0,0,0,0,0,0,0,0,0,0,0
data_174,0,0.6561366319656372,0.6367011666297913,0,4.0,0,0,0,0,0,0,0,0,1,1,1,0
data_174,0,0.8935651183128357,0.8935651183128357,0,4.0,0,0,0,0,0,0,0,0,0,0,0,0
data_174,0,0.9159646034240724,0.9159646034240724,0,4.0,0,0,0,0,0,0,0,0,0,1,0,0
data_174,0,0.5636430382728577,0.5636430382728577,0,4.0,0,1,0,0,1,1,0,0,1,1,0,0
data_174,0,0.5876701474189758,0.5876701474189758,0,4.0,0,0,0,0,0,1,0,0,0,1,0,0
data_174,0,0.6346772313117981,0.6346772313117981,0,4.0,0,0,0,0,0,0,0,0,1,0,0,0
data_174,0,0.7586991786956787,0.7586991786956787,0,4.0,0,0,0,1,0,1,0,1,0,1,1,0
data_174,0,0.6979451179504395,0.6381117105484009,0,3.0,0,0,0,0,0,0,0,0,1,0,0,0
data_174,0,0.8239286541938782,0.8239286541938782,0,3.0,1,1,0,0,1,1,0,0,1,1,0,0
data_174,0,0.6688302755355835,0.6688302755355835,0,3.0,0,0,0,0,0,0,0,0,1,1,1,0
data_174,0,0.737412691116333,0.6687588691711426,0,3.0,0,0,0,0,0,0,0,0,0,0,0,0
data_174,0,0.7192560434341431,0.6571305990219116,0,3.0,1,1,0,0,1,1,0,0,1,1,1,0
data_174,0,0.6935508847236633,0.6935508847236633,0,3.0,0,0,1,0,1,1,1,0,1,1,0,0
data_175,1,0.8167038559913635,,1,0.0,0,1,0,0,1,1,1,0,1,1,1,1
data_175,1,0.7332958579063416,,1,0.0,1,1,1,1,1,1,1,1,1,1,1,1
data_175,0,0.6704486608505249,,1,0.0,0,0,0,0,0,0,0,1,1,1,1,1
data_175,0,0.78642338514328,0.78642338514328,0,4.0,0,1,1,0,0,1,1,0,1,1,1,0
data_175,0,0.7441324591636658,0.7441324591636658,0,4.0,0,0,0,0,0,0,0,0,0,0,0,0
data_175,0,0.6660634875297546,0.6660634875297546,0,4.0,0,0,0,0,1,1,1,0,1,1,1,0
data_175,0,0.8175370693206787,0.8175370693206787,0,4.0,0,0,0,0,0,0,0,0,0,0,0,0
data_175,1,0.6800497174263,0.5727838277816772,0,3.0,1,1,1,1,1,1,1,1,1,1,1,1
data_175,0,0.837856113910675,0.837856113910675,0,3.0,1,1,1,1,1,1,1,1,1,1,1,1
data_175,0,0.6168704032897949,0.6159942746162415,0,3.0,0,0,0,0,1,1,1,0,1,1,1,0
data_175,0,0.8868932723999023,0.8868932723999023,0,3.0,0,0,0,0,0,0,0,0,0,0,0,0
data_175,0,0.6407929062843323,0.6407929062843323,0,3.0,0,0,0,0,0,0,0,0,1,0,0,0
data_175,0,0.7761275768280029,0.7761275768280029,0,3.0,0,0,0,0,0,0,0,0,0,1,0,0
data_175,0,0.7221844792366028,0.4875819087028503,0,2.0,0,0,0,0,0,0,0,0,1,1,1,0
data_175,0,0.7054117321968079,0.5283136367797852,0,2.0,0,0,1,0,1,1,1,0,1,1,1,0
data_176,0,0.7397933006286621,0.6552131175994873,0,7.0,0,0,0,0,0,0,0,0,0,0,0,0
data_176,0,0.7825027108192444,0.7504313588142395,0,7.0,0,0,0,0,0,0,0,0,1,0,0,0
data_176,0,0.6825072765350342,0.6825072765350342,0,7.0,0,0,0,0,0,0,0,0,1,0,0,0
data_176,0,0.796282947063446,0.7544267177581787,0,7.0,0,0,0,0,0,1,0,0,1,1,0,0
data_176,0,0.7785716652870178,0.7785716652870178,0,7.0,0,0,0,0,0,0,0,0,0,0,0,0
data_176,0,0.8023749589920044,0.8023749589920044,0,7.0,0,0,0,0,0,0,0,0,0,0,0,0
data_176,0,0.7894808053970337,0.7894808053970337,0,7.0,0,0,0,0,0,0,0,0,0,0,0,0
data_176,0,0.8613743185997009,0.8613743185997009,0,6.0,0,0,0,0,0,0,0,0,0,0,0,0
data_176,0,0.8492579460144043,0.8032514452934265,0,6.0,0,0,0,0,0,0,0,0,0,0,0,0
data_176,0,0.8076372742652893,0.7706630229949951,0,6.0,0,0,0,0,0,0,0,0,0,0,0,0
data_176,0,0.7062454223632812,0.7062454223632812,0,6.0,0,0,0,0,0,0,0,0,0,0,0,0
data_176,1,0.7589966058731079,0.7589966058731079,0,6.0,1,1,1,1,1,1,1,1,1,1,1,1
data_176,1,0.678409218788147,0.6165159940719604,0,6.0,1,1,1,1,1,1,1,1,1,1,1,1
data_176,0,0.7305192947387695,0.7305192947387695,0,5.0,0,0,0,0,0,0,0,0,0,0,0,0
data_176,0,0.7011032700538635,0.7011032700538635,0,5.0,0,0,0,0,0,0,0,0,0,0,0,0
data_176,0,0.8030557036399841,0.8030557036399841,0,5.0,0,0,0,0,0,0,0,0,0,0,0,0
data_176,0,0.7369494438171387,0.6490066051483154,0,5.0,0,0,1,0,0,0,0,0,0,0,0,0
data_176,0,0.7147945165634155,0.7147945165634155,0,5.0,0,1,0,0,0,1,0,0,1,1,1,0
data_176,0,0.884962260723114,0.884962260723114,0,3.0,0,0,0,0,0,0,0,0,0,0,0,0
data_176,0,0.8184565305709839,0.7113506197929382,0,3.0,0,0,0,0,0,0,0,0,0,0,0,0
data_176,0,0.6360019445419312,0.4724508225917816,0,3.0,0,0,0,0,1,0,0,0,0,0,0,0
data_176,0,0.6766685843467712,0.6619987487792969,0,3.0,0,0,0,0,0,0,0,0,0,0,0,0
data_176,0,0.8614153861999512,0.8614153861999512,0,3.0,0,0,0,0,0,0,0,0,0,0,0,0
data_176,0,0.807574450969696,0.7669625282287598,0,3.0,0,0,0,0,0,0,0,0,1,0,0,0
data_177,0,0.6865797638893127,,1,0.0,0,0,0,0,0,0,0,0,0,0,0,0
data_177,0,0.7245140671730042,,1,0.0,0,0,0,0,0,0,0,0,0,0,0,0
data_177,0,0.8586007952690125,0.6220532059669495,0,3.0,0,0,0,0,0,0,0,0,0,0,0,0
data_177,0,0.6811416745185852,0.5238964557647705,0,3.0,0,0,0,0,0,0,0,0,0,0,0,0
data_177,1,0.7702566981315613,0.6609700322151184,0,3.0,1,1,1,1,1,1,1,1,1,1,1,1
data_177,0,0.8110589385032654,0.8110589385032654,0,3.0,0,0,0,0,0,0,0,0,0,0,0,0
data_177,0,0.677664577960968,0.677664577960968,0,3.0,0,1,0,0,1,1,0,0,1,1,1,0
data_177,0,0.6864226460456848,0.6820830702781677,0,3.0,0,0,0,0,0,0,0,0,0,0,0,0
data_177,1,0.7030982971191406,0.508516252040863,0,3.0,1,1,1,1,1,1,1,1,1,1,1,1
data_177,1,0.826085090637207,0.4272351861000061,0,3.0,1,1,1,1,1,1,1,1,1,1,1,1
data_177,0,0.6380398869514465,0.6380398869514465,0,3.0,0,0,0,0,1,0,0,0,0,1,0,0
data_177,0,0.6901117563247681,0.6901117563247681,0,2.0,0,0,0,0,0,0,0,0,1,0,0,0
data_177,0,0.6900581121444702,0.6900581121444702,0,2.0,0,0,0,0,0,0,0,0,1,0,0,0
data_178,0,0.9155062437057496,,1,0.0,0,0,0,0,0,0,0,0,0,0,0,0
data_178,0,0.7733297944068909,,1,0.0,0,0,0,0,0,0,0,0,0,0,0,0
data_178,0,0.9042236804962158,,1,0.0,0,0,0,0,0,0,0,0,0,0,0,0
data_178,0,0.7374917268753052,0.7374917268753052,0,3.0,0,0,0,0,1,1,0,0,1,1,0,0
data_178,0,0.8079805970191956,0.8079805970191956,0,3.0,0,0,0,0,0,0,0,0,0,0,0,0
data_178,0,0.968280792236328,0.968280792236328,0,3.0,0,0,0,0,0,0,0,0,0,0,0,0
data_178,0,0.8575692772865295,0.8575692772865295,0,3.0,0,0,0,0,0,0,0,0,0,0,0,0
data_178,0,0.853691577911377,0.853691577911377,0,3.0,0,0,0,0,0,0,0,0,0,0,0,0
data_178,0,0.7605522274971008,0.7605522274971008,0,3.0,0,0,0,0,0,0,0,0,0,0,0,0
data_178,0,0.7979296445846558,0.7979296445846558,0,3.0,0,0,0,0,0,0,0,0,0,0,0,0
data_178,1,0.7100933790206909,0.3652219474315643,0,3.0,1,1,1,1,1,1,1,1,1,1,1,1
data_178,1,0.7053415775299072,0.5452456474304199,0,3.0,1,0,0,0,1,0,0,0,1,1,1,0
data_178,0,0.7401092648506165,0.7401092648506165,0,2.0,0,0,0,0,0,0,0,0,0,0,0,0
data_178,1,0.6928257942199707,0.6808298230171204,0,2.0,1,0,0,0,1,0,0,0,1,1,0,0
data_178,0,0.8775742053985596,0.8775742053985596,0,3.0,0,0,0,0,0,0,0,0,0,0,0,0
data_178,0,0.9419615864753724,0.8150988817214966,0,3.0,0,0,0,0,0,0,0,0,0,0,0,0
data_178,0,0.7583511471748352,0.7557327151298523,0,3.0,0,0,0,0,0,0,0,0,0,0,0,0
data_178,0,0.8082945346832275,0.776854932308197,0,2.0,0,0,0,0,0,0,0,0,1,0,0,0
data_178,0,0.6874057650566101,0.6874057650566101,0,2.0,0,0,0,0,1,0,0,0,1,0,0,0
data_178,0,0.8466866612434387,0.8466866612434387,0,2.0,0,0,0,0,0,0,0,0,1,0,0,0
data_178,0,0.6617836952209473,0.6269590854644775,0,2.0,0,0,0,0,0,0,0,0,1,0,0,0
data_178,0,0.8811761736869812,0.8811761736869812,0,2.0,0,0,0,0,0,0,0,0,0,0,0,0
data_178,0,0.6585057377815247,0.4692726135253906,0,2.0,0,0,0,0,0,0,0,0,0,0,0,0
data_179,0,0.9317103624343872,,1,0.0,0,0,0,0,0,0,0,0,0,0,0,0
data_179,0,0.7170497179031372,,1,0.0,0,0,0,0,0,0,0,0,0,0,0,0
data_179,0,0.8176403045654297,,1,0.0,0,0,0,0,0,0,0,0,0,0,0,0
data_179,0,0.9786933064460754,0.9786933064460754,0,3.0,0,0,0,0,0,0,0,0,0,0,0,0
data_179,0,0.9327244162559508,0.9327244162559508,0,3.0,0,0,0,0,0,0,0,0,0,0,0,0
data_179,0,0.7099515795707703,0.6706859469413757,0,3.0,0,0,0,0,0,0,0,1,0,1,0,0
data_179,0,0.8754176497459412,0.8754176497459412,0,3.0,0,0,0,0,0,0,0,0,0,0,0,0
data_179,0,0.733489453792572,0.7110567688941956,0,3.0,0,0,0,0,0,0,0,0,0,0,0,0
data_179,0,0.7316029667854309,0.7316029667854309,0,3.0,0,0,0,0,1,0,0,0,1,1,0,0
data_179,0,0.8870463967323303,0.8870463967323303,0,3.0,0,0,0,0,0,0,0,0,0,0,0,0
data_179,0,0.8050447106361389,0.8050447106361389,0,3.0,0,0,0,0,0,0,0,0,0,0,0,0
data_179,0,0.7915485501289368,0.7915485501289368,0,3.0,0,0,0,0,0,0,0,0,0,0,0,0
data_179,0,0.8751350045204163,0.8751350045204163,0,3.0,0,0,0,0,0,0,0,0,1,1,0,0
data_179,0,0.6166616082191467,0.6129917502403259,0,3.0,0,0,0,0,0,0,0,0,0,0,0,0
data_179,0,0.7522723078727722,0.7522723078727722,0,3.0,0,0,0,0,0,0,0,0,1,0,0,0
data_179,0,0.8077734112739563,0.8077734112739563,0,3.0,0,0,0,0,0,0,0,0,0,1,0,0
data_179,0,0.8476525545120239,0.8476525545120239,0,3.0,0,0,0,0,0,0,0,0,0,0,0,0
data_179,0,0.7187761068344116,0.7187761068344116,0,3.0,0,0,0,0,0,0,0,0,0,0,0,0
data_179,0,0.8867265582084656,0.8867265582084656,0,3.0,0,0,0,0,0,0,0,0,0,0,0,0
data_179,0,0.7970004677772522,0.7632525563240051,0,3.0,0,0,0,0,0,0,0,0,0,0,0,0
data_179,0,0.8687610030174255,0.8687610030174255,0,3.0,0,0,0,0,0,0,0,0,0,0,0,0
data_180,0,0.9355063438415528,0.9355063438415528,0,3.0,0,0,0,0,0,0,0,0,0,0,0,0
data_180,0,0.6970710158348083,0.6621701121330261,0,3.0,0,0,0,0,0,0,0,0,1,0,0,0
data_180,0,0.780650794506073,0.780650794506073,0,3.0,0,0,0,0,0,1,0,0,0,1,0,0
data_180,0,0.6707964539527893,0.6707964539527893,0,3.0,0,0,0,0,0,0,0,0,0,0,0,0
data_180,1,0.6772856116294861,0.6754928827285767,0,3.0,1,1,1,0,1,1,0,0,1,1,1,1
data_180,0,0.7169655561447144,0.6491795778274536,0,3.0,0,0,0,0,0,0,0,0,1,1,1,1
data_180,0,0.6824629306793213,,1,0.0,0,0,0,0,0,0,0,0,0,0,0,0
data_180,0,0.6608453989028931,,1,0.0,0,0,0,0,0,0,0,0,0,1,0,0
data_180,0,0.6859248876571655,,1,0.0,0,0,0,0,1,0,0,0,1,0,0,0
data_180,0,0.8838729858398438,0.7613892555236816,0,3.0,0,0,0,0,0,0,0,0,1,1,0,0
data_180,0,0.7300707697868347,0.724571704864502,0,3.0,0,0,0,0,0,1,0,0,1,1,0,0
data_180,0,0.7960439324378967,0.7086483240127563,0,3.0,0,0,0,0,0,0,0,0,1,1,0,0
data_181,1,0.8294874429702759,,1,0.0,0,0,0,0,0,0,0,0,0,0,0,0
data_181,0,0.8160303831100464,,1,0.0,0,0,0,0,0,0,0,0,0,0,0,0
data_181,0,0.9172698259353638,,1,0.0,0,0,0,0,0,0,0,0,0,0,0,0
data_181,0,0.9655476212501526,0.9655476212501526,0,5.0,0,0,0,0,0,0,0,0,0,0,0,0
data_181,0,0.7604928016662598,0.7245067954063416,0,5.0,0,0,0,0,0,0,0,0,0,0,0,0
data_181,0,0.8721316456794739,0.8721316456794739,0,5.0,0,0,0,0,0,0,0,0,0,0,0,0
data_181,0,0.7883906960487366,0.7883906960487366,0,5.0,0,0,0,0,0,0,0,0,1,0,0,0
data_181,0,0.7940548658370972,0.777767539024353,0,5.0,0,0,0,0,0,0,0,0,0,0,0,0
data_181,0,0.8816215395927429,0.8816215395927429,0,5.0,0,0,0,0,0,0,0,0,0,0,0,0
data_181,0,0.7386208772659302,0.7386208772659302,0,5.0,0,0,0,0,1,0,0,0,1,0,1,0
data_181,0,0.7924468517303467,0.7924468517303467,0,5.0,0,0,0,0,0,0,0,0,0,0,0,0
data_181,0,0.838709831237793,0.692114531993866,0,5.0,0,0,0,0,0,0,0,0,0,0,0,0
data_181,0,0.7735097408294678,0.7497487664222717,0,5.0,0,0,0,0,0,0,0,0,1,0,0,0
data_181,0,0.7719017267227173,0.7719017267227173,0,4.0,0,0,0,0,0,0,0,0,1,0,0,0
data_181,0,0.6182409524917603,0.6182409524917603,0,4.0,0,0,0,0,0,0,0,0,0,0,0,0
data_181,0,0.8582863211631775,0.7385175824165344,0,4.0,0,0,0,0,0,0,0,0,0,0,0,0
data_181,0,0.8134306073188782,0.7395241856575012,0,4.0,0,0,0,0,0,0,0,0,0,0,0,0
data_181,0,0.8192743062973022,0.7962239384651184,0,4.0,0,0,0,0,0,0,0,0,0,0,0,0
data_181,0,0.7661011815071106,0.7661011815071106,0,4.0,0,0,0,0,1,0,0,0,1,0,0,0
data_181,0,0.7929835319519043,0.7929835319519043,0,4.0,0,0,0,0,0,0,0,0,0,0,0,0
data_181,0,0.8051424622535706,0.8051424622535706,0,4.0,0,0,0,0,0,0,0,0,0,0,0,0
data_181,0,0.8161811232566833,0.8161811232566833,0,4.0,0,0,0,0,0,0,0,0,0,0,0,0
data_181,0,0.8439096212387085,0.6836920976638794,0,4.0,0,0,0,0,1,0,0,0,1,0,0,0
data_181,0,0.7882409691810608,0.6446749567985535,0,4.0,0,0,0,0,1,1,1,0,1,1,1,0
data_181,0,0.8650622367858887,0.6996967792510986,0,4.0,0,0,0,0,0,1,0,0,1,1,0,0
data_181,0,0.7921773791313171,0.7921773791313171,0,4.0,0,0,0,0,0,0,0,0,0,0,0,0
data_181,0,0.7398848533630371,0.6430976986885071,0,4.0,0,0,0,0,0,0,0,0,0,0,0,0
data_181,0,0.7039031386375427,0.7039031386375427,0,4.0,0,0,0,0,0,0,0,0,1,0,0,0
data_181,0,0.8545415997505188,0.7454249858856201,0,4.0,0,0,0,0,0,0,0,0,0,1,0,0
data_182,0,0.7765029072761536,,1,0.0,0,0,0,0,0,0,0,0,0,0,0,0
data_182,1,0.7300950884819031,,1,0.0,1,1,1,0,0,1,1,0,0,1,0,0
data_182,0,0.7542551159858704,,1,0.0,0,0,0,0,0,0,0,0,0,0,0,0
data_182,0,0.7891398668289185,0.7358295917510986,0,3.0,0,0,0,0,0,0,0,0,0,0,0,0
data_182,0,0.8414222002029419,0.8414222002029419,0,3.0,0,0,0,0,0,0,0,0,0,0,0,0
data_182,0,0.7885335683822632,0.7430666089057922,0,3.0,0,0,0,0,0,0,0,0,0,0,0,0
data_182,0,0.695097804069519,0.695097804069519,0,3.0,0,0,0,0,0,0,0,0,0,0,0,0
data_182,1,0.6703914999961853,0.6088561415672302,0,3.0,1,0,0,1,0,0,0,0,1,1,1,1
data_182,0,0.8403763771057129,0.8403763771057129,0,3.0,0,0,0,0,0,0,0,0,0,0,0,0
data_182,0,0.6748058199882507,0.6604249477386475,0,3.0,0,0,0,0,0,0,0,0,0,0,0,0
data_182,0,0.7669994235038757,0.7669994235038757,0,3.0,1,1,0,1,1,1,1,0,1,1,1,1
data_182,0,0.7048206329345703,0.6564694046974182,0,3.0,0,0,0,0,0,0,0,0,0,0,0,0
data_182,0,0.8148043751716614,0.5907829403877258,0,3.0,0,0,0,0,0,0,0,0,1,0,0,0
data_182,0,0.8801254630088806,0.8801254630088806,0,3.0,0,0,0,0,0,0,0,0,0,0,0,0
data_182,0,0.8429702520370483,0.8429702520370483,0,3.0,0,0,0,0,0,0,0,0,0,0,0,0
data_182,0,0.8130225539207458,,1,0.0,0,0,0,0,0,0,0,0,0,0,0,0
data_182,0,0.7569856643676758,,1,0.0,0,0,0,0,0,0,0,0,0,0,0,0
data_182,0,0.7504386305809021,,1,0.0,0,0,0,0,0,0,0,0,1,0,0,0
data_182,0,0.6598701477050781,0.6366568803787231,0,3.0,0,0,0,0,0,0,0,0,0,0,0,0
data_182,0,0.7243428826332092,0.7243428826332092,0,3.0,0,0,0,0,0,0,0,0,0,0,0,0
data_182,0,0.8003086447715759,0.8003086447715759,0,3.0,0,0,0,0,0,0,0,0,1,0,0,0
data_182,0,0.8344911336898804,0.8344911336898804,0,3.0,0,0,0,0,0,0,0,0,1,1,1,0
data_182,0,0.845238447189331,0.845238447189331,0,3.0,0,0,0,0,0,0,0,0,0,0,0,0
data_182,0,0.8408766984939575,0.5405747890472412,0,3.0,0,0,0,0,0,0,0,0,1,0,0,0
data_183,0,0.8541657328605652,0.7341351509094238,0,4.0,0,0,0,0,1,1,0,0,1,1,0,0
data_183,0,0.7425609827041626,0.6674116849899292,0,4.0,0,0,0,0,0,0,0,0,0,0,0,0
data_183,0,0.7566529512405396,0.7566529512405396,0,4.0,0,0,0,0,1,0,0,0,1,1,0,0
data_183,1,0.6162716150283813,0.585776686668396,0,4.0,1,1,0,0,1,1,0,0,1,1,0,0
data_183,0,0.7010608911514282,0.7010608911514282,0,4.0,0,0,0,0,0,0,0,0,0,0,0,0
data_183,0,0.732666015625,0.732666015625,0,4.0,0,0,0,0,0,1,0,0,0,1,0,0
data_183,1,0.6620854139328003,0.6620854139328003,0,4.0,1,1,0,0,1,1,1,0,1,1,1,0
data_183,0,0.8079615831375122,0.8079615831375122,0,4.0,0,0,0,0,0,0,0,0,0,0,0,0
data_183,0,0.8075200915336609,0.8075200915336609,0,3.0,0,0,0,0,0,0,0,0,1,0,0,0
data_183,1,0.7938194870948792,0.7938194870948792,0,3.0,0,0,0,0,0,0,0,0,0,0,0,0
data_183,1,0.7710174322128296,0.5648072361946106,0,3.0,1,1,1,1,1,1,1,1,1,1,1,1
data_183,0,0.7762579321861267,0.763427734375,0,2.0,0,0,0,0,1,0,0,0,1,0,0,0
data_183,0,0.7002167105674744,0.6590781807899475,0,2.0,0,0,0,0,0,0,0,0,0,0,0,0
data_184,0,0.7894282341003418,0.7894282341003418,0,3.0,0,0,0,0,1,1,0,0,1,1,1,0
data_184,0,0.7954283356666565,0.7954283356666565,0,3.0,0,0,0,0,0,0,0,0,0,0,0,0
data_184,0,0.736862063407898,0.70210862159729,0,3.0,0,0,1,0,1,0,0,0,1,0,0,0
data_184,0,0.765671968460083,0.7062975764274597,0,4.0,0,0,0,0,1,1,0,0,1,1,1,0
data_184,0,0.7796533703804016,0.6681442260742188,0,4.0,0,0,0,0,0,0,0,0,0,0,0,0
data_184,1,0.7865577936172485,0.7865577936172485,0,4.0,1,0,0,0,1,1,0,0,1,1,1,0
data_184,0,0.620232105255127,0.620232105255127,0,4.0,0,0,0,0,0,0,0,0,1,0,0,0
data_184,0,0.8343632817268372,0.8343632817268372,0,3.0,0,0,0,0,0,0,0,0,1,0,1,0
data_184,0,0.9943752884864808,0.9943752884864808,0,3.0,0,0,0,0,0,0,0,0,0,0,0,0
data_184,0,0.8897417187690735,0.8897417187690735,0,3.0,0,0,0,0,0,0,0,0,0,0,0,0
data_184,1,0.8111070394515991,0.8111070394515991,0,3.0,0,0,0,0,0,0,0,0,1,1,1,0
data_184,0,0.7815051674842834,0.7815051674842834,0,3.0,0,0,0,0,0,0,0,0,0,0,0,0
data_184,1,0.7816024422645569,0.7286340594291687,0,3.0,1,0,0,0,1,1,0,0,1,1,1,0
data_184,0,0.7714658975601196,0.7227839231491089,0,3.0,0,0,0,0,0,0,0,0,1,0,0,0
data_184,0,0.8792452216148376,0.8792452216148376,0,3.0,0,0,0,0,0,0,0,0,1,0,0,0
data_184,0,0.8652942180633545,0.8652942180633545,0,3.0,0,0,0,0,0,0,0,0,0,0,0,0
data_184,0,0.7176818251609802,0.6903833746910095,0,2.0,0,0,0,0,1,0,0,0,1,0,0,0
data_184,0,0.8123531937599182,0.8123531937599182,0,2.0,0,0,0,0,0,0,0,0,1,0,1,0
data_185,0,0.8992169499397278,,1,0.0,0,0,0,0,0,0,0,0,0,0,0,0
data_185,0,0.7546795010566711,,1,0.0,0,0,0,0,0,0,1,1,1,1,1,0
data_185,0,0.6882604360580444,,1,0.0,0,0,0,0,0,0,0,0,0,0,0,0
data_185,0,0.7633930444717407,0.7633930444717407,0,4.0,0,0,0,0,0,0,0,0,1,0,0,0
data_185,0,0.7274726033210754,0.7274726033210754,0,4.0,0,0,0,0,0,0,0,0,0,1,0,0
data_185,1,0.791382372379303,0.678583562374115,0,4.0,1,1,0,1,1,1,1,1,1,1,1,1
data_185,1,0.7128583788871765,0.6730580925941467,0,4.0,1,1,1,1,1,1,1,1,1,1,1,1
data_185,0,0.722833514213562,0.6806572675704956,0,2.0,0,0,0,0,1,0,0,0,1,0,1,0
data_185,0,0.8102479577064514,0.5777058601379395,0,2.0,0,0,0,0,0,0,0,0,1,0,0,0
data_185,0,0.7578203678131104,0.6249527335166931,0,3.0,0,0,0,0,1,0,0,0,1,1,1,0
data_185,0,0.745358943939209,0.6773433089256287,0,3.0,0,0,0,0,0,0,0,0,0,0,0,0
data_185,0,0.7396771907806396,0.5126035809516907,0,3.0,0,0,0,0,0,0,0,0,1,0,0,0
data_185,0,0.8375371098518372,0.8375371098518372,0,4.0,0,0,0,0,0,0,0,0,0,0,0,0
data_185,0,0.7256678938865662,0.6982027292251587,0,4.0,0,0,0,0,0,0,0,0,1,0,0,0
data_185,1,0.6358358263969421,0.4721951782703399,0,4.0,1,1,0,0,1,1,1,0,1,1,1,0
data_185,1,0.9000679850578308,0.5585633516311646,0,4.0,1,1,0,0,1,1,0,0,1,1,1,0
data_185,0,0.8902438282966614,0.7262687683105469,0,3.0,0,0,0,0,0,0,0,0,1,1,0,0
data_185,0,0.7607150077819824,0.7607150077819824,0,3.0,0,0,0,0,0,0,0,0,0,0,0,0
data_185,0,0.7501535415649414,0.7501535415649414,0,3.0,0,0,0,0,0,0,0,0,0,0,0,0
data_185,0,0.817862868309021,0.5998599529266357,0,3.0,0,0,0,0,0,0,0,0,0,0,0,0
data_185,0,0.737890362739563,0.737890362739563,0,3.0,0,0,0,0,0,0,0,0,0,0,0,0
data_185,0,0.702259361743927,0.6371390223503113,0,3.0,0,0,0,0,0,1,0,0,1,1,0,0
data_185,0,0.7960013151168823,0.7960013151168823,0,2.0,0,0,0,0,0,0,0,0,1,0,0,0
data_185,0,0.7702085375785828,0.7123150825500488,0,2.0,0,0,0,0,1,0,0,0,1,1,1,0
data_186,0,0.9999998807907104,,1,0.0,0,0,0,0,0,0,0,0,0,0,0,0
data_186,0,0.999999701976776,,1,0.0,0,0,0,0,0,0,0,0,0,0,0,0
data_186,0,0.7563601732254028,,1,0.0,0,0,0,0,0,0,0,0,0,0,0,0
data_186,0,0.8451199531555176,,1,0.0,0,0,0,0,0,0,0,0,0,0,0,0
data_186,0,0.7660689353942871,0.7660689353942871,0,4.0,0,0,0,0,0,0,0,0,0,0,0,0
data_186,0,0.8318175673484802,0.8318175673484802,0,4.0,0,0,0,0,0,0,0,0,0,0,0,0
data_186,0,0.6890800595283508,0.6890800595283508,0,4.0,0,0,0,0,0,0,0,0,0,0,0,0
data_186,0,0.7303147912025452,0.7303147912025452,0,4.0,0,0,0,0,0,0,0,0,1,0,0,0
data_186,0,0.9324339032173156,0.9324339032173156,0,4.0,0,0,0,0,0,0,0,0,0,0,0,0
data_186,0,0.7831947207450867,0.7831947207450867,0,4.0,0,0,0,0,0,0,0,0,0,0,0,0
data_186,0,0.7971442937850952,0.7971442937850952,0,4.0,0,0,0,0,0,0,0,0,1,0,0,0
data_186,0,0.8156728148460388,0.8156728148460388,0,4.0,0,0,0,0,0,0,0,0,0,0,0,0
data_186,0,0.854304850101471,0.854304850101471,0,4.0,0,0,0,0,1,0,0,0,1,0,1,0
data_186,0,0.6319355964660645,0.6319355964660645,0,4.0,0,0,0,0,1,0,0,0,1,0,0,0
data_186,0,0.7261314988136292,0.7048409581184387,0,4.0,0,0,0,0,0,0,0,0,0,0,0,0
data_186,0,0.899420440196991,0.899420440196991,0,4.0,0,0,0,0,0,0,0,0,0,0,0,0
data_186,0,0.9301046133041382,0.9301046133041382,0,4.0,0,0,0,0,0,0,0,0,0,0,0,0
data_186,0,0.7168158292770386,0.6706165671348572,0,4.0,0,0,0,0,0,0,0,0,1,0,0,0
data_186,0,0.713165819644928,0.713165819644928,0,4.0,0,0,0,0,0,0,0,0,1,0,0,0
data_186,0,0.8025573492050171,0.6886389255523682,0,4.0,0,0,0,0,0,0,0,0,0,0,0,0
data_186,0,0.7561182379722595,0.7357777953147888,0,4.0,0,0,0,0,0,0,0,0,0,0,0,0
data_186,0,0.7960608005523682,0.7960608005523682,0,4.0,0,0,0,0,0,0,0,0,1,0,0,0
data_186,0,0.8463977575302124,0.8463977575302124,0,4.0,0,0,0,0,0,0,0,0,0,0,0,0
data_186,0,0.8841122388839722,0.8841122388839722,0,4.0,0,0,0,0,0,0,0,0,0,0,0,0
data_186,0,0.7400586009025574,0.7400586009025574,0,4.0,0,0,0,0,0,0,0,0,0,0,0,0
data_186,0,0.644285261631012,0.6314787864685059,0,4.0,0,0,0,0,0,0,0,0,1,0,0,0
data_186,0,0.6518254280090332,0.6518254280090332,0,4.0,0,0,0,0,1,0,0,0,1,1,1,0
data_186,0,0.7868273258209229,0.7868273258209229,0,4.0,0,0,0,0,0,0,0,0,0,0,0,0
data_186,0,0.894600510597229,,1,0.0,0,0,0,0,0,0,0,0,0,0,0,0
data_186,0,1.0000001192092896,,1,0.0,0,0,0,0,0,0,0,0,0,0,0,0
data_186,0,0.951924204826355,,1,0.0,0,0,0,0,0,0,0,0,0,0,0,0
data_187,0,0.7956270575523376,,1,0.0,0,0,0,0,0,0,0,0,1,0,0,0
data_187,1,0.95392644405365,,1,0.0,1,1,1,1,1,1,1,1,1,1,1,1
data_187,0,0.8223673105239868,,1,0.0,0,0,0,0,0,0,0,0,0,0,0,0
data_187,0,0.8490459322929382,0.7721073627471924,0,3.0,0,0,0,0,0,0,0,0,1,0,0,0
data_187,0,0.6887876391410828,0.6887876391410828,0,3.0,0,0,0,0,0,0,0,0,0,0,0,0
data_187,0,0.7716382145881653,0.7716382145881653,0,3.0,0,0,0,0,0,0,0,0,0,0,0,0
data_187,0,0.79824298620224,0.79824298620224,0,2.0,0,0,0,0,0,0,0,0,0,0,0,0
data_187,0,0.7904102802276611,0.7421252727508545,0,2.0,0,0,0,0,0,0,0,0,0,0,0,0
data_187,0,0.8679417967796326,0.7482481002807617,0,2.0,0,1,0,0,0,0,0,0,0,0,0,0
data_187,0,0.6543022990226746,0.6541313529014587,0,2.0,0,0,0,0,0,0,0,0,1,0,0,0
data_187,0,0.7519944310188293,0.7519944310188293,0,2.0,0,0,0,0,0,0,0,0,0,0,0,0
data_187,0,0.8405283093452454,0.8405283093452454,0,2.0,0,0,0,0,0,0,0,0,0,0,0,0
data_188,0,0.815692126750946,,1,0.0,0,0,0,0,0,0,0,0,1,0,0,0
data_188,0,0.9186049103736876,,1,0.0,0,0,0,0,0,0,0,0,0,0,0,0
data_188,0,0.7901631593704224,0.7901631593704224,0,2.0,0,0,0,0,0,0,0,0,0,0,0,0
data_188,0,0.8923037052154541,0.8132144808769226,0,2.0,0,0,0,0,0,0,0,0,1,1,1,0
data_188,1,0.8434882164001465,0.7799401879310608,0,2.0,1,1,1,1,1,1,1,1,1,1,1,1
data_188,0,0.8854852914810181,0.7848638296127319,0,2.0,0,0,0,0,0,0,0,0,0,0,0,0
data_188,0,0.8696050643920898,0.8696050643920898,0,2.0,0,0,0,0,0,0,0,0,0,0,0,0
data_188,0,0.9201924204826356,0.8206542134284973,0,2.0,0,1,0,0,1,1,0,0,1,1,0,1
data_188,0,0.7802147269248962,0.7802147269248962,0,2.0,0,0,0,0,0,0,0,0,0,0,0,0
data_188,0,0.7761379480361938,0.7761379480361938,0,2.0,0,0,0,0,0,0,0,0,0,0,0,0
data_189,0,0.8715211153030396,,1,0.0,0,0,0,0,0,0,0,0,0,0,0,0
data_189,0,0.9580850601196288,,1,0.0,0,0,0,0,0,0,0,0,0,0,0,0
data_189,0,0.8301984667778015,,1,0.0,0,0,0,0,0,0,0,0,0,0,0,0
data_189,0,0.881370484828949,0.881370484828949,0,4.0,0,0,0,0,0,0,0,0,0,0,0,0
data_189,0,0.8769960999488831,0.8769960999488831,0,4.0,0,0,0,0,0,0,0,0,0,1,0,0
data_189,0,0.9419530034065248,0.9419530034065248,0,4.0,0,0,0,0,0,0,0,0,0,0,0,0
data_189,0,0.5915254950523376,0.5915254950523376,0,4.0,0,1,0,0,1,1,1,1,1,1,1,1
data_189,1,0.7914333939552307,0.7914333939552307,0,4.0,1,1,1,1,1,1,1,1,1,1,1,1
data_189,0,0.7851961851119995,0.7851961851119995,0,4.0,0,0,0,0,0,0,0,0,1,0,0,0
data_189,0,0.8388597369194031,0.8388597369194031,0,4.0,0,0,0,0,0,0,0,0,0,0,0,0
data_189,0,0.8251449465751648,0.8251449465751648,0,4.0,0,0,0,0,0,0,0,0,1,0,0,0
data_189,0,0.7599664330482483,0.7599664330482483,0,3.0,0,0,0,0,0,0,0,0,0,0,0,0
data_189,0,0.7634010910987854,0.7634010910987854,0,3.0,0,0,0,0,0,0,0,0,0,0,0,0
data_189,0,0.854312002658844,0.854312002658844,0,3.0,0,0,0,0,0,0,0,0,0,0,0,0
data_189,0,0.7475723028182983,0.7475723028182983,0,4.0,0,0,0,0,0,0,0,0,1,0,0,0
data_189,0,0.8108056783676147,0.8108056783676147,0,4.0,0,0,0,0,0,0,0,0,0,0,0,0
data_189,0,0.704934298992157,0.7003898024559021,0,4.0,0,0,0,0,1,0,0,0,1,1,1,0
data_189,0,0.765327513217926,0.765327513217926,0,4.0,0,0,0,0,0,0,0,0,0,0,0,0
data_190,0,0.7301936149597168,0.6332675218582153,0,1.0,0,1,1,0,0,1,0,0,1,1,0,0
data_190,0,0.7236751317977905,0.6941790580749512,0,6.0,0,0,0,0,0,0,0,0,0,0,0,0
data_190,0,0.96235454082489,0.96235454082489,0,6.0,0,0,0,0,0,0,0,0,0,0,0,0
data_190,0,0.9307522177696228,0.9307522177696228,0,6.0,0,0,0,0,0,0,0,0,0,0,0,0
data_190,0,0.6878554821014404,0.6813363432884216,0,6.0,0,0,0,0,0,0,0,0,0,0,0,0
data_190,0,0.7953415513038635,0.747925877571106,0,6.0,0,0,0,0,0,0,0,0,1,0,0,0
data_190,0,0.7412492036819458,0.7412492036819458,0,6.0,0,0,0,0,0,0,0,0,1,0,0,0
data_190,0,0.7880799770355225,0.7880799770355225,0,5.0,0,0,0,0,0,0,0,0,1,0,0,0
data_190,0,0.9265074133872986,0.9265074133872986,0,5.0,0,0,0,0,0,0,0,0,0,0,0,0
data_190,0,0.6947965621948242,0.6339592933654785,0,5.0,0,0,0,0,0,1,0,0,0,1,0,0
data_190,0,0.8033621311187744,0.8033621311187744,0,5.0,0,0,0,0,0,0,0,0,0,0,0,0
data_190,0,0.6724469065666199,0.6724469065666199,0,5.0,0,0,0,0,0,0,0,0,0,0,0,0
data_190,0,0.7788867950439453,0.7788867950439453,0,5.0,0,0,0,0,0,0,0,0,0,0,0,0
data_190,0,0.7420211434364319,0.7420211434364319,0,5.0,0,0,0,0,0,0,0,0,1,0,0,0
data_190,0,0.747949481010437,0.7176490426063538,0,5.0,0,0,0,0,0,0,0,0,0,0,0,0
data_190,0,0.7038201093673706,0.5868497490882874,0,5.0,0,1,1,1,1,1,1,1,1,1,1,1
data_190,0,0.7570106387138367,0.7570106387138367,0,5.0,0,0,0,0,0,0,0,0,1,0,0,0
data_190,0,0.8513758778572083,0.8513758778572083,0,4.0,0,0,0,0,0,0,0,0,0,0,0,0
data_190,0,0.7745400071144104,0.7745400071144104,0,4.0,0,0,0,0,0,0,0,0,0,0,0,0
data_190,0,0.7147160172462463,0.7020324468612671,0,4.0,0,0,0,0,0,0,0,0,0,0,0,0
data_190,0,0.7490226030349731,0.6862326264381409,0,4.0,0,0,0,0,0,0,0,0,0,0,0,0
data_190,0,0.8624935150146484,0.7786862850189209,0,3.0,0,0,0,0,0,0,0,0,0,0,0,0
data_190,1,0.6070995926856995,0.5842918753623962,0,3.0,0,0,0,0,0,0,0,0,0,0,0,0
data_190,0,0.7405222654342651,0.6614744663238525,0,3.0,0,0,0,0,0,0,0,0,0,0,0,0
data_190,0,0.7822855710983276,0.7822855710983276,0,3.0,0,0,0,0,0,0,0,0,0,0,0,0
data_190,0,0.7206619381904602,0.7206619381904602,0,3.0,0,0,0,0,0,0,0,0,0,0,0,0
data_190,0,0.7679104804992676,0.7679104804992676,0,3.0,0,0,0,0,0,0,0,0,0,0,0,0
data_191,0,0.8330296277999878,,1,0.0,0,0,0,0,0,0,0,0,0,0,0,0
data_191,0,0.8412169814109802,,1,0.0,0,0,0,0,0,0,0,0,0,0,0,0
data_191,1,0.5497192740440369,,1,0.0,1,1,1,1,1,1,1,1,1,1,1,1
data_191,0,0.8938012719154358,0.8938012719154358,0,4.0,0,0,0,0,0,0,0,0,0,0,0,0
data_191,0,0.8308068513870239,0.8308068513870239,0,4.0,0,0,0,0,0,0,0,0,0,0,0,0
data_191,0,0.8138995170593262,0.8138995170593262,0,4.0,0,0,0,0,0,0,0,0,0,0,0,0
data_191,0,0.9044546484947203,0.9044546484947203,0,4.0,0,0,0,0,0,0,0,0,0,0,0,0
data_191,0,0.8758132457733154,0.8758132457733154,0,4.0,0,0,0,0,0,0,0,0,0,1,0,0
data_191,0,0.7899671196937561,0.7899671196937561,0,4.0,0,0,0,0,0,0,0,0,1,0,0,0
data_191,0,0.7125900983810425,0.7125900983810425,0,4.0,0,1,0,0,0,1,0,0,1,1,1,0
data_191,0,0.6600434184074402,0.6577068567276001,0,4.0,0,1,0,0,0,1,0,0,1,1,0,0
data_191,0,0.907714545726776,0.907714545726776,0,4.0,0,0,0,0,0,0,0,0,0,0,0,0
data_191,0,0.7741216421127319,0.7741216421127319,0,4.0,0,0,0,0,0,0,0,0,1,0,0,0
data_191,0,0.7865771055221558,0.7865771055221558,0,4.0,0,0,0,0,0,0,0,0,0,0,0,0
data_191,1,0.7202627062797546,0.7202627062797546,0,4.0,0,1,0,0,1,1,1,0,1,1,1,0
data_191,0,0.8568574786186218,0.8568574786186218,0,3.0,0,0,0,0,0,0,0,0,0,0,0,0
data_191,0,0.7418768405914307,0.7418768405914307,0,3.0,0,0,0,0,0,0,0,0,0,1,0,0
data_191,1,0.9052393436431884,0.9052393436431884,0,3.0,0,0,0,0,1,1,0,0,1,1,1,0
data_191,0,0.9037975072860718,0.9037975072860718,0,3.0,0,0,0,0,0,0,0,0,0,0,0,0
data_191,1,0.6724728345870972,0.6724728345870972,0,3.0,1,1,1,1,1,1,1,1,1,1,1,1
data_191,0,0.7236140966415405,0.7236140966415405,0,3.0,0,0,0,0,0,0,0,0,0,0,0,0
data_192,0,0.994102954864502,,1,0.0,0,0,0,0,0,0,0,0,0,0,0,0
data_192,0,0.949883997440338,,1,0.0,0,0,0,0,0,0,0,0,0,0,0,0
data_192,0,0.8702408671379089,,1,0.0,0,0,0,0,0,0,0,0,0,0,0,0
data_192,0,0.8068788051605225,,1,0.0,0,0,0,0,0,0,0,0,0,0,0,0
data_192,0,0.7252568602561951,,1,0.0,0,0,0,0,0,0,0,0,0,0,0,0
data_192,0,0.7767056822776794,,1,0.0,0,0,0,0,0,0,0,0,0,0,0,0
data_192,0,0.9330126643180848,0.9330126643180848,0,5.0,0,0,0,0,0,0,0,0,0,0,0,0
data_192,0,0.8748707175254822,0.8748707175254822,0,5.0,0,0,0,0,0,0,0,0,0,0,0,0
data_192,0,0.8183846473693848,0.8183846473693848,0,5.0,0,0,0,0,0,0,0,0,0,0,0,0
data_192,0,0.8034760355949402,0.8034760355949402,0,5.0,0,0,0,0,0,0,0,0,0,0,0,0
data_192,0,0.8132494688034058,0.8132494688034058,0,5.0,0,0,0,0,0,0,0,0,0,0,0,0
data_192,0,0.6936666965484619,0.659242570400238,0,5.0,0,0,0,0,0,0,0,0,0,0,0,0
data_192,0,0.9052491188049316,0.9052491188049316,0,5.0,0,0,0,0,0,0,0,0,0,0,0,0
data_192,0,0.716025710105896,0.716025710105896,0,5.0,0,0,0,0,0,0,0,0,0,0,0,0
data_192,0,0.7824004292488098,0.729266345500946,0,5.0,0,0,0,0,0,0,0,0,0,0,0,0
data_192,0,0.805069625377655,0.805069625377655,0,5.0,0,0,0,0,0,0,0,0,0,0,0,0
data_192,0,0.7851176261901855,0.7851176261901855,0,5.0,0,0,0,0,0,0,0,0,0,0,0,0
data_192,0,0.7223525047302246,0.7223525047302246,0,5.0,0,0,0,0,0,0,0,0,0,0,0,0
data_192,0,0.924050271511078,0.924050271511078,0,5.0,0,0,0,0,0,0,0,0,0,0,0,0
data_192,1,0.7919564247131348,0.7919564247131348,0,5.0,0,0,0,0,0,0,0,0,1,0,0,0
data_192,0,0.695829451084137,0.695829451084137,0,5.0,0,0,0,0,0,0,0,0,1,0,0,0
data_192,0,0.6873573064804077,0.6873573064804077,0,5.0,0,0,0,0,0,1,0,0,1,1,0,0
data_192,0,0.796789824962616,0.796789824962616,0,5.0,0,0,0,0,0,0,0,0,0,0,0,0
data_192,0,0.7274449467658997,0.6745567917823792,0,5.0,0,0,0,0,0,0,0,0,1,0,0,0
data_192,1,0.8193628191947937,0.8193628191947937,0,5.0,0,0,0,0,1,0,0,0,1,1,0,0
data_192,0,0.6685131192207336,0.5668850541114807,0,5.0,0,0,0,0,0,0,0,0,1,1,0,0
data_193,0,1.0000001192092896,0.5648354291915894,0,2.0,0,0,0,0,0,0,0,0,0,0,0,0
data_193,0,0.8729910850524902,0.5381378531455994,0,2.0,0,0,0,0,0,0,0,0,0,0,0,0
data_193,0,0.799365222454071,0.799365222454071,0,2.0,0,0,0,0,0,0,0,0,0,0,0,0
data_193,0,0.8454050421714783,0.7537202835083008,0,2.0,0,0,0,0,0,0,0,0,0,0,0,0
data_193,0,0.6989082098007202,0.6989082098007202,0,3.0,0,0,0,0,0,0,0,0,0,0,0,0
data_193,0,0.7869006991386414,0.67842698097229,0,3.0,0,0,0,0,0,0,0,0,0,0,0,0
data_193,0,0.6924408674240112,0.6924408674240112,0,3.0,0,0,0,0,0,0,0,0,0,0,0,0
data_193,1,0.7758238911628723,0.6547590494155884,0,2.0,1,1,1,0,0,1,1,0,1,1,1,0
data_193,1,0.7519757747650146,0.5406091213226318,0,2.0,0,0,0,1,1,1,0,0,1,1,1,1
data_193,0,0.8269508481025696,0.7925742864608765,0,2.0,0,0,0,0,0,0,0,0,0,0,0,0
data_193,0,0.7035398483276367,0.7035398483276367,0,2.0,0,0,0,0,0,1,0,0,1,1,0,0
data_193,0,0.783503532409668,0.783503532409668,0,1.0,0,0,0,0,0,0,0,0,0,0,0,0
data_193,0,0.7125547528266907,0.7125547528266907,0,1.0,0,0,0,0,1,0,0,0,1,1,0,0
data_193,0,0.7125514149665833,0.7125514149665833,0,2.0,1,0,0,0,1,1,1,0,1,1,1,0
data_193,0,0.7706405520439148,0.7482990026473999,0,2.0,0,0,0,0,0,0,0,0,0,0,0,0
data_193,0,0.7223879098892212,0.6222788095474243,0,2.0,0,0,0,0,0,0,0,0,1,1,1,0
data_193,1,0.7277194261550903,0.564555287361145,0,2.0,0,0,0,0,0,0,0,0,1,0,1,0
data_193,0,0.7415169477462769,0.7415169477462769,0,2.0,0,0,0,0,0,0,0,1,1,0,0,0
data_193,0,0.5812251567840576,0.5759643316268921,0,2.0,0,0,0,0,0,1,0,0,0,1,0,0
data_194,0,0.811080276966095,,1,0.0,0,0,0,0,0,0,0,0,0,0,0,0
data_194,0,0.8628453612327576,,1,0.0,0,0,0,0,0,0,0,0,0,0,0,0
data_194,0,0.7933430075645447,0.7933430075645447,0,4.0,0,0,0,0,0,0,0,0,0,0,0,0
data_194,0,0.8534230589866638,0.8534230589866638,0,4.0,0,0,0,0,0,0,0,0,0,0,0,0
data_194,0,0.8066152930259705,0.8066152930259705,0,4.0,0,0,0,0,0,0,0,0,0,0,0,0
data_194,0,0.7162869572639465,0.7162869572639465,0,4.0,0,0,0,0,0,0,0,0,0,0,0,0
data_194,0,0.7769981026649475,0.7769981026649475,0,4.0,0,0,0,0,0,0,0,0,0,0,0,0
data_194,0,0.6084818243980408,0.5655232667922974,0,4.0,0,0,0,0,0,0,0,0,0,0,0,0
data_194,0,0.7849213480949402,0.753250241279602,0,4.0,0,0,0,0,1,0,0,0,1,0,1,0
data_194,0,0.8403352499008179,0.8403352499008179,0,4.0,0,0,0,0,0,0,0,0,0,0,0,0
data_194,0,0.8030949234962463,0.8030949234962463,0,3.0,0,0,0,0,0,0,0,0,1,0,0,0
data_194,1,0.7528020143508911,0.6604157090187073,0,3.0,0,1,1,1,0,1,0,0,1,1,1,1
data_194,0,0.8033183813095093,0.8033183813095093,0,3.0,0,1,0,0,0,1,0,0,0,1,1,0
data_194,0,0.8903459906578064,0.8903459906578064,0,4.0,0,0,0,0,0,0,0,0,0,0,0,0
data_194,0,0.8273277878761292,0.8112919926643372,0,4.0,0,0,0,0,0,0,0,0,0,0,0,0
data_194,0,0.7875609993934631,0.7510828375816345,0,4.0,0,0,0,0,0,0,0,0,1,0,0,0
data_194,0,0.8070374727249146,0.8070374727249146,0,4.0,0,0,0,0,0,0,0,0,0,0,0,0
data_194,0,0.7368112206459045,0.7368112206459045,0,3.0,0,0,0,0,0,0,0,0,0,0,0,0
data_194,0,0.6887423992156982,0.6887423992156982,0,3.0,0,0,0,0,0,0,0,0,0,0,0,0
data_194,0,0.7383534908294678,0.7383534908294678,0,3.0,0,0,0,0,0,0,0,0,0,0,0,0
data_194,0,0.7833513021469116,0.743095338344574,0,3.0,0,0,0,0,1,1,0,0,1,1,0,0
data_194,0,0.7522366642951965,0.7042116522789001,0,3.0,0,0,0,0,0,1,0,0,1,1,0,0
data_194,0,0.8100813627243042,0.8100813627243042,0,3.0,0,0,0,0,1,1,0,0,1,1,1,0
data_195,0,0.946604073047638,,1,0.0,0,0,0,0,0,0,0,0,0,0,0,0
data_195,0,0.7903724312782288,,1,0.0,0,0,0,0,0,0,0,0,0,0,0,0
data_195,0,0.8865547180175781,,1,0.0,0,0,0,0,0,0,0,0,0,0,0,0
data_195,0,0.8780508637428284,,1,0.0,0,0,1,0,0,0,0,0,0,0,0,0
data_195,0,0.8599886894226074,0.8599886894226074,0,5.0,0,0,0,0,0,0,0,0,0,0,0,0
data_195,0,0.8107417821884155,0.8107417821884155,0,5.0,0,1,1,1,1,1,1,0,1,1,1,1
data_195,0,0.7572399377822876,0.6957913041114807,0,5.0,0,0,0,0,0,0,0,0,1,0,0,0
data_195,0,0.7446384429931641,0.7446384429931641,0,5.0,0,0,0,0,0,0,0,0,1,0,0,0
data_195,0,0.7908287048339844,0.7908287048339844,0,5.0,0,0,0,0,0,0,0,0,1,0,0,0
data_195,0,0.7902755737304688,0.7902755737304688,0,5.0,0,0,0,0,0,0,0,0,0,0,0,0
data_195,0,0.7295600771903992,0.7295600771903992,0,5.0,0,0,0,0,0,0,0,0,0,0,0,0
data_195,0,0.863346517086029,0.863346517086029,0,5.0,0,0,0,0,0,0,0,0,0,0,0,0
data_195,1,0.7533708810806274,0.6905016303062439,0,5.0,1,0,1,0,1,1,1,1,1,1,1,1
data_195,0,0.7900876998901367,0.7900876998901367,0,5.0,0,0,0,0,0,0,0,0,1,0,0,0
data_195,0,0.8975556492805481,0.8975556492805481,0,5.0,0,0,0,0,0,0,0,0,1,0,0,0
data_195,0,0.702193021774292,0.6822392344474792,0,5.0,0,0,0,0,0,0,0,0,1,0,1,0
data_195,0,0.7725991010665894,0.7725991010665894,0,5.0,0,0,0,0,0,0,0,0,0,0,0,0
data_195,0,0.900999128818512,0.900999128818512,0,5.0,0,0,0,0,0,0,0,0,1,0,0,0
data_195,0,0.801762580871582,0.801762580871582,0,5.0,0,0,0,0,0,0,0,0,0,0,0,0
data_196,0,0.9224303364753724,,1,0.0,0,0,0,0,0,0,0,0,0,0,0,0
data_196,0,0.7069196701049805,,1,0.0,0,0,0,0,0,0,0,0,0,0,0,0
data_196,1,0.68055659532547,,1,0.0,0,0,0,0,1,1,0,0,1,1,0,0
data_196,0,0.7766277194023132,,1,0.0,0,0,0,0,0,0,0,0,1,0,1,0
data_196,0,0.7413851618766785,0.7413851618766785,0,4.0,0,0,0,0,0,0,0,0,1,1,0,0
data_196,0,0.7278349995613098,0.6703490018844604,0,4.0,0,0,0,0,0,0,0,0,1,0,0,0
data_196,0,0.7469449043273926,0.7469449043273926,0,4.0,0,0,0,0,0,0,0,0,0,1,0,0
data_196,0,0.6436461806297302,0.6215128898620605,0,4.0,0,0,0,0,0,0,0,0,0,0,0,0
data_196,0,0.7804068326950073,0.6753557324409485,0,4.0,0,0,0,0,0,0,0,0,0,0,0,0
data_196,0,0.924310564994812,0.924310564994812,0,4.0,0,0,0,0,0,0,0,0,0,0,0,0
data_196,0,0.7751862406730652,0.7751862406730652,0,4.0,0,0,0,0,0,0,0,0,0,0,0,0
data_196,0,0.884856641292572,0.884856641292572,0,4.0,0,0,0,0,0,0,0,0,0,0,0,0
data_196,0,0.6766645908355713,0.6727687120437622,0,4.0,0,0,0,0,0,0,0,0,0,0,0,0
data_196,0,0.854241132736206,0.854241132736206,0,4.0,0,0,0,0,0,0,0,0,0,0,0,0
data_196,0,0.7606731653213501,0.7606731653213501,0,4.0,0,0,0,0,0,0,0,0,0,0,0,0
data_196,0,0.7875477075576782,0.7875477075576782,0,4.0,0,0,0,0,0,0,0,0,0,0,0,0
data_197,0,0.8057355880737305,0.6390853524208069,0,2.0,0,0,0,0,0,0,0,0,0,0,0,0
data_197,0,0.7607937455177307,0.6888663172721863,0,2.0,0,0,0,0,0,0,0,0,0,0,0,0
data_197,0,0.782118022441864,,1,0.0,0,0,0,0,0,0,0,0,0,0,0,0
data_197,0,0.856079638004303,,1,0.0,0,0,0,0,0,0,0,0,0,0,0,0
data_197,0,0.7939881086349487,0.7939881086349487,0,2.0,0,0,0,0,0,0,0,0,0,0,0,0
data_197,0,0.6541455388069153,0.5495209097862244,0,2.0,0,1,0,0,0,1,0,0,1,1,0,0
data_197,0,0.9520543217658995,0.9520543217658995,0,2.0,0,1,0,1,1,1,0,1,0,1,0,0
data_197,0,0.7724733352661133,0.7282892465591431,0,2.0,0,0,0,0,0,0,0,0,0,0,0,0
data_197,0,0.7749471664428711,0.7749471664428711,0,2.0,0,0,0,0,0,0,0,0,0,0,0,0
data_197,0,0.9398342967033386,0.9398342967033386,0,2.0,0,0,0,0,0,0,0,0,0,0,0,0
data_197,0,0.7931323051452637,0.7931323051452637,0,2.0,0,0,0,0,0,0,0,0,0,0,0,0
data_197,0,0.816843569278717,0.786923885345459,0,2.0,0,0,0,0,0,0,0,0,0,0,0,0
data_197,0,0.8129647970199585,0.7443986535072327,0,2.0,0,0,0,0,0,1,0,0,1,1,1,0
data_197,1,0.9116703867912292,0.6740313172340393,0,2.0,1,1,1,1,1,1,1,1,1,1,1,1
data_197,0,0.7867292761802673,0.7867292761802673,0,2.0,0,0,0,0,0,0,0,0,0,0,0,0
data_197,1,0.7062119841575623,0.6196565628051758,0,2.0,1,1,1,0,1,1,1,1,1,1,1,1
data_198,0,0.747520923614502,,1,0.0,0,0,0,0,0,0,0,0,0,0,0,0
data_198,0,0.8169716596603394,0.8169716596603394,0,4.0,0,0,0,0,0,0,0,0,0,0,0,0
data_198,0,0.8853906989097595,0.8853906989097595,0,4.0,0,0,0,0,0,0,0,0,0,0,0,0
data_198,0,0.910788893699646,0.910788893699646,0,4.0,0,0,0,0,0,0,0,0,0,0,0,0
data_198,0,0.6730830073356628,0.611423909664154,0,4.0,0,0,0,0,0,0,0,0,0,0,0,0
data_198,0,0.6910867691040039,0.6516398787498474,0,5.0,0,0,0,0,0,0,0,0,0,0,0,0
data_198,0,0.8605451583862305,0.8605451583862305,0,5.0,0,0,0,0,0,0,0,0,0,0,0,0
data_198,0,0.7682529091835022,0.7682529091835022,0,5.0,0,0,0,0,0,0,0,0,0,0,0,0
data_198,0,0.9202152490615844,0.9202152490615844,0,5.0,0,0,0,0,0,0,0,0,0,0,0,0
data_198,0,0.8968489766120911,0.8968489766120911,0,5.0,0,0,0,0,0,0,0,0,0,0,0,0
data_198,0,0.760870635509491,0.760870635509491,0,4.0,0,0,0,0,0,0,0,0,0,0,0,0
data_198,0,0.764862060546875,0.764862060546875,0,4.0,0,0,0,0,0,0,0,0,1,0,0,0
data_198,0,0.8187342286109924,0.8187342286109924,0,4.0,0,0,0,0,0,0,0,0,0,0,0,0
data_198,0,0.6273670792579651,0.6040701270103455,0,4.0,0,0,0,0,0,0,0,0,0,0,0,0
data_198,0,0.6552785634994507,0.6552785634994507,0,4.0,0,0,0,0,0,0,0,0,0,0,0,0
data_198,0,0.9477320909500122,0.9289010167121888,0,4.0,0,0,0,0,0,0,0,0,0,0,0,0
data_198,0,0.7956474423408508,0.7956474423408508,0,4.0,0,0,0,0,0,0,0,0,0,0,0,0
data_198,0,0.8527344465255737,0.8527344465255737,0,4.0,0,0,0,0,0,0,0,0,0,0,0,0
data_198,0,0.6587334275245667,0.6587334275245667,0,3.0,1,1,1,0,1,1,1,0,1,1,1,0
data_198,0,0.8109357953071594,0.6929026246070862,0,3.0,0,0,0,0,0,0,0,0,1,0,0,0
data_198,0,0.7591513991355896,0.7075476050376892,0,3.0,0,0,0,0,1,0,0,0,1,0,0,0
data_198,0,0.8005168437957764,0.7850111722946167,0,2.0,0,0,0,0,0,0,0,0,0,0,0,0
data_198,0,0.8123466968536377,0.8123466968536377,0,2.0,0,0,0,0,0,0,0,0,0,0,0,0
data_198,0,0.7883051037788391,0.7883051037788391,0,2.0,0,0,0,0,0,0,0,0,0,0,0,0
data_198,0,0.7374299764633179,0.6383497714996338,0,2.0,0,0,0,0,0,0,0,0,1,0,0,0
data_198,0,0.582746684551239,0.5744407176971436,0,2.0,0,0,0,0,0,0,0,0,0,0,0,0
data_198,0,0.6435726881027222,0.6435726881027222,0,2.0,0,0,0,0,0,0,0,0,0,0,0,0
data_199,0,0.706463098526001,0.706463098526001,0,8.0,0,0,0,0,0,0,0,0,0,0,0,0
data_199,0,0.7094398736953735,0.7094398736953735,0,8.0,0,0,0,0,0,0,0,0,1,0,0,0
data_199,0,0.7261823415756226,0.7261823415756226,0,8.0,0,0,0,0,0,0,0,0,0,0,0,0
data_199,0,0.8507083654403687,0.8507083654403687,0,8.0,0,0,0,0,0,0,0,0,0,0,0,0
data_199,1,0.8681342005729675,0.8681342005729675,0,8.0,1,1,1,0,1,1,1,1,1,1,1,0
data_199,0,0.7442810535430908,0.7442810535430908,0,8.0,0,0,0,0,0,0,0,0,0,0,0,0
data_199,0,0.7692347168922424,0.7692347168922424,0,8.0,0,0,0,0,1,0,0,0,0,0,0,0
data_199,0,0.7131267786026001,0.7131267786026001,0,8.0,0,0,0,0,0,1,1,0,0,1,1,1
data_199,0,0.7995159029960632,0.499142974615097,0,3.0,0,0,0,0,0,0,0,0,0,0,0,0
data_199,1,0.868432879447937,0.5594902634620667,0,3.0,1,1,1,1,1,1,1,1,1,1,1,1
data_199,0,0.6775051355361938,0.4952183365821838,0,3.0,0,0,1,0,1,1,1,0,1,1,1,0
data_199,0,0.796139121055603,0.796139121055603,0,1.0,0,0,0,0,0,1,0,0,1,1,1,0
data_199,0,0.6600910425186157,0.6600910425186157,0,3.0,0,0,0,0,0,0,0,0,1,0,0,0
data_199,0,0.7696414589881897,0.7696414589881897,0,3.0,0,0,0,0,0,0,0,0,0,0,0,0
data_199,0,0.6057034134864807,0.4842163920402527,0,3.0,0,0,0,0,0,0,0,0,0,0,0,0
data_199,0,0.6547829508781433,0.6547829508781433,0,3.0,0,0,0,0,0,0,0,0,0,0,0,0
data_199,0,0.6974488496780396,0.6974488496780396,0,3.0,0,0,0,0,0,0,0,0,0,0,0,0
data_199,0,0.8149191737174988,0.8149191737174988,0,3.0,0,0,0,0,0,0,0,0,0,1,0,0
data_199,0,0.8126891851425171,0.6737859845161438,0,3.0,0,0,0,0,0,0,0,0,0,0,0,0
data_199,0,0.8129017353057861,0.8129017353057861,0,3.0,0,0,0,0,0,0,0,0,0,0,0,0
data_199,0,0.7685971856117249,0.7207761406898499,0,3.0,0,0,0,0,0,0,0,0,1,0,0,0
data_200,0,0.7100958824157715,,1,0.0,0,0,0,0,0,0,0,0,0,0,0,0
data_200,0,0.7778347134590149,,1,0.0,0,0,0,0,0,0,0,0,0,0,0,0
data_200,0,0.893114447593689,,1,0.0,0,0,0,0,0,0,0,0,0,0,0,0
data_200,1,0.7927486300468445,0.5214925408363342,0,4.0,1,1,1,1,1,1,1,0,1,1,1,1
data_200,0,0.7423183917999268,0.7423183917999268,0,4.0,0,0,0,0,0,0,0,0,1,0,0,0
data_200,0,0.8118564486503601,0.8118564486503601,0,4.0,0,0,0,0,0,0,0,0,0,0,0,0
data_200,0,0.7376439571380615,0.7376439571380615,0,4.0,0,0,0,0,0,0,0,0,0,0,0,0
data_200,0,0.6278707385063171,0.5797380805015564,0,4.0,0,0,0,0,0,0,0,0,0,0,0,0
data_200,0,0.8343104720115662,0.8343104720115662,0,4.0,0,0,0,0,0,0,0,0,0,0,0,0
data_200,0,0.8426311016082764,0.6219469904899597,0,4.0,0,0,0,0,0,0,0,0,1,0,0,0
data_200,0,0.7128159999847412,0.7128159999847412,0,4.0,0,0,0,0,0,0,0,0,1,0,0,0
data_200,1,0.8609197735786438,0.8609197735786438,0,4.0,0,0,0,0,0,0,0,0,0,0,0,0
data_200,1,0.8195129632949829,0.8195129632949829,0,4.0,0,0,0,0,0,0,0,0,0,0,0,0
data_200,0,0.7252769470214844,0.6756500005722046,0,4.0,0,0,0,0,0,0,0,0,1,1,0,0
data_200,0,0.836527407169342,0.836527407169342,0,4.0,0,0,0,0,0,0,0,0,0,0,0,0
data_200,0,0.7525006532669067,0.731536328792572,0,4.0,0,0,0,0,0,0,0,0,0,0,0,0
data_200,0,0.8026525378227234,0.7382987141609192,0,4.0,0,0,0,0,0,0,0,0,1,1,0,0
data_200,0,0.7918520569801331,0.7918520569801331,0,4.0,0,0,0,0,0,0,0,0,1,1,0,0
data_200,0,0.7884012460708618,0.764954149723053,0,4.0,0,1,0,0,0,1,0,0,0,0,0,0
data_200,1,0.74955153465271,0.7387213110923767,0,3.0,0,0,0,0,0,0,0,0,0,0,0,0
data_200,0,0.5601451396942139,0.4983552098274231,0,3.0,0,0,0,0,0,1,0,0,1,1,1,0
data_200,0,0.7095266580581665,0.7095266580581665,0,3.0,0,0,0,0,0,0,0,0,0,0,0,0
data_200,0,0.7980203032493591,0.7626814246177673,0,3.0,0,0,0,0,0,0,0,0,1,0,0,0
data_200,0,0.8763220310211182,0.8763220310211182,0,3.0,0,0,0,0,0,0,0,0,0,0,0,0
data_200,0,0.7791444659233093,0.7791444659233093,0,3.0,0,0,0,0,0,1,0,0,1,1,0,0
data_200,0,0.8843214511871338,0.8843214511871338,0,4.0,0,0,0,0,0,0,0,0,0,0,0,0
data_200,0,0.7897564768791199,0.7111068367958069,0,4.0,0,0,0,0,0,0,0,0,0,0,0,0
data_200,0,0.6888072490692139,0.6888072490692139,0,4.0,0,0,0,0,0,0,0,0,0,0,0,0
data_200,1,0.7671653032302856,0.7671653032302856,0,4.0,0,0,0,0,0,1,0,0,1,1,0,0
data_200,0,0.7121464610099792,0.7121464610099792,0,4.0,0,0,0,0,0,0,0,0,1,0,0,0
data_200,0,0.783615231513977,0.6105116605758667,0,4.0,0,0,0,0,1,1,0,0,1,1,1,0
data_200,0,0.6223404407501221,0.571700930595398,0,4.0,0,0,0,0,0,0,0,0,0,0,0,0
data_200,1,0.5371471047401428,0.4994385838508606,0,4.0,0,0,0,0,0,0,0,0,1,1,1,0
data_201,0,0.7480191588401794,0.3555459380149841,0,3.0,0,0,0,1,1,1,0,1,1,1,1,1
data_201,0,0.678703248500824,0.1975726634263992,0,3.0,0,0,0,0,1,1,0,0,1,1,0,0
data_201,0,0.7527415156364441,0.2669609785079956,0,3.0,0,1,0,0,1,1,0,0,1,1,1,0
data_201,1,0.7631894946098328,0.6203876733779907,0,3.0,1,1,1,1,1,1,1,1,1,1,1,1
data_201,1,0.6952946186065674,0.5242535471916199,0,3.0,1,1,1,0,1,1,1,0,1,1,1,0
data_201,0,0.7315247058868408,0.6924862861633301,0,3.0,0,0,0,0,0,1,0,0,1,1,0,0
data_201,0,0.7033810615539551,0.6970717310905457,0,3.0,0,0,0,0,1,1,1,0,1,1,1,1
data_201,1,0.6443138718605042,0.5680747628211975,0,3.0,0,0,0,0,0,0,0,0,0,0,1,0
data_201,1,0.6170300245285034,0.4476248025894165,0,3.0,0,0,0,1,1,1,1,1,1,1,1,1
data_201,0,0.6811015605926514,0.6567161679267883,0,3.0,0,0,0,0,0,0,0,0,0,0,0,0
data_201,0,0.6117237210273743,0.5365332961082458,0,3.0,0,0,0,0,0,0,0,0,0,0,0,0
data_201,0,0.6828687191009521,0.673634946346283,0,3.0,0,0,0,0,0,0,0,0,0,0,0,0
data_201,0,0.6987583041191101,0.6630992293357849,0,3.0,0,0,0,0,0,0,0,0,1,0,0,0
data_201,1,0.6403090953826904,0.5066255927085876,0,3.0,1,1,1,1,1,1,1,1,1,1,1,1
data_201,0,0.7676405906677246,0.7676405906677246,0,3.0,0,0,0,0,0,0,0,0,0,0,0,0
data_201,0,0.6459149718284607,0.5559892058372498,0,3.0,0,0,0,0,0,0,0,0,0,0,0,0
data_201,0,0.6432304978370667,0.5862112045288086,0,3.0,0,0,0,0,0,0,0,0,0,1,0,0
data_201,0,0.8178739547729492,0.5564150214195251,0,3.0,0,0,0,0,0,0,0,0,0,0,0,0
data_201,0,0.6873146295547485,0.6665406227111816,0,3.0,0,0,0,0,0,0,0,0,0,0,0,0
data_201,0,0.7781665921211243,0.7781665921211243,0,3.0,0,0,0,0,0,0,0,0,0,0,0,0
data_201,0,0.7240661382675171,0.7240661382675171,0,3.0,0,0,0,0,0,0,0,0,0,0,0,0
data_201,1,0.8485023379325867,0.4635706841945648,0,3.0,0,1,1,1,1,1,1,0,1,1,1,1
data_201,1,0.6906402707099915,0.5449305176734924,0,3.0,0,1,0,0,1,1,1,0,1,1,1,0
data_201,1,0.6966418623924255,0.6656616926193237,0,3.0,0,0,0,0,1,1,0,0,1,1,0,0
data_202,1,0.7590795755386353,,1,0.0,0,0,0,0,0,0,0,0,0,0,0,0
data_202,0,0.92437344789505,,1,0.0,0,0,0,0,0,0,0,0,0,0,0,0
data_202,1,0.8031846284866333,,1,0.0,0,0,0,0,1,1,0,0,1,1,0,0
data_202,0,0.7460078597068787,0.7460078597068787,0,3.0,0,0,0,0,0,0,0,0,0,0,0,0
data_202,0,0.8036621809005737,0.8036621809005737,0,3.0,0,0,0,0,0,0,0,0,0,0,0,0
data_202,0,0.8359735608100891,0.8359735608100891,0,3.0,0,0,0,0,0,0,0,0,0,0,0,0
data_202,0,0.7531590461730957,0.7531590461730957,0,3.0,0,0,0,0,0,0,0,0,0,0,0,0
data_202,0,0.7320014238357544,0.7320014238357544,0,3.0,0,0,0,0,0,0,0,0,0,0,0,0
data_202,0,0.7431869506835938,0.7431869506835938,0,3.0,0,0,0,0,0,0,0,0,0,0,0,0
data_202,1,0.7382292747497559,0.6978205442428589,0,2.0,0,0,0,0,0,0,0,0,1,0,1,0
data_202,0,0.5788595676422119,0.4964430928230285,0,2.0,0,0,0,0,0,0,0,0,0,0,0,0
data_202,0,0.7592219710350037,0.7592219710350037,0,3.0,0,0,0,0,0,0,0,0,0,0,0,0
data_202,0,0.7076778411865234,0.7076778411865234,0,3.0,0,0,0,0,0,0,0,0,0,0,0,0
data_202,0,0.7146984934806824,0.6279700398445129,0,3.0,0,0,0,0,0,0,0,0,0,0,0,0
data_203,0,0.8787896037101746,,1,0.0,0,0,0,0,0,0,0,0,0,0,0,0
data_203,0,0.6964827179908752,,1,0.0,0,0,0,0,0,0,0,0,0,0,0,0
data_203,0,0.6733490228652954,,1,0.0,0,0,0,0,0,0,0,0,0,0,0,0
data_203,0,0.805451512336731,,1,0.0,0,0,0,0,0,0,0,0,0,0,0,0
data_203,0,0.6140717267990112,,1,0.0,0,0,0,0,0,0,0,0,0,0,0,0
data_203,0,0.6799245476722717,,1,0.0,0,0,0,0,0,0,0,0,0,0,0,0
data_203,0,0.8217012882232666,0.8217012882232666,0,3.0,0,0,0,0,0,0,0,0,0,0,0,0
data_203,0,0.663675844669342,0.663675844669342,0,3.0,0,0,0,0,0,0,0,0,0,0,0,0
data_203,0,0.5822438597679138,0.5822438597679138,0,3.0,0,0,0,0,0,0,0,0,0,0,0,0
data_203,0,0.7135652303695679,0.7135652303695679,0,3.0,0,0,0,0,0,0,0,0,0,0,0,0
data_203,0,0.6334646940231323,0.6334646940231323,0,3.0,0,0,0,0,0,0,0,0,0,0,0,0
data_203,0,0.8884223699569702,0.8884223699569702,0,3.0,0,0,0,0,0,0,0,0,0,0,0,0
data_203,0,0.854926586151123,0.854926586151123,0,3.0,0,0,0,0,0,0,0,0,0,0,0,0
data_203,1,0.7860795259475708,0.7860795259475708,0,3.0,1,1,0,0,1,1,1,0,1,1,1,1
data_203,0,0.7616462111473083,0.7616462111473083,0,3.0,0,0,0,0,0,0,0,0,0,0,0,0
data_203,0,0.7128432989120483,0.7128432989120483,0,3.0,0,0,0,0,0,1,0,0,1,1,1,0
data_203,0,0.6433011889457703,0.6433011889457703,0,3.0,0,0,0,0,0,0,0,0,0,0,0,0
data_203,0,0.6531275510787964,0.6531275510787964,0,3.0,0,0,0,0,0,0,0,0,1,1,1,0
data_203,0,0.6824133992195129,0.6824133992195129,0,3.0,0,0,0,0,0,0,0,0,0,0,0,0
data_203,0,0.7819796204566956,0.4819352626800537,0,3.0,0,0,0,0,0,0,0,0,1,0,0,0
data_203,0,0.7286798357963562,0.6208436489105225,0,3.0,0,0,0,0,0,0,0,0,0,0,0,0
data_203,0,0.5594579577445984,0.5404314398765564,0,3.0,0,0,0,0,0,0,0,0,0,0,0,0
data_203,0,0.6649163365364075,0.6649163365364075,0,3.0,0,0,0,0,0,1,0,0,1,1,1,0
data_203,0,0.844005823135376,0.844005823135376,0,3.0,0,0,0,0,0,0,0,0,0,0,0,0
data_203,1,0.770405113697052,0.6715606451034546,0,3.0,0,0,0,0,0,0,0,0,0,0,0,0
data_203,0,0.7411843538284302,0.7411843538284302,0,3.0,0,0,0,0,0,0,0,0,0,0,0,0
data_203,0,0.6759138703346252,0.6759138703346252,0,3.0,0,0,0,0,0,1,0,0,0,0,0,0
data_204,0,1.0000007152557373,,1,0.0,0,0,0,0,0,0,0,0,0,0,0,0
data_204,0,0.7989271283149719,,1,0.0,0,0,0,0,0,0,0,0,0,0,0,0
data_204,0,0.8353983759880066,,1,0.0,0,0,0,0,0,0,0,0,0,0,0,0
data_204,0,0.9442981481552124,0.9442981481552124,0,4.0,0,0,0,0,0,0,0,0,0,0,0,0
data_204,0,0.9222760200500488,0.9222760200500488,0,4.0,0,0,0,0,0,0,0,0,0,0,0,0
data_204,0,0.8902752995491028,0.8902752995491028,0,4.0,0,0,0,0,0,0,0,0,0,0,0,0
data_204,0,0.8394536972045898,0.8394536972045898,0,4.0,0,0,0,0,0,0,0,0,0,0,0,0
data_204,0,0.999150276184082,0.999150276184082,0,2.0,0,0,0,0,0,0,0,0,0,0,0,0
data_204,0,0.7677903175354004,0.7677903175354004,0,2.0,0,0,0,0,0,0,0,0,0,0,0,0
data_204,0,0.9880114197731018,0.9880114197731018,0,3.0,0,0,0,0,0,0,0,0,0,0,0,0
data_204,1,0.8573035597801208,0.8573035597801208,0,3.0,0,0,0,0,0,0,0,0,1,0,0,0
data_204,1,0.7192156314849854,0.5985268950462341,0,3.0,0,1,0,0,1,1,1,0,1,1,1,1
data_204,0,0.8187826871871948,0.8187826871871948,0,3.0,0,0,0,0,0,0,0,0,0,0,0,0
data_204,1,0.7476100921630859,0.7453263401985168,0,3.0,0,0,0,0,1,1,0,1,1,1,1,0
data_204,0,0.9481770992279052,0.5468742251396179,0,3.0,0,0,1,0,1,1,0,0,1,1,1,0
data_204,1,0.8008307814598083,0.6541302800178528,0,2.0,0,1,0,0,1,1,0,1,1,1,1,0
data_204,1,0.7472803592681885,0.5859033465385437,0,2.0,1,1,1,1,1,1,1,1,1,1,1,1
data_204,0,0.903368353843689,0.903368353843689,0,2.0,0,0,0,0,0,0,0,0,0,0,0,0
data_204,0,0.6223545074462891,0.6054392457008362,0,2.0,0,0,0,0,0,0,0,0,1,1,0,0
data_205,1,0.8960471153259277,,1,0.0,0,1,1,1,1,1,1,1,1,1,1,1
data_205,1,0.8941057324409485,,1,0.0,1,1,1,1,1,1,1,1,1,1,1,1
data_205,1,0.8649045825004578,,1,0.0,0,1,1,1,1,1,1,1,1,1,1,1
data_205,1,0.8590838313102722,,1,0.0,1,1,1,1,1,1,1,1,1,1,1,1
data_205,1,0.7236396670341492,0.7236396670341492,0,3.0,0,0,0,0,0,0,0,0,0,0,0,0
data_205,0,0.7732311487197876,0.7732311487197876,0,3.0,0,0,0,0,0,0,0,0,1,1,0,0
data_205,0,0.9731871485710144,0.7232075929641724,0,3.0,0,0,0,0,1,1,1,0,1,1,1,0
data_205,0,0.7915390729904175,0.7359721660614014,0,3.0,0,0,0,0,0,0,0,0,1,0,0,0
data_205,0,0.679320216178894,0.679320216178894,0,3.0,0,0,0,0,0,0,0,0,1,1,0,0
data_205,0,0.8134099245071411,0.6569006443023682,0,3.0,0,0,0,0,1,1,0,0,1,1,1,0
data_205,0,0.8902000784873962,0.8902000784873962,0,3.0,0,0,0,0,0,0,0,0,0,0,0,0
data_205,0,0.8423808217048645,0.8423808217048645,0,3.0,0,0,0,0,0,0,0,0,0,0,0,0
data_205,0,0.7639147043228149,0.7639147043228149,0,3.0,0,0,0,0,0,0,0,0,0,1,0,0
data_205,0,0.8623332977294922,0.8623332977294922,0,3.0,0,0,0,0,0,0,0,0,0,0,0,0
data_205,1,0.8336931467056274,0.8336931467056274,0,3.0,0,0,0,0,1,0,0,0,1,1,0,0
data_205,0,0.8158713579177856,0.679108202457428,0,3.0,0,0,0,0,1,1,0,0,1,1,0,0
data_206,0,0.9205899834632874,,1,0.0,0,0,0,0,0,0,0,0,0,0,0,0
data_206,0,0.8770243525505066,,1,0.0,0,0,0,0,0,0,0,0,0,0,0,0
data_206,0,0.8772362470626831,,1,0.0,0,0,0,0,0,0,0,0,0,0,0,0
data_206,0,0.7305259108543396,0.6572352647781372,0,3.0,0,0,0,0,0,0,0,0,1,0,0,0
data_206,0,0.792902410030365,0.7744897603988647,0,3.0,0,0,0,0,0,0,0,0,0,0,0,0
data_206,0,0.7689856886863708,0.6463915705680847,0,3.0,0,0,0,0,1,0,0,0,1,1,0,0
data_206,0,0.8043039441108704,0.7199923992156982,0,3.0,0,0,0,0,0,0,0,0,1,1,1,0
data_206,0,0.7020407319068909,0.6195440888404846,0,3.0,0,0,0,0,0,0,0,0,1,0,0,0
data_206,0,0.6743592023849487,0.6743592023849487,0,3.0,0,0,0,0,1,1,0,0,1,0,0,0
data_206,0,0.7951776385307312,0.7579750418663025,0,3.0,0,0,0,0,0,0,0,0,0,0,0,0
data_206,0,0.889412522315979,0.889412522315979,0,3.0,0,0,0,0,0,0,0,0,0,0,0,0
data_206,0,0.8371229767799377,0.8371229767799377,0,3.0,0,0,0,0,0,0,0,0,1,0,0,0
data_206,0,0.7298640012741089,0.7161389589309692,0,3.0,0,0,0,0,0,0,0,0,0,0,0,0
data_206,1,0.7800450921058655,0.7800450921058655,0,3.0,0,0,0,0,0,0,0,0,1,0,0,0
data_206,1,0.8294715881347656,0.6601247191429138,0,3.0,0,0,0,0,0,1,0,0,1,1,1,0
data_206,0,0.9236236810684204,,1,0.0,0,0,0,0,0,0,0,0,0,0,0,0
data_206,0,0.7073796391487122,,1,0.0,0,0,0,0,0,0,0,0,1,0,0,0
data_206,0,0.8382650017738342,,1,0.0,0,0,0,0,0,0,0,0,1,1,1,0
data_206,0,0.9770304560661316,0.9770304560661316,0,3.0,0,0,0,0,0,0,0,0,0,0,0,0
data_206,0,0.8191186785697937,0.8191186785697937,0,3.0,0,0,0,0,0,0,0,0,1,0,0,0
data_206,1,0.7949380874633789,0.7432955503463745,0,3.0,0,0,0,0,0,0,0,0,1,0,0,0
data_206,0,0.7599611878395081,0.7265033721923828,0,3.0,0,0,0,0,0,0,0,0,0,0,0,0
data_206,0,0.7047593593597412,0.7047593593597412,0,3.0,0,0,0,0,0,0,0,0,1,0,0,0
data_206,0,0.7709381580352783,0.7709381580352783,0,3.0,0,0,0,0,0,0,0,0,0,0,0,0
