ref,hall,cos_g,cos_s,cos_rand,n_spk,n_rand,juiz
data_001,0,0.8395844101905823,0.7610880136489868,0.5197271704673767,79,72,0
data_001,0,0.8204897046089172,0.8204897046089172,0.6003323793411255,79,72,0
data_001,0,0.7942872643470764,0.5035853981971741,0.5602360963821411,79,72,0
data_001,0,0.6930193305015564,0.6826716661453247,0.6930193305015564,106,121,0
data_001,0,0.7804178595542908,0.7796952128410339,0.6691794395446777,106,121,0
data_001,0,0.7061552405357361,0.7061552405357361,0.5429765582084656,121,136,0
data_001,0,0.6965932250022888,0.6965932250022888,0.5248302817344666,121,106,0
data_001,0,0.7875823974609375,0.7875823974609375,0.5306074023246765,121,106,0
data_001,0,0.8548066020011902,0.7321042418479919,0.5436225533485413,181,151,0
data_001,1,0.7008928656578064,0.6843343377113342,0.5772415995597839,181,151,1
data_001,0,0.716324508190155,0.6296589970588684,0.5004532933235168,25,23,0
data_001,1,0.835574209690094,0.835574209690094,0.5200514793395996,25,23,1
data_001,0,0.6147888898849487,0.5236577391624451,0.49758896231651306,72,79,0
data_001,1,0.7830217480659485,0.3855229318141937,0.45134514570236206,72,79,1
data_001,0,0.7450671195983887,0.7450671195983887,0.7102890610694885,23,25,0
data_001,0,0.6597837805747986,0.6597837805747986,0.46489280462265015,23,25,0
data_002,0,0.7708740234375,0.7399028539657593,0.5830986499786377,634,158,1
data_002,0,0.7413702011108398,0.7413702011108398,0.6785503029823303,634,158,1
data_002,0,0.6317631602287292,0.631230354309082,0.5453490018844604,634,158,0
data_002,0,0.7034879922866821,0.7034879922866821,0.4564584493637085,634,158,0
data_002,0,0.7911816835403442,0.7911816835403442,0.48196420073509216,634,158,0
data_002,0,0.582065761089325,0.582065761089325,0.34065648913383484,158,142,0
data_002,0,0.7491658329963684,0.7491658329963684,0.6047690510749817,158,142,0
data_002,1,0.572113037109375,0.572113037109375,0.45896798372268677,158,142,1
data_002,0,0.6719453930854797,0.6719453930854797,0.493394136428833,32,30,0
data_002,0,0.7785355448722839,0.7785355448722839,0.7430108785629272,32,30,0
data_002,0,0.7652130722999573,0.7652130722999573,0.46824780106544495,39,40,0
data_002,0,0.7013567090034485,0.6178238391876221,0.54755699634552,39,40,0
data_003,0,0.6926400065422058,0.6926400065422058,0.4725906550884247,559,129,0
data_003,0,0.8371631503105164,0.8371631503105164,0.3991907835006714,559,129,0
data_003,0,0.7646823525428772,0.7646823525428772,0.5028330087661743,559,129,0
data_003,0,0.855159342288971,0.855159342288971,0.5291258096694946,559,129,0
data_003,0,0.7448737621307373,0.7448737621307373,0.5898352861404419,559,129,0
data_003,0,0.8120502233505249,0.8120502233505249,0.46213340759277344,559,129,1
data_003,0,0.793945848941803,0.793945848941803,0.52925044298172,559,129,0
data_003,0,0.8162014484405518,0.8151394128799438,0.7156423926353455,559,129,0
data_003,0,0.737459659576416,0.6617746353149414,0.512435793876648,559,129,0
data_003,0,0.6841633319854736,0.6841633319854736,0.5739755630493164,559,129,0
data_003,0,0.7523568272590637,0.7523568272590637,0.5079376697540283,559,129,0
data_003,0,0.6450150609016418,0.516886293888092,0.5384286046028137,559,129,0
data_003,0,0.7775980830192566,0.6750396490097046,0.5098308324813843,102,101,0
data_003,0,0.6763205528259277,0.6740135550498962,0.3482874035835266,102,101,0
data_003,0,0.7536092400550842,0.7536092400550842,0.42501673102378845,102,101,0
data_003,0,0.7615528702735901,0.5997801423072815,0.6712672710418701,102,101,0
data_003,0,0.7150580883026123,0.6284362077713013,0.47063806653022766,102,101,0
data_003,0,0.7344141006469727,0.7344141006469727,0.6737398505210876,43,43,1
data_003,0,0.7353566884994507,0.7353566884994507,0.4825560450553894,43,43,0
data_003,0,0.6568807363510132,0.6177479028701782,0.4812716543674469,43,43,1
data_003,0,0.7203153371810913,0.7203153371810913,0.36225754022598267,32,26,0
data_003,0,0.7962355017662048,0.7962355017662048,0.3054356873035431,32,26,0
data_003,0,0.7525395750999451,0.6581413745880127,0.6251845359802246,43,43,0
data_003,0,0.7339807152748108,0.6289113759994507,0.5767031311988831,43,43,1
data_003,0,0.7043460011482239,0.7036476731300354,0.6490369439125061,43,43,0
data_003,0,0.9119897484779358,0.9119897484779358,0.572674572467804,43,43,0
data_003,1,0.6281870007514954,0.5409726500511169,0.5397329330444336,43,43,1
data_003,1,0.8386160731315613,0.3927830755710602,0.5728578567504883,43,43,1
data_003,0,0.664946973323822,0.6151409149169922,0.4826413094997406,69,49,0
data_003,0,0.701389729976654,0.701389729976654,0.47844788432121277,69,49,0
data_003,0,0.6374911069869995,0.6374911069869995,0.4912263751029968,69,49,0
data_004,0,0.853517472743988,0.853517472743988,0.6220283508300781,244,93,0
data_004,0,0.7991389036178589,0.7991389036178589,0.5374323725700378,244,93,0
data_004,0,0.763055145740509,0.763055145740509,0.5385262370109558,244,93,0
data_004,0,0.640371561050415,0.640371561050415,0.6290779709815979,244,93,0
data_004,0,0.9351488947868347,0.9351488947868347,0.666363537311554,244,93,0
data_004,0,0.9482393264770508,0.7319117188453674,0.9482393264770508,244,93,0
data_004,0,0.7026951313018799,0.7026951313018799,0.5740472078323364,244,93,0
data_004,0,0.6706646680831909,0.6619449853897095,0.6706646680831909,244,93,0
data_004,0,0.8415652513504028,0.8415652513504028,0.6558884978294373,244,93,0
data_004,0,0.6425397396087646,0.6011055111885071,0.6425397396087646,244,93,1
data_004,0,0.7559165358543396,0.7559165358543396,0.7011196613311768,244,93,0
data_004,0,0.7846667766571045,0.7846667766571045,0.7246330380439758,244,93,0
data_004,0,0.9169405102729797,0.9169405102729797,0.5907018184661865,244,93,0
data_004,0,0.6813879013061523,0.6810211539268494,0.6813879013061523,11,93,0
data_004,1,0.6897991299629211,0.3325808346271515,0.6210131049156189,11,93,1
data_005,0,0.822194516658783,0.822194516658783,0.6193458437919617,42,42,0
data_005,0,0.7993112802505493,0.7993112802505493,0.7317132353782654,42,42,0
data_005,0,0.7395071387290955,0.7079378366470337,0.7395071387290955,42,42,0
data_005,0,0.8445168733596802,0.6405830383300781,0.620679497718811,60,63,0
data_005,0,0.713499903678894,0.654834508895874,0.6394515037536621,60,63,0
data_005,1,0.77359938621521,0.6450560092926025,0.5478017330169678,60,63,1
data_005,1,0.7923252582550049,0.45745736360549927,0.584969699382782,60,63,1
data_005,0,0.7783312201499939,0.7783312201499939,0.6609175801277161,42,42,0
data_005,0,0.8540688157081604,0.8540688157081604,0.5587082505226135,42,42,0
data_005,0,0.7526839375495911,0.7526839375495911,0.5654457807540894,42,42,0
data_005,0,0.8419439792633057,0.8419439792633057,0.7432759404182434,39,38,0
data_005,0,0.8222684860229492,0.7107191681861877,0.5017514228820801,39,38,0
data_005,0,0.8580598831176758,0.8580598831176758,0.6310790777206421,39,38,0
data_005,0,0.7279670238494873,0.6883033514022827,0.5798718929290771,27,35,0
data_005,0,0.7509916424751282,0.7509916424751282,0.571383535861969,27,35,0
data_005,0,0.7193609476089478,0.7170839905738831,0.6322896480560303,27,35,0
data_006,0,0.6816770434379578,0.3032757639884949,0.14398446679115295,1,1,0
data_006,0,0.6546627879142761,0.44821417331695557,0.22252804040908813,1,1,0
data_006,0,0.7632398009300232,0.18699945509433746,0.13771818578243256,1,1,1
data_006,0,0.6649743318557739,0.2066510170698166,0.13142944872379303,1,1,0
data_006,1,0.6281192898750305,0.5925236344337463,0.4212839901447296,1088,1055,1
data_006,0,0.7190709710121155,0.5659067034721375,0.5317531228065491,1088,1055,0
data_006,0,0.8554306626319885,0.8554306626319885,0.6035887002944946,1088,1055,0
data_006,0,0.7795686721801758,0.7221831679344177,0.7795686721801758,883,943,0
data_006,0,0.7174165844917297,0.7174165844917297,0.4755893349647522,883,943,0
data_006,0,0.7014881372451782,0.6724917888641357,0.5973847508430481,883,943,0
data_006,0,0.7398453950881958,0.7398453950881958,0.6360587477684021,883,943,0
data_006,0,0.659002423286438,0.653122067451477,0.6074135303497314,883,943,0
data_006,1,0.5904713273048401,0.4969739019870758,0.45802080631256104,883,943,1
data_006,0,0.7147272229194641,0.6988835334777832,0.6671808362007141,883,943,0
data_006,0,0.6421020030975342,0.5726251006126404,0.5463104248046875,364,267,0
data_006,0,0.7176874876022339,0.7176874876022339,0.4993882179260254,364,267,0
data_006,0,0.8242919445037842,0.8242919445037842,0.5777565240859985,364,267,0
data_006,0,0.6793065667152405,0.6181904673576355,0.557671070098877,79,64,0
data_006,1,0.6433451771736145,0.44176721572875977,0.6383166313171387,79,64,1
data_007,0,0.8793872594833374,0.8793872594833374,0.8208606243133545,73,77,0
data_007,0,0.6570639610290527,0.6570639610290527,0.5106996893882751,73,77,0
data_007,0,0.7915691137313843,0.7915691137313843,0.3552776575088501,73,77,1
data_007,0,0.6181413531303406,0.6181413531303406,0.47484058141708374,73,77,0
data_007,0,0.7908428907394409,0.7908428907394409,0.6141827702522278,56,57,1
data_007,0,0.7449967861175537,0.7449967861175537,0.5825155973434448,56,57,0
data_007,0,0.8340057134628296,0.8340057134628296,0.56918865442276,56,57,0
data_007,0,0.837401270866394,0.837401270866394,0.5370485186576843,56,57,0
data_007,0,0.7309027910232544,0.6281009912490845,0.6324630975723267,42,41,0
data_007,0,0.7337997555732727,0.7337997555732727,0.44008997082710266,42,41,0
data_007,0,0.7812798023223877,0.7812798023223877,0.5422382950782776,42,41,0
data_007,0,0.8111942410469055,0.7389962077140808,0.8111942410469055,79,77,0
data_007,0,0.6727766990661621,0.6727766990661621,0.560167133808136,79,77,0
data_007,0,0.7526479363441467,0.7526479363441467,0.6113919019699097,79,77,0
data_007,0,0.766470730304718,0.766470730304718,0.6127286553382874,77,79,0
data_007,0,0.859271764755249,0.859271764755249,0.6631693243980408,77,79,0
data_007,0,0.7255599498748779,0.6646355390548706,0.7255599498748779,77,79,0
data_007,0,0.7967402338981628,0.6698020696640015,0.6506739258766174,111,79,1
data_007,0,0.7505181431770325,0.7505181431770325,0.5401932597160339,111,79,0
data_007,0,0.7192131876945496,0.7192131876945496,0.6121698021888733,111,79,0
data_007,0,0.7594318389892578,0.7594318389892578,0.5796071887016296,111,79,0
data_008,0,0.7751672863960266,0.7540645003318787,0.7751672863960266,197,274,0
data_008,0,0.7685600519180298,0.7685600519180298,0.6791781187057495,197,274,0
data_008,0,0.769748866558075,0.769748866558075,0.688960075378418,197,274,0
data_008,0,0.94962078332901,0.94962078332901,0.6532953977584839,197,274,0
data_008,0,0.7781248688697815,0.7781248688697815,0.628296971321106,197,274,0
data_008,0,0.9101802706718445,0.9101802706718445,0.8196820616722107,61,52,0
data_008,0,0.7833007574081421,0.6509564518928528,0.6035819053649902,61,52,0
data_008,0,0.7636154294013977,0.7636154294013977,0.6875994205474854,61,52,1
data_008,0,0.7115028500556946,0.623982310295105,0.6028624176979065,61,52,1
data_008,0,0.7344015836715698,0.6900007724761963,0.7344015836715698,274,197,0
data_008,0,0.8037309050559998,0.7296730875968933,0.7343593239784241,274,197,0
data_008,0,0.7951539754867554,0.7951539754867554,0.6972743272781372,274,197,0
data_008,0,0.7058906555175781,0.7058906555175781,0.7054513096809387,274,197,0
data_009,0,0.8417536020278931,0.8417536020278931,0.653647780418396,92,101,0
data_009,0,0.8281476497650146,0.696153998374939,0.698560893535614,92,101,0
data_009,0,0.7451218366622925,0.7283093929290771,0.6767411828041077,92,101,0
data_009,0,0.8332658410072327,0.7820844650268555,0.6603604555130005,101,92,1
data_009,0,0.7350022196769714,0.7350022196769714,0.6706764101982117,101,92,0
data_009,0,0.7427300810813904,0.7427300810813904,0.6282803416252136,101,92,0
data_009,0,0.7312952876091003,0.706631064414978,0.6602949500083923,67,61,0
data_009,0,0.6698569059371948,0.6393915414810181,0.6401030421257019,67,61,1
data_009,0,0.8131188750267029,0.8131188750267029,0.6972935795783997,67,61,0
data_009,0,0.851832389831543,0.851832389831543,0.6734477877616882,61,67,0
data_009,0,0.7627078294754028,0.7627078294754028,0.5871562361717224,61,67,0
data_009,0,0.8978554010391235,0.8978554010391235,0.6331069469451904,61,67,0
data_010,0,0.6791775226593018,0.6397110223770142,0.6791775226593018,235,187,0
data_010,0,0.7679890394210815,0.7679890394210815,0.5009633898735046,235,187,0
data_010,0,0.8035386204719543,0.8035386204719543,0.7428984045982361,235,187,0
data_010,0,0.7602799534797668,0.7602799534797668,0.47230708599090576,55,55,0
data_010,0,0.6669421792030334,0.6669421792030334,0.5167105793952942,55,55,0
data_010,0,0.7805667519569397,0.7805667519569397,0.5181819796562195,83,88,0
data_010,0,0.778229832649231,0.778229832649231,0.685840904712677,83,88,1
data_010,0,0.6822388768196106,0.525833785533905,0.5084924697875977,83,88,1
data_010,0,0.776123046875,0.776123046875,0.6444299221038818,55,55,0
data_010,0,0.7581800222396851,0.7581800222396851,0.42537957429885864,55,55,1
data_010,0,0.6296946406364441,0.5241447687149048,0.5206431746482849,43,42,0
data_010,0,0.7756104469299316,0.7756104469299316,0.7041234970092773,43,42,0
data_010,0,0.6516034007072449,0.609009861946106,0.6516034007072449,42,43,0
data_010,0,0.8144955039024353,0.8144955039024353,0.37863263487815857,42,43,0
data_010,0,0.8187089562416077,0.8187089562416077,0.6166381239891052,104,88,0
data_010,0,0.7618470191955566,0.6435685753822327,0.6410477161407471,104,88,1
data_011,0,0.8537366986274719,0.8537366986274719,0.618537187576294,122,120,0
data_011,0,0.8054162859916687,0.8054162859916687,0.5032040476799011,122,120,0
data_011,0,0.773606538772583,0.773606538772583,0.7177029252052307,122,120,0
data_011,0,0.8152018785476685,0.8152018785476685,0.5707122087478638,122,120,0
data_011,0,0.7902393341064453,0.7556995749473572,0.7902393341064453,148,122,0
data_011,0,0.7358182668685913,0.7358182668685913,0.7006919980049133,148,122,0
data_011,0,0.646830677986145,0.646830677986145,0.5591851472854614,148,122,1
data_011,0,0.6957012414932251,0.6957012414932251,0.6633248329162598,148,122,0
data_011,0,0.734172523021698,0.7314171195030212,0.6880280375480652,148,122,1
data_011,0,0.8984208703041077,0.8984208703041077,0.5785263180732727,95,106,0
data_011,0,0.7469359040260315,0.7469359040260315,0.44094911217689514,95,106,0
data_011,0,0.882015585899353,0.882015585899353,0.7638609409332275,95,106,0
data_011,0,0.8835398554801941,0.8835398554801941,0.5874162912368774,95,106,0
data_011,0,0.7141388058662415,0.7141388058662415,0.7075336575508118,95,106,0
data_011,0,0.6612382531166077,0.6612382531166077,0.49997517466545105,72,66,0
data_011,0,0.8052480220794678,0.8052480220794678,0.5398283004760742,72,66,0
data_011,0,0.8350905776023865,0.8350905776023865,0.4605226516723633,72,66,0
data_011,0,0.7454291582107544,0.7454291582107544,0.6151646971702576,72,66,0
data_011,0,0.827641487121582,0.827641487121582,0.6764739155769348,120,122,0
data_011,0,0.7491239309310913,0.7491239309310913,0.5281153917312622,120,122,0
data_011,0,0.7409496307373047,0.7409496307373047,0.42551949620246887,120,122,0
data_011,0,0.7071468830108643,0.7071468830108643,0.697689950466156,114,120,0
data_011,0,0.6513149738311768,0.6513149738311768,0.5025380849838257,114,120,0
data_011,0,0.6822035908699036,0.6626657247543335,0.6095026135444641,114,120,0
data_012,0,0.7978615760803223,0.6961057186126709,0.7163096070289612,99,91,0
data_012,0,0.6241114735603333,0.5883684158325195,0.4815198481082916,99,91,0
data_012,0,0.7421889901161194,0.7421889901161194,0.6642641425132751,99,91,0
data_012,0,0.764519989490509,0.7589107751846313,0.764519989490509,99,91,0
data_012,1,0.8545446991920471,0.8505838513374329,0.8066389560699463,91,99,1
data_012,1,0.830961287021637,0.8144925236701965,0.6683284044265747,91,99,1
data_012,0,0.7577056884765625,0.6398545503616333,0.6560067534446716,91,99,0
data_012,0,0.8049424290657043,0.7671178579330444,0.5905328392982483,91,99,0
data_012,0,0.7548577189445496,0.7548577189445496,0.7351381778717041,67,73,0
data_012,0,0.7663084864616394,0.7528083324432373,0.7387082576751709,67,73,0
data_012,0,0.7343229651451111,0.7343229651451111,0.48478397727012634,67,73,0
data_012,0,0.8049147725105286,0.8049147725105286,0.6467300057411194,67,73,0
data_012,0,0.8253325819969177,0.8253325819969177,0.6013576984405518,78,73,0
data_012,0,0.8188754320144653,0.8188754320144653,0.5116010904312134,78,73,0
data_012,0,0.8723378777503967,0.8723378777503967,0.5572450757026672,78,73,0
data_012,0,0.7121445536613464,0.7121445536613464,0.45295223593711853,78,73,0
data_012,0,0.8433460593223572,0.8433460593223572,0.7791959047317505,42,42,0
data_012,0,0.5980809926986694,0.5892937183380127,0.5460975766181946,42,42,0
data_012,0,0.6590749025344849,0.5963947176933289,0.48146185278892517,42,42,0
data_012,0,0.7256982922554016,0.7075369954109192,0.7256982922554016,42,42,0
data_012,0,0.812898576259613,0.6937679052352905,0.6157706379890442,73,78,0
data_012,0,0.6802229881286621,0.5909886360168457,0.6802229881286621,73,78,0
data_012,0,0.8377686142921448,0.7482898235321045,0.7563340067863464,73,78,0
data_012,0,0.7920786738395691,0.7920786738395691,0.6468111276626587,73,78,0
data_012,0,0.7802562713623047,0.6928353905677795,0.342846542596817,52,55,0
data_012,0,0.8772158622741699,0.8772158622741699,0.5744449496269226,52,55,0
data_012,0,0.741760790348053,0.6434944272041321,0.48260369896888733,52,55,0
data_012,0,0.7181945443153381,0.6679345369338989,0.6861523389816284,52,55,0
data_013,0,0.6827762126922607,0.6827762126922607,0.5070202350616455,68,66,0
data_013,0,0.7656036019325256,0.7656036019325256,0.4811103343963623,68,66,0
data_013,0,0.7031124234199524,0.7031124234199524,0.47275492548942566,66,68,0
data_013,0,0.7586922645568848,0.7586922645568848,0.5240153670310974,66,68,0
data_013,0,0.7833147644996643,0.7833147644996643,0.28082072734832764,66,68,0
data_013,0,0.7910217642784119,0.6557729840278625,0.594420313835144,55,60,0
data_013,0,0.7659412026405334,0.7659412026405334,0.6460188031196594,55,60,0
data_013,0,0.7995478510856628,0.7995478510856628,0.6061758399009705,55,60,0
data_013,0,0.8444214463233948,0.8444214463233948,0.4310203790664673,38,32,0
data_013,0,0.755420446395874,0.755420446395874,0.4752367436885834,38,32,0
data_013,0,0.7062473893165588,0.5325767397880554,0.3755325675010681,19,19,0
data_013,0,0.6273242235183716,0.6165435910224915,0.5432783961296082,19,19,0
data_013,0,0.7048924565315247,0.6694775819778442,0.4733337461948395,60,62,0
data_013,0,0.7691077589988708,0.6315403580665588,0.5117413997650146,60,62,0
data_013,0,0.6200162172317505,0.6200162172317505,0.4020887613296509,60,62,0
data_013,0,0.6779127717018127,0.6779127717018127,0.36911216378211975,28,27,0
data_013,0,0.7340447306632996,0.6375613808631897,0.5746641755104065,28,27,0
data_013,0,0.825344443321228,0.6292004585266113,0.825344443321228,32,30,0
data_013,0,0.6272143125534058,0.4783271849155426,0.49658551812171936,32,30,0
data_013,0,0.603662371635437,0.5711594820022583,0.603662371635437,32,30,0
data_013,0,0.6835897564888,0.6835897564888,0.39571279287338257,30,32,0
data_013,0,0.4804312586784363,0.4804312586784363,0.35738226771354675,30,32,1
data_013,0,0.8010472059249878,0.8010472059249878,0.5982995629310608,30,32,0
data_014,0,0.8702051043510437,0.8702051043510437,0.44936057925224304,98,62,0
data_014,0,0.7997275590896606,0.7997275590896606,0.30022338032722473,98,62,0
data_014,0,0.6825977563858032,0.6825977563858032,0.4104514718055725,98,62,0
data_014,0,0.6891700029373169,0.6891700029373169,0.2671114206314087,98,62,0
data_014,0,0.7418981194496155,0.7418981194496155,0.5286896824836731,31,35,0
data_014,0,0.8745818734169006,0.8745818734169006,0.5380568504333496,31,35,0
data_014,0,0.6956140398979187,0.6956140398979187,0.5149847865104675,31,35,0
data_014,0,0.6610006093978882,0.6610006093978882,0.3537956178188324,31,35,0
data_014,0,0.7625312209129333,0.7625312209129333,0.4569670557975769,31,35,0
data_014,0,0.7590464949607849,0.7590464949607849,0.36561310291290283,42,35,0
data_014,0,0.6177594661712646,0.5752182006835938,0.37649527192115784,42,35,1
data_014,1,0.6671150326728821,0.4871777594089508,0.47032976150512695,42,35,1
data_014,0,0.6575645208358765,0.6575645208358765,0.4520133435726166,42,35,0
data_014,0,0.8765171766281128,0.8765171766281128,0.22274139523506165,25,23,0
data_014,0,0.7898730635643005,0.7898730635643005,0.40523213148117065,25,23,0
data_014,0,0.8233462572097778,0.8233462572097778,0.4583938717842102,25,23,0
data_014,0,0.876384437084198,0.876384437084198,0.2118992954492569,25,23,0
data_014,0,0.847797691822052,0.847797691822052,0.4735479950904846,35,31,0
data_014,0,0.5833721160888672,0.4615170955657959,0.48172006011009216,35,31,0
data_014,0,0.6437390446662903,0.6437390446662903,0.4653644263744354,35,31,0
data_014,1,0.8350359797477722,0.3030429780483246,0.4333823323249817,35,31,1
data_014,0,0.7929007411003113,0.7929007411003113,0.6023166179656982,51,55,0
data_014,0,0.7228851914405823,0.7228851914405823,0.6047090888023376,51,55,0
data_014,0,0.6441464424133301,0.6441464424133301,0.5205416679382324,55,55,0
data_014,0,0.7718438506126404,0.7718438506126404,0.6590644717216492,55,55,0
data_015,0,0.8601868748664856,0.7152024507522583,0.6039322018623352,107,87,0
data_015,0,0.8181442618370056,0.7782859206199646,0.5932210087776184,107,87,0
data_015,1,0.800276517868042,0.7512980103492737,0.6307617425918579,107,87,1
data_015,0,0.8968037962913513,0.8968037962913513,0.7270305752754211,208,234,0
data_015,0,0.897106945514679,0.897106945514679,0.6002203822135925,208,234,0
data_015,0,0.7661871314048767,0.7661871314048767,0.680250883102417,208,234,0
data_015,0,0.9582188129425049,0.9582188129425049,0.6860285401344299,160,172,0
data_015,0,0.7945656180381775,0.7207045555114746,0.6917625069618225,160,172,0
data_015,1,0.794314980506897,0.6848124265670776,0.7194662094116211,160,172,1
data_015,0,0.8774246573448181,0.8774246573448181,0.7452223300933838,234,208,0
data_015,0,0.8405727744102478,0.8405727744102478,0.6983294486999512,234,208,0
data_015,0,0.7250277996063232,0.670647382736206,0.7102022767066956,234,208,0
data_016,0,0.885043740272522,0.885043740272522,0.3712388277053833,489,402,0
data_016,0,0.8775744438171387,0.8775744438171387,0.44347015023231506,489,402,0
data_016,0,0.8061333298683167,0.8061333298683167,0.567646861076355,489,402,0
data_016,0,0.7333295941352844,0.7023470401763916,0.619362473487854,489,402,0
data_016,0,0.918171226978302,0.918171226978302,0.5237421989440918,489,402,0
data_016,0,0.7552549839019775,0.7444277405738831,0.548491358757019,115,112,0
data_016,0,0.7118231058120728,0.7118231058120728,0.5008520483970642,115,112,1
data_016,0,0.846411943435669,0.846411943435669,0.44791626930236816,124,115,0
data_016,0,0.8878776431083679,0.8878776431083679,0.5400024652481079,124,115,0
data_016,0,0.8595520853996277,0.7438181638717651,0.57439124584198,59,54,1
data_016,0,0.8898993730545044,0.765142560005188,0.592820405960083,59,64,0
data_016,1,0.7075950503349304,0.6232790946960449,0.5282683372497559,59,64,1
data_017,0,0.7450528740882874,0.7295722365379333,0.7450528740882874,259,259,0
data_017,0,0.7177878618240356,0.7177878618240356,0.6755750179290771,259,259,1
data_017,0,0.7654125690460205,0.7437750697135925,0.7654125690460205,259,259,1
data_017,0,0.6332964301109314,0.6332964301109314,0.4736676514148712,259,259,1
data_017,0,0.7083548903465271,0.7083548903465271,0.570504903793335,127,92,1
data_017,1,0.700711190700531,0.6427779793739319,0.6129249930381775,127,92,1
data_017,1,0.7861383557319641,0.768822193145752,0.6534554362297058,127,92,1
data_017,1,0.7223814129829407,0.6257312297821045,0.6202358603477478,127,92,1
data_017,0,0.7960365414619446,0.7960365414619446,0.5767688155174255,259,259,1
data_017,0,0.7704436182975769,0.7704436182975769,0.7110450863838196,259,259,1
data_017,0,0.7072868347167969,0.7072868347167969,0.6672016382217407,259,259,0
data_017,1,0.8132364153862,0.8132364153862,0.6535313129425049,203,259,1
data_017,0,0.7961627244949341,0.7961627244949341,0.6852088570594788,203,259,0
data_017,0,0.8298364281654358,0.7749635577201843,0.7784199118614197,203,259,0
data_018,0,0.8396835327148438,0.7983543276786804,0.6149465441703796,115,107,1
data_018,0,0.8395459055900574,0.8395459055900574,0.7737590074539185,115,107,0
data_018,0,0.8276240825653076,0.8276240825653076,0.6331204771995544,115,107,1
data_018,0,0.829124391078949,0.829124391078949,0.6802278161048889,107,115,0
data_018,0,0.7373526692390442,0.7032685279846191,0.6200980544090271,107,115,0
data_018,1,0.7650070190429688,0.7502609491348267,0.7598334550857544,78,83,1
data_018,1,0.8520485162734985,0.6015397310256958,0.6270829439163208,83,78,1
data_018,0,0.8518881797790527,0.8518881797790527,0.6783474683761597,83,78,0
data_018,0,0.7903512120246887,0.622296929359436,0.6496841311454773,63,68,1
data_019,0,0.812417209148407,0.812417209148407,0.5487107634544373,66,66,0
data_019,0,0.7718279957771301,0.7718279957771301,0.6782472133636475,66,66,0
data_019,0,0.8530908226966858,0.8530908226966858,0.7243083715438843,66,66,0
data_019,0,0.8172200322151184,0.6743572950363159,0.7442433834075928,39,39,0
data_019,0,0.654450535774231,0.581592321395874,0.6465783715248108,39,39,0
data_019,0,0.9526857137680054,0.9526857137680054,0.5724218487739563,39,39,0
data_019,0,0.8237360715866089,0.8015664219856262,0.5475214719772339,69,71,0
data_019,0,0.8495746850967407,0.8495746850967407,0.6785464882850647,69,71,0
data_019,0,0.7556848526000977,0.7552121877670288,0.5664950609207153,69,71,0
data_019,0,0.8168703317642212,0.8168703317642212,0.6686695218086243,38,39,1
data_019,0,0.7495559453964233,0.7495559453964233,0.5564893484115601,38,39,0
data_019,0,0.8188059329986572,0.7397140264511108,0.5678147673606873,38,39,0
data_019,0,0.7431120276451111,0.7431120276451111,0.6140943169593811,66,66,0
data_019,0,0.7135979533195496,0.7135979533195496,0.5672550797462463,66,66,1
data_019,0,0.8290358781814575,0.8272402882575989,0.6750403642654419,66,66,0
data_019,0,0.9227578043937683,0.9227578043937683,0.6872026920318604,33,38,0
data_019,0,0.7331109642982483,0.7085846066474915,0.7331109642982483,33,38,1
data_019,0,0.7575461864471436,0.7575461864471436,0.6260339021682739,33,38,0
data_019,0,0.749764621257782,0.7458062767982483,0.666574239730835,39,39,0
data_019,0,0.7985876202583313,0.7985876202583313,0.539630651473999,39,39,0
data_019,0,0.8151592016220093,0.8151592016220093,0.5327226519584656,39,39,1
data_019,0,0.7727364897727966,0.6695991158485413,0.5944305062294006,56,66,0
data_019,0,0.7040117383003235,0.702101469039917,0.5903754830360413,56,66,0
data_019,0,0.7299542427062988,0.71002197265625,0.6204250454902649,56,66,0
data_019,0,0.7431176900863647,0.7350885272026062,0.7314321994781494,71,69,0
data_019,0,0.8101106286048889,0.8101106286048889,0.5477211475372314,71,69,1
data_019,0,0.7075660228729248,0.6516499519348145,0.6251329779624939,71,69,0
data_020,0,0.9358339309692383,0.9358339309692383,0.5703524947166443,32,34,0
data_020,0,0.8184723258018494,0.8011636734008789,0.5148949027061462,32,34,0
data_020,0,0.8879431486129761,0.8879431486129761,0.5524966716766357,32,34,0
data_020,0,0.8692986369132996,0.8692986369132996,0.5635954737663269,32,34,0
data_020,1,0.864733874797821,0.864733874797821,0.5960217118263245,32,34,0
data_020,0,0.8821351528167725,0.8821351528167725,0.7385314106941223,39,42,0
data_020,0,0.765202522277832,0.765202522277832,0.5079250931739807,39,42,0
data_020,0,0.9228363037109375,0.7561134696006775,0.494149386882782,39,42,0
data_020,0,0.8714750409126282,0.8714750409126282,0.7451483607292175,39,42,0
data_020,0,0.7862296104431152,0.7862296104431152,0.6168042421340942,39,42,0
data_020,0,0.8997161388397217,0.8997161388397217,0.8199823498725891,42,39,0
data_020,0,0.802434504032135,0.8002565503120422,0.7228745818138123,42,39,0
data_020,0,0.8094218969345093,0.8094218969345093,0.739349901676178,42,39,0
data_020,0,0.7936077117919922,0.6411123275756836,0.6037706732749939,42,39,1
data_020,0,0.8368507623672485,0.8368507623672485,0.5773521661758423,19,16,0
data_020,0,0.8284724950790405,0.8284724950790405,0.5417980551719666,19,16,0
data_020,0,0.9083936810493469,0.9083936810493469,0.5813174843788147,19,16,0
data_020,0,0.810489296913147,0.5957732200622559,0.6728530526161194,19,16,1
data_020,0,0.90590900182724,0.90590900182724,0.8184327483177185,26,32,0
data_020,0,0.7927201390266418,0.7927201390266418,0.4764496386051178,26,32,0
data_020,0,0.7891547679901123,0.7891547679901123,0.650667667388916,26,32,0
data_020,0,0.8392957448959351,0.8392957448959351,0.74470454454422,26,32,0
data_020,0,0.856239378452301,0.7850848436355591,0.856239378452301,57,60,1
data_020,0,0.7414306998252869,0.6908610463142395,0.6878713965415955,57,60,1
data_020,0,0.8272879719734192,0.8272879719734192,0.7139378786087036,57,60,1
data_020,0,0.7497308254241943,0.7497308254241943,0.7074682712554932,57,60,0
data_020,0,0.8883073925971985,0.8883073925971985,0.6693593859672546,60,57,0
data_020,0,0.6929132342338562,0.6929132342338562,0.5501269698143005,60,57,0
data_020,0,0.7894304990768433,0.6521008014678955,0.7894304990768433,60,57,0
data_020,0,0.844336211681366,0.844336211681366,0.7762075662612915,60,57,0
data_020,0,0.8959222435951233,0.8959222435951233,0.646598756313324,60,57,0
data_020,0,0.7428580522537231,0.7428580522537231,0.4759632647037506,34,32,1
data_020,0,0.7069099545478821,0.6148667335510254,0.6191132664680481,34,32,0
data_020,0,0.6764338612556458,0.664635419845581,0.5541292428970337,34,32,0
data_020,0,0.8604943156242371,0.8604943156242371,0.6827080845832825,16,19,0
data_020,0,0.862176239490509,0.7864829301834106,0.6110007166862488,16,19,0
data_020,0,0.8200024366378784,0.7435657978057861,0.7202163934707642,16,19,0
data_021,0,0.7848877310752869,0.7848877310752869,0.6545650959014893,146,110,1
data_021,0,0.8541336059570312,0.8541336059570312,0.6349464654922485,146,110,0
data_021,0,0.8009338974952698,0.8009338974952698,0.7874513864517212,146,110,0
data_021,0,0.8116002678871155,0.8116002678871155,0.6483146548271179,88,110,1
data_021,0,0.7413986921310425,0.7413986921310425,0.6839187145233154,88,110,0
data_021,0,0.747855007648468,0.747855007648468,0.6279926300048828,88,110,0
data_021,0,0.7360047698020935,0.6883816719055176,0.6446265578269958,34,35,0
data_021,0,0.7201604247093201,0.7201604247093201,0.4331154227256775,34,35,0
data_021,0,0.8010537028312683,0.8010537028312683,0.558023989200592,34,35,0
data_021,0,0.7422786355018616,0.7422786355018616,0.628315269947052,110,88,0
data_021,0,0.811410129070282,0.7026642560958862,0.61220383644104,110,88,1
data_021,1,0.6098818182945251,0.5535761713981628,0.5298599600791931,110,88,1
data_021,0,0.7613908052444458,0.6699243187904358,0.7190399169921875,37,35,1
data_021,0,0.6728453040122986,0.5152451992034912,0.5768551826477051,37,35,0
data_021,0,0.7517004013061523,0.7421066164970398,0.6889721751213074,37,35,0
data_021,0,0.7804116010665894,0.6796369552612305,0.7804116010665894,35,34,1
data_021,0,0.6330177187919617,0.6092910170555115,0.5828698873519897,35,34,0
data_021,0,0.7162351608276367,0.5884822010993958,0.5137977004051208,35,34,0
data_021,0,0.7367237210273743,0.6992944478988647,0.5994818806648254,16,16,1
data_021,0,0.8246023058891296,0.7373173236846924,0.6467001438140869,16,16,1
data_022,0,0.8100467920303345,0.6832339763641357,0.8100467920303345,22,82,0
data_022,1,0.6019585132598877,0.6019585132598877,0.5367071032524109,22,82,1
data_022,1,0.6721863746643066,0.5183867812156677,0.6721863746643066,22,82,0
data_022,0,0.8634774088859558,0.8634774088859558,0.7015839219093323,99,82,0
data_022,0,0.7460603713989258,0.7460603713989258,0.5472739338874817,99,82,0
data_022,0,0.7142786979675293,0.7142786979675293,0.5088603496551514,99,82,0
data_022,0,0.7800652980804443,0.7592363953590393,0.7155236005783081,82,99,0
data_022,1,0.5998820662498474,0.5998820662498474,0.5407810807228088,82,99,1
data_022,1,0.7076549530029297,0.6238051056861877,0.6345660090446472,82,99,1
data_022,1,0.7591766119003296,0.7591766119003296,0.6651732921600342,148,123,1
data_022,0,0.6923883557319641,0.6136523485183716,0.6923883557319641,148,173,0
data_022,0,0.5880128145217896,0.5880128145217896,0.45706602931022644,148,173,0
data_022,0,0.8358960151672363,0.7072975635528564,0.8358960151672363,173,148,0
data_022,0,0.6412041783332825,0.6412041783332825,0.5414553284645081,173,148,1
data_022,0,0.6153568625450134,0.6153568625450134,0.5791902542114258,173,148,0
data_023,0,0.873670756816864,0.8032189607620239,0.8047822117805481,228,283,0
data_023,0,0.837078332901001,0.805478572845459,0.7737482190132141,228,283,0
data_023,1,0.8525025248527527,0.7513988614082336,0.7492743134498596,228,283,0
data_023,0,0.8574962019920349,0.8574962019920349,0.7921304702758789,147,129,0
data_023,0,0.8453750014305115,0.7145852446556091,0.7135084867477417,147,129,0
data_023,0,0.8151515126228333,0.8151515126228333,0.7512203454971313,147,129,0
data_023,0,0.7947531938552856,0.7947531938552856,0.6417396068572998,52,72,0
data_023,0,0.8124958872795105,0.8124958872795105,0.6633952856063843,52,72,0
data_023,0,0.8483630418777466,0.8003652095794678,0.7904987335205078,129,113,0
data_023,0,0.8280990123748779,0.8280990123748779,0.7995514869689941,129,113,0
data_023,0,0.8237771987915039,0.7285128831863403,0.6437239050865173,73,72,0
data_023,1,0.6534338593482971,0.6196578741073608,0.6534338593482971,73,72,1
data_023,1,0.7918307185173035,0.7695263028144836,0.6935712695121765,113,109,1
data_023,0,0.8175190687179565,0.7844296097755432,0.6593888998031616,113,109,0
data_024,0,0.8823548555374146,0.8823548555374146,0.6923434138298035,52,53,0
data_024,0,0.7703202366828918,0.6580109000205994,0.6792466044425964,52,53,0
data_024,0,0.8315768241882324,0.8133669495582581,0.7278465032577515,48,49,1
data_024,1,0.6736810803413391,0.5953620672225952,0.6511784791946411,48,49,1
data_024,0,0.7622435092926025,0.7622435092926025,0.6173812747001648,63,67,0
data_024,0,0.6536846160888672,0.6363462805747986,0.4525339603424072,63,67,0
data_024,1,0.6972893476486206,0.4689815938472748,0.522602379322052,30,27,1
data_024,0,0.7713145017623901,0.7713145017623901,0.44523507356643677,30,27,0
data_024,0,0.7528665065765381,0.6999870538711548,0.510357677936554,67,67,0
data_024,0,0.9371373653411865,0.792729914188385,0.7158985733985901,67,67,0
data_024,0,0.8846200108528137,0.7565165758132935,0.7688637971878052,82,73,0
data_024,1,0.7638793587684631,0.6626947522163391,0.619599461555481,82,73,0
data_025,0,0.899050772190094,0.43942442536354065,0.5537895560264587,53,53,0
data_025,0,0.7832363247871399,0.4589737355709076,0.6164625883102417,53,53,0
data_025,0,0.7723662853240967,0.5022000670433044,0.49605676531791687,53,53,0
data_025,0,0.6890288591384888,0.5791444778442383,0.485763281583786,21,22,0
data_025,1,0.6853781342506409,0.4644365608692169,0.5254310965538025,21,22,1
data_025,0,0.7308446764945984,0.7308446764945984,0.507915198802948,121,86,0
data_025,0,0.7218300700187683,0.7218300700187683,0.6351273655891418,121,86,0
data_025,0,0.7403653264045715,0.7403653264045715,0.46595296263694763,121,86,0
data_025,0,0.6967530250549316,0.6412205100059509,0.6413990259170532,86,79,0
data_025,0,0.6126724481582642,0.522616982460022,0.5222616195678711,86,79,1
data_025,0,0.8526157140731812,0.6943249702453613,0.6110020875930786,77,79,0
data_025,0,0.6584351658821106,0.460735559463501,0.5095715522766113,77,79,1
data_025,0,0.7141258120536804,0.6704009771347046,0.5876749157905579,34,34,1
data_025,1,0.6245829463005066,0.5764004588127136,0.45331427454948425,34,34,1
data_025,0,0.8308092951774597,0.8308092951774597,0.3123791515827179,29,31,0
data_025,0,0.635823130607605,0.635823130607605,0.40316447615623474,29,31,0
data_026,0,0.8322526812553406,0.8322526812553406,0.7942304015159607,75,59,0
data_026,0,0.8182368278503418,0.747013509273529,0.758614182472229,75,59,0
data_026,0,0.962691605091095,0.962691605091095,0.6879330277442932,75,59,0
data_026,0,0.7773686051368713,0.7738824486732483,0.7773686051368713,75,59,0
data_026,0,0.9632323384284973,0.9632323384284973,0.6007420420646667,75,59,0
data_026,0,0.7329054474830627,0.7329054474830627,0.6863492131233215,51,59,0
data_026,0,0.8712608814239502,0.8712608814239502,0.7181442975997925,51,59,0
data_026,0,0.8943774700164795,0.8943774700164795,0.669917643070221,51,59,0
data_026,0,0.8912116289138794,0.8912116289138794,0.7066295146942139,51,59,0
data_026,0,0.913893461227417,0.913893461227417,0.7174980044364929,51,59,0
data_026,0,0.8627740144729614,0.8627740144729614,0.5864882469177246,25,31,0
data_026,0,0.9148156046867371,0.9148156046867371,0.6021608114242554,25,31,0
data_026,1,0.8392651081085205,0.6906797289848328,0.6482186317443848,25,31,1
data_026,0,0.7489060759544373,0.6725141406059265,0.7489060759544373,31,25,0
data_026,0,0.7418017983436584,0.6975787281990051,0.6024748682975769,31,25,0
data_026,0,0.7860326766967773,0.7860326766967773,0.5561512112617493,31,25,0
data_026,0,0.7172471880912781,0.7172471880912781,0.6158214211463928,39,31,0
data_026,0,0.6704144477844238,0.6704144477844238,0.46712997555732727,39,31,0
data_026,0,0.7914294600486755,0.6415314078330994,0.6014177799224854,39,31,1
data_026,0,0.8543083071708679,0.8077461123466492,0.6707922220230103,39,31,0
data_026,0,0.8022119998931885,0.8022119998931885,0.7648003101348877,59,51,0
data_026,0,0.86501145362854,0.86501145362854,0.6992059946060181,59,51,0
data_026,0,0.8039429187774658,0.8039429187774658,0.7083206176757812,59,51,0
data_026,0,0.7685792446136475,0.7685792446136475,0.7679773569107056,59,51,0
data_026,1,0.7752847075462341,0.7384240627288818,0.7661118507385254,100,75,1
data_026,0,0.6837992668151855,0.6654617190361023,0.6837992668151855,100,75,0
data_026,0,0.8898937702178955,0.8898937702178955,0.7435467839241028,100,75,0
data_026,0,0.7324915528297424,0.7324915528297424,0.6960261464118958,100,75,0
data_027,0,0.8196654319763184,0.8063839077949524,0.7031673789024353,189,125,0
data_027,1,0.7875768542289734,0.7492661476135254,0.7321029305458069,189,125,0
data_027,1,0.7798653244972229,0.6874246001243591,0.7097378969192505,189,125,1
data_027,0,0.8443284630775452,0.8443284630775452,0.6742280721664429,87,115,0
data_027,1,0.5740283131599426,0.5740283131599426,0.396405428647995,87,115,1
data_027,0,0.766831636428833,0.71982342004776,0.5948451161384583,87,115,0
data_027,0,0.75215744972229,0.75215744972229,0.7366576194763184,267,189,0
data_027,0,0.8216492533683777,0.738481342792511,0.7346266508102417,267,189,0
data_027,0,0.7345787882804871,0.6488732695579529,0.6344051361083984,267,189,0
data_027,0,0.7058950662612915,0.6592584252357483,0.5225287079811096,115,125,0
data_027,1,0.746240496635437,0.6604433059692383,0.7149592041969299,115,125,1
data_027,0,0.7450230717658997,0.686928391456604,0.6829887628555298,115,125,1
data_028,0,0.7803593873977661,0.7803593873977661,0.4703957736492157,26,35,0
data_028,0,0.7851385474205017,0.7851385474205017,0.6840258240699768,26,35,0
data_028,0,0.7848096489906311,0.7848096489906311,0.5677735805511475,26,35,0
data_028,0,0.6398941874504089,0.5527798533439636,0.6327692270278931,35,26,0
data_028,0,0.9619433283805847,0.9619433283805847,0.6664703488349915,35,26,0
data_028,0,0.9792991280555725,0.9792991280555725,0.6451727151870728,35,26,0
data_028,0,0.8703138828277588,0.8703138828277588,0.5749276876449585,35,26,0
data_028,0,0.8598313331604004,0.8434517979621887,0.8598313331604004,51,58,0
data_028,0,0.8436089754104614,0.8436089754104614,0.4740320146083832,51,58,0
data_028,0,0.7462922930717468,0.7462922930717468,0.6239681243896484,51,58,0
data_028,0,0.8986706733703613,0.8986706733703613,0.40759897232055664,51,58,0
data_028,0,0.7867811322212219,0.5017792582511902,0.5379209518432617,51,58,0
data_028,0,0.9433099627494812,0.9433099627494812,0.3380609154701233,58,51,0
data_028,0,0.8583310842514038,0.8525775074958801,0.7993671894073486,58,51,0
data_028,0,0.6490383744239807,0.6490383744239807,0.5293283462524414,58,51,0
data_028,0,0.5523802042007446,0.5523802042007446,0.5150174498558044,58,51,0
data_028,1,0.6215815544128418,0.4819585978984833,0.5018668174743652,58,51,1
data_028,0,0.7540295124053955,0.7508615851402283,0.7540295124053955,109,147,0
data_028,0,0.8303765654563904,0.8303765654563904,0.6567992568016052,109,147,0
data_028,0,0.7277742624282837,0.7091062664985657,0.4773397147655487,109,147,0
data_028,0,0.7873530387878418,0.7873530387878418,0.655995786190033,109,147,0
data_028,0,0.9425773620605469,0.9425773620605469,0.38245806097984314,17,26,0
data_028,0,0.8672724366188049,0.8567550778388977,0.5367565155029297,17,26,0
data_028,0,0.6709959506988525,0.514132559299469,0.40480363368988037,17,26,0
data_028,0,0.6706106066703796,0.5121400356292725,0.4582323729991913,17,26,0
data_029,0,0.7896948456764221,0.6696859002113342,0.739510715007782,80,69,0
data_029,0,0.8036003708839417,0.5986347198486328,0.6988658905029297,80,69,0
data_029,0,0.7362035512924194,0.7362035512924194,0.4982302188873291,80,69,0
data_029,0,0.8427659869194031,0.6723244190216064,0.6255486607551575,43,42,1
data_029,0,0.8023567795753479,0.7112858295440674,0.7032040953636169,43,42,1
data_029,1,0.7222415208816528,0.5406152009963989,0.5592731237411499,43,42,1
data_029,0,0.7808107137680054,0.7398188710212708,0.7148588299751282,40,41,0
data_029,0,0.6950710415840149,0.615978479385376,0.5967985987663269,40,41,0
data_029,0,0.7663611769676208,0.6025391221046448,0.5444520115852356,40,41,0
data_029,0,0.7528361082077026,0.7528361082077026,0.6654841899871826,42,43,0
data_029,0,0.830365777015686,0.830365777015686,0.6624447703361511,42,41,0
data_029,0,0.7541360855102539,0.7043687701225281,0.6523192524909973,42,41,0
data_029,1,0.6795850992202759,0.6175032258033752,0.6439588665962219,67,69,1
data_029,0,0.7562047839164734,0.7461893558502197,0.7038168907165527,67,69,0
data_029,0,0.8253850340843201,0.8253850340843201,0.6849072575569153,67,69,0
data_030,0,0.8135637044906616,0.8135637044906616,0.5916329026222229,40,33,0
data_030,0,0.7093614935874939,0.7093614935874939,0.41613686084747314,40,33,0
data_030,0,0.8857852816581726,0.8857852816581726,0.6374980807304382,40,33,0
data_030,1,0.689429759979248,0.689429759979248,0.5149344801902771,40,33,1
data_030,0,0.7765790820121765,0.7765790820121765,0.4843757152557373,33,32,0
data_030,0,0.7706098556518555,0.7706098556518555,0.4334191083908081,33,32,0
data_030,0,0.7547849416732788,0.7547849416732788,0.5099500417709351,33,32,0
data_030,0,0.7021181583404541,0.7021181583404541,0.5375564098358154,48,49,0
data_030,0,0.7511638402938843,0.7511638402938843,0.6806244850158691,48,49,0
data_030,0,0.7714839577674866,0.7714839577674866,0.5496981739997864,48,49,0
data_030,0,0.7877066135406494,0.6588804125785828,0.757937490940094,49,48,0
data_030,0,0.7924506068229675,0.7213584184646606,0.7500638961791992,49,48,1
data_030,0,0.8699837923049927,0.8699837923049927,0.4423874020576477,49,48,0
data_030,0,0.7134975790977478,0.7134975790977478,0.4443771541118622,32,33,0
data_030,0,0.8830124735832214,0.8830124735832214,0.5488277077674866,32,33,0
data_030,0,0.7556173205375671,0.7554001808166504,0.6696692109107971,32,33,0
data_031,0,0.8214373588562012,0.7731189727783203,0.6759440898895264,147,131,0
data_031,0,0.7327092885971069,0.6414950489997864,0.6305110454559326,147,131,1
data_031,0,0.77909255027771,0.7643923759460449,0.7005571722984314,147,131,0
data_031,0,0.7110985517501831,0.7110985517501831,0.5584191679954529,147,131,0
data_031,0,0.8411460518836975,0.8411460518836975,0.8024728298187256,72,74,0
data_031,0,0.8035299181938171,0.8035299181938171,0.661497175693512,72,74,0
data_031,0,0.7305073142051697,0.7300928235054016,0.6188620924949646,72,74,0
data_031,0,0.7711673974990845,0.7711673974990845,0.6358019113540649,72,74,0
data_031,0,0.7703051567077637,0.7703051567077637,0.7238303422927856,68,72,0
data_031,0,0.6564481258392334,0.6564481258392334,0.5416293144226074,68,72,0
data_031,0,0.8350061774253845,0.7108869552612305,0.6025578379631042,68,72,0
data_031,0,0.7610959410667419,0.6685373783111572,0.6974769830703735,68,72,0
data_031,0,0.8988595604896545,0.8988595604896545,0.7393758296966553,74,72,0
data_031,0,0.7789692878723145,0.7789692878723145,0.6882518529891968,74,72,0
data_031,0,0.803184986114502,0.7944250106811523,0.803184986114502,74,72,0
data_031,0,0.7820512652397156,0.6710016131401062,0.7665366530418396,74,72,1
data_031,0,0.567736029624939,0.567736029624939,0.5468372702598572,91,74,0
data_031,0,0.8631879687309265,0.7313028573989868,0.7788489460945129,91,74,1
data_031,1,0.8024059534072876,0.5335726737976074,0.8024059534072876,91,74,1
data_031,0,0.7889087200164795,0.4901709258556366,0.7889087200164795,91,74,1
data_032,0,0.8475445508956909,0.8475445508956909,0.7261549234390259,43,44,0
data_032,0,0.7593322992324829,0.7593322992324829,0.6890441179275513,43,44,0
data_032,0,0.86490797996521,0.86490797996521,0.7654037475585938,43,44,0
data_032,0,0.7589669227600098,0.7589669227600098,0.6062318086624146,68,60,0
data_032,1,0.8321378827095032,0.7774670124053955,0.7523058652877808,68,60,1
data_032,0,0.816236674785614,0.816236674785614,0.6923205852508545,68,60,0
data_032,0,0.7291194200515747,0.6932650208473206,0.6551182866096497,54,55,1
data_032,0,0.8205646276473999,0.8205646276473999,0.6122878789901733,54,55,0
data_032,0,0.82787024974823,0.82787024974823,0.5031235814094543,54,55,1
data_032,1,0.8793308734893799,0.8793308734893799,0.8056536912918091,44,43,1
data_032,0,0.7746307253837585,0.7341139912605286,0.7620512247085571,44,43,1
data_032,1,0.8181322813034058,0.7191203832626343,0.7279229760169983,44,43,1
data_033,0,0.8730823397636414,0.7525911331176758,0.7260938286781311,84,71,0
data_033,0,0.6175403594970703,0.5918450951576233,0.542671799659729,84,71,0
data_033,0,0.7247112989425659,0.6015525460243225,0.6161662936210632,84,71,1
data_033,0,0.840602457523346,0.840602457523346,0.5067422986030579,84,71,0
data_033,0,0.7211247086524963,0.5244894623756409,0.613468587398529,65,71,0
data_033,0,0.7927667498588562,0.6834139823913574,0.6613622903823853,65,71,0
data_033,0,0.747129499912262,0.7170009613037109,0.6531214118003845,65,71,1
data_033,1,0.6288508176803589,0.4457476735115051,0.6288508176803589,65,71,1
data_033,0,0.7853007912635803,0.7442929744720459,0.6707397699356079,71,65,0
data_033,0,0.7435951828956604,0.6737159490585327,0.7066441774368286,71,65,0
data_033,0,0.7152658700942993,0.707882285118103,0.7026750445365906,71,65,0
data_033,0,0.555302083492279,0.555302083492279,0.5063818097114563,71,65,0
data_033,0,0.6372962594032288,0.6144673228263855,0.6265050172805786,58,65,0
data_033,0,0.784548282623291,0.7086047530174255,0.5640022158622742,58,65,0
data_033,0,0.7063862085342407,0.6537583470344543,0.5938898324966431,58,65,1
data_033,0,0.7714892625808716,0.7639959454536438,0.7714892625808716,110,129,1
data_033,1,0.8706470131874084,0.681870698928833,0.8706470131874084,110,129,1
data_033,0,0.5448104739189148,0.5184717774391174,0.5448104739189148,110,129,0
data_034,0,0.7146859169006348,0.6795267462730408,0.6965653300285339,50,52,1
data_034,0,0.7883915901184082,0.7883915901184082,0.4914427697658539,50,52,0
data_034,0,0.7090879678726196,0.7090879678726196,0.5558705925941467,50,52,0
data_034,0,0.8112438321113586,0.8112438321113586,0.563255250453949,50,52,0
data_034,0,0.6877981424331665,0.4936850965023041,0.48781558871269226,81,91,0
data_034,0,0.7809106111526489,0.7809106111526489,0.48773473501205444,81,91,1
data_034,0,0.8155636787414551,0.7212072014808655,0.6637535095214844,81,91,0
data_034,0,0.6932860612869263,0.6355310082435608,0.6932860612869263,91,81,0
data_034,0,0.6324396729469299,0.6324396729469299,0.5581628084182739,91,81,0
data_034,0,0.7653392553329468,0.7653392553329468,0.6707072854042053,91,81,0
data_034,0,0.7463412284851074,0.7463412284851074,0.48764699697494507,104,108,0
data_034,0,0.7469272017478943,0.7469272017478943,0.4218294620513916,104,108,0
data_034,0,0.7635539174079895,0.7635539174079895,0.45799657702445984,104,108,0
data_035,0,0.8761662244796753,0.8436916470527649,0.6330590844154358,136,111,0
data_035,0,0.9002788066864014,0.9002788066864014,0.5672271847724915,136,111,0
data_035,0,0.6542801260948181,0.6542801260948181,0.4322182834148407,136,111,0
data_035,0,0.8070752024650574,0.8070752024650574,0.7242565155029297,50,58,0
data_035,0,0.7075079083442688,0.6650345325469971,0.5671706199645996,50,58,0
data_035,0,0.8843712210655212,0.8843712210655212,0.608153760433197,50,58,0
data_035,1,0.7571747899055481,0.6219205260276794,0.6211614608764648,111,107,1
data_035,1,0.8573127388954163,0.5154240727424622,0.5422684550285339,111,107,1
data_035,0,0.7223040461540222,0.5971410274505615,0.6597309112548828,111,107,1
data_035,0,0.8823532462120056,0.7940210700035095,0.6385449767112732,58,50,0
data_035,0,0.7841274738311768,0.678004801273346,0.7722039818763733,58,50,0
data_035,0,0.8529018759727478,0.8529018759727478,0.5795359015464783,73,73,0
data_035,1,0.8626999258995056,0.645901620388031,0.7368918657302856,73,73,1
data_035,0,0.7890934348106384,0.7890934348106384,0.5954132676124573,26,34,0
data_035,0,0.7749372720718384,0.6700093746185303,0.5523669719696045,26,34,0
data_036,1,0.8692476153373718,0.4724096357822418,0.5980417132377625,13,23,1
data_036,1,0.9245734810829163,0.27855023741722107,0.34511587023735046,13,23,1
data_036,1,0.9030540585517883,0.26485881209373474,0.4056498110294342,13,23,1
data_036,1,0.7604925036430359,0.34383609890937805,0.3971269726753235,13,23,1
data_036,0,0.9019742012023926,0.9019742012023926,0.5988897085189819,29,28,0
data_036,0,0.7714444398880005,0.6547976732254028,0.5322133898735046,29,28,0
data_036,0,0.797968327999115,0.7652730345726013,0.6567555665969849,28,29,0
data_036,0,0.8021552562713623,0.8021552562713623,0.6657069325447083,28,29,1
data_036,1,0.9572723507881165,0.6141574382781982,0.5088122487068176,23,28,1
data_036,1,0.7958219647407532,0.4216822385787964,0.4998511075973511,23,28,1
data_036,1,0.955876350402832,0.5849195122718811,0.503950834274292,63,60,1
data_036,0,0.8348920345306396,0.8348920345306396,0.4448108375072479,63,60,1
data_036,1,0.8491469025611877,0.8491469025611877,0.4507005512714386,95,85,1
data_036,0,0.7587565183639526,0.7587565183639526,0.6721126437187195,95,85,0
data_037,0,0.8051416277885437,0.8051416277885437,0.7055626511573792,182,97,0
data_037,0,0.8515089154243469,0.8515089154243469,0.7975926399230957,182,97,0
data_037,0,0.8626749515533447,0.8626749515533447,0.652996838092804,182,97,0
data_037,0,0.7349811792373657,0.7349811792373657,0.563321590423584,182,97,1
data_037,0,0.7693766355514526,0.7693766355514526,0.7406933903694153,182,97,0
data_037,0,0.8999392986297607,0.8999392986297607,0.7290615439414978,97,96,0
data_037,0,0.9355579614639282,0.9355579614639282,0.7432679533958435,97,96,0
data_037,0,0.72156822681427,0.72156822681427,0.5185340642929077,97,96,0
data_037,0,0.9478446245193481,0.7815794348716736,0.7412891983985901,97,96,1
data_037,1,0.7018576264381409,0.696941614151001,0.586798906326294,22,46,1
data_037,0,0.9165002107620239,0.7698563933372498,0.6679356098175049,22,46,1
data_037,0,0.7676310539245605,0.7495656609535217,0.3229406177997589,46,22,0
data_037,0,0.7221768498420715,0.6258854866027832,0.6269341111183167,46,22,0
data_037,0,0.736739993095398,0.7207180261611938,0.6032156944274902,46,22,0
data_038,0,0.7296545505523682,0.3009122312068939,0.6335394978523254,1,8,1
data_038,1,0.7271546721458435,0.3161866068840027,0.4405210018157959,1,8,1
data_038,0,0.8714843988418579,0.8714843988418579,0.5426214933395386,35,32,0
data_038,0,0.8231219053268433,0.8231219053268433,0.49624747037887573,35,32,0
data_038,0,0.7460426092147827,0.7460426092147827,0.6526874303817749,43,47,0
data_038,0,0.822068452835083,0.822068452835083,0.6270269751548767,43,47,0
data_038,0,0.770265519618988,0.6668652296066284,0.6065976619720459,32,35,0
data_038,0,0.784131646156311,0.784131646156311,0.7310218811035156,32,35,0
data_038,0,0.8129282593727112,0.8129282593727112,0.6805775761604309,48,47,0
data_038,0,0.7172924876213074,0.6036909818649292,0.49794116616249084,48,47,1
data_038,0,0.6943415403366089,0.6720111966133118,0.6652206778526306,79,48,0
data_038,0,0.8609344959259033,0.7622562646865845,0.8007323741912842,79,48,0
data_038,0,0.741754412651062,0.6372265219688416,0.6006128787994385,47,48,0
data_038,0,0.869121789932251,0.5804039835929871,0.5322418808937073,47,48,1
data_039,0,0.8005019426345825,0.7288453578948975,0.6033790111541748,95,104,0
data_039,0,0.6914854645729065,0.6652200222015381,0.6914854645729065,95,104,0
data_039,0,0.8022838830947876,0.8022838830947876,0.4943050742149353,95,104,0
data_039,0,0.7197996973991394,0.7197996973991394,0.5718396902084351,104,95,0
data_039,0,0.7182700037956238,0.7182700037956238,0.6169198155403137,104,95,0
data_039,0,0.7266876101493835,0.7266876101493835,0.5827575922012329,104,95,0
data_039,0,0.8951771259307861,0.8951771259307861,0.5010770559310913,125,124,0
data_039,0,0.9230537414550781,0.9230537414550781,0.5011904239654541,125,124,0
data_039,0,0.701539158821106,0.5907742977142334,0.5255642533302307,125,124,1
data_039,0,0.876645028591156,0.876645028591156,0.6640381217002869,242,175,1
data_039,0,0.6987329721450806,0.6574928760528564,0.6561754941940308,242,175,0
data_039,0,0.7330883741378784,0.7268820405006409,0.6678351759910583,242,175,1
data_039,0,0.8677234053611755,0.8677234053611755,0.7039340734481812,175,131,0
data_039,0,0.7920313477516174,0.7920313477516174,0.49587371945381165,175,131,0
data_039,0,0.8209459781646729,0.8209459781646729,0.6289209723472595,175,131,0
data_039,0,0.6962035894393921,0.6962035894393921,0.575989842414856,175,131,0
data_040,0,0.8188223838806152,0.8188223838806152,0.6904945373535156,213,213,0
data_040,0,0.8464756011962891,0.8351324200630188,0.793349027633667,213,213,0
data_040,0,0.8798151016235352,0.8798151016235352,0.7124776244163513,213,213,0
data_040,0,0.8253872990608215,0.8253872990608215,0.7637932300567627,213,213,0
data_040,0,0.847393810749054,0.847393810749054,0.7471247315406799,78,83,0
data_040,0,0.8610459566116333,0.7521155476570129,0.6610338091850281,78,83,1
data_040,0,0.8375334739685059,0.8375334739685059,0.73423832654953,78,83,0
data_040,0,0.9073561429977417,0.7229965925216675,0.6291801929473877,113,94,0
data_040,0,0.8894903063774109,0.8894903063774109,0.7336955666542053,113,94,0
data_040,0,0.9289932250976562,0.9289932250976562,0.574799120426178,113,94,0
data_040,0,0.7516022324562073,0.7516022324562073,0.5934374928474426,34,24,1
data_040,0,0.8372625708580017,0.8372625708580017,0.5648789405822754,34,24,0
data_040,0,0.823650062084198,0.7238016128540039,0.7764931321144104,360,213,0
data_040,0,0.8056356310844421,0.6932923197746277,0.8056356310844421,360,213,0
data_040,1,0.7785753011703491,0.6569909453392029,0.7150097489356995,360,213,1
data_040,0,0.8097660541534424,0.8097660541534424,0.7380759119987488,83,78,0
data_040,0,0.8532929420471191,0.731009304523468,0.8037360310554504,83,78,0
data_040,0,0.8519013524055481,0.8519013524055481,0.6744074821472168,83,78,0
data_041,0,0.8085654973983765,0.8085654973983765,0.4458981156349182,51,57,0
data_041,0,0.9170288443565369,0.9085415601730347,0.7348996996879578,51,57,1
data_041,0,0.8531640768051147,0.8531640768051147,0.6532021164894104,51,57,0
data_041,0,0.9999989867210388,0.9999989867210388,0.6792254447937012,57,51,0
data_041,0,0.830919623374939,0.7809504866600037,0.830919623374939,57,51,0
data_041,0,0.9158591032028198,0.9158591032028198,0.6826645135879517,57,51,0
data_041,0,0.7144134044647217,0.6602810621261597,0.7144134044647217,41,51,0
data_041,0,0.8575241565704346,0.8575241565704346,0.831321656703949,41,51,0
data_041,0,0.7813825011253357,0.7636116147041321,0.7260196208953857,41,51,0
data_041,0,0.8435565829277039,0.8435565829277039,0.4503687620162964,71,75,0
data_041,0,0.8205978274345398,0.77538001537323,0.3501212000846863,71,75,0
data_041,0,0.7664470672607422,0.6846907734870911,0.6936525702476501,71,75,1
data_041,0,0.6188641786575317,0.6036896705627441,0.5390912890434265,89,75,0
data_041,0,0.8266401886940002,0.8266401886940002,0.5476556420326233,89,75,0
data_041,0,0.7523372769355774,0.7023844718933105,0.5906192064285278,89,75,1
data_041,0,0.8564889430999756,0.8564889430999756,0.8010390996932983,30,41,0
data_041,0,0.8029807209968567,0.8029807209968567,0.6597026586532593,30,41,0
data_041,0,0.8215000629425049,0.8215000629425049,0.6039493680000305,30,41,0
data_042,0,0.7893635034561157,0.7893635034561157,0.6466217041015625,54,55,0
data_042,0,0.8472496271133423,0.8472496271133423,0.4989307224750519,54,55,0
data_042,0,0.7162862420082092,0.7162862420082092,0.6118634939193726,54,55,0
data_042,0,0.6599512696266174,0.6246774196624756,0.6599512696266174,70,70,0
data_042,0,0.7305370569229126,0.629927396774292,0.49811622500419617,70,70,1
data_042,0,0.8648033142089844,0.8648033142089844,0.5245567560195923,70,70,0
data_042,0,0.7094069719314575,0.7094069719314575,0.46413084864616394,55,54,0
data_042,0,0.792644739151001,0.792644739151001,0.6152238845825195,55,54,0
data_042,0,0.8296164870262146,0.8296164870262146,0.6046420335769653,58,55,0
data_042,0,0.7582846283912659,0.7419627904891968,0.647479772567749,58,55,0
data_042,1,0.8010367155075073,0.8010367155075073,0.5845814347267151,58,55,1
data_042,0,0.7022453546524048,0.6621490716934204,0.591564953327179,70,70,0
data_042,0,0.7408159971237183,0.6576278209686279,0.5853232145309448,70,70,0
data_042,0,0.6298628449440002,0.48553895950317383,0.4301917850971222,145,130,0
data_042,0,0.6236871480941772,0.6236871480941772,0.4596906304359436,145,130,0
data_042,0,0.6928133964538574,0.6928133964538574,0.4398368299007416,145,130,0
data_043,1,0.6860952973365784,0.6011209487915039,0.4810633063316345,80,74,1
data_043,0,0.72194904088974,0.5166770815849304,0.44610705971717834,80,74,1
data_043,0,0.6714885234832764,0.4347214102745056,0.49797454476356506,68,74,1
data_043,0,0.72914719581604,0.49596545100212097,0.5079525709152222,68,74,1
data_043,0,0.8065709471702576,0.7426030039787292,0.6260669827461243,268,247,1
data_043,0,0.7448330521583557,0.7448330521583557,0.6584218144416809,268,247,0
data_043,0,0.7537513971328735,0.7411113381385803,0.6178000569343567,268,247,1
data_043,0,0.6493329405784607,0.6178138256072998,0.6493329405784607,247,268,0
data_043,0,0.7226920127868652,0.6611776351928711,0.7226920127868652,247,268,0
data_043,1,0.6530312299728394,0.6530312299728394,0.5115195512771606,247,268,1
data_043,0,0.7764987349510193,0.7764987349510193,0.5363497734069824,133,130,1
data_043,0,0.7931413054466248,0.7931413054466248,0.3954941928386688,133,130,1
data_043,0,0.7339710593223572,0.6712056398391724,0.4279242157936096,133,130,0
data_043,1,0.7034135460853577,0.6217073798179626,0.5598793029785156,175,187,0
data_043,0,0.841308057308197,0.841308057308197,0.6130916476249695,175,187,0
data_043,0,0.7341927289962769,0.6644403338432312,0.6341142058372498,175,187,1
data_044,0,0.9430980682373047,0.9430980682373047,0.3556209206581116,20,26,0
data_044,0,0.7710689306259155,0.7349391579627991,0.27493685483932495,20,26,0
data_044,0,0.675463855266571,0.6062857508659363,0.32464471459388733,20,26,1
data_044,1,0.765631377696991,0.7006765007972717,0.6885094046592712,160,157,1
data_044,0,0.730344831943512,0.631147027015686,0.6145334839820862,160,157,0
data_044,0,0.7675206661224365,0.7260745167732239,0.698968768119812,160,157,0
data_044,0,0.6175973415374756,0.5547184348106384,0.5044626593589783,160,157,0
data_044,0,0.7495851516723633,0.7495851516723633,0.6512647271156311,176,160,0
data_044,0,0.7466456294059753,0.6439655423164368,0.7466456294059753,176,160,0
data_044,0,0.6675763726234436,0.6643824577331543,0.5739557147026062,176,160,0
data_044,1,0.7310287356376648,0.6470969319343567,0.407138466835022,99,106,1
data_044,0,0.7572650909423828,0.7572650909423828,0.6580520868301392,99,106,0
data_044,0,0.8357168436050415,0.8357168436050415,0.61201012134552,99,106,0
data_044,0,0.6937532424926758,0.6625145673751831,0.4878498613834381,63,62,1
data_044,0,0.7743926644325256,0.7743926644325256,0.5395963191986084,63,62,0
data_044,0,0.8146349191665649,0.8146349191665649,0.6182425022125244,63,62,1
data_044,0,0.663405179977417,0.6392361521720886,0.5778198838233948,106,99,0
data_044,0,0.7278845310211182,0.7278845310211182,0.6222804188728333,106,99,0
data_044,0,0.7273737788200378,0.666424036026001,0.5636932253837585,106,99,0
data_045,0,0.7512140870094299,0.7512140870094299,0.5705977082252502,1495,566,0
data_045,0,0.9843066930770874,0.9843066930770874,0.48886093497276306,1495,566,0
data_045,0,0.7863209843635559,0.7863209843635559,0.5249547958374023,1495,566,0
data_045,1,0.7729219794273376,0.7729219794273376,0.6337773203849792,1495,566,1
data_045,0,0.7403668165206909,0.7403668165206909,0.6188538074493408,1495,566,0
data_045,0,0.850171685218811,0.850171685218811,0.7222006916999817,1495,566,1
data_045,0,0.7034481167793274,0.5695581436157227,0.4617370665073395,566,134,0
data_045,0,0.708562970161438,0.6723634004592896,0.6447913646697998,566,134,0
data_045,0,0.8840368390083313,0.8840368390083313,0.5924215912818909,566,134,0
data_045,0,0.7037180662155151,0.7037180662155151,0.5917317271232605,566,134,0
data_046,0,0.7429627776145935,0.6383571624755859,0.7429627776145935,124,127,1
data_046,0,0.7395105957984924,0.6243228912353516,0.5403417348861694,124,121,0
data_046,0,0.8583564162254333,0.7677517533302307,0.7484021186828613,124,127,0
data_046,1,0.7583526372909546,0.6335251927375793,0.5567126870155334,48,80,1
data_046,0,0.7972721457481384,0.7528218030929565,0.7972721457481384,48,80,1
data_046,0,0.7379475235939026,0.7379475235939026,0.590695321559906,156,127,1
data_046,0,0.9615808129310608,0.9615808129310608,0.4795752167701721,156,127,0
data_046,0,0.7798422574996948,0.6919158101081848,0.6932806968688965,156,127,0
data_046,0,0.8129373788833618,0.8129373788833618,0.6632908582687378,124,121,0
data_046,0,0.8344345688819885,0.8344345688819885,0.4804503917694092,124,121,0
data_046,0,0.8260964751243591,0.8260964751243591,0.6511844992637634,108,121,0
data_046,0,0.8416367173194885,0.8416367173194885,0.5756679773330688,108,121,0
data_046,0,0.7892502546310425,0.7892502546310425,0.6560498476028442,108,121,1
data_046,0,0.7296006679534912,0.7296006679534912,0.5580419898033142,127,124,0
data_046,0,0.7214420437812805,0.7214420437812805,0.3831098973751068,127,124,0
data_046,0,0.8469772338867188,0.8469772338867188,0.5250487327575684,80,108,0
data_046,0,0.7618504762649536,0.6840302348136902,0.6790634393692017,80,108,0
data_047,0,0.8395678400993347,0.8395678400993347,0.5434470772743225,154,125,0
data_047,0,0.8036381602287292,0.8036381602287292,0.6804735064506531,154,125,0
data_047,0,0.9129908680915833,0.9129908680915833,0.5204929709434509,154,125,0
data_047,0,0.6975579857826233,0.6975579857826233,0.5148909687995911,154,125,0
data_047,0,0.8478344082832336,0.8478344082832336,0.7348634600639343,154,125,0
data_047,0,0.6875442266464233,0.6875442266464233,0.5737719535827637,154,125,0
data_047,0,0.8455507159233093,0.8455507159233093,0.47661787271499634,9,11,0
data_047,0,0.7333869338035583,0.7333869338035583,0.5390313863754272,9,11,0
data_047,0,0.7383854389190674,0.7383854389190674,0.5413824319839478,24,27,0
data_047,0,0.8457832336425781,0.6657186150550842,0.8457832336425781,24,27,0
data_047,0,0.7246049642562866,0.6679143905639648,0.5830287337303162,24,27,0
data_047,0,0.7914779782295227,0.7914779782295227,0.4543565809726715,14,17,0
data_047,0,0.7404980659484863,0.7207854986190796,0.6242154240608215,14,11,0
data_047,0,0.7535473108291626,0.7535473108291626,0.6094343066215515,49,27,0
data_047,0,0.8067137598991394,0.8067137598991394,0.5917345881462097,49,27,0
data_047,0,0.7362657189369202,0.47828835248947144,0.627951979637146,49,27,1
data_047,0,0.8488075137138367,0.8488075137138367,0.7047070860862732,27,24,0
data_047,0,0.7595342993736267,0.7595342993736267,0.44513773918151855,27,24,0
data_047,0,0.6418372988700867,0.5635560154914856,0.5118321776390076,17,14,0
data_047,0,0.8456555008888245,0.8456555008888245,0.3640775680541992,17,14,0
data_047,0,0.8437049388885498,0.8437049388885498,0.5861627459526062,11,9,0
data_047,0,0.7300592064857483,0.7300592064857483,0.36411845684051514,11,9,0
data_048,0,0.8203446269035339,0.6840558648109436,0.7289354205131531,33,32,0
data_048,1,0.7101793885231018,0.6520916819572449,0.6894295811653137,33,32,1
data_048,0,0.8355065584182739,0.7126592397689819,0.7873784303665161,33,32,0
data_048,0,0.9070764780044556,0.9070764780044556,0.3043835461139679,39,39,0
data_048,0,0.8049207329750061,0.7141964435577393,0.8010064363479614,39,39,1
data_048,0,0.7744321823120117,0.635971188545227,0.5849703550338745,39,39,0
data_048,0,0.6538108587265015,0.6047364473342896,0.5657835602760315,91,93,0
data_048,0,0.8444890379905701,0.8444890379905701,0.5137726068496704,91,93,0
data_048,1,0.6850309371948242,0.6668568849563599,0.46246856451034546,66,55,1
data_048,0,0.7925913333892822,0.7925913333892822,0.6349181532859802,66,55,0
data_048,1,0.676007091999054,0.581967294216156,0.4877617061138153,154,177,1
data_048,0,0.8358347415924072,0.8092677593231201,0.48279687762260437,154,177,0
data_048,1,0.7357227802276611,0.6242937445640564,0.4614373743534088,94,93,0
data_048,1,0.5075064897537231,0.5075064897537231,0.40618881583213806,130,112,1
data_048,1,0.5898242592811584,0.5557622313499451,0.42145639657974243,80,77,0
data_048,0,0.834149181842804,0.6937935948371887,0.6740419864654541,80,77,0
data_049,0,0.8922265768051147,0.8922265768051147,0.5027705430984497,136,116,0
data_049,0,0.6924047470092773,0.6924047470092773,0.5646465420722961,136,116,0
data_049,0,0.8553746342658997,0.8553746342658997,0.7082505226135254,136,116,0
data_049,0,0.7864311337471008,0.7864311337471008,0.6216257214546204,136,116,0
data_049,0,0.8221389055252075,0.8221389055252075,0.5398388504981995,48,30,0
data_049,0,0.6912477612495422,0.6619657874107361,0.4499577581882477,48,30,0
data_049,1,0.7153934836387634,0.6756188869476318,0.694983720779419,48,30,1
data_049,0,0.7175434827804565,0.7175434827804565,0.5570841431617737,116,136,0
data_049,0,0.6884503960609436,0.6884503960609436,0.518238365650177,116,136,0
data_049,0,0.6223987936973572,0.5886280536651611,0.5394183397293091,116,136,0
data_049,0,0.6558088660240173,0.6028975248336792,0.41125982999801636,30,29,1
data_049,1,0.5564587116241455,0.5433632135391235,0.4920194447040558,30,29,1
data_049,0,0.8285619020462036,0.8285619020462036,0.43968814611434937,30,29,0
data_049,0,0.7847780585289001,0.7847780585289001,0.46317601203918457,24,29,0
data_049,0,0.6959252953529358,0.6959252953529358,0.4592103958129883,24,29,0
data_049,0,0.5711448192596436,0.5711448192596436,0.3954707086086273,24,29,1
data_049,0,0.7581350803375244,0.7581350803375244,0.47901400923728943,29,30,1
data_049,0,0.5693066120147705,0.5693066120147705,0.2654539942741394,29,30,0
data_049,0,0.6078445911407471,0.5560425519943237,0.478336364030838,29,30,1
data_050,0,0.6427925825119019,0.6427925825119019,0.45412424206733704,63,46,0
data_050,0,0.720031201839447,0.6272796988487244,0.49971631169319153,63,46,0
data_050,0,0.8144883513450623,0.8144883513450623,0.617848813533783,63,46,0
data_050,0,0.8535317182540894,0.8535317182540894,0.5530723929405212,46,63,0
data_050,0,0.5592799782752991,0.5592799782752991,0.37887248396873474,46,63,0
data_050,0,0.5506410598754883,0.5399824976921082,0.4963606595993042,46,63,0
data_050,0,0.7683113217353821,0.7683113217353821,0.6055535674095154,131,135,0
data_050,0,0.7098889350891113,0.7098889350891113,0.5050048828125,131,135,0
data_050,0,0.6615228652954102,0.6615228652954102,0.5743526220321655,131,135,0
data_050,0,0.6792722344398499,0.6792722344398499,0.5702763795852661,151,135,0
data_050,0,0.7415639758110046,0.7415639758110046,0.6092004776000977,151,135,0
data_050,0,0.7943663597106934,0.6391186118125916,0.6527391672134399,151,135,1
data_050,1,0.6739317178726196,0.5177788138389587,0.6739317178726196,28,46,1
data_050,0,0.7318434119224548,0.6893828511238098,0.39852601289749146,28,10,0
data_050,0,0.8056769967079163,0.8056769967079163,0.5260157585144043,28,10,0
data_050,0,0.5440225005149841,0.5440225005149841,0.22879010438919067,10,4,0
data_050,0,0.7419552206993103,0.7419552206993103,0.4448579251766205,10,4,0
data_051,0,0.9194047451019287,0.9194047451019287,0.7112653851509094,79,77,0
data_051,0,0.734707772731781,0.6422439813613892,0.6576050519943237,79,77,1
data_051,0,0.7577851414680481,0.7552982568740845,0.5938398241996765,69,77,0
data_051,0,0.7416119575500488,0.6702238917350769,0.7305506467819214,69,77,0
data_051,0,0.8192525506019592,0.7501797676086426,0.6963582634925842,69,77,0
data_051,0,0.649339497089386,0.649339497089386,0.4625173807144165,89,92,0
data_051,0,0.7345079183578491,0.7345079183578491,0.5319076776504517,89,92,0
data_051,1,0.7508090734481812,0.47046011686325073,0.49153468012809753,89,92,1
data_051,0,0.8476852774620056,0.8476852774620056,0.6930239200592041,60,69,0
data_051,0,0.8071922063827515,0.7534739375114441,0.6118313074111938,60,69,0
data_051,0,0.812540590763092,0.812540590763092,0.5465108156204224,60,69,0
data_051,0,0.8032868504524231,0.7071269154548645,0.6526803970336914,29,27,0
data_051,0,0.8011379837989807,0.8011379837989807,0.5594433546066284,29,27,0
data_051,0,0.8581103682518005,0.8581103682518005,0.5577718615531921,29,27,1
data_052,0,0.8338444232940674,0.8338444232940674,0.6049753427505493,174,196,0
data_052,0,0.7895252108573914,0.7895252108573914,0.6579872369766235,174,196,1
data_052,0,0.8460464477539062,0.8460464477539062,0.5061763525009155,174,196,0
data_052,0,0.8221935629844666,0.7252564430236816,0.5054136514663696,174,196,1
data_052,0,0.811213493347168,0.811213493347168,0.6789820194244385,128,98,0
data_052,1,0.7459489107131958,0.7459489107131958,0.6308194994926453,128,98,1
data_052,0,0.812993586063385,0.812993586063385,0.5644140243530273,128,98,0
data_052,0,0.8088542819023132,0.8088542819023132,0.4638449549674988,92,94,0
data_052,0,0.7392191290855408,0.7392191290855408,0.6474437713623047,92,94,0
data_052,0,0.7243189811706543,0.6157554984092712,0.665002703666687,92,94,1
data_052,0,0.6962084770202637,0.6962084770202637,0.6156420707702637,196,174,1
data_052,0,0.7354112863540649,0.7354112863540649,0.6036530137062073,196,174,0
data_052,0,0.7100096344947815,0.7100096344947815,0.6297850012779236,196,174,0
data_052,0,0.6801987290382385,0.6801987290382385,0.480800598859787,94,92,0
data_052,0,0.7049580812454224,0.6474528908729553,0.6721760630607605,94,92,0
data_052,0,0.5877927541732788,0.4723784029483795,0.5877927541732788,94,92,0
data_053,0,0.7042771577835083,0.7042771577835083,0.5511157512664795,21,19,0
data_053,0,0.7252623438835144,0.7252623438835144,0.46423226594924927,21,19,0
data_053,0,0.8281177878379822,0.8281177878379822,0.5655574798583984,21,19,0
data_053,0,0.6727754473686218,0.6615176796913147,0.37985625863075256,21,19,0
data_053,0,0.8087215423583984,0.7074540853500366,0.5769724249839783,21,19,1
data_053,0,0.7991121411323547,0.7991121411323547,0.5185062885284424,67,52,0
data_053,0,0.7518256902694702,0.7518256902694702,0.4155024290084839,67,52,0
data_053,0,0.7935591340065002,0.7935591340065002,0.44626203179359436,67,52,0
data_053,0,0.7758302688598633,0.7758302688598633,0.47820568084716797,67,52,0
data_053,0,0.7230688333511353,0.7230688333511353,0.6596909761428833,92,90,0
data_053,0,0.6736610531806946,0.6736610531806946,0.5809590816497803,92,90,0
data_053,0,0.8732380867004395,0.8732380867004395,0.7855135202407837,92,90,1
data_053,0,0.9193847179412842,0.9193847179412842,0.34482964873313904,47,52,0
data_053,0,0.7236621975898743,0.7021040320396423,0.5922317504882812,47,52,0
data_053,0,0.8208889365196228,0.8208889365196228,0.6835101842880249,47,52,0
data_053,0,0.8668729066848755,0.8668729066848755,0.3908872604370117,52,47,0
data_053,0,0.785854160785675,0.785854160785675,0.4166654050350189,52,47,0
data_053,0,0.7360799312591553,0.7360799312591553,0.5040388703346252,52,47,0
data_053,1,0.8789395093917847,0.2561136484146118,0.21909330785274506,2,2,1
data_053,1,0.6005971431732178,0.37030038237571716,0.2594439387321472,2,2,1
data_053,1,0.6287209987640381,0.3650101125240326,0.46032771468162537,2,2,1
data_053,1,0.5986270308494568,0.18115544319152832,0.1989137977361679,2,2,1
data_053,1,0.9055190086364746,0.27199944853782654,0.19631828367710114,2,2,1
data_054,0,0.8851341009140015,0.8851341009140015,0.7626743912696838,67,56,0
data_054,0,0.8096567988395691,0.8096567988395691,0.5166981816291809,67,56,0
data_054,1,0.7733227014541626,0.7733227014541626,0.5923947095870972,67,56,1
data_054,0,0.8692328929901123,0.8692328929901123,0.7370221614837646,67,56,0
data_054,0,0.7440832853317261,0.7440832853317261,0.555760383605957,67,56,0
data_054,0,0.7471616864204407,0.7471616864204407,0.7039855122566223,109,67,0
data_054,0,0.8064844608306885,0.8064844608306885,0.43144461512565613,109,67,0
data_054,0,0.7021626830101013,0.6608389616012573,0.6835049986839294,109,67,0
data_054,0,0.7359274625778198,0.7359274625778198,0.6880785226821899,109,67,0
data_054,0,0.7424774765968323,0.7424774765968323,0.5142119526863098,109,67,0
data_054,0,0.8259458541870117,0.605096161365509,0.8259458541870117,109,67,1
data_054,0,0.8070409297943115,0.8070409297943115,0.6365548968315125,13,56,0
data_054,0,0.7091536521911621,0.6548861861228943,0.6373920440673828,13,56,1
data_055,0,0.8338283896446228,0.8338283896446228,0.7055495381355286,60,60,0
data_055,0,0.7826715707778931,0.7826715707778931,0.7018447518348694,60,60,0
data_055,0,0.7722060084342957,0.7722060084342957,0.41892701387405396,60,60,0
data_055,0,0.7642844319343567,0.6862084269523621,0.5154707431793213,60,60,0
data_055,0,0.8620228171348572,0.8620228171348572,0.7131763100624084,45,44,0
data_055,0,0.7567853331565857,0.6438357830047607,0.6143267154693604,45,44,0
data_055,1,0.8083880543708801,0.5901601910591125,0.5013667345046997,45,44,1
data_055,0,0.8038101196289062,0.7096133232116699,0.6284875273704529,45,44,0
data_055,0,0.8542203307151794,0.8542203307151794,0.6291901469230652,41,41,0
data_055,0,0.7755863070487976,0.7229084372520447,0.601248562335968,41,41,0
data_055,0,0.7977048754692078,0.7977048754692078,0.5909020304679871,41,41,0
data_055,0,0.8337114453315735,0.8337114453315735,0.583556056022644,41,41,0
data_055,0,0.7704472541809082,0.6269760131835938,0.6392815113067627,51,51,0
data_055,1,0.7609220147132874,0.5983735918998718,0.659401535987854,51,51,1
data_055,0,0.7130930423736572,0.7130930423736572,0.5642668604850769,51,51,0
data_055,1,0.7570813894271851,0.5387076139450073,0.5771498084068298,51,51,1
data_055,0,0.7646075487136841,0.7646075487136841,0.5495207905769348,20,25,0
data_055,1,0.7547106146812439,0.6201151013374329,0.46460431814193726,20,25,1
data_055,0,0.6942456960678101,0.6201211810112,0.5704474449157715,20,25,0
data_056,0,0.7723420262336731,0.7710610628128052,0.5511496663093567,142,164,0
data_056,0,0.6891143918037415,0.6891143918037415,0.6176232695579529,142,164,0
data_056,0,0.7893862128257751,0.7893862128257751,0.46622413396835327,142,164,0
data_056,0,0.7683284878730774,0.7194277048110962,0.6433009505271912,142,164,0
data_056,0,0.7924330234527588,0.5515013337135315,0.5486164689064026,73,99,0
data_056,0,0.9598475098609924,0.9598475098609924,0.5985954403877258,73,99,0
data_056,0,0.6743366122245789,0.6743366122245789,0.5099633932113647,73,99,0
data_056,0,0.6666629910469055,0.6666629910469055,0.5171843767166138,164,142,0
data_056,0,0.8833659291267395,0.8833659291267395,0.6230626106262207,164,142,0
data_056,0,0.7421891093254089,0.720604419708252,0.5780656933784485,164,142,0
data_056,0,0.5434815287590027,0.42454421520233154,0.40671223402023315,99,101,0
data_056,0,0.6415385603904724,0.6273837685585022,0.5374480485916138,99,101,0
data_056,0,0.763884425163269,0.6389334201812744,0.7255711555480957,99,101,0
data_056,0,0.7915288209915161,0.7915288209915161,0.6435220241546631,101,99,0
data_056,0,0.7752121686935425,0.7752121686935425,0.5614359974861145,101,99,0
data_056,0,0.8669266104698181,0.8669266104698181,0.5339567065238953,101,99,0
data_057,0,0.8151575922966003,0.6410112977027893,0.7018125653266907,41,43,0
data_057,0,0.5697672367095947,0.38562893867492676,0.43024033308029175,41,43,0
data_057,0,0.884122371673584,0.884122371673584,0.6090948581695557,52,51,0
data_057,0,0.9255542755126953,0.9255542755126953,0.418335497379303,52,51,0
data_057,0,0.8382801413536072,0.7881151437759399,0.8284674882888794,52,51,0
data_057,0,0.7906309962272644,0.6112937331199646,0.511090874671936,43,41,0
data_057,0,0.5453538298606873,0.5236124992370605,0.21463026106357574,43,41,0
data_057,0,0.6985669136047363,0.6214113831520081,0.4845483899116516,43,41,0
data_057,0,0.8631523251533508,0.8420191407203674,0.7478016018867493,83,86,0
data_057,1,0.5793637037277222,0.5793637037277222,0.4782048165798187,83,86,1
data_057,0,0.8399051427841187,0.8399051427841187,0.5922906994819641,83,86,0
data_057,0,0.8207516074180603,0.6222348213195801,0.7061622738838196,59,54,0
data_057,0,0.7254416942596436,0.6289888024330139,0.535888671875,59,54,0
data_057,0,0.7103961706161499,0.634654700756073,0.6533405780792236,59,54,0
data_057,0,0.7871959805488586,0.7617039680480957,0.7754115462303162,51,52,0
data_057,0,0.847245991230011,0.847245991230011,0.653048038482666,51,52,0
data_057,1,0.8400880098342896,0.7842201590538025,0.8400880098342896,92,86,0
data_057,0,0.7976669669151306,0.7976669669151306,0.7100703716278076,92,86,0
data_057,1,0.7318217158317566,0.6905556321144104,0.7318217158317566,92,86,1
data_057,0,0.6961035132408142,0.6725395917892456,0.4872465133666992,35,41,0
data_057,0,0.7248681783676147,0.7248681783676147,0.21846948564052582,35,41,0
data_057,0,0.8268684148788452,0.8268684148788452,0.5031494498252869,35,41,0
data_057,0,0.776663601398468,0.776663601398468,0.49127355217933655,86,83,0
data_057,0,0.763883650302887,0.763883650302887,0.45914390683174133,86,83,0
data_057,0,0.7314494252204895,0.5942512154579163,0.5436344146728516,86,83,0
data_058,0,0.8800308704376221,0.8800308704376221,0.7609953284263611,181,203,0
data_058,0,0.7482287883758545,0.7482287883758545,0.5921717286109924,181,203,1
data_058,0,0.8433679342269897,0.8433679342269897,0.7272912263870239,181,203,0
data_058,0,0.8177518844604492,0.8177518844604492,0.7276175618171692,181,203,0
data_058,0,0.7644611597061157,0.7488899827003479,0.7325921654701233,181,203,1
data_058,0,0.6565289497375488,0.6565289497375488,0.5453333258628845,181,203,1
data_058,1,0.7689581513404846,0.6156541705131531,0.6697828769683838,13,15,1
data_058,0,0.8419485688209534,0.6791930198669434,0.6002606153488159,13,15,1
data_058,1,0.8656969666481018,0.5630323886871338,0.5222104787826538,13,15,1
data_058,0,0.7883511781692505,0.7883511781692505,0.5763099789619446,81,51,0
data_058,0,0.7542140483856201,0.7542140483856201,0.6076738238334656,81,51,0
data_058,0,0.7619233131408691,0.7619233131408691,0.5752331614494324,81,51,1
data_058,0,0.7013115882873535,0.7013115882873535,0.6145503520965576,81,51,1
data_058,0,0.8188744187355042,0.8188744187355042,0.456722229719162,48,51,0
data_058,0,0.7966822981834412,0.6299140453338623,0.600538432598114,48,51,0
data_058,0,0.720014214515686,0.7198589444160461,0.720014214515686,203,181,0
data_058,0,0.912467360496521,0.912467360496521,0.647819459438324,203,181,0
data_058,0,0.8056955337524414,0.8056955337524414,0.6992131471633911,203,181,1
data_059,0,0.729270339012146,0.729270339012146,0.45536866784095764,49,47,0
data_059,0,0.8677379488945007,0.8677379488945007,0.6784073710441589,49,47,0
data_059,0,0.7493178844451904,0.6585516929626465,0.7288004755973816,49,47,0
data_059,0,0.7959235310554504,0.7959235310554504,0.5179645419120789,58,60,0
data_059,0,0.8499649167060852,0.8499649167060852,0.5797035694122314,58,60,0
data_059,0,0.781827986240387,0.6944111585617065,0.6070786714553833,58,60,0
data_059,0,0.7840986847877502,0.7279760837554932,0.7266352772712708,47,46,0
data_059,0,0.6087474226951599,0.45724400877952576,0.46992963552474976,47,46,1
data_059,0,0.757914662361145,0.5862143635749817,0.7276245951652527,47,46,0
data_059,0,0.7220990657806396,0.7220990657806396,0.49749258160591125,46,47,0
data_059,0,0.7964388728141785,0.7964388728141785,0.7413351535797119,46,47,0
data_059,0,0.6780195236206055,0.6780195236206055,0.45002061128616333,46,47,0
data_059,0,0.5902169346809387,0.5102434754371643,0.5902169346809387,54,58,0
data_059,1,0.790964663028717,0.7854278683662415,0.7252027988433838,54,58,1
data_059,0,0.7903729677200317,0.7903729677200317,0.6687819361686707,54,58,0
data_059,0,0.6176953315734863,0.5672427415847778,0.4452561140060425,60,58,0
data_059,0,0.667985200881958,0.667985200881958,0.5231229662895203,60,58,0
data_059,0,0.7658193111419678,0.7331214547157288,0.7441266179084778,60,58,0
data_060,0,0.77833092212677,0.77833092212677,0.7638733983039856,47,48,0
data_060,0,0.9213871955871582,0.9213871955871582,0.5961893796920776,47,48,0
data_060,0,0.8202993273735046,0.8202993273735046,0.6824615001678467,47,48,0
data_060,0,0.8401399850845337,0.8401399850845337,0.6477267742156982,47,48,0
data_060,0,0.7682270407676697,0.7682270407676697,0.5273812413215637,102,80,1
data_060,0,0.8016295433044434,0.7736563086509705,0.7766485810279846,102,80,0
data_060,0,0.7911399602890015,0.7911399602890015,0.7342817187309265,34,47,0
data_060,0,0.7727134823799133,0.7727134823799133,0.5909446477890015,34,47,0
data_060,0,0.7678471803665161,0.7678471803665161,0.6852719187736511,34,47,0
data_060,0,0.776540219783783,0.7079208493232727,0.776540219783783,126,132,0
data_060,1,0.7777937054634094,0.5948576927185059,0.6011280417442322,126,132,1
data_060,1,0.8365238904953003,0.8173844218254089,0.6073666214942932,80,102,0
data_060,0,0.7501155734062195,0.6002273559570312,0.6245899200439453,80,102,0
data_060,0,0.8203350305557251,0.8124427795410156,0.7361753582954407,48,47,0
data_060,0,0.751504123210907,0.7489032745361328,0.751504123210907,48,47,0
data_061,0,0.7997322678565979,0.7997322678565979,0.6642816662788391,219,116,0
data_061,0,0.9151089191436768,0.9151089191436768,0.5090619325637817,219,116,0
data_061,0,0.8264987468719482,0.8264987468719482,0.6216124296188354,219,116,0
data_061,0,0.6509861946105957,0.6509861946105957,0.467254102230072,219,116,0
data_061,0,0.8855717778205872,0.6876358985900879,0.5985375642776489,96,105,0
data_061,0,0.8184484243392944,0.8184484243392944,0.528718113899231,96,105,0
data_061,0,0.7237542271614075,0.7237542271614075,0.6223954558372498,96,105,0
data_061,0,0.6590156555175781,0.6590156555175781,0.5445459485054016,96,105,1
data_061,0,0.7269408702850342,0.7269408702850342,0.5516182780265808,55,53,1
data_061,0,0.6451135873794556,0.5845896601676941,0.49645593762397766,55,53,1
data_061,0,0.5795130133628845,0.5120143294334412,0.4529956579208374,55,53,1
data_061,0,0.6574044227600098,0.6574044227600098,0.4458845257759094,55,53,0
data_061,0,0.930524468421936,0.930524468421936,0.4170691668987274,33,20,0
data_061,0,0.7409201860427856,0.6040977835655212,0.5782881379127502,33,20,0
data_061,0,0.8377795219421387,0.8377795219421387,0.4046340584754944,33,20,0
data_061,0,0.8161764144897461,0.8161764144897461,0.4667506217956543,33,20,0
data_062,0,0.7379401326179504,0.7379401326179504,0.4335615932941437,66,58,0
data_062,1,0.6795106530189514,0.677866518497467,0.42962589859962463,66,58,1
data_062,1,0.6830536127090454,0.6428138017654419,0.6308863162994385,66,58,1
data_062,0,0.9333164095878601,0.9333164095878601,0.6477282047271729,66,58,0
data_062,0,0.8278042078018188,0.7439457178115845,0.6183111667633057,124,119,0
data_062,0,0.6996344923973083,0.645244836807251,0.4038844108581543,124,119,0
data_062,0,0.7803583741188049,0.615731418132782,0.6692233681678772,124,119,0
data_062,0,0.6132873892784119,0.6132873892784119,0.5515913963317871,124,119,0
data_062,0,0.9197626113891602,0.9197626113891602,0.5632649064064026,38,40,0
data_062,0,0.72939532995224,0.72939532995224,0.5778985023498535,38,40,0
data_062,0,0.7393696904182434,0.7393696904182434,0.5649895668029785,38,40,1
data_062,0,0.718964695930481,0.6588730812072754,0.5315250158309937,92,66,0
data_062,0,0.663124144077301,0.581813395023346,0.5650321245193481,92,66,0
data_062,1,0.7208433151245117,0.5427875518798828,0.5940959453582764,92,66,1
data_062,0,0.7107498049736023,0.7107498049736023,0.6700725555419922,40,38,0
data_062,0,0.877936840057373,0.877936840057373,0.512265682220459,40,38,0
data_062,0,0.9035062193870544,0.9035062193870544,0.5458328127861023,40,38,0
data_062,0,0.6916157007217407,0.6916157007217407,0.6082565188407898,58,66,0
data_062,0,0.6060324907302856,0.6060324907302856,0.5234924554824829,58,66,0
data_062,0,0.7407417297363281,0.6071648001670837,0.5445215106010437,58,66,0
data_063,0,0.8502190709114075,0.8502190709114075,0.6819838285446167,71,69,1
data_063,0,0.8170719146728516,0.8170719146728516,0.5145493745803833,71,69,0
data_063,0,0.7277501225471497,0.7277501225471497,0.4759807884693146,71,69,0
data_063,0,0.7759451866149902,0.7759451866149902,0.557866632938385,71,69,0
data_063,0,0.8240516185760498,0.6690908074378967,0.6733108758926392,128,78,0
data_063,0,0.7087046504020691,0.7087046504020691,0.5149211883544922,128,78,0
data_063,0,0.7458281517028809,0.7135132551193237,0.7166916131973267,128,78,0
data_063,0,0.7850199937820435,0.7620455622673035,0.6841580867767334,223,128,0
data_063,0,0.6807244420051575,0.6807244420051575,0.5310196280479431,223,128,0
data_063,0,0.6157407164573669,0.6157407164573669,0.4654172360897064,223,128,0
data_063,0,0.609483003616333,0.609483003616333,0.4443153440952301,76,78,0
data_063,0,0.7637762427330017,0.7637762427330017,0.510796844959259,76,78,0
data_063,0,0.8510016798973083,0.8510016798973083,0.5487605929374695,76,78,0
data_063,0,0.6563529372215271,0.6563529372215271,0.5353490710258484,78,76,1
data_063,1,0.7441230416297913,0.5666828751564026,0.7213942408561707,78,76,1
data_063,1,0.5820881724357605,0.5480852127075195,0.45317986607551575,78,76,1
data_064,0,0.9898855686187744,0.9898855686187744,0.7225084900856018,35,41,0
data_064,0,0.8609813451766968,0.8609813451766968,0.6283837556838989,35,41,0
data_064,0,0.7830955982208252,0.7830955982208252,0.7199108004570007,35,41,0
data_064,0,0.7226571440696716,0.7226571440696716,0.5499863624572754,83,63,0
data_064,0,0.7850646376609802,0.7850646376609802,0.46041131019592285,83,63,0
data_064,1,0.819586455821991,0.819586455821991,0.6605719327926636,83,63,1
data_064,0,0.6227105259895325,0.6227105259895325,0.45027396082878113,43,41,0
data_064,0,0.7557294964790344,0.7557294964790344,0.6155723929405212,43,41,0
data_064,0,0.8664652109146118,0.8539882898330688,0.606467068195343,41,43,0
data_064,0,0.7177978754043579,0.7177978754043579,0.4046862721443176,41,43,1
data_064,0,0.9322327971458435,0.9322327971458435,0.5812216401100159,16,14,0
data_064,0,0.7955411076545715,0.7792118191719055,0.5079193711280823,16,14,0
data_064,0,0.754923939704895,0.6094909906387329,0.5887320041656494,14,16,1
data_064,1,0.7057002186775208,0.4155041575431824,0.5592747926712036,14,16,1
data_064,0,0.7030963897705078,0.7030963897705078,0.6471083164215088,63,45,1
data_064,0,0.6548201441764832,0.6548201441764832,0.3683069050312042,63,45,0
data_064,0,0.7322711944580078,0.606450617313385,0.5353102684020996,45,43,1
data_064,0,0.8193296790122986,0.8193296790122986,0.5209966897964478,45,43,1
data_065,0,0.5886293053627014,0.5886293053627014,0.4797181487083435,54,48,1
data_065,1,0.6230894923210144,0.547722339630127,0.473990261554718,54,48,0
data_065,0,0.5506434440612793,0.42866209149360657,0.5506434440612793,54,48,1
data_065,0,0.7218459248542786,0.5946349501609802,0.5528993010520935,95,84,1
data_065,1,0.7547228932380676,0.6610778570175171,0.6687970757484436,95,84,1
data_065,0,0.6742495894432068,0.6742495894432068,0.5416973829269409,77,84,0
data_065,0,0.8114561438560486,0.8114561438560486,0.5276983976364136,77,84,0
data_065,1,0.7187404036521912,0.7187404036521912,0.6144182085990906,77,84,1
data_065,0,0.764636218547821,0.764636218547821,0.5576868653297424,42,48,0
data_065,0,0.7879845499992371,0.7879845499992371,0.6714759469032288,42,48,0
data_065,1,0.6879653930664062,0.6859808564186096,0.6151890754699707,84,77,0
data_065,0,0.8124942779541016,0.7264506220817566,0.6980547308921814,84,77,0
data_065,1,0.7758563756942749,0.6911343932151794,0.6819634437561035,48,42,1
data_065,1,0.6877795457839966,0.6447048187255859,0.5492090582847595,48,54,0
data_066,0,0.6409997940063477,0.6253795623779297,0.5145631432533264,75,80,0
data_066,0,0.6848155856132507,0.6848155856132507,0.5911960601806641,75,80,0
data_066,1,0.8313429355621338,0.7398569583892822,0.8313429355621338,75,80,1
data_066,1,0.6914198398590088,0.6551814675331116,0.6914198398590088,75,80,1
data_066,0,0.7034670114517212,0.7034670114517212,0.5808542966842651,80,75,0
data_066,0,0.6288936734199524,0.6288936734199524,0.5620651841163635,80,75,1
data_066,1,0.7482771873474121,0.7482771873474121,0.7253566384315491,80,75,1
data_066,0,0.771949052810669,0.771949052810669,0.6865706443786621,80,75,0
data_066,0,0.7470537424087524,0.6602092981338501,0.6747373342514038,15,75,0
data_066,0,0.7094163298606873,0.6033233404159546,0.6455316543579102,15,75,0
data_066,1,0.7235791683197021,0.7235791683197021,0.6024526357650757,145,206,0
data_066,1,0.7280408143997192,0.5576165914535522,0.7280408143997192,145,206,1
data_066,0,0.8541760444641113,0.8541760444641113,0.61539626121521,227,206,0
data_066,0,0.7107508182525635,0.6901715993881226,0.6529302597045898,227,206,0
data_066,1,0.6294195652008057,0.6093258261680603,0.6294195652008057,227,206,0
data_066,0,0.6342126131057739,0.6342126131057739,0.5062432289123535,227,206,0
data_067,0,0.7702410221099854,0.7702410221099854,0.57155841588974,49,51,0
data_067,0,0.7442039251327515,0.7442039251327515,0.6893110275268555,49,51,0
data_067,0,0.7218343019485474,0.7218343019485474,0.5541978478431702,49,51,0
data_067,0,0.7774790525436401,0.7774790525436401,0.7277688384056091,49,51,0
data_067,0,0.8153674602508545,0.8153674602508545,0.6177889704704285,49,51,0
data_067,0,0.6773340106010437,0.5768253207206726,0.6500449180603027,51,49,1
data_067,0,0.5807862877845764,0.557267427444458,0.5807862877845764,51,49,1
data_067,0,0.7581904530525208,0.7026481032371521,0.6846213340759277,51,49,0
data_067,0,0.7445101737976074,0.6489827632904053,0.7102214097976685,51,49,1
data_067,0,0.7583861947059631,0.6153470277786255,0.31309303641319275,35,22,0
data_067,0,0.7647882103919983,0.5296986103057861,0.34641894698143005,35,22,0
data_067,0,0.7175222039222717,0.5426483750343323,0.5333370566368103,35,22,0
data_067,0,0.6780926585197449,0.6780926585197449,0.4523370563983917,22,11,0
data_067,1,0.6474213600158691,0.45303428173065186,0.5566005110740662,22,11,1
data_067,0,0.7243639230728149,0.6925376653671265,0.3803342878818512,11,22,0
data_067,0,0.8161669969558716,0.8161669969558716,0.4305822551250458,11,22,0
data_067,0,0.8150277733802795,0.8150277733802795,0.4213157892227173,11,22,0
data_068,0,0.825348436832428,0.825348436832428,0.7202533483505249,137,116,0
data_068,0,0.8409262299537659,0.8409262299537659,0.6622927784919739,137,116,0
data_068,0,0.9924117922782898,0.9924117922782898,0.5744636058807373,137,116,0
data_068,0,0.6436823606491089,0.6436823606491089,0.44235819578170776,137,116,0
data_068,0,0.7916818261146545,0.7916818261146545,0.6327943801879883,137,116,0
data_068,0,0.7061190605163574,0.7061190605163574,0.6177288889884949,28,17,0
data_068,0,0.7818379998207092,0.7818379998207092,0.4109886884689331,28,17,0
data_068,0,0.789306104183197,0.789306104183197,0.5173767805099487,28,17,0
data_068,0,0.7918007373809814,0.6871470808982849,0.7299261093139648,48,28,0
data_068,0,0.8876085877418518,0.8876085877418518,0.6245557069778442,48,28,0
data_068,1,0.6884231567382812,0.6884231567382812,0.5230129957199097,48,28,0
data_068,0,0.8045361638069153,0.7972645163536072,0.6999329328536987,107,116,0
data_068,0,0.8391327857971191,0.8391327857971191,0.5560653209686279,107,116,0
data_068,0,0.740967869758606,0.740967869758606,0.6091954708099365,107,116,0
data_068,1,0.6563023924827576,0.6563023924827576,0.637902021408081,167,137,0
data_068,0,0.6965942978858948,0.6965942978858948,0.6235858798027039,167,137,0
data_068,0,0.8743410110473633,0.8743410110473633,0.7776232957839966,167,137,0
data_068,0,0.9033403396606445,0.9033403396606445,0.6434073448181152,70,48,0
data_068,0,0.6865090131759644,0.6865090131759644,0.5133265852928162,70,48,0
data_068,0,0.760646641254425,0.6595699787139893,0.5342870354652405,70,48,0
data_068,0,0.957805871963501,0.957805871963501,0.4928678274154663,17,28,0
data_068,0,0.7243506908416748,0.6240326166152954,0.5855100750923157,17,28,0
data_069,0,0.7422242760658264,0.7422242760658264,0.6479290127754211,53,40,1
data_069,1,0.7410861253738403,0.7410861253738403,0.6147961616516113,53,40,0
data_069,0,0.823152482509613,0.823152482509613,0.5074558258056641,53,40,0
data_069,0,0.8029724955558777,0.8029724955558777,0.6682459712028503,53,40,0
data_069,0,0.8979121446609497,0.8979121446609497,0.39540529251098633,30,25,0
data_069,0,0.8930538892745972,0.8930538892745972,0.33402174711227417,30,25,0
data_069,0,0.8006348013877869,0.8006348013877869,0.5455458164215088,30,25,0
data_069,0,0.8067010045051575,0.8067010045051575,0.6072829365730286,81,75,0
data_069,0,0.6115707159042358,0.5342540740966797,0.5108519196510315,81,75,0
data_069,0,0.7497851848602295,0.7448195815086365,0.6140046715736389,81,75,0
data_069,0,0.6764159202575684,0.6684308648109436,0.6570886373519897,75,81,0
data_069,0,0.7393743991851807,0.7393743991851807,0.6353662610054016,75,81,0
data_069,0,0.7060033679008484,0.6014914512634277,0.57978355884552,75,81,1
data_069,0,0.8687540292739868,0.8687540292739868,0.6110056638717651,40,30,0
data_069,0,0.8096393346786499,0.7405441403388977,0.7773966789245605,40,30,1
data_069,0,0.6923845410346985,0.6923845410346985,0.432902067899704,40,30,0
data_069,0,0.6548600792884827,0.6548600792884827,0.3780862092971802,25,30,0
data_069,0,0.7736073732376099,0.7736073732376099,0.7122880220413208,25,30,0
data_069,0,0.6235840916633606,0.5985226035118103,0.42101454734802246,25,30,0
data_070,0,0.7625308036804199,0.40899115800857544,0.5157225728034973,6,46,0
data_070,0,0.8788247108459473,0.17070452868938446,0.5856786966323853,6,46,0
data_070,0,0.6851644515991211,0.18529753386974335,0.439789742231369,6,46,0
data_070,0,0.6642009019851685,0.6534176468849182,0.6642009019851685,106,120,0
data_070,0,0.7071661353111267,0.7071661353111267,0.6560494303703308,106,120,0
data_070,0,0.6908596754074097,0.6908596754074097,0.609455943107605,106,120,0
data_070,0,0.699287474155426,0.699287474155426,0.5497862100601196,68,68,0
data_070,0,0.8492134809494019,0.8492134809494019,0.5468297600746155,68,68,0
data_070,0,0.9634320139884949,0.9634320139884949,0.635083019733429,68,68,0
data_070,0,0.6637986898422241,0.6637986898422241,0.6588833928108215,46,68,0
data_070,0,0.7755230665206909,0.7755230665206909,0.5271567702293396,46,68,0
data_070,0,0.6945329904556274,0.6559990644454956,0.6688047051429749,46,68,0
data_070,0,0.6550536751747131,0.6550536751747131,0.3868187665939331,82,68,0
data_070,0,0.807470977306366,0.807470977306366,0.7366316318511963,82,68,0
data_070,0,0.8596963882446289,0.8596963882446289,0.6372767090797424,82,68,0
data_070,0,0.6910252571105957,0.6910252571105957,0.5402957797050476,68,68,0
data_070,0,0.7635970711708069,0.7635970711708069,0.5585501194000244,68,68,0
data_070,0,0.6419013738632202,0.6419013738632202,0.4425859749317169,68,68,0
data_071,0,0.8117075562477112,0.8117075562477112,0.42940524220466614,97,117,0
data_071,0,0.8715898990631104,0.8715898990631104,0.56791090965271,97,117,0
data_071,0,0.692280113697052,0.692280113697052,0.6381744146347046,97,117,0
data_071,0,0.7996050715446472,0.7996050715446472,0.5039025545120239,97,117,0
data_071,0,0.6656020283699036,0.6628759503364563,0.5346970558166504,117,97,0
data_071,1,0.7885792851448059,0.6737425327301025,0.598667323589325,117,97,1
data_071,0,0.8292095065116882,0.8292095065116882,0.5056619644165039,117,97,0
data_071,0,0.784614622592926,0.784614622592926,0.579492449760437,117,97,1
data_071,0,0.6405911445617676,0.6405911445617676,0.5828449726104736,173,176,0
data_071,0,0.6669239401817322,0.6669239401817322,0.5148201584815979,173,176,0
data_071,0,0.7757646441459656,0.7757646441459656,0.6047109961509705,173,176,0
data_071,0,0.7293300032615662,0.6352584958076477,0.5884811282157898,173,176,0
data_071,0,0.7041885256767273,0.7041885256767273,0.6332881450653076,176,173,0
data_071,0,0.8380849361419678,0.8380849361419678,0.7856066823005676,176,173,0
data_071,0,0.764775812625885,0.764775812625885,0.6624113321304321,176,173,1
data_071,0,0.7558148503303528,0.6964128613471985,0.615787148475647,176,173,1
data_072,0,0.8159148097038269,0.8159148097038269,0.6336392760276794,49,48,0
data_072,0,0.8458797931671143,0.8458797931671143,0.8390502333641052,49,48,1
data_072,0,0.8327605724334717,0.8327605724334717,0.6142854690551758,49,48,0
data_072,0,0.712855339050293,0.712855339050293,0.4907483756542206,49,48,1
data_072,0,0.8952888250350952,0.8952888250350952,0.3387153744697571,73,81,0
data_072,0,0.8399033546447754,0.7968113422393799,0.6342782974243164,73,81,0
data_072,0,0.6581693887710571,0.6581693887710571,0.4653386175632477,73,81,1
data_072,0,0.838742196559906,0.838742196559906,0.5694267153739929,107,107,0
data_072,0,0.7953212261199951,0.7953212261199951,0.5596288442611694,107,107,0
data_072,0,0.7980294227600098,0.7980294227600098,0.5773434042930603,107,107,0
data_072,0,0.8390748500823975,0.8390748500823975,0.6881394386291504,107,107,0
data_072,0,0.6516559720039368,0.6516559720039368,0.44354382157325745,57,49,0
data_072,0,0.7582901120185852,0.7582901120185852,0.45610353350639343,57,49,0
data_072,0,0.6711866855621338,0.6711866855621338,0.38098999857902527,57,49,0
data_072,0,0.9636520743370056,0.9636520743370056,0.6793122291564941,92,95,0
data_072,0,0.7756617069244385,0.7756617069244385,0.5575156211853027,92,95,0
data_072,0,0.7564544081687927,0.7564544081687927,0.4788951277732849,92,95,0
data_072,0,0.8018501996994019,0.8018501996994019,0.41261547803878784,47,48,0
data_072,0,0.8824061751365662,0.8824061751365662,0.6108482480049133,47,48,0
data_072,0,0.7327264547348022,0.7327264547348022,0.5854387283325195,47,48,0
data_073,1,0.8123398423194885,0.7382579445838928,0.5496442317962646,63,60,1
data_073,0,0.7800639271736145,0.7800639271736145,0.6911085844039917,63,60,0
data_073,0,0.6749078631401062,0.6749078631401062,0.6139490604400635,63,60,0
data_073,0,0.6897068023681641,0.5884296894073486,0.4159572720527649,50,50,0
data_073,0,0.8412519693374634,0.8412519693374634,0.5155633687973022,50,50,0
data_073,0,0.7345114946365356,0.7061414122581482,0.6546950936317444,50,50,1
data_073,0,0.6897068023681641,0.4207528233528137,0.48803815245628357,21,43,0
data_073,0,0.8073530793190002,0.8073530793190002,0.6682536602020264,21,43,0
data_073,0,0.8332198262214661,0.8332198262214661,0.6263580918312073,21,43,0
data_073,0,0.8239220380783081,0.8239220380783081,0.6925012469291687,102,79,0
data_073,0,0.7681044936180115,0.7681044936180115,0.544949471950531,102,79,0
data_073,0,0.7025642395019531,0.7025642395019531,0.4330417811870575,102,79,0
data_073,0,0.8128852248191833,0.8128852248191833,0.666520357131958,60,63,0
data_073,0,0.7153326869010925,0.6864636540412903,0.6444284319877625,60,63,0
data_073,0,0.7661935687065125,0.6849956512451172,0.7661935687065125,60,63,0
data_073,0,0.774200439453125,0.6724367737770081,0.5938295125961304,128,102,1
data_073,0,0.7321925759315491,0.7098714709281921,0.6946060061454773,128,102,1
data_073,0,0.8176664113998413,0.8176664113998413,0.7355116605758667,128,102,0
data_073,0,0.8299043774604797,0.8299043774604797,0.6289291977882385,43,50,0
data_073,0,0.7412360310554504,0.7412360310554504,0.6827229261398315,43,50,0
data_073,1,0.7143135070800781,0.5316266417503357,0.3805696368217468,43,50,1
data_074,0,0.6116544604301453,0.5892877578735352,0.49691176414489746,38,40,0
data_074,0,0.6682826280593872,0.6317733526229858,0.6091883778572083,38,40,0
data_074,0,0.8082040548324585,0.8082040548324585,0.5282770991325378,38,40,0
data_074,0,0.6866216659545898,0.6866216659545898,0.4237489402294159,38,40,0
data_074,0,0.7143056988716125,0.7100597620010376,0.6744786500930786,38,40,0
data_074,0,0.8821684122085571,0.8821684122085571,0.7144467234611511,40,38,1
data_074,0,0.7874420285224915,0.7630223035812378,0.6418910622596741,40,38,0
data_074,0,0.8657199740409851,0.8657199740409851,0.51337730884552,40,38,0
data_074,0,0.6845337152481079,0.6362120509147644,0.4636443555355072,40,38,0
data_074,0,0.89490807056427,0.89490807056427,0.6749842166900635,46,47,0
data_074,0,0.8167620301246643,0.8167620301246643,0.5312933921813965,46,47,0
data_074,0,0.8248324394226074,0.8248324394226074,0.6309565305709839,46,47,0
data_074,0,0.8443424701690674,0.8443424701690674,0.44076424837112427,46,47,0
data_074,0,0.8722832798957825,0.8722832798957825,0.5630685687065125,54,53,0
data_074,0,0.7438263297080994,0.7438263297080994,0.48759329319000244,54,53,0
data_074,0,0.9325441718101501,0.9325441718101501,0.6828359961509705,54,53,0
data_074,0,0.8354767560958862,0.8354767560958862,0.737326443195343,53,54,0
data_074,0,0.6851900219917297,0.6818409562110901,0.5850658416748047,53,54,0
data_074,0,0.8433244228363037,0.8433244228363037,0.6716223955154419,53,54,0
data_074,0,0.8107917904853821,0.8107917904853821,0.7360402941703796,66,56,0
data_074,0,0.7526005506515503,0.7526005506515503,0.44203028082847595,66,56,0
data_074,0,0.7529077529907227,0.7351521849632263,0.6537513136863708,66,56,0
data_074,0,0.759580135345459,0.759580135345459,0.48273617029190063,56,54,0
data_074,0,0.6213768124580383,0.6044922471046448,0.6070321202278137,56,54,0
data_074,0,0.8740502595901489,0.6467617154121399,0.8740502595901489,56,54,0
data_075,0,0.7830777168273926,0.7830777168273926,0.7111274003982544,65,57,0
data_075,0,0.7271871566772461,0.7197641730308533,0.6467572450637817,65,57,0
data_075,0,0.7799588441848755,0.7514289021492004,0.6115887761116028,65,57,0
data_075,0,0.7875328660011292,0.7875328660011292,0.6343508958816528,30,31,0
data_075,0,0.8995428085327148,0.8995428085327148,0.4112899899482727,30,31,0
data_075,0,0.669792890548706,0.6423628926277161,0.6208029985427856,30,31,0
data_075,0,0.7626772522926331,0.7508549690246582,0.6585419178009033,32,31,1
data_075,0,0.7702595591545105,0.7702595591545105,0.3544006049633026,32,31,0
data_075,0,0.821056067943573,0.821056067943573,0.5013115406036377,32,31,0
data_075,0,0.8089317083358765,0.8089317083358765,0.639134407043457,21,20,0
data_075,0,0.7380619049072266,0.7380619049072266,0.6322116851806641,21,20,0
data_075,0,0.8191578388214111,0.6869749426841736,0.6722448468208313,21,20,0
data_075,0,0.7648450136184692,0.7648450136184692,0.46296459436416626,31,32,0
data_075,0,0.7272759675979614,0.7272759675979614,0.6501914262771606,31,32,0
data_075,0,0.8101869821548462,0.6839230060577393,0.6964258551597595,41,40,0
data_075,0,0.7495517730712891,0.6827870607376099,0.6958235502243042,41,40,0
data_075,0,0.6080578565597534,0.5167005658149719,0.44848427176475525,85,65,0
data_075,0,0.6953546404838562,0.6386013627052307,0.6953546404838562,85,65,0
data_075,0,0.6917779445648193,0.6917779445648193,0.5365028977394104,57,56,0
data_075,0,0.7228099703788757,0.7043952345848083,0.5331533551216125,57,56,0
data_075,0,0.7058326601982117,0.7058326601982117,0.46240970492362976,57,56,0
data_075,0,0.7455911636352539,0.7169538736343384,0.6744235157966614,40,41,0
data_075,0,0.5909780859947205,0.5819649696350098,0.5489017963409424,40,41,0
data_075,1,0.769829273223877,0.769829273223877,0.38170599937438965,20,21,1
data_075,0,0.7300673127174377,0.7300673127174377,0.5215895175933838,20,21,0
data_075,0,0.7482784390449524,0.6635198593139648,0.5000513792037964,46,45,0
data_075,0,0.7951858639717102,0.7951858639717102,0.5386621952056885,46,45,0
data_075,0,0.6940393447875977,0.6940393447875977,0.6072096228599548,26,30,0
data_075,0,0.66810142993927,0.6075246334075928,0.66810142993927,26,30,0
data_076,0,0.8149086236953735,0.8149086236953735,0.6355994343757629,93,89,0
data_076,0,0.7921255230903625,0.7921255230903625,0.5657057166099548,93,89,0
data_076,0,0.7594788670539856,0.7594788670539856,0.5279968976974487,93,89,0
data_076,0,0.7237440943717957,0.7237440943717957,0.6889533996582031,71,63,0
data_076,0,0.7417767643928528,0.7417767643928528,0.536751925945282,71,63,0
data_076,0,0.772241473197937,0.7190059423446655,0.696239709854126,104,93,0
data_076,0,0.6723883748054504,0.67112135887146,0.6296691298484802,104,93,0
data_076,0,0.7519806027412415,0.7519806027412415,0.6820099949836731,123,104,0
data_076,0,0.7527000308036804,0.7527000308036804,0.5922622680664062,123,104,0
data_076,0,0.6985056400299072,0.6665535569190979,0.6985056400299072,89,93,0
data_076,0,0.8104020357131958,0.8104020357131958,0.5629907846450806,89,93,0
data_076,0,0.7737608551979065,0.7737608551979065,0.6120203137397766,37,26,0
data_076,0,0.8149456977844238,0.8149456977844238,0.6017046570777893,37,26,0
data_076,0,0.5947816371917725,0.4667825400829315,0.4038676619529724,56,51,0
data_076,0,0.6129250526428223,0.5418499112129211,0.49709850549697876,56,51,0
data_076,0,0.7474937438964844,0.7456015348434448,0.6808261871337891,63,62,0
data_076,0,0.7401730418205261,0.7322924733161926,0.6083041429519653,63,62,0
data_076,0,0.7578155398368835,0.6894091367721558,0.6133254170417786,62,63,1
data_076,0,0.8223903775215149,0.8176628947257996,0.6784990429878235,62,63,0
data_077,0,0.8390224575996399,0.7543823719024658,0.6720385551452637,313,223,0
data_077,0,0.732549250125885,0.6690484881401062,0.6235557794570923,313,223,0
data_077,0,0.8753151297569275,0.8753151297569275,0.538722574710846,313,223,0
data_077,0,0.7074025273323059,0.7074025273323059,0.6202967762947083,313,223,0
data_077,0,0.8315456509590149,0.8315456509590149,0.7495919466018677,313,223,0
data_077,1,0.7209804654121399,0.6671338677406311,0.6252156496047974,133,212,0
data_077,0,0.8104257583618164,0.8104257583618164,0.6839715838432312,133,212,0
data_077,0,0.7749316692352295,0.7749316692352295,0.6784801483154297,133,212,0
data_077,0,0.702172577381134,0.702172577381134,0.5887184739112854,133,212,0
data_077,0,0.8229947686195374,0.8229947686195374,0.5601378679275513,133,212,0
data_077,0,0.6875550746917725,0.6321749687194824,0.6875550746917725,223,212,0
data_077,0,0.6964430809020996,0.5946300625801086,0.6964430809020996,223,212,0
data_077,0,0.8021815419197083,0.8021815419197083,0.6336992383003235,223,212,0
data_077,0,0.8004075884819031,0.7035927772521973,0.698370099067688,223,212,0
data_077,0,0.71349036693573,0.71349036693573,0.7045742869377136,223,212,1
data_078,0,0.7130292654037476,0.1373656690120697,0.5886675119400024,4,43,0
data_078,0,0.7893664836883545,0.02049257420003414,0.579110324382782,4,43,0
data_078,0,0.7230562567710876,0.22609780728816986,0.5106913447380066,4,43,0
data_078,0,0.6786047220230103,0.6423314213752747,0.5274080634117126,65,43,0
data_078,0,0.8659694194793701,0.8659694194793701,0.274120032787323,65,43,0
data_078,1,0.6790030598640442,0.6790030598640442,0.5123922824859619,65,43,1
data_078,0,0.8050563931465149,0.7148674726486206,0.6877225041389465,254,127,0
data_078,0,0.7536926865577698,0.7536926865577698,0.4236014783382416,254,127,1
data_078,0,0.673842191696167,0.673842191696167,0.6002421379089355,254,127,0
data_078,0,0.7151084542274475,0.7151084542274475,0.4507729113101959,123,122,0
data_078,0,0.7032808065414429,0.7032808065414429,0.6147162914276123,123,122,0
data_078,0,0.7018960118293762,0.7018960118293762,0.5276452302932739,123,122,1
data_078,0,0.5916903018951416,0.5884987711906433,0.5916903018951416,122,123,0
data_078,1,0.787450909614563,0.787450909614563,0.5134873390197754,122,123,0
data_078,0,0.6120525598526001,0.5200899243354797,0.3430030643939972,122,123,0
data_079,1,0.7760939598083496,0.7760939598083496,0.6888509392738342,128,108,1
data_079,0,0.6981752514839172,0.6981752514839172,0.6449583768844604,128,108,1
data_079,0,0.8041020631790161,0.8041020631790161,0.7275215983390808,107,108,0
data_079,0,0.8233799338340759,0.8233799338340759,0.6347432732582092,107,108,0
data_079,0,0.7083997130393982,0.6972953677177429,0.7083997130393982,107,108,0
data_079,0,0.7524107694625854,0.7524107694625854,0.6999799609184265,54,50,0
data_079,0,0.8726299405097961,0.8726299405097961,0.6955844163894653,54,50,0
data_079,0,0.7713834047317505,0.7474716305732727,0.6682313084602356,54,50,1
data_079,0,0.7206262946128845,0.7206262946128845,0.6070910692214966,28,28,0
data_079,0,0.8530359268188477,0.8530359268188477,0.4995333254337311,28,28,0
data_079,0,0.7201535105705261,0.6180142760276794,0.7055940628051758,50,49,1
data_079,0,0.7469469308853149,0.6436415314674377,0.5985110998153687,50,49,0
data_079,0,0.7763823866844177,0.7763823866844177,0.5081586241722107,50,49,0
data_079,0,0.7903226017951965,0.7903226017951965,0.513942539691925,47,46,0
data_079,0,0.7599553465843201,0.7599553465843201,0.5528549551963806,47,46,0
data_079,0,0.7398714423179626,0.703201413154602,0.5783072113990784,47,46,1
data_080,0,0.7920913100242615,0.7086760997772217,0.6602593064308167,31,31,0
data_080,1,0.7428406476974487,0.674465537071228,0.5936547517776489,31,31,1
data_080,0,0.780804455280304,0.780804455280304,0.6456479430198669,31,31,0
data_080,0,0.7607002258300781,0.7607002258300781,0.6533470153808594,31,31,0
data_080,1,0.7538994550704956,0.7095528244972229,0.7538994550704956,27,28,0
data_080,0,0.8168885111808777,0.8168885111808777,0.6097280979156494,27,28,0
data_080,0,0.8355679512023926,0.7066765427589417,0.6601844429969788,27,28,0
data_080,0,0.5980258584022522,0.5980258584022522,0.5909618735313416,31,31,0
data_080,0,0.7510365843772888,0.7510365843772888,0.6696686744689941,31,31,0
data_080,0,0.6506872177124023,0.6506872177124023,0.48715999722480774,31,31,0
data_080,0,0.7373623251914978,0.647237241268158,0.6989642381668091,28,28,0
data_080,0,0.7310424447059631,0.7310424447059631,0.632361888885498,28,28,0
data_080,0,0.7560374736785889,0.6643621921539307,0.7560374736785889,28,28,1
data_080,0,0.6572757959365845,0.6243901252746582,0.4032581150531769,28,28,0
data_080,0,0.8113772869110107,0.8113772869110107,0.5401910543441772,28,28,0
data_080,0,0.9284331202507019,0.9284331202507019,0.5562254190444946,30,30,0
data_080,0,0.748060941696167,0.748060941696167,0.615888237953186,30,30,0
data_080,0,0.8813078999519348,0.8813078999519348,0.5373748540878296,37,37,0
data_080,0,0.7747359871864319,0.7747359871864319,0.4540235698223114,37,37,0
data_080,0,0.845895528793335,0.845895528793335,0.5290887951850891,37,37,0
data_080,0,0.9431106448173523,0.9431106448173523,0.723160982131958,33,32,0
data_080,0,0.759014368057251,0.6554772853851318,0.45216241478919983,33,32,0
data_080,0,0.7361389994621277,0.6732979416847229,0.5883122086524963,24,23,0
data_080,0,0.7951688766479492,0.7951688766479492,0.5431725978851318,24,23,0
data_080,1,0.7788549065589905,0.7788549065589905,0.5523063540458679,24,23,1
data_080,0,0.8358176946640015,0.8358176946640015,0.46005845069885254,32,31,0
data_080,0,0.8477813601493835,0.8477813601493835,0.627004086971283,32,33,0
data_080,0,0.6805579662322998,0.6805579662322998,0.5395348072052002,32,31,0
data_081,0,0.6744146347045898,0.6744146347045898,0.5346421599388123,133,144,0
data_081,0,0.7922000288963318,0.6619576811790466,0.7430988550186157,133,144,0
data_081,1,0.8121406435966492,0.7009796500205994,0.7472936511039734,133,144,0
data_081,0,0.6633833050727844,0.6633833050727844,0.6216685175895691,133,144,0
data_081,0,0.6722344160079956,0.6657041907310486,0.5946675539016724,48,78,0
data_081,1,0.6492254734039307,0.6201665997505188,0.6492254734039307,48,78,1
data_081,0,0.7459772229194641,0.7093844413757324,0.6787863969802856,144,133,0
data_081,0,0.6830824613571167,0.63168865442276,0.6830824613571167,144,133,1
data_081,1,0.7344842553138733,0.7344842553138733,0.6685721278190613,144,133,1
data_081,0,0.6802757978439331,0.6802757978439331,0.49770158529281616,144,133,0
data_081,1,0.6692513227462769,0.6451636552810669,0.6692513227462769,173,144,0
data_081,0,0.797319769859314,0.797319769859314,0.6321903467178345,173,144,0
data_081,0,0.7460507750511169,0.7460507750511169,0.6270918250083923,173,144,0
data_081,0,0.7630676031112671,0.7289645671844482,0.5962238311767578,78,91,0
data_081,0,0.79579097032547,0.7037145495414734,0.6755878925323486,78,91,0
data_081,0,0.7199623584747314,0.7199623584747314,0.3597013056278229,78,91,0
data_082,1,0.6827330589294434,0.5834988355636597,0.5206759572029114,53,52,1
data_082,1,0.7435967922210693,0.7197537422180176,0.7195017337799072,53,52,0
data_082,0,0.7089752554893494,0.6800507307052612,0.5582279562950134,53,52,0
data_082,0,0.8081540465354919,0.8081540465354919,0.5863654613494873,41,42,0
data_082,0,0.7202004194259644,0.7202004194259644,0.4882798492908478,41,42,0
data_082,0,0.769429087638855,0.7256829142570496,0.7531538009643555,41,42,0
data_082,0,0.7931972146034241,0.7931972146034241,0.6062812805175781,103,58,0
data_082,0,0.719721257686615,0.7070029973983765,0.6172381043434143,103,58,0
data_082,0,0.6382649540901184,0.6382649540901184,0.5958501100540161,103,58,1
data_082,0,0.8382238745689392,0.8382238745689392,0.5064875483512878,58,55,0
data_082,0,0.6991128921508789,0.552500307559967,0.5799574851989746,58,55,1
data_082,0,0.806455671787262,0.5872814059257507,0.6209954619407654,58,55,1
data_082,0,0.7485325932502747,0.6757382750511169,0.7485325932502747,55,53,0
data_082,0,0.7325242161750793,0.7323959469795227,0.7325242161750793,55,53,0
data_082,1,0.7982190251350403,0.5646312236785889,0.5718293190002441,55,53,1
data_083,0,0.8063329458236694,0.8063329458236694,0.7600942850112915,50,44,0
data_083,0,0.7442375421524048,0.7442375421524048,0.6822927594184875,50,44,1
data_083,1,0.6538342833518982,0.6066545844078064,0.5339849591255188,41,40,1
data_083,1,0.7598393559455872,0.5558124780654907,0.7589123845100403,41,42,1
data_084,0,0.7469343543052673,0.7469343543052673,0.5489816069602966,89,87,0
data_084,0,0.6975567936897278,0.6975567936897278,0.6516271233558655,89,87,0
data_084,0,0.7673121690750122,0.7673121690750122,0.654515266418457,89,87,0
data_084,0,0.794758141040802,0.6759657263755798,0.6773192882537842,89,87,0
data_084,0,0.8518735766410828,0.8518735766410828,0.688589870929718,89,87,0
data_084,1,0.7861918210983276,0.6707983016967773,0.6023546457290649,21,22,1
data_084,1,0.86980140209198,0.5248793959617615,0.6042291522026062,21,22,1
data_084,1,0.6670255064964294,0.5270266532897949,0.4176884889602661,21,22,1
data_084,1,0.768227756023407,0.578342854976654,0.5662602186203003,21,22,1
data_084,1,0.6883248090744019,0.5823643207550049,0.6001378893852234,21,22,1
data_084,0,0.9470921754837036,0.9470921754837036,0.6229161024093628,87,89,0
data_084,0,0.6917374134063721,0.6668329834938049,0.6620997786521912,87,89,0
data_084,0,0.8145421743392944,0.8145421743392944,0.781380832195282,87,89,0
data_084,0,0.6806882619857788,0.6052584052085876,0.6674879789352417,87,89,1
data_084,0,0.6992928385734558,0.6992928385734558,0.5903822779655457,87,89,0
data_084,0,0.7985569834709167,0.7985569834709167,0.6466116309165955,96,97,0
data_084,0,0.6525635123252869,0.6130682229995728,0.5256032347679138,96,97,0
data_084,0,0.7346277236938477,0.6813035011291504,0.6113155484199524,96,97,0
data_084,0,0.7815775871276855,0.7212747931480408,0.6776566505432129,96,97,0
data_084,1,0.6950977444648743,0.6950977444648743,0.6365041732788086,96,97,1
data_084,0,0.7782965302467346,0.7554823756217957,0.6874906420707703,94,96,0
data_084,1,0.7746415138244629,0.7213611602783203,0.7746415138244629,94,96,1
data_084,0,0.6710627675056458,0.6166136860847473,0.6313835978507996,94,96,1
data_084,0,0.708225667476654,0.6892534494400024,0.6492070555686951,94,96,0
data_084,1,0.7164162397384644,0.6348233222961426,0.6717545390129089,94,96,1
data_085,0,0.9188742637634277,0.9188742637634277,0.6769136190414429,68,33,0
data_085,0,0.9000332951545715,0.7856162786483765,0.6861708760261536,68,33,0
data_085,0,0.7496669888496399,0.7496669888496399,0.46223312616348267,68,33,0
data_085,0,0.8546757102012634,0.85423743724823,0.7313953638076782,68,33,0
data_085,0,0.7654682993888855,0.7654682993888855,0.6105806231498718,68,33,0
data_085,0,0.7318019866943359,0.7318019866943359,0.6495298147201538,200,188,0
data_085,0,0.8784753680229187,0.8278290033340454,0.8784753680229187,200,188,0
data_085,0,0.8525155186653137,0.8525155186653137,0.7134668827056885,200,188,1
data_085,0,0.8038133978843689,0.8038133978843689,0.7320511341094971,200,188,0
data_085,0,0.7895744442939758,0.7895744442939758,0.6996411085128784,200,188,0
data_085,0,0.738820493221283,0.738820493221283,0.6774536371231079,188,200,0
data_085,0,0.7377285361289978,0.6845645904541016,0.7377285361289978,188,200,0
data_085,0,0.8627235889434814,0.8627235889434814,0.8108292818069458,188,200,0
data_085,0,0.8532158136367798,0.8532158136367798,0.7598220109939575,188,200,0
data_085,0,0.9481576681137085,0.9481576681137085,0.7117112874984741,188,200,0
data_085,0,0.7511692047119141,0.7242076992988586,0.6630887389183044,111,152,1
data_085,0,0.7390755414962769,0.7390755414962769,0.7091155648231506,111,152,0
data_085,0,0.7708953619003296,0.7223497629165649,0.6654579043388367,111,152,0
data_085,0,0.7793363332748413,0.743952751159668,0.7793363332748413,111,152,0
data_085,0,0.8136072754859924,0.8136072754859924,0.7973172664642334,111,152,0
data_085,0,0.8953385353088379,0.8953385353088379,0.671615481376648,33,29,0
data_085,0,0.803146243095398,0.803146243095398,0.6666510701179504,33,29,0
data_085,0,0.7867096662521362,0.7867096662521362,0.6270709037780762,33,29,0
data_085,0,0.7655290961265564,0.7655290961265564,0.7329537272453308,33,29,0
data_086,1,0.7723236083984375,0.6018288135528564,0.5427592396736145,101,105,1
data_086,0,0.8174556493759155,0.7504770159721375,0.5823776721954346,101,105,0
data_086,0,0.7923460602760315,0.6685748100280762,0.7923460602760315,90,101,0
data_086,0,0.6883291006088257,0.6883291006088257,0.6125265955924988,90,101,0
data_086,0,0.6580308675765991,0.6488269567489624,0.40823784470558167,32,9,0
data_086,0,0.7484515905380249,0.7013239860534668,0.5422830581665039,32,9,0
data_086,0,0.8418723940849304,0.8418723940849304,0.7136685848236084,77,65,0
data_086,0,0.7308819890022278,0.7308819890022278,0.617530882358551,77,65,0
data_086,0,0.7714817523956299,0.7714817523956299,0.6453902721405029,105,101,0
data_086,0,0.714593231678009,0.714593231678009,0.6034690141677856,105,101,0
data_087,0,0.8118476867675781,0.7356394529342651,0.5521912574768066,67,67,0
data_087,0,0.7669772505760193,0.6011393070220947,0.5810262560844421,67,67,1
data_087,0,0.5829818248748779,0.5829818248748779,0.3832431137561798,33,33,0
data_087,0,0.7976616621017456,0.7430436015129089,0.5816055536270142,33,33,0
data_087,0,0.7426002025604248,0.7426002025604248,0.555859386920929,33,33,0
data_087,1,0.6645519733428955,0.5768854022026062,0.5443208813667297,67,67,1
data_087,0,0.7462381720542908,0.7462381720542908,0.5729560852050781,67,67,1
data_087,1,0.6663698554039001,0.6663698554039001,0.5956096649169922,368,236,0
data_087,1,0.6792720556259155,0.6792720556259155,0.6411769986152649,368,236,1
data_087,0,0.7530972957611084,0.7447864413261414,0.7016364336013794,65,66,0
data_087,0,0.767223060131073,0.7445760369300842,0.5935232639312744,65,66,0
data_087,0,0.7806363701820374,0.7424221634864807,0.6202884912490845,66,67,0
data_087,0,0.6470709443092346,0.6074985861778259,0.6042742729187012,173,145,1
data_087,0,0.7735593318939209,0.6464579701423645,0.5902968049049377,173,145,0
data_088,1,0.6882383227348328,0.6574181914329529,0.6028087139129639,169,108,1
data_088,0,0.5890358686447144,0.5890358686447144,0.48538821935653687,169,108,0
data_088,0,0.7845728397369385,0.6351416110992432,0.6609196066856384,169,108,0
data_088,0,0.7460512518882751,0.6106491088867188,0.6315348744392395,169,108,0
data_088,0,0.6667969226837158,0.6667969226837158,0.54644376039505,169,108,0
data_088,0,0.7305087447166443,0.7305087447166443,0.4849514067173004,60,90,0
data_088,0,0.7734544277191162,0.7734544277191162,0.5538802742958069,60,90,0
data_088,0,0.838408887386322,0.838408887386322,0.5840687155723572,60,90,0
data_088,0,0.8307749629020691,0.8307749629020691,0.5935885310173035,105,108,0
data_088,0,0.5959328413009644,0.586951732635498,0.5290716290473938,105,108,0
data_088,0,0.7558225393295288,0.7165095210075378,0.6031103730201721,105,108,0
data_088,0,0.660078763961792,0.6334157586097717,0.4681536853313446,93,90,0
data_088,0,0.8117784857749939,0.8117784857749939,0.7183005213737488,93,90,0
data_088,1,0.6711732149124146,0.6711732149124146,0.4500407874584198,93,90,0
data_088,0,0.9120171666145325,0.9120171666145325,0.5988032221794128,108,105,1
data_088,0,0.7087945342063904,0.6603291034698486,0.6168166995048523,108,105,0
data_088,0,0.6839699745178223,0.6839699745178223,0.5666329264640808,108,105,1
data_089,0,0.7961426973342896,0.7961426973342896,0.5881314873695374,88,87,0
data_089,0,0.728520393371582,0.728520393371582,0.6939598321914673,88,87,0
data_089,0,0.7134672999382019,0.7134672999382019,0.6336585283279419,88,87,0
data_089,0,0.802325427532196,0.802325427532196,0.6039731502532959,88,87,0
data_089,0,0.8779535293579102,0.7573527693748474,0.5896176099777222,33,50,0
data_089,0,0.8132109045982361,0.8132109045982361,0.697453498840332,33,50,0
data_089,0,0.9191944599151611,0.9191944599151611,0.7467132210731506,33,50,0
data_089,0,0.7923221588134766,0.7923221588134766,0.4536292552947998,87,88,0
data_089,0,0.841528594493866,0.841528594493866,0.6923202276229858,87,88,0
data_089,0,0.8164896965026855,0.750141441822052,0.6405447125434875,87,88,0
data_089,0,0.7880280613899231,0.7880280613899231,0.5296587944030762,75,87,0
data_089,0,0.692425549030304,0.692425549030304,0.36840593814849854,75,87,0
data_089,0,0.8043927550315857,0.8043927550315857,0.6545934081077576,75,87,0
data_089,0,0.7152779698371887,0.7152779698371887,0.6356956958770752,13,33,0
data_089,0,0.8106951713562012,0.8106951713562012,0.6613289713859558,13,33,0
data_089,0,0.8086338043212891,0.8086338043212891,0.6664590239524841,50,33,0
data_089,1,0.7031970024108887,0.7031970024108887,0.670732319355011,50,33,1
data_089,0,0.7277277112007141,0.7277277112007141,0.5236419439315796,50,33,0
data_090,1,0.9268393516540527,0.7007272243499756,0.6486518383026123,91,86,1
data_090,0,0.7192107439041138,0.6575586199760437,0.7192107439041138,91,86,1
data_090,0,0.9901638627052307,0.9901638627052307,0.5798071026802063,86,91,0
data_090,0,0.8892697691917419,0.8892697691917419,0.544115424156189,86,91,0
data_090,0,0.7929487228393555,0.7929487228393555,0.6229875683784485,86,91,0
data_090,0,0.8502628207206726,0.8502628207206726,0.5901394486427307,101,91,0
data_090,0,0.9236699342727661,0.6937126517295837,0.5993854999542236,101,91,0
data_090,0,0.8383585214614868,0.8383585214614868,0.6032381653785706,101,91,0
data_090,0,0.8592528104782104,0.8352657556533813,0.7321792840957642,69,74,0
data_090,0,0.814838171005249,0.6721487641334534,0.6544634699821472,69,74,0
data_090,0,0.7926075458526611,0.7926075458526611,0.5408878326416016,60,69,0
data_090,0,0.8674954175949097,0.8674954175949097,0.5860635638237,60,69,0
data_090,0,0.6429250240325928,0.6429250240325928,0.5043258666992188,74,69,0
data_090,0,0.8374279141426086,0.8374279141426086,0.5240719318389893,74,69,0
data_090,0,0.7259814739227295,0.6396480798721313,0.45810556411743164,74,69,0
data_091,0,0.850127637386322,0.850127637386322,0.7624000906944275,52,52,0
data_091,0,0.6991299390792847,0.6991299390792847,0.6771504878997803,52,52,0
data_091,1,0.7926020622253418,0.7926020622253418,0.6895662546157837,52,52,0
data_091,0,0.7443163394927979,0.7443163394927979,0.5612126588821411,179,106,0
data_091,0,0.7755879759788513,0.7755879759788513,0.6918606162071228,179,106,0
data_091,0,0.7223140597343445,0.7223140597343445,0.5963964462280273,179,106,0
data_091,0,0.8914526700973511,0.8914526700973511,0.6764915585517883,75,68,0
data_091,0,0.7051832675933838,0.7051832675933838,0.4095859229564667,75,68,0
data_091,0,0.7166813015937805,0.6535897254943848,0.6324068903923035,75,68,0
data_091,0,0.5787155628204346,0.5787155628204346,0.540550708770752,47,51,0
data_091,0,0.7367048859596252,0.7367048859596252,0.7234715223312378,47,51,0
data_091,0,0.6261959075927734,0.5821920037269592,0.5701449513435364,47,51,0
data_091,0,0.6837882995605469,0.6653811931610107,0.5725178718566895,52,52,0
data_091,0,0.7506048679351807,0.6639713644981384,0.6256736516952515,52,52,0
data_091,0,0.8107720017433167,0.8107720017433167,0.6192315816879272,52,52,0
data_091,0,0.75126051902771,0.75126051902771,0.4723532795906067,23,30,0
data_091,0,0.6714219450950623,0.5617274641990662,0.4812377691268921,23,30,1
data_092,0,0.9157084822654724,0.9157084822654724,0.7589740753173828,103,87,0
data_092,0,0.8490661978721619,0.8490661978721619,0.5538451671600342,103,87,0
data_092,0,0.9804825186729431,0.9804825186729431,0.5916904807090759,103,87,0
data_092,0,0.8082520365715027,0.8082520365715027,0.5784074068069458,103,87,0
data_092,0,0.9765724539756775,0.9765724539756775,0.5846424698829651,69,70,0
data_092,0,0.7428420782089233,0.7428420782089233,0.7044544219970703,69,70,0
data_092,0,0.7513404488563538,0.6915683150291443,0.6730590462684631,69,70,1
data_092,1,0.7825344800949097,0.6081964373588562,0.6984123587608337,70,69,1
data_092,0,0.6474364995956421,0.6323230862617493,0.6474364995956421,70,69,0
data_092,0,0.6353574395179749,0.6353574395179749,0.6151278018951416,70,69,1
data_092,0,0.8911945819854736,0.8911945819854736,0.4985051453113556,83,83,0
data_092,0,0.9389013051986694,0.9389013051986694,0.44603168964385986,83,83,0
data_092,0,0.741664707660675,0.741664707660675,0.7280287742614746,83,83,0
data_092,0,0.6028521060943604,0.6028521060943604,0.39626070857048035,87,83,0
data_092,0,0.7641960382461548,0.7615208029747009,0.5786874890327454,87,83,0
data_092,0,0.6060819625854492,0.6060819625854492,0.4346908926963806,87,83,0
data_093,0,0.7845450639724731,0.7845450639724731,0.6505860090255737,65,103,0
data_093,0,0.8488887548446655,0.8488887548446655,0.5421389937400818,65,103,0
data_093,0,0.7377017140388489,0.7170978784561157,0.7377017140388489,65,103,0
data_093,0,0.8086739182472229,0.8086739182472229,0.6832118630409241,116,108,0
data_093,0,0.7464665174484253,0.7464665174484253,0.5677856206893921,116,108,0
data_093,0,0.7628490328788757,0.7628490328788757,0.5202506184577942,116,108,0
data_093,0,0.8788964748382568,0.8788964748382568,0.653980016708374,108,103,0
data_093,0,0.818111002445221,0.7571679353713989,0.7644200325012207,108,103,1
data_093,0,0.8114986419677734,0.8114986419677734,0.6564700603485107,108,103,0
data_093,0,0.8090846538543701,0.8090846538543701,0.7290870547294617,150,116,0
data_093,0,0.6313597559928894,0.6313597559928894,0.5281899571418762,150,116,0
data_093,0,0.7325760722160339,0.7325760722160339,0.6707385182380676,150,116,0
data_094,1,0.8643680214881897,0.7754958271980286,0.8046467304229736,165,101,1
data_094,0,0.8169800639152527,0.8169800639152527,0.6788496971130371,165,101,0
data_094,0,0.8312932848930359,0.8309376835823059,0.8312932848930359,165,101,0
data_094,0,0.7307705283164978,0.721347451210022,0.5751317143440247,101,101,0
data_094,0,0.8396958708763123,0.8312384486198425,0.8014810681343079,101,101,1
data_094,0,0.9564899206161499,0.9564899206161499,0.7879729270935059,101,101,0
data_094,0,0.6873322129249573,0.6440436840057373,0.41956886649131775,25,21,0
data_094,0,0.6944339275360107,0.688205897808075,0.3698197305202484,25,21,0
data_094,1,0.8797039985656738,0.8744160532951355,0.8487902879714966,101,101,1
data_094,0,0.8556300401687622,0.8274544477462769,0.8556300401687622,101,101,1
data_094,0,0.6906296610832214,0.551555871963501,0.6906296610832214,101,101,1
data_095,0,0.6287274360656738,0.5840243697166443,0.5719121694564819,60,57,0
data_095,0,0.816228985786438,0.816228985786438,0.7096972465515137,60,57,0
data_095,0,0.7829492688179016,0.7705748081207275,0.7474867701530457,60,57,0
data_095,0,0.7112632989883423,0.7112632989883423,0.6515250205993652,60,57,0
data_095,0,0.8273295760154724,0.8273295760154724,0.6201993823051453,52,57,0
data_095,0,0.7520686984062195,0.7520686984062195,0.5402284264564514,52,57,0
data_095,0,0.7947484850883484,0.7947484850883484,0.4826672077178955,52,57,0
data_095,0,0.7837422490119934,0.7837422490119934,0.7617046236991882,65,60,0
data_095,0,0.7130758166313171,0.7130758166313171,0.45448869466781616,65,60,0
data_095,0,0.7880073189735413,0.7880073189735413,0.6897544264793396,65,60,0
data_095,0,0.8475394248962402,0.8475394248962402,0.4777069389820099,71,65,0
data_095,0,0.8007397651672363,0.8007397651672363,0.6960932016372681,71,65,0
data_095,0,0.86796635389328,0.86796635389328,0.47312602400779724,71,65,0
data_095,0,0.7800060510635376,0.7800060510635376,0.5189754366874695,57,60,0
data_095,0,0.669279932975769,0.669279932975769,0.4813939929008484,57,60,0
data_095,0,0.7808432579040527,0.7683677673339844,0.6907485723495483,57,60,0
data_095,0,0.9229407906532288,0.9229407906532288,0.7674070000648499,82,71,0
data_095,0,0.7196519374847412,0.7196519374847412,0.6146688461303711,82,71,0
data_095,0,0.8711397647857666,0.8711397647857666,0.7867674231529236,82,71,0
data_096,0,0.8216745853424072,0.7631857395172119,0.7636396884918213,196,155,0
data_096,0,0.8173701763153076,0.8173701763153076,0.6588532328605652,196,155,0
data_096,0,0.7641669511795044,0.7641669511795044,0.6587015986442566,196,155,0
data_096,0,0.7763805389404297,0.7309223413467407,0.6934223175048828,155,155,0
data_096,0,0.7561248540878296,0.7561248540878296,0.6715384125709534,155,155,0
data_096,0,0.7830696105957031,0.7830696105957031,0.5329636335372925,155,155,0
data_096,0,0.8528071045875549,0.8331435918807983,0.7556040287017822,120,144,0
data_096,0,0.7902573347091675,0.7721970081329346,0.7423778176307678,120,144,0
data_096,0,0.8850162029266357,0.8850162029266357,0.689045250415802,120,144,0
data_096,0,0.7603294253349304,0.6966503858566284,0.6154866814613342,144,155,0
data_096,0,0.6613689064979553,0.5874488949775696,0.49509263038635254,144,155,0
data_096,1,0.6562623381614685,0.5434755682945251,0.5076821446418762,144,155,1
data_096,0,0.700556755065918,0.700556755065918,0.6066937446594238,60,62,0
data_096,0,0.8899903297424316,0.8899903297424316,0.7442087531089783,60,62,0
data_096,0,0.7889610528945923,0.6514650583267212,0.7344886064529419,60,62,0
data_096,0,0.8704851865768433,0.8704851865768433,0.6882266402244568,95,120,0
data_096,0,0.8750678300857544,0.8493242263793945,0.7844526767730713,95,120,1
data_096,0,0.7761427760124207,0.7761427760124207,0.7613905072212219,95,120,0
data_097,0,0.7463682293891907,0.7455347776412964,0.694417417049408,62,84,0
data_097,0,0.7612367272377014,0.7612367272377014,0.6880588531494141,62,84,0
data_097,0,0.7374982833862305,0.7374982833862305,0.560256838798523,62,84,0
data_097,1,0.8517995476722717,0.6486392021179199,0.7046947479248047,84,101,1
data_097,0,0.6937666535377502,0.6605620980262756,0.6247694492340088,84,101,1
data_097,1,0.7595529556274414,0.6075478792190552,0.6349683403968811,84,101,1
data_097,0,0.7984493970870972,0.7984493970870972,0.6319268345832825,101,84,0
data_097,0,0.7696450352668762,0.7696450352668762,0.6940059065818787,101,84,0
data_097,1,0.7836155891418457,0.6288135647773743,0.5088794231414795,206,220,1
data_097,1,0.6827784180641174,0.6827784180641174,0.5874630808830261,206,220,1
data_097,1,0.8849524855613708,0.6091471910476685,0.48137301206588745,206,220,1
data_097,0,0.8313368558883667,0.8313368558883667,0.7820481657981873,148,101,0
data_097,0,0.7326474189758301,0.7326474189758301,0.6036859750747681,148,101,0
data_098,0,0.776043176651001,0.6868376135826111,0.45015376806259155,52,54,1
data_098,0,0.8151156902313232,0.8151156902313232,0.6557232141494751,52,54,0
data_098,0,0.7609730362892151,0.7474398612976074,0.6371954083442688,52,54,1
data_098,0,0.8754666447639465,0.8754666447639465,0.679198682308197,42,46,0
data_098,0,0.7141254544258118,0.7141254544258118,0.6033427715301514,42,46,0
data_098,0,0.8058268427848816,0.8058268427848816,0.5326453447341919,42,46,0
data_098,1,0.8060857057571411,0.7507086396217346,0.5352119207382202,49,46,1
data_098,0,0.7107845544815063,0.7107845544815063,0.6720994710922241,49,46,0
data_098,0,0.698311984539032,0.698311984539032,0.573248028755188,49,46,0
data_098,0,0.7561901211738586,0.7561901211738586,0.7202732563018799,59,62,1
data_098,0,0.7354748249053955,0.6287155747413635,0.504835844039917,59,62,1
data_098,0,0.8083703517913818,0.8083703517913818,0.6248689889907837,59,62,0
data_098,0,0.8436324000358582,0.8436324000358582,0.5625635981559753,46,49,0
data_098,0,0.8333003520965576,0.8333003520965576,0.5149785876274109,46,49,0
data_098,0,0.7708178162574768,0.7708178162574768,0.5480779409408569,46,49,1
data_098,0,0.7161005139350891,0.7161005139350891,0.6394198536872864,24,30,0
data_098,0,0.8082532286643982,0.7319298982620239,0.6094409227371216,24,30,0
data_098,0,0.7456311583518982,0.6990903615951538,0.6370424628257751,30,24,0
data_098,0,0.8532664775848389,0.8532664775848389,0.704791784286499,30,24,0
data_098,0,0.719417929649353,0.719417929649353,0.5604085922241211,30,24,1
data_098,0,0.8160961270332336,0.8160961270332336,0.5289750099182129,54,52,0
data_098,0,0.7447277307510376,0.7447277307510376,0.5729615092277527,54,52,0
data_099,0,0.7244844436645508,0.6996809244155884,0.5252335667610168,22,18,0
data_099,0,0.7425335645675659,0.7235479950904846,0.3873526453971863,22,18,0
data_099,0,0.8044629693031311,0.22356286644935608,0.15868741273880005,1,1,0
data_099,0,0.7475535273551941,0.21514572203159332,0.3128526210784912,1,1,0
data_099,0,0.7752927541732788,0.7275844216346741,0.6433326601982117,104,75,0
data_099,0,0.8081713318824768,0.6660635471343994,0.7074788212776184,104,75,0
data_099,0,0.7890551090240479,0.7043424844741821,0.6010044813156128,75,69,0
data_099,0,0.6721475720405579,0.6721475720405579,0.5896852612495422,75,69,0
data_099,1,0.7858120799064636,0.6781612038612366,0.6927016973495483,147,104,1
data_099,1,0.784259557723999,0.5658120512962341,0.5477721691131592,147,104,1
data_099,0,0.781174898147583,0.781174898147583,0.4994862675666809,29,22,0
data_099,0,0.7798058986663818,0.7798058986663818,0.515289843082428,29,22,0
data_099,1,0.7640666365623474,0.5473618507385254,0.2943483889102936,4,4,1
data_100,0,0.8045450448989868,0.7556053996086121,0.4520018696784973,15,12,0
data_100,0,0.8076131939888,0.8076131939888,0.34428712725639343,15,12,0
data_100,0,0.7371674180030823,0.7336565852165222,0.4357600212097168,15,12,0
data_100,0,0.8168514966964722,0.8168514966964722,0.6106044054031372,15,12,0
data_100,0,0.6393609642982483,0.6393609642982483,0.5623289942741394,202,142,0
data_100,0,0.723540186882019,0.6472801566123962,0.5508174896240234,202,142,0
data_100,1,0.71048504114151,0.71048504114151,0.5129579305648804,202,142,1
data_100,0,0.7725645899772644,0.7725645899772644,0.5228840708732605,142,126,0
data_100,0,0.8357787728309631,0.8357787728309631,0.49856093525886536,142,126,0
data_100,0,0.7961439490318298,0.7961439490318298,0.5768311023712158,142,126,0
data_100,0,0.8960844278335571,0.8960844278335571,0.653442919254303,104,126,0
data_100,0,0.7448253035545349,0.7448253035545349,0.516472578048706,104,126,0
data_100,1,0.6919037103652954,0.6919037103652954,0.6510853171348572,104,126,1
data_100,0,0.9601559638977051,0.9601559638977051,0.40910086035728455,126,142,0
data_100,0,0.7797510027885437,0.7797510027885437,0.48577389121055603,126,142,0
data_100,0,0.881117045879364,0.881117045879364,0.7194740176200867,126,142,0
data_100,0,0.8772872090339661,0.8772872090339661,0.33006465435028076,10,11,0
data_100,0,0.7897863984107971,0.7897863984107971,0.520496129989624,10,11,0
data_101,0,0.6775626540184021,0.6775626540184021,0.45894962549209595,121,106,0
data_101,0,0.8552200198173523,0.8552200198173523,0.48070454597473145,121,106,0
data_101,0,0.6839925050735474,0.5771214962005615,0.5455626249313354,121,106,1
data_101,0,0.8281248211860657,0.8281248211860657,0.5071870684623718,121,106,0
data_101,0,0.8245502710342407,0.8245502710342407,0.5474830865859985,121,106,0
data_101,0,0.9004234671592712,0.9004234671592712,0.425870805978775,22,22,0
data_101,0,0.744381308555603,0.744381308555603,0.4831928014755249,22,22,0
data_101,0,0.8879343271255493,0.8879343271255493,0.3900241553783417,22,22,0
data_101,0,0.872349739074707,0.872349739074707,0.6926804780960083,47,47,0
data_101,1,0.7801945805549622,0.7801945805549622,0.5453701019287109,47,47,0
data_101,0,0.8128678202629089,0.685350775718689,0.6595131158828735,49,47,0
data_101,0,0.7317463755607605,0.7317463755607605,0.6821392774581909,49,47,0
data_101,0,0.6351203918457031,0.6351203918457031,0.4981619119644165,49,47,0
data_101,0,0.665876030921936,0.665876030921936,0.2719828486442566,25,22,0
data_101,1,0.7051982879638672,0.5805267691612244,0.38688141107559204,25,22,1
data_101,1,0.8052825927734375,0.5226479768753052,0.7414688467979431,25,22,0
data_101,0,0.6553994417190552,0.5250983238220215,0.6553994417190552,59,58,0
data_101,0,0.664761483669281,0.664761483669281,0.5037694573402405,59,58,0
data_101,0,0.7716299295425415,0.7249332070350647,0.4702248275279999,59,58,0
data_101,0,0.8229214549064636,0.68783038854599,0.5489891171455383,95,106,0
data_101,1,0.7900584936141968,0.6036238670349121,0.4850403070449829,95,106,1
data_101,1,0.7430658340454102,0.6637444496154785,0.7122030854225159,95,106,1
data_102,1,0.7399574518203735,0.4665225148200989,0.6186349391937256,11,28,1
data_102,0,0.7632110118865967,0.434711754322052,0.5155720710754395,11,28,0
data_102,0,0.784774899482727,0.5424976348876953,0.620936393737793,11,28,0
data_102,0,0.7374732494354248,0.7374732494354248,0.6020013689994812,131,152,0
data_102,0,0.7208147644996643,0.7208147644996643,0.6254242658615112,131,152,1
data_102,0,0.63042813539505,0.63042813539505,0.4981352686882019,131,152,0
data_102,0,0.910638689994812,0.910638689994812,0.717128574848175,91,75,0
data_102,0,0.8498737215995789,0.8498737215995789,0.6402623653411865,91,75,0
data_102,0,0.8083690404891968,0.8083690404891968,0.6203202605247498,91,75,0
data_102,0,0.8301771879196167,0.8301771879196167,0.42810386419296265,152,131,0
data_102,0,0.7825526595115662,0.7778322696685791,0.6481332182884216,152,131,0
data_102,0,0.7318233251571655,0.7318233251571655,0.5874373912811279,152,131,0
data_102,0,0.8318192958831787,0.8318192958831787,0.6033874750137329,69,75,0
data_102,0,0.8212549090385437,0.8212549090385437,0.616093635559082,69,75,0
data_102,0,0.8004087805747986,0.8004087805747986,0.5251772999763489,69,75,0
data_103,0,0.6355661153793335,0.6268169283866882,0.5715956091880798,638,216,0
data_103,0,0.7417570352554321,0.7417570352554321,0.6907097101211548,638,216,0
data_103,0,0.775677502155304,0.775677502155304,0.5374295115470886,638,216,0
data_103,0,0.6828319430351257,0.6828319430351257,0.5096889734268188,638,216,0
data_103,0,0.7015632390975952,0.6650678515434265,0.4359492361545563,638,216,0
data_103,1,0.7042760848999023,0.7042760848999023,0.38839900493621826,638,216,1
data_103,0,0.6795975565910339,0.5842181444168091,0.5825000405311584,47,47,0
data_103,0,0.7222765684127808,0.7222765684127808,0.36389145255088806,47,47,0
data_103,0,0.6980175971984863,0.6980175971984863,0.4775153696537018,47,47,0
data_103,0,0.7052015662193298,0.7052015662193298,0.3751055598258972,25,25,0
data_103,0,0.6423604488372803,0.6423604488372803,0.5235288739204407,25,25,0
data_103,0,0.7528331279754639,0.7528331279754639,0.38093438744544983,32,33,0
data_103,0,0.7027270197868347,0.7027270197868347,0.48556122183799744,32,33,0
data_103,0,0.6747063994407654,0.6322301030158997,0.5169649720191956,69,74,0
data_103,0,0.7046969532966614,0.6966481804847717,0.575823962688446,69,74,0
data_103,0,0.6943039894104004,0.6943039894104004,0.6047131419181824,45,47,0
data_103,0,0.8283430337905884,0.8283430337905884,0.4748137891292572,45,47,0
data_104,0,0.8526855111122131,0.8526855111122131,0.6277487277984619,66,66,0
data_104,0,0.8057421445846558,0.8057421445846558,0.5644088983535767,66,66,0
data_104,0,0.6249671578407288,0.6221712827682495,0.5436343550682068,66,66,0
data_104,0,0.8028610348701477,0.8028610348701477,0.561331570148468,157,103,0
data_104,1,0.6958507299423218,0.6958507299423218,0.5693627595901489,157,103,1
data_104,1,0.7745857238769531,0.7745857238769531,0.5496917366981506,157,103,1
data_104,0,0.9239912629127502,0.9239912629127502,0.5512123703956604,67,67,0
data_104,0,0.8000208735466003,0.8000208735466003,0.5213044881820679,67,67,0
data_104,0,0.7459604144096375,0.7357963919639587,0.536240816116333,67,67,0
data_104,0,0.7035627365112305,0.7035627365112305,0.46718090772628784,34,34,0
data_104,0,0.6895535588264465,0.678779661655426,0.4759161174297333,34,34,0
data_104,0,0.721366286277771,0.6943292617797852,0.5603470206260681,34,34,0
data_105,0,0.7593653202056885,0.7593653202056885,0.7375680208206177,147,115,0
data_105,0,0.8754618167877197,0.8754618167877197,0.7177910804748535,147,115,1
data_105,0,0.7369168996810913,0.6463059782981873,0.7369168996810913,147,115,0
data_105,0,0.859033465385437,0.859033465385437,0.6424542665481567,147,115,0
data_105,0,0.6758052110671997,0.6589656472206116,0.5985404253005981,147,115,0
data_105,0,0.863547146320343,0.863547146320343,0.5739679336547852,55,51,0
data_105,0,0.6456806659698486,0.6387202739715576,0.5855088829994202,55,51,0
data_105,0,0.8441718816757202,0.8441718816757202,0.4173242747783661,55,51,0
data_105,0,0.9352766871452332,0.9352766871452332,0.6301926374435425,55,51,0
data_105,0,0.814582109451294,0.814582109451294,0.620653510093689,67,55,0
data_105,0,0.8401056528091431,0.8401056528091431,0.6523431539535522,67,55,0
data_105,0,0.8123424649238586,0.7607648968696594,0.5934104323387146,67,55,0
data_105,1,0.8944178223609924,0.8944178223609924,0.7456299066543579,98,115,0
data_105,0,0.7356913089752197,0.7221385836601257,0.5883938670158386,98,115,0
data_105,0,0.7542800903320312,0.6195813417434692,0.7542800903320312,98,115,1
data_105,0,0.6601582765579224,0.6601582765579224,0.4724825918674469,51,55,0
data_105,0,0.8720781803131104,0.8720781803131104,0.5226496458053589,51,55,0
data_105,0,0.7950170040130615,0.7950170040130615,0.6589341759681702,51,55,1
data_105,0,0.7812609672546387,0.7812609672546387,0.5507424473762512,39,51,0
data_105,0,0.6439952254295349,0.6439952254295349,0.6059211492538452,39,51,0
data_106,0,0.7415915727615356,0.7338970303535461,0.6499906778335571,84,84,0
data_106,0,0.8359276056289673,0.8110408782958984,0.6925252079963684,84,84,0
data_106,0,0.7320844531059265,0.7130250930786133,0.6334267854690552,84,84,0
data_106,0,0.7065885663032532,0.7065885663032532,0.6153378486633301,84,84,0
data_106,0,0.787795901298523,0.640169620513916,0.5722081065177917,61,80,0
data_106,0,0.6770245432853699,0.6513685584068298,0.5443209409713745,61,80,0
data_106,0,0.7029399871826172,0.7029399871826172,0.582838237285614,61,80,0
data_106,0,0.7924507856369019,0.7924507856369019,0.6215754151344299,461,136,0
data_106,1,0.7379040718078613,0.7303968667984009,0.6355816125869751,461,136,1
data_106,1,0.6688214540481567,0.6688214540481567,0.5712994337081909,461,136,1
data_106,1,0.5813104510307312,0.5813104510307312,0.4331342577934265,461,136,1
data_106,1,0.7530537843704224,0.6637885570526123,0.7530537843704224,135,136,1
data_106,1,0.7203426957130432,0.7203426957130432,0.5706984996795654,135,136,1
data_106,0,0.7698088884353638,0.7698088884353638,0.5736483931541443,135,136,0
data_107,0,0.7692347168922424,0.7692347168922424,0.6146611571311951,86,86,0
data_107,0,0.6381672620773315,0.6381672620773315,0.4922943115234375,86,86,0
data_107,0,0.696386456489563,0.696386456489563,0.6287254691123962,86,86,0
data_107,0,0.602944552898407,0.5840249061584473,0.4981885254383087,86,86,0
data_107,0,0.6952880620956421,0.6952880620956421,0.40069305896759033,88,86,0
data_107,0,0.7475419044494629,0.7475419044494629,0.5263360142707825,88,86,0
data_107,0,0.7660892605781555,0.7660892605781555,0.5184310078620911,88,86,1
data_107,1,0.6993463039398193,0.6737496852874756,0.6993463039398193,88,86,0
data_107,0,0.5813062787055969,0.5813062787055969,0.5443271398544312,71,70,0
data_107,0,0.7084605097770691,0.6963852047920227,0.6275732517242432,71,70,0
data_107,0,0.6590834259986877,0.6590834259986877,0.39069774746894836,71,70,0
data_107,1,0.606859564781189,0.5124350190162659,0.5127589106559753,172,139,1
data_107,1,0.7691743969917297,0.6129158735275269,0.5750644207000732,172,139,1
data_107,1,0.6254924535751343,0.47670307755470276,0.4525592029094696,172,139,1
data_108,0,0.7727808952331543,0.4384371340274811,0.4983578026294708,37,37,0
data_108,0,0.7917911410331726,0.40969118475914,0.365782231092453,37,37,0
data_108,0,0.826920211315155,0.7544265985488892,0.6308267712593079,53,49,0
data_108,0,0.6558018326759338,0.6558018326759338,0.5343930721282959,53,57,0
data_108,0,0.6999170780181885,0.5795515179634094,0.4372756779193878,53,49,1
data_108,0,0.6305566430091858,0.6037228107452393,0.6305566430091858,89,86,1
data_108,0,0.7834185361862183,0.5761433243751526,0.686738133430481,89,86,0
data_108,1,0.7419294118881226,0.48972147703170776,0.6683403253555298,89,86,1
data_108,0,0.6479859948158264,0.1903502196073532,0.4040345549583435,2,20,1
data_108,0,0.8217432498931885,0.3875371217727661,0.46008622646331787,2,20,0
data_108,1,0.8458089232444763,0.16794686019420624,0.40924394130706787,2,20,1
data_108,0,0.6512272953987122,0.553821325302124,0.5277625322341919,41,37,1
data_108,0,0.6671358346939087,0.6547700762748718,0.4681624174118042,41,37,0
data_108,1,0.6277352571487427,0.5129379034042358,0.5210059285163879,57,53,1
data_108,0,0.7392703890800476,0.7392703890800476,0.568204939365387,57,53,0
data_108,0,0.6308505535125732,0.6308505535125732,0.39674651622772217,57,53,0
data_109,0,0.8220553398132324,0.8064967393875122,0.5724363923072815,623,156,0
data_109,0,0.7175025343894958,0.6895179152488708,0.6196649670600891,623,156,1
data_109,0,0.6326442956924438,0.5347532629966736,0.6326442956924438,623,156,0
data_109,0,0.8152726292610168,0.8152726292610168,0.5336549878120422,623,156,0
data_109,1,0.813370406627655,0.7293092608451843,0.5534293055534363,156,130,1
data_109,0,0.5908588171005249,0.5351550579071045,0.41109102964401245,118,130,0
data_109,0,0.7402376532554626,0.7402376532554626,0.5210250020027161,118,130,0
data_109,0,0.7650420665740967,0.7650420665740967,0.5824941396713257,130,118,0
data_109,0,0.7164844274520874,0.7164844274520874,0.5237869620323181,130,118,0
data_110,0,0.921973705291748,0.921973705291748,0.6468428373336792,27,32,0
data_110,0,0.7812215089797974,0.7812215089797974,0.5325940847396851,27,32,0
data_110,0,0.6650099158287048,0.6077085733413696,0.5244827270507812,27,32,0
data_110,0,0.8874005079269409,0.8747603297233582,0.8874005079269409,69,73,0
data_110,0,0.8863367438316345,0.8863367438316345,0.6565117835998535,69,73,0
data_110,0,0.7720142602920532,0.7720142602920532,0.5254182815551758,69,73,0
data_110,0,0.7169221639633179,0.6499846577644348,0.5107987523078918,59,52,0
data_110,0,0.7615638971328735,0.631222128868103,0.507916271686554,59,52,0
data_110,0,0.7890363335609436,0.7890363335609436,0.6176905035972595,59,52,0
data_110,1,0.7366313338279724,0.7366313338279724,0.5553478002548218,115,124,1
data_110,0,0.8023239374160767,0.8023239374160767,0.6853505969047546,115,124,0
data_110,0,0.7043287754058838,0.7043287754058838,0.5600796341896057,115,124,0
data_110,0,0.7374117374420166,0.7237672209739685,0.650866687297821,32,27,0
data_110,0,0.7047803401947021,0.7047803401947021,0.47013601660728455,32,27,0
data_110,0,0.8312904238700867,0.8312904238700867,0.520993709564209,32,27,0
data_110,0,0.8467686772346497,0.7304922342300415,0.8029964566230774,124,115,1
data_110,1,0.778877317905426,0.7266009449958801,0.6517094969749451,124,115,1
data_110,0,0.7960032224655151,0.6311853528022766,0.7423718571662903,124,115,0
data_110,1,0.7429112195968628,0.19998520612716675,0.5660004615783691,9,27,1
data_110,1,0.7519977688789368,0.10707305371761322,0.5261398553848267,9,27,1
data_110,1,0.5966184735298157,0.2855074405670166,0.3831610381603241,9,27,1
data_110,0,0.9463682174682617,0.9463682174682617,0.47857269644737244,44,52,0
data_110,0,0.7834693193435669,0.7495090961456299,0.6084842681884766,44,52,0
data_110,0,0.7790911793708801,0.7380247712135315,0.6356561183929443,44,52,0
data_110,0,0.7987937331199646,0.6713213920593262,0.7987937331199646,52,59,1
data_110,0,0.7529375553131104,0.6065630912780762,0.572233259677887,52,59,0
data_110,0,0.6357900500297546,0.6142604947090149,0.43922555446624756,52,59,1
data_111,1,0.8281192183494568,0.27231791615486145,0.2734339237213135,2,2,1
data_111,1,0.8231408596038818,0.1626099795103073,0.1017652228474617,2,2,1
data_111,1,0.9836733341217041,0.26790186762809753,0.20738348364830017,2,2,1
data_111,1,0.9357183575630188,0.19311803579330444,0.1743854135274887,2,2,1
data_111,1,0.861367404460907,0.21407528221607208,0.18589307367801666,2,2,1
data_111,1,0.8955401182174683,0.18474780023097992,0.1584908813238144,2,2,1
data_111,1,0.8037248849868774,0.13477881252765656,0.16498826444149017,2,2,1
data_111,1,0.8145855665206909,0.08429890125989914,0.1374584585428238,2,2,1
data_111,1,0.858934760093689,0.20898930728435516,0.17215272784233093,2,2,1
data_111,1,0.9702326059341431,0.4145004153251648,0.40666431188583374,2,2,1
data_111,1,0.7933945655822754,0.18450242280960083,0.15930764377117157,2,2,1
data_111,1,0.7944039106369019,0.2276381403207779,0.19410400092601776,2,2,1
data_111,1,0.8348327875137329,0.4112088680267334,0.3734338581562042,2,2,1
data_111,1,0.9266694188117981,0.15892240405082703,0.16788236796855927,2,2,1
data_111,1,0.881260335445404,0.12524285912513733,0.1467183530330658,2,2,1
data_111,1,0.7081496119499207,0.2967980206012726,0.25672048330307007,2,2,1
data_112,0,0.7383191585540771,0.7383191585540771,0.44279244542121887,70,69,1
data_112,0,0.7680580019950867,0.690290629863739,0.4303640127182007,70,69,0
data_112,0,0.7563969492912292,0.682887852191925,0.5332791209220886,70,69,1
data_112,0,0.6938772797584534,0.6938772797584534,0.3523944914340973,60,58,0
data_112,0,0.7535620927810669,0.7535620927810669,0.38814806938171387,60,58,0
data_112,0,0.667491614818573,0.667491614818573,0.40728190541267395,60,58,0
data_112,0,0.6457906365394592,0.5151209235191345,0.48954159021377563,22,22,0
data_112,0,0.7246931195259094,0.7246931195259094,0.4644244909286499,22,22,0
data_112,0,0.7097346186637878,0.666679322719574,0.4204348027706146,22,22,0
data_112,0,0.6467640399932861,0.6009078025817871,0.5624834895133972,58,57,0
data_112,0,0.7297284603118896,0.7297284603118896,0.6770943999290466,58,57,1
data_112,0,0.7964884638786316,0.7964884638786316,0.450992614030838,16,16,0
data_112,0,0.7011897563934326,0.7011897563934326,0.3631070852279663,16,16,0
data_112,0,0.7497917413711548,0.7357025742530823,0.45393967628479004,16,16,0
data_112,0,0.7864745855331421,0.7864745855331421,0.7598419785499573,16,16,0
data_112,0,0.7268931269645691,0.6192936301231384,0.333516925573349,19,17,0
data_112,0,0.7813026309013367,0.7813026309013367,0.5610832571983337,19,17,0
data_112,0,0.7272642254829407,0.7272642254829407,0.4409058690071106,57,58,0
data_112,0,0.7839699983596802,0.7839699983596802,0.6349642276763916,57,58,0
data_113,0,0.7721482515335083,0.7721482515335083,0.6147480607032776,124,126,0
data_113,0,0.6804909110069275,0.6804909110069275,0.5179893970489502,124,126,0
data_113,0,0.7767060399055481,0.7767060399055481,0.6534285545349121,124,126,0
data_113,0,0.7586220502853394,0.7586220502853394,0.63885498046875,144,126,0
data_113,0,0.7753797173500061,0.7753797173500061,0.5704534649848938,144,126,1
data_113,0,0.7932636141777039,0.7932636141777039,0.6027628183364868,144,126,0
data_113,0,0.6325438618659973,0.6325438618659973,0.373555064201355,18,5,0
data_113,1,0.7695486545562744,0.4708500802516937,0.5642622113227844,18,5,0
data_113,0,0.6894046068191528,0.6894046068191528,0.5041356682777405,5,18,0
data_114,0,0.8485757112503052,0.6749134063720703,0.8388429284095764,26,26,0
data_114,0,0.7186537981033325,0.7186537981033325,0.39959096908569336,26,26,0
data_114,0,0.770415723323822,0.762626588344574,0.5320813059806824,26,26,0
data_114,0,0.8236857056617737,0.8236857056617737,0.511025071144104,83,76,0
data_114,0,0.8636876940727234,0.8636876940727234,0.6158903241157532,83,76,0
data_114,0,0.8744390606880188,0.8744390606880188,0.6207293272018433,83,76,0
data_114,1,0.7958988547325134,0.4679708778858185,0.38434648513793945,76,83,1
data_114,1,0.7875274419784546,0.7630545496940613,0.7560625672340393,76,83,1
data_114,0,0.793108344078064,0.7291473746299744,0.6076596975326538,76,83,1
data_114,0,0.8066006302833557,0.7159888744354248,0.7088413834571838,93,83,1
data_114,0,0.7134125232696533,0.7134125232696533,0.5549852252006531,93,83,0
data_114,0,0.8700228333473206,0.8700228333473206,0.4947581887245178,93,83,0
data_114,1,0.957714319229126,0.6972644925117493,0.5093238949775696,32,37,1
data_115,0,0.933966338634491,0.933966338634491,0.6412105560302734,132,186,0
data_115,0,0.8531754612922668,0.8531754612922668,0.5971153974533081,132,186,0
data_115,0,0.9077836871147156,0.9077836871147156,0.6559756398200989,132,186,0
data_115,1,0.7956053018569946,0.7377042770385742,0.7956053018569946,132,186,1
data_115,1,0.806455671787262,0.5994347333908081,0.5767592787742615,68,52,1
data_115,0,0.8225825428962708,0.6775461435317993,0.6157912611961365,68,52,1
data_115,0,0.7512390613555908,0.7512390613555908,0.615553081035614,294,249,0
data_115,0,0.7503123879432678,0.5328820943832397,0.6123272180557251,294,249,0
data_115,0,0.815121054649353,0.8121532201766968,0.815121054649353,205,186,0
data_115,0,0.8512489795684814,0.7899768948554993,0.6251630187034607,205,186,0
data_115,0,0.7363302111625671,0.7363302111625671,0.5092536807060242,20,22,0
data_115,0,0.7198895215988159,0.7198895215988159,0.5827928781509399,20,22,0
data_115,0,0.689577579498291,0.689577579498291,0.3822297751903534,16,20,0
data_115,0,0.7636456489562988,0.7636456489562988,0.49086785316467285,16,20,0
data_116,0,0.8124710917472839,0.8124710917472839,0.5928273797035217,333,97,0
data_116,0,0.6835215091705322,0.5417893528938293,0.2557685077190399,333,97,0
data_116,0,0.8446511626243591,0.8446511626243591,0.3809186816215515,333,97,0
data_116,0,0.7298046946525574,0.7298046946525574,0.4940266013145447,333,97,0
data_116,0,0.7856919765472412,0.7856919765472412,0.7684445977210999,333,97,0
data_116,0,0.7601481080055237,0.6454839706420898,0.5524686574935913,11,10,1
data_116,0,0.6234344840049744,0.6234344840049744,0.44442617893218994,11,10,0
data_116,0,0.7173648476600647,0.691768229007721,0.503814160823822,7,10,0
data_116,0,0.7877265810966492,0.6515086889266968,0.513188898563385,7,10,0
data_116,0,0.6674286127090454,0.6674286127090454,0.5666623115539551,65,61,0
data_116,0,0.8859272003173828,0.8859272003173828,0.7362465858459473,65,61,0
data_116,0,0.7989086508750916,0.7989086508750916,0.5821201801300049,65,61,0
data_116,0,0.7354260683059692,0.7354260683059692,0.5879330039024353,65,61,0
data_116,0,0.7820170521736145,0.7528514266014099,0.52521151304245,10,11,0
data_116,0,0.672519862651825,0.5307400226593018,0.672519862651825,10,11,1
data_116,0,0.6854649782180786,0.6854649782180786,0.5789365172386169,12,11,0
data_116,0,0.800517737865448,0.800517737865448,0.5089582204818726,12,11,0
data_116,0,0.679103434085846,0.679103434085846,0.19457626342773438,12,11,0
data_116,0,0.7044889330863953,0.6049408316612244,0.4984302520751953,42,32,0
data_116,0,0.722930908203125,0.722930908203125,0.49285411834716797,42,32,0
data_116,0,0.8760926723480225,0.8760926723480225,0.5620915293693542,17,12,0
data_116,0,0.7292400598526001,0.7165887951850891,0.4092511236667633,17,12,0
data_116,0,0.7413762807846069,0.7042734622955322,0.6381644606590271,55,61,0
data_116,0,0.698070228099823,0.6903423070907593,0.5594478249549866,55,61,0
data_117,0,0.9999997615814209,0.9999997615814209,0.6258442997932434,213,204,0
data_117,0,0.5726590752601624,0.5490466356277466,0.4623754024505615,213,204,0
data_117,0,0.7160748839378357,0.7160748839378357,0.6037400364875793,213,204,0
data_117,0,0.8815171122550964,0.8815171122550964,0.617111086845398,213,204,1
data_117,0,0.8688440322875977,0.8688440322875977,0.4046723544597626,15,31,0
data_117,0,0.9704037308692932,0.9704037308692932,0.5454124212265015,15,31,0
data_117,1,0.8858804702758789,0.8858804702758789,0.5997053980827332,118,179,1
data_117,0,0.7620912790298462,0.7620912790298462,0.5134519338607788,118,179,0
data_117,0,0.9519782066345215,0.9519782066345215,0.5313185453414917,118,179,0
data_117,0,0.6408607363700867,0.6141732335090637,0.5334896445274353,33,31,0
data_117,0,0.8802046775817871,0.8802046775817871,0.4228758215904236,33,31,0
data_117,0,0.8712033033370972,0.8712033033370972,0.6005780696868896,179,204,0
data_117,0,0.8165693283081055,0.8165693283081055,0.4074450433254242,179,204,0
data_117,0,0.8894898295402527,0.8894898295402527,0.42072734236717224,179,204,0
data_117,0,0.6042042970657349,0.6042042970657349,0.45078787207603455,204,213,0
data_117,0,0.8644497990608215,0.8644497990608215,0.5407426357269287,204,213,0
data_118,0,0.8441857099533081,0.8441857099533081,0.6060882806777954,303,123,0
data_118,0,0.8300644755363464,0.8300644755363464,0.6948320865631104,303,123,0
data_118,0,0.6177018880844116,0.6013452410697937,0.6177018880844116,303,123,0
data_118,0,0.587051510810852,0.587051510810852,0.44807231426239014,303,123,0
data_118,0,0.7417978048324585,0.7078070044517517,0.5548989176750183,303,123,0
data_118,0,0.7591148018836975,0.7591148018836975,0.41255179047584534,62,46,0
data_118,0,0.8441540002822876,0.8441540002822876,0.32372695207595825,62,46,0
data_118,0,0.6740425825119019,0.4818577170372009,0.40937095880508423,62,46,0
data_118,0,0.7428051233291626,0.5613199472427368,0.5049296617507935,37,38,0
data_118,0,0.687687873840332,0.5949581265449524,0.594298243522644,37,38,1
data_118,0,0.7211999893188477,0.652036190032959,0.47798749804496765,23,21,0
data_118,1,0.6348757743835449,0.6348757743835449,0.48055726289749146,23,21,1
data_118,0,0.7880811095237732,0.7880811095237732,0.5813397765159607,39,38,0
data_118,0,0.7030301690101624,0.6762102842330933,0.5645351409912109,39,38,0
data_118,0,0.763562798500061,0.7068703174591064,0.5863386988639832,21,23,0
data_118,0,0.6763482093811035,0.6763482093811035,0.5706258416175842,21,23,0
data_118,0,0.6217490434646606,0.5320450663566589,0.4599654972553253,21,23,0
data_119,0,0.8937600255012512,0.8937600255012512,0.5432238578796387,78,70,0
data_119,0,0.6795538663864136,0.6795538663864136,0.6501560807228088,78,70,0
data_119,0,0.7562295198440552,0.7562295198440552,0.5300943851470947,78,70,0
data_119,0,0.6556093096733093,0.6556093096733093,0.48408612608909607,78,70,0
data_119,0,0.9493061304092407,0.9493061304092407,0.6651470065116882,70,78,0
data_119,0,0.8218571543693542,0.8218571543693542,0.6140919923782349,70,78,0
data_119,0,0.8940054178237915,0.8940054178237915,0.5302801132202148,70,78,0
data_119,0,0.7043028473854065,0.6539050936698914,0.4900975823402405,70,78,1
data_119,0,0.7960739731788635,0.7244372367858887,0.7960739731788635,120,128,0
data_119,0,0.6982681751251221,0.6658991575241089,0.5842329263687134,120,128,0
data_119,0,0.639985203742981,0.5513185858726501,0.602817177772522,120,128,0
data_119,0,0.8203036189079285,0.8203036189079285,0.7371006011962891,139,128,0
data_119,0,0.6897634267807007,0.6625469923019409,0.5686081647872925,139,128,0
data_119,0,0.874950110912323,0.874950110912323,0.7015550136566162,139,128,0
data_119,0,0.6655654907226562,0.6467834115028381,0.4650976061820984,57,70,0
data_119,0,0.7447211146354675,0.7447211146354675,0.415540874004364,57,70,0
data_119,0,0.7433722019195557,0.5706004500389099,0.7027997374534607,24,57,0
data_119,0,0.7783975005149841,0.6781269311904907,0.7783975005149841,24,57,0
data_119,0,0.7610723972320557,0.6668760776519775,0.5488673448562622,254,139,0
data_119,0,0.7512826323509216,0.7512826323509216,0.6040706038475037,254,139,0
data_119,0,0.722840428352356,0.5939893126487732,0.6767491102218628,254,139,0
data_119,0,0.7845853567123413,0.7845853567123413,0.49726617336273193,254,139,0
data_120,1,0.8774486184120178,0.8774486184120178,0.4934626519680023,196,177,0
data_120,0,0.9285019040107727,0.9285019040107727,0.4476194977760315,196,177,0
data_120,0,0.864619791507721,0.864619791507721,0.4881037771701813,196,177,0
data_120,0,0.8570627570152283,0.8570627570152283,0.7226183414459229,196,177,0
data_120,1,0.7660192847251892,0.7660192847251892,0.6501662731170654,196,177,1
data_120,0,0.8633809089660645,0.8055222034454346,0.6846180558204651,177,165,0
data_120,0,0.6599515676498413,0.585743248462677,0.5625539422035217,177,165,0
data_120,0,0.7421911358833313,0.7421911358833313,0.629345715045929,177,165,0
data_120,0,0.6580690145492554,0.5622804760932922,0.5795176029205322,177,165,1
data_120,0,0.8375081419944763,0.8375081419944763,0.598575234413147,82,83,0
data_120,0,0.7475778460502625,0.7475778460502625,0.7109320759773254,82,83,0
data_120,0,0.8381150364875793,0.8381150364875793,0.6667957305908203,82,83,0
data_120,0,0.8085117936134338,0.8085117936134338,0.625389039516449,82,83,0
data_120,0,0.8617305755615234,0.8617305755615234,0.6713882684707642,82,83,0
data_120,0,0.6982582807540894,0.6864755749702454,0.42231714725494385,129,93,0
data_120,0,0.667138934135437,0.5758700370788574,0.3487413227558136,129,93,0
data_120,0,0.9065826535224915,0.9065826535224915,0.499873548746109,129,93,0
data_120,0,0.6818085312843323,0.678652286529541,0.6763490438461304,129,165,1
data_120,0,0.820508599281311,0.820508599281311,0.7281684279441833,83,82,0
data_120,0,0.7666728496551514,0.7666728496551514,0.6498273611068726,83,82,0
data_120,0,0.7723671197891235,0.7723671197891235,0.5802971124649048,83,84,0
data_120,0,0.7857553362846375,0.7857553362846375,0.5705788731575012,83,82,0
data_121,0,0.824752688407898,0.824752688407898,0.6761358380317688,106,137,0
data_121,0,0.7493447065353394,0.6556254625320435,0.6506535410881042,106,137,1
data_121,0,0.8140460252761841,0.8140460252761841,0.769263505935669,106,137,0
data_121,0,0.7797567844390869,0.7544184327125549,0.7614628076553345,106,137,0
data_121,0,0.909820020198822,0.909820020198822,0.48337748646736145,29,25,0
data_121,0,0.7127763032913208,0.7127763032913208,0.49372437596321106,29,25,0
data_121,0,0.6656192541122437,0.6656192541122437,0.6538930535316467,29,25,0
data_121,0,0.7510088086128235,0.7299261689186096,0.7510088086128235,29,25,0
data_121,0,0.725730836391449,0.725730836391449,0.5910035371780396,43,29,0
data_121,0,0.8632672429084778,0.8632672429084778,0.7485191226005554,43,29,0
data_121,0,0.8629375100135803,0.7296990156173706,0.5252729058265686,43,29,0
data_121,0,0.8252182006835938,0.8252182006835938,0.6186645030975342,43,29,0
data_121,0,0.8110349774360657,0.8110349774360657,0.5315331816673279,25,29,0
data_121,0,0.9474457502365112,0.9474457502365112,0.6100607514381409,25,29,0
data_121,0,0.8520309925079346,0.8520309925079346,0.6663826107978821,25,29,0
data_121,1,0.7054855823516846,0.6933918595314026,0.6137727499008179,25,29,1
data_121,0,0.7687169909477234,0.757079541683197,0.6774957776069641,137,106,0
data_121,0,0.674077033996582,0.6726836562156677,0.5780907869338989,137,106,1
data_121,1,0.7261515855789185,0.7261515855789185,0.6813541650772095,137,106,0
data_121,0,0.7605494856834412,0.7605494856834412,0.6728917956352234,137,106,1
data_122,0,0.8167873620986938,0.8167873620986938,0.5938857197761536,518,125,0
data_122,1,0.6064985394477844,0.6064985394477844,0.4839538037776947,518,125,1
data_122,0,0.8096096515655518,0.8096096515655518,0.6068435311317444,518,125,0
data_122,1,0.7749435901641846,0.70345139503479,0.7749435901641846,518,125,1
data_122,0,0.8796082735061646,0.7316725850105286,0.5506777167320251,64,63,0
data_122,0,0.7212146520614624,0.7050527930259705,0.6430992484092712,64,63,1
data_122,0,0.7254610657691956,0.7254610657691956,0.43561381101608276,89,110,0
data_122,0,0.640828013420105,0.640828013420105,0.34545743465423584,89,110,0
data_122,0,0.639971911907196,0.639971911907196,0.4518280029296875,89,110,0
data_122,0,0.5619046688079834,0.5582020878791809,0.3339914083480835,36,40,1
data_122,0,0.6917489171028137,0.6473448276519775,0.4142802059650421,36,40,0
data_123,0,0.794807493686676,0.794807493686676,0.7122924327850342,40,34,1
data_123,0,0.7995114922523499,0.5510233640670776,0.7109832763671875,40,34,0
data_123,0,0.7753835916519165,0.6020578145980835,0.6321120262145996,40,34,0
data_123,1,0.7794591784477234,0.7564196586608887,0.6111809015274048,171,191,1
data_123,0,0.8206493854522705,0.8206493854522705,0.507015585899353,171,191,0
data_123,0,0.8414323925971985,0.7983157634735107,0.683229923248291,171,191,1
data_123,0,0.8612366318702698,0.7007970809936523,0.7533584237098694,34,31,0
data_123,1,0.6850996017456055,0.4916350245475769,0.5445429682731628,34,31,1
data_123,0,0.7482213377952576,0.7099794149398804,0.7342182397842407,124,84,1
data_123,0,0.7587581276893616,0.7587581276893616,0.7091723680496216,124,84,0
data_123,0,0.7921169400215149,0.7560929656028748,0.7098105549812317,84,124,0
data_124,0,0.9037423133850098,0.8846611976623535,0.6150115132331848,142,121,0
data_124,0,0.7530003190040588,0.7530003190040588,0.4619999825954437,142,121,0
data_124,0,0.8971661329269409,0.8971661329269409,0.5469993352890015,142,121,0
data_124,0,0.7845630049705505,0.7845630049705505,0.5831049084663391,142,121,0
data_124,0,0.8336184024810791,0.8336184024810791,0.6381654739379883,142,121,0
data_124,0,0.8054287433624268,0.8054287433624268,0.5752561688423157,187,142,0
data_124,0,0.8866710662841797,0.8866710662841797,0.6129741072654724,187,142,0
data_124,1,0.8857106566429138,0.6953626871109009,0.8857106566429138,187,142,1
data_124,0,0.6396586894989014,0.5845773816108704,0.622260332107544,187,142,1
data_124,0,0.8033549189567566,0.6205021142959595,0.8033549189567566,187,142,0
data_124,0,0.6279594302177429,0.5095427632331848,0.6038650274276733,121,142,0
data_124,1,0.6355466842651367,0.6082218885421753,0.5837759971618652,121,142,1
data_124,0,0.7636386752128601,0.7636386752128601,0.4095512926578522,57,51,1
data_124,0,0.9199270009994507,0.9199270009994507,0.45342695713043213,57,51,0
data_125,0,0.8214109539985657,0.8214109539985657,0.6647486090660095,65,67,0
data_125,0,0.7965327501296997,0.7965327501296997,0.6729269027709961,65,67,1
data_125,0,0.9276172518730164,0.9276172518730164,0.7375158667564392,65,67,0
data_125,0,0.7490605711936951,0.6019282937049866,0.6369673609733582,65,67,1
data_125,0,0.888336718082428,0.888336718082428,0.7227072715759277,56,52,0
data_125,0,0.7813073396682739,0.7625336050987244,0.7813073396682739,56,52,0
data_125,0,0.7841928005218506,0.7841928005218506,0.5910977125167847,56,52,0
data_125,0,0.8535103797912598,0.8535103797912598,0.4951345920562744,56,52,0
data_125,0,0.7879549264907837,0.7879549264907837,0.7393614649772644,52,56,0
data_125,0,0.822008490562439,0.822008490562439,0.7460747361183167,52,56,0
data_125,0,0.7788147330284119,0.7739364504814148,0.7616333365440369,52,56,0
data_125,0,0.8368788957595825,0.8368788957595825,0.7381279468536377,89,67,0
data_125,0,0.8207270503044128,0.808794379234314,0.8207270503044128,89,67,0
data_125,0,0.8420320153236389,0.8420320153236389,0.6339296698570251,89,67,0
data_125,1,0.8142955899238586,0.7221038937568665,0.8142955899238586,67,65,0
data_125,0,0.7780506014823914,0.7780506014823914,0.5328102111816406,67,65,1
data_125,0,0.7962354421615601,0.7962354421615601,0.659358561038971,67,65,0
data_126,0,0.7828870415687561,0.7828870415687561,0.552412748336792,13,13,0
data_126,0,0.6867658495903015,0.5706652998924255,0.5528577566146851,13,13,0
data_126,0,0.6630144119262695,0.44583845138549805,0.2915448546409607,13,13,0
data_126,0,0.8581483364105225,0.8581483364105225,0.6030994653701782,66,67,0
data_126,0,0.6477012634277344,0.6477012634277344,0.3900327980518341,66,67,0
data_126,0,0.6351261138916016,0.6334448456764221,0.533068835735321,66,67,0
data_126,0,0.6911716461181641,0.6804807782173157,0.6103171706199646,66,67,0
data_126,0,0.6651431322097778,0.4895947575569153,0.626976728439331,88,93,1
data_126,0,0.7172919511795044,0.6353994607925415,0.5887673497200012,88,93,0
data_126,0,0.569534957408905,0.5682214498519897,0.4624224007129669,88,93,0
data_126,0,0.7530600428581238,0.6872882843017578,0.6656659245491028,48,43,0
data_126,0,0.727013349533081,0.727013349533081,0.4958159327507019,48,43,0
data_126,0,0.7014389038085938,0.6855251789093018,0.6094401478767395,48,43,1
data_126,0,0.6199125051498413,0.6199125051498413,0.619757890701294,93,94,0
data_126,0,0.6664699912071228,0.6636699438095093,0.5779811143875122,93,94,0
data_126,0,0.7110080718994141,0.6965968608856201,0.5694522261619568,93,94,0
data_126,0,0.7825332880020142,0.6103556752204895,0.6675000190734863,67,66,0
data_126,0,0.5117243528366089,0.4587929844856262,0.42631280422210693,67,68,0
data_126,1,0.653185248374939,0.6234305500984192,0.653185248374939,67,66,1
data_126,1,0.8034796118736267,0.572437584400177,0.6518340110778809,94,94,1
data_126,0,0.7068154811859131,0.7068154811859131,0.519172728061676,94,94,0
data_126,0,0.6569769382476807,0.6125473976135254,0.46513551473617554,68,67,0
data_126,1,0.7684188485145569,0.6775317192077637,0.5583239197731018,68,67,1
data_126,0,0.6936209201812744,0.6936209201812744,0.6185729503631592,68,67,0
data_126,0,0.6581685543060303,0.6581685543060303,0.5103910565376282,94,94,0
data_126,0,0.6565738320350647,0.6178935170173645,0.44433683156967163,94,94,0
data_126,0,0.7289943695068359,0.6699512600898743,0.4735507667064667,94,94,0
data_127,0,0.8286952972412109,0.6166715025901794,0.5001270174980164,16,17,0
data_127,0,0.8012556433677673,0.7681978344917297,0.5638068914413452,16,17,0
data_127,0,0.8525699377059937,0.7804392576217651,0.6660317778587341,16,17,0
data_127,0,0.8705030679702759,0.8705030679702759,0.5374954342842102,17,16,0
data_127,0,0.8121216297149658,0.8121216297149658,0.5249463319778442,17,16,0
data_127,0,0.6130220890045166,0.4922802448272705,0.5833259224891663,114,87,0
data_127,0,0.9747387766838074,0.9747387766838074,0.689516007900238,114,87,0
data_127,0,0.8860343098640442,0.8860343098640442,0.7738454937934875,114,87,0
data_127,0,0.819489061832428,0.819489061832428,0.6648746132850647,47,45,0
data_127,0,0.77205890417099,0.77205890417099,0.7355477809906006,47,45,1
data_127,0,0.7973679304122925,0.7973679304122925,0.6168428659439087,47,45,0
data_127,1,0.9129520058631897,0.5779841542243958,0.9129520058631897,39,42,1
data_127,1,0.8154628872871399,0.7210841178894043,0.7546164393424988,39,42,1
data_127,1,0.8713850378990173,0.6051109433174133,0.6788432002067566,45,47,1
data_127,1,0.7859267592430115,0.7816967368125916,0.770460844039917,45,47,1
data_128,0,0.8337112665176392,0.8337112665176392,0.4819701313972473,60,51,1
data_128,0,0.9731482863426208,0.9731482863426208,0.5853886008262634,60,51,0
data_128,0,0.794605553150177,0.794605553150177,0.49425962567329407,60,51,1
data_128,0,0.7735481262207031,0.7735481262207031,0.5849802494049072,87,90,0
data_128,0,0.9209941625595093,0.9209941625595093,0.5529292821884155,87,90,0
data_128,0,0.7172648906707764,0.7172648906707764,0.6505710482597351,87,90,0
data_128,0,0.7512251734733582,0.7512251734733582,0.5254400968551636,51,51,0
data_128,0,0.8350750207901001,0.8350750207901001,0.755050003528595,51,51,1
data_128,0,0.927057683467865,0.927057683467865,0.7420797944068909,51,51,0
data_128,0,0.9732469320297241,0.9732469320297241,0.6455410122871399,51,51,0
data_128,0,0.8301335573196411,0.8301335573196411,0.722091555595398,51,51,0
data_128,0,0.8105322122573853,0.789282500743866,0.7707021236419678,51,51,1
data_128,0,0.835378885269165,0.835378885269165,0.7582635283470154,51,51,0
data_128,0,0.808398962020874,0.808398962020874,0.7629663348197937,51,51,0
data_128,0,0.8589823246002197,0.7712022066116333,0.8589823246002197,51,51,0
data_128,0,0.8736234903335571,0.8736234903335571,0.7351532578468323,76,87,0
data_128,0,0.9147278070449829,0.9147278070449829,0.5060580372810364,76,87,0
data_128,0,0.8050230145454407,0.8050230145454407,0.7165824174880981,76,87,0
data_129,0,0.8325019478797913,0.8301817178726196,0.7474732398986816,64,61,0
data_129,0,0.7712500691413879,0.5046941637992859,0.5792523622512817,64,61,0
data_129,0,0.6626384854316711,0.6626384854316711,0.45731186866760254,64,61,0
data_129,0,0.7680615186691284,0.7124892473220825,0.754082202911377,64,61,1
data_129,0,0.891913115978241,0.891913115978241,0.7192186117172241,437,318,0
data_129,0,0.6982734203338623,0.6773125529289246,0.6111623048782349,437,318,0
data_129,0,0.8275560736656189,0.8275560736656189,0.5861337780952454,437,318,0
data_129,0,0.9380514025688171,0.9380514025688171,0.6400834321975708,437,318,0
data_129,0,0.7694290280342102,0.7685309052467346,0.6646905541419983,94,87,0
data_129,0,0.8085238933563232,0.8085238933563232,0.6769371628761292,94,87,0
data_129,0,0.820691704750061,0.733522355556488,0.6446553468704224,94,87,0
data_129,0,0.8307472467422485,0.6848932504653931,0.7802399396896362,109,94,0
data_129,0,0.9166355133056641,0.9166355133056641,0.645460307598114,109,94,0
data_129,0,0.7367070317268372,0.7076805233955383,0.7367070317268372,87,94,0
data_129,0,0.8681169152259827,0.6760337948799133,0.6756200790405273,87,94,0
data_130,1,0.8712739944458008,0.8712739944458008,0.5890023708343506,63,63,1
data_130,1,0.7607865929603577,0.5636956691741943,0.6442802548408508,63,63,1
data_130,1,0.9399733543395996,0.9399733543395996,0.627450168132782,63,63,1
data_130,1,0.7039374709129333,0.6111614108085632,0.656134843826294,105,100,1
data_130,1,0.77561354637146,0.6211395263671875,0.6981926560401917,105,100,1
data_130,0,0.960038959980011,0.5367646217346191,0.6272976994514465,100,105,1
data_130,1,0.6957883238792419,0.5960288047790527,0.5821865200996399,100,105,1
data_130,1,0.7655720114707947,0.5993449687957764,0.6406620144844055,100,105,1
data_130,1,0.7781529426574707,0.6066185832023621,0.4317467212677002,37,38,1
data_130,1,0.6868904829025269,0.6388759613037109,0.5738706588745117,37,38,1
data_131,1,0.7095682621002197,0.7095682621002197,0.5511741638183594,138,107,1
data_131,0,0.6935164332389832,0.6935164332389832,0.2477702647447586,138,107,0
data_131,0,0.892671525478363,0.892671525478363,0.5122353434562683,138,107,0
data_131,0,0.9515599608421326,0.9515599608421326,0.4325214922428131,138,107,0
data_131,0,0.8022366166114807,0.6897701025009155,0.670059859752655,107,82,0
data_131,0,0.7925233244895935,0.7925233244895935,0.734732985496521,107,82,0
data_131,0,0.741145133972168,0.741145133972168,0.6787878274917603,72,68,0
data_131,0,0.7500871419906616,0.7500871419906616,0.4290983974933624,72,68,1
data_131,0,0.8428053259849548,0.8428053259849548,0.6472321152687073,72,68,0
data_131,0,0.7949222326278687,0.7949222326278687,0.6661807894706726,68,72,0
data_131,0,0.7687552571296692,0.7687552571296692,0.7363705635070801,68,72,0
data_131,0,0.8457865715026855,0.8457865715026855,0.4327043890953064,14,14,0
data_132,0,0.8292921781539917,0.8292921781539917,0.5895313024520874,13,84,0
data_132,0,0.7451211810112,0.7142796516418457,0.7451211810112,13,84,0
data_132,0,0.8305968046188354,0.8305968046188354,0.5523213744163513,13,84,0
data_132,0,0.8611321449279785,0.6896016597747803,0.6589359045028687,121,108,0
data_132,0,0.8287445902824402,0.72623610496521,0.6549427509307861,121,108,0
data_132,1,0.8044765591621399,0.6206466555595398,0.7110649943351746,121,108,1
data_132,1,0.6109477877616882,0.6109477877616882,0.5115752220153809,198,121,0
data_132,0,0.744351327419281,0.744351327419281,0.6861114501953125,198,121,0
data_132,1,0.8419229984283447,0.8419229984283447,0.706039547920227,198,121,1
data_132,0,0.8977379202842712,0.8977379202842712,0.7278836369514465,88,84,0
data_132,0,0.8244318962097168,0.7939993143081665,0.8207180500030518,88,84,0
data_132,0,0.8246155381202698,0.8246155381202698,0.5468131899833679,88,84,0
data_132,0,0.8761523962020874,0.8761523962020874,0.6434696912765503,99,108,0
data_132,0,0.7027157545089722,0.6786732077598572,0.6238696575164795,99,108,0
data_132,1,0.7802098393440247,0.7128205299377441,0.7354055643081665,99,108,1
data_133,0,0.6314135193824768,0.5085055232048035,0.6314135193824768,48,51,0
data_133,0,0.7634552121162415,0.442253053188324,0.5564868450164795,48,51,0
data_133,0,0.7944760322570801,0.7015727758407593,0.7262976169586182,48,51,1
data_133,0,0.8489486575126648,0.7414531707763672,0.8489486575126648,48,51,0
data_133,0,0.758809506893158,0.7250665426254272,0.5784403085708618,62,59,0
data_133,1,0.6604478359222412,0.503736674785614,0.54851895570755,62,59,1
data_133,0,0.8235403299331665,0.6157083511352539,0.6422567367553711,62,59,1
data_133,0,0.7065967321395874,0.39438945055007935,0.5187518000602722,62,59,0
data_133,0,0.7014359831809998,0.672517716884613,0.4642847180366516,31,31,0
data_133,0,0.49426010251045227,0.3944278359413147,0.3926444351673126,31,31,0
data_133,0,0.6668617725372314,0.6099216341972351,0.6668617725372314,31,31,0
data_133,0,0.7891297936439514,0.7721063494682312,0.5936998128890991,31,31,0
data_133,0,0.711936354637146,0.6672805547714233,0.6537503004074097,31,31,0
data_133,0,0.6586427092552185,0.521851122379303,0.5992091298103333,31,31,1
data_133,0,0.6838697791099548,0.4537227749824524,0.49060487747192383,78,62,0
data_133,0,0.6423248052597046,0.6423248052597046,0.4895038604736328,78,94,0
data_133,0,0.745681881904602,0.5921049118041992,0.6028869152069092,78,94,0
data_133,0,0.6445966958999634,0.5429509878158569,0.4332338571548462,51,52,0
data_133,0,0.6202937960624695,0.6095927953720093,0.5984427332878113,51,52,0
data_133,1,0.6415682435035706,0.6415682435035706,0.5577050447463989,51,52,1
data_133,0,0.8287027478218079,0.8287027478218079,0.6634154915809631,12,31,0
data_133,0,0.6843607425689697,0.5074268579483032,0.5921196341514587,12,31,0
data_133,0,0.7324009537696838,0.6402291655540466,0.4861224889755249,12,31,0
data_133,0,0.6653202772140503,0.6059673428535461,0.49208882451057434,59,62,0
data_133,0,0.7932710647583008,0.7932710647583008,0.5213624835014343,59,62,0
data_133,1,0.636612057685852,0.6146823763847351,0.4673749804496765,59,62,1
data_133,0,0.6536210775375366,0.5958394408226013,0.3883454203605652,35,37,0
data_133,0,0.5644873976707458,0.5042374134063721,0.5644873976707458,35,37,0
data_133,1,0.6949887871742249,0.6013938784599304,0.36806344985961914,35,37,0
data_133,0,0.6847620010375977,0.6847620010375977,0.5855797529220581,38,37,0
data_133,0,0.5340141654014587,0.5091310739517212,0.5340141654014587,38,37,0
data_133,0,0.6709132790565491,0.5416584014892578,0.5153570771217346,38,37,0
data_133,0,0.7288765907287598,0.543734073638916,0.45787909626960754,37,38,0
data_133,0,0.8167991638183594,0.8167991638183594,0.6064187288284302,37,38,0
data_133,0,0.888161838054657,0.888161838054657,0.5605751872062683,52,51,0
data_133,0,0.6229351758956909,0.6229351758956909,0.4886222779750824,52,51,0
data_133,0,0.6413161158561707,0.6413161158561707,0.4990138113498688,52,51,1
data_134,0,0.7278481125831604,0.7278481125831604,0.7181257009506226,113,95,0
data_134,0,0.7220381498336792,0.6606168746948242,0.6391753554344177,113,95,0
data_134,0,0.9196321368217468,0.9196321368217468,0.6625702381134033,113,95,0
data_134,1,0.8461291193962097,0.8461291193962097,0.7399734854698181,113,95,1
data_134,0,0.8158487677574158,0.6845991611480713,0.5833908319473267,95,94,0
data_134,0,0.7589287757873535,0.7589287757873535,0.5109249949455261,95,94,0
data_134,0,0.8110865950584412,0.8110865950584412,0.5362455248832703,95,94,0
data_134,0,0.9338151216506958,0.9338151216506958,0.5790784358978271,95,94,0
data_134,0,0.9282445311546326,0.9282445311546326,0.775379478931427,60,83,0
data_134,0,0.7799538373947144,0.7799538373947144,0.4797147810459137,60,83,0
data_134,0,0.7365352511405945,0.7365352511405945,0.6811733841896057,60,83,0
data_134,0,0.7556508779525757,0.6323816180229187,0.7556508779525757,60,83,0
data_134,0,0.8605713248252869,0.8605713248252869,0.5058112740516663,83,94,0
data_134,0,0.9475948214530945,0.9475948214530945,0.4447929263114929,83,94,0
data_134,0,0.9172219038009644,0.9172219038009644,0.6477343440055847,83,94,0
data_134,0,0.6762775182723999,0.49944165349006653,0.6151024699211121,419,113,0
data_134,0,0.6860692501068115,0.6860692501068115,0.6021684408187866,419,113,1
data_134,0,0.9234704375267029,0.9234704375267029,0.7064850330352783,419,113,0
data_135,0,0.6886769533157349,0.6886769533157349,0.36615103483200073,42,35,0
data_135,0,0.7408860325813293,0.7408860325813293,0.5584359765052795,42,35,0
data_135,0,0.8181287050247192,0.8181287050247192,0.4877081513404846,42,35,0
data_135,0,0.886831521987915,0.886831521987915,0.5855071544647217,42,35,0
data_135,1,0.6819837689399719,0.6819837689399719,0.5550745129585266,75,75,0
data_135,0,0.7887301445007324,0.7887301445007324,0.7429887056350708,75,75,0
data_135,0,0.7120086550712585,0.6591086983680725,0.5915191769599915,75,75,0
data_135,0,0.9155805110931396,0.9155805110931396,0.6340892314910889,70,65,0
data_135,0,0.7852861285209656,0.6837192177772522,0.7684658169746399,70,75,0
data_135,0,0.7846810817718506,0.6524430513381958,0.5625107884407043,70,65,0
data_135,0,0.6708975434303284,0.6384445428848267,0.5486016869544983,35,42,0
data_135,0,0.8241783380508423,0.8241783380508423,0.6176326870918274,35,42,0
data_135,0,0.8388115167617798,0.7151100039482117,0.6095127463340759,35,42,0
data_135,0,0.8506065011024475,0.8506065011024475,0.5857315063476562,75,75,0
data_135,0,0.8268161416053772,0.8268161416053772,0.635478138923645,75,75,0
data_135,0,0.7839571833610535,0.7839571833610535,0.6961363554000854,75,75,1
data_135,0,0.77456134557724,0.77456134557724,0.6572890281677246,51,42,0
data_135,0,0.7197487950325012,0.7197487950325012,0.5781555771827698,51,42,0
data_135,0,0.9036182761192322,0.9036182761192322,0.6717417240142822,51,42,0
data_135,0,0.7267616391181946,0.6361254453659058,0.6882071495056152,118,122,0
data_135,0,0.5519870519638062,0.5275541543960571,0.521341860294342,118,122,0
data_135,0,0.644387423992157,0.5787085890769958,0.41874757409095764,118,122,0
data_135,0,0.7319557070732117,0.7082592248916626,0.613915205001831,65,70,0
data_135,0,0.865963876247406,0.865963876247406,0.6463546752929688,65,70,0
data_135,1,0.7960195541381836,0.7960195541381836,0.5426629185676575,65,70,0
data_136,0,0.8530299067497253,0.8129616975784302,0.6984239816665649,82,43,0
data_136,0,0.8756510615348816,0.821098268032074,0.6258640885353088,82,43,0
data_136,0,0.8157033920288086,0.8157033920288086,0.5788736343383789,82,43,1
data_136,1,0.867081880569458,0.7323595285415649,0.530615508556366,82,43,0
data_136,0,0.8628197312355042,0.8628197312355042,0.7940359115600586,19,23,0
data_136,0,0.8172628283500671,0.8172628283500671,0.5613502860069275,19,23,0
data_136,0,0.803505539894104,0.803505539894104,0.7532757520675659,19,23,0
data_136,0,0.9127392172813416,0.9127392172813416,0.3980722725391388,13,9,0
data_136,0,0.7155889272689819,0.7105697989463806,0.616899311542511,13,9,0
data_136,0,0.7207362651824951,0.7207362651824951,0.683124303817749,9,13,0
data_136,1,0.8613487482070923,0.6834458112716675,0.6712164282798767,9,13,1
data_136,0,0.6606200933456421,0.6248793601989746,0.39812222123146057,37,43,1
data_136,0,0.9272393584251404,0.9272393584251404,0.49499741196632385,37,43,0
data_136,0,0.8754624128341675,0.8754624128341675,0.4735570251941681,37,43,0
data_136,0,0.8688461184501648,0.8688461184501648,0.6477382183074951,37,43,0
data_136,0,0.8036617040634155,0.8036617040634155,0.8027912974357605,26,23,0
data_136,0,0.7782962918281555,0.7379235029220581,0.6282638907432556,26,23,0
data_136,0,0.8323675990104675,0.6398393511772156,0.6484923362731934,30,26,1
data_136,0,0.8586480021476746,0.8586480021476746,0.6620514988899231,30,26,0
data_136,0,0.5663042664527893,0.5663042664527893,0.4380129873752594,43,37,0
data_136,0,0.6752479672431946,0.5842136740684509,0.5249903202056885,43,37,0
data_137,0,0.7588171362876892,0.7588171362876892,0.6518011689186096,175,170,0
data_137,0,0.8273717761039734,0.8273717761039734,0.6456349492073059,175,170,0
data_137,0,0.7854697108268738,0.7854697108268738,0.6899909377098083,175,170,0
data_137,0,0.7616449594497681,0.7616449594497681,0.4932706356048584,31,37,0
data_137,0,0.7586162090301514,0.5510029792785645,0.6482155919075012,31,25,1
data_137,0,0.774141788482666,0.7571834325790405,0.774141788482666,170,175,0
data_137,0,0.7506681680679321,0.7506681680679321,0.6758955121040344,170,175,1
data_137,0,0.632567822933197,0.632567822933197,0.5899031162261963,170,175,0
data_137,1,0.750093936920166,0.750093936920166,0.41617801785469055,37,31,0
data_137,0,0.8228669762611389,0.8228669762611389,0.5414024591445923,37,31,0
data_137,0,0.7939313650131226,0.5863397717475891,0.6518663167953491,37,31,1
data_137,0,0.6880913376808167,0.6641587615013123,0.5130298137664795,17,21,1
data_137,0,0.8036420345306396,0.8036420345306396,0.5305845737457275,25,21,0
data_137,0,0.599005401134491,0.5740696787834167,0.5638863444328308,25,21,0
data_137,0,0.8101506233215332,0.8101506233215332,0.6256726384162903,21,17,0
data_137,0,0.7194151878356934,0.6912087798118591,0.6576153635978699,21,25,0
data_138,0,0.8502156734466553,0.8492027521133423,0.8502156734466553,193,130,0
data_138,0,0.6715933084487915,0.6715933084487915,0.6130265593528748,193,130,0
data_138,0,0.7010431289672852,0.6696212887763977,0.7010431289672852,193,130,0
data_138,0,0.8180994391441345,0.8180994391441345,0.4785568118095398,193,130,0
data_138,1,0.746646523475647,0.746646523475647,0.6675873398780823,193,130,1
data_138,0,0.7482250928878784,0.7482250928878784,0.5950217247009277,32,130,0
data_138,0,0.720543384552002,0.720543384552002,0.6398938298225403,32,130,0
data_138,0,0.6724879145622253,0.4775540828704834,0.6235837936401367,32,130,0
data_138,0,0.8247278332710266,0.8168802261352539,0.8247278332710266,32,130,0
data_139,0,0.8297946453094482,0.7720320820808411,0.6899428963661194,49,48,0
data_139,0,0.7277707457542419,0.7277707457542419,0.6956636309623718,49,48,0
data_139,0,0.8068742156028748,0.6941635012626648,0.6725736856460571,49,48,0
data_139,0,0.709882378578186,0.5359007716178894,0.709882378578186,48,49,0
data_139,0,0.6908227801322937,0.6908227801322937,0.6603394746780396,48,49,0
data_139,1,0.7070905566215515,0.5565457940101624,0.6678506731987,48,49,1
data_139,0,0.744340717792511,0.7405652403831482,0.6309664249420166,45,48,0
data_139,0,0.7357721328735352,0.7186535596847534,0.616314709186554,45,48,1
data_139,0,0.7183462381362915,0.6551690101623535,0.6638402342796326,45,48,1
data_139,0,0.761406660079956,0.761406660079956,0.5307511687278748,32,31,0
data_139,0,0.7206880450248718,0.652908444404602,0.6026500463485718,32,31,0
data_139,1,0.6883946061134338,0.6883946061134338,0.5325261950492859,32,31,1
data_139,0,0.726415753364563,0.726415753364563,0.6670146584510803,51,49,0
data_139,0,0.6935253143310547,0.6935253143310547,0.6434631943702698,51,49,1
data_139,0,0.7660600543022156,0.7660600543022156,0.6800491213798523,51,49,0
data_139,0,0.6926015019416809,0.6926015019416809,0.546546220779419,31,32,0
data_139,0,0.7072116136550903,0.7072116136550903,0.6411580443382263,31,32,0
data_139,0,0.7426109910011292,0.7426109910011292,0.49279069900512695,31,32,0
data_140,0,0.6726416945457458,0.6726416945457458,0.6018421649932861,308,73,0
data_140,0,0.6208904981613159,0.6026641726493835,0.6208904981613159,308,73,0
data_140,0,0.854915201663971,0.8071585893630981,0.854915201663971,308,73,0
data_140,0,0.7751941084861755,0.7751941084861755,0.6572280526161194,308,73,0
data_140,0,0.8301016688346863,0.8301016688346863,0.6393926739692688,308,73,1
data_140,0,0.882642388343811,0.882642388343811,0.6999996900558472,308,73,0
data_140,0,0.6480767130851746,0.6480767130851746,0.5522448420524597,73,35,0
data_140,0,0.7025516033172607,0.5797356367111206,0.5936779975891113,73,35,0
data_140,0,0.7546253204345703,0.7546253204345703,0.5129187107086182,73,35,0
data_140,0,0.7638344764709473,0.7557429075241089,0.5747619867324829,73,35,0
data_141,0,0.841257631778717,0.5177078247070312,0.6499377489089966,38,58,0
data_141,1,0.7211793065071106,0.5762460231781006,0.7211793065071106,38,58,1
data_141,0,0.7358266711235046,0.7358266711235046,0.677416980266571,81,81,0
data_141,0,0.8764821290969849,0.8764821290969849,0.7498259544372559,81,81,1
data_141,0,0.7700133919715881,0.7700133919715881,0.5760705471038818,81,81,0
data_141,0,0.7839726209640503,0.7839726209640503,0.654621422290802,79,81,0
data_141,0,0.7631237506866455,0.7258855700492859,0.7423292994499207,79,81,1
data_141,0,0.7806131839752197,0.7064518332481384,0.712168276309967,60,62,0
data_141,0,0.8459200859069824,0.8011324405670166,0.7323393821716309,60,62,0
data_141,0,0.9611544609069824,0.9611544609069824,0.697965145111084,81,81,0
data_141,0,0.7246713638305664,0.7044315338134766,0.6500216126441956,81,81,1
data_141,0,0.5802700519561768,0.5587971210479736,0.43907082080841064,120,133,0
data_141,1,0.8539848923683167,0.6877175569534302,0.7447536587715149,133,140,1
data_141,1,0.699335515499115,0.5795791149139404,0.5620324611663818,133,140,1
data_142,0,0.8502430319786072,0.8502430319786072,0.5673314929008484,60,64,0
data_142,0,0.7535847425460815,0.6422666907310486,0.5776135325431824,60,64,1
data_142,0,0.772322416305542,0.772322416305542,0.6481903195381165,60,64,0
data_142,0,0.6433032751083374,0.6433032751083374,0.5927896499633789,60,64,0
data_142,0,0.7801437377929688,0.7801437377929688,0.6279818415641785,94,93,1
data_142,1,0.7584632635116577,0.6795862317085266,0.6019157767295837,94,93,1
data_142,0,0.8497793078422546,0.7601689100265503,0.6065722107887268,94,93,0
data_142,0,0.8666037321090698,0.8666037321090698,0.6825576424598694,70,64,0
data_142,0,0.7641400098800659,0.7641400098800659,0.5622670650482178,70,64,0
data_142,0,0.6038353443145752,0.4995103180408478,0.45492178201675415,30,36,0
data_142,0,0.7609074115753174,0.6637935638427734,0.7609074115753174,30,36,0
data_143,0,0.9104757308959961,0.9104757308959961,0.2978937327861786,39,28,0
data_143,0,0.7521671056747437,0.7521671056747437,0.31502047181129456,39,28,0
data_143,0,0.6924921274185181,0.6924921274185181,0.5034648180007935,39,28,0
data_143,0,0.8785423040390015,0.8785423040390015,0.568228542804718,113,101,0
data_143,0,0.7455244064331055,0.7008998394012451,0.6420760750770569,113,101,0
data_143,0,0.6626850962638855,0.6474027633666992,0.5080394148826599,113,101,0
data_143,1,0.7898436784744263,0.6671406626701355,0.632222056388855,83,97,1
data_143,0,0.8261150121688843,0.8261150121688843,0.4627610146999359,83,97,0
data_143,0,0.631382405757904,0.631382405757904,0.42008402943611145,83,97,0
data_143,0,0.790961503982544,0.790961503982544,0.47177740931510925,83,97,1
data_143,0,0.9124045968055725,0.9124045968055725,0.5749072432518005,160,152,0
data_143,0,0.7562291622161865,0.7562291622161865,0.4820219874382019,160,152,0
data_143,1,0.8253918886184692,0.8253918886184692,0.5731271505355835,160,168,1
data_143,0,0.7534424662590027,0.6523041129112244,0.5569167733192444,97,101,0
data_143,0,0.8606932163238525,0.8606932163238525,0.5738674998283386,97,101,0
data_143,0,0.9666852355003357,0.9666852355003357,0.45931997895240784,97,101,0
data_143,1,0.6216906905174255,0.6204924583435059,0.5689820647239685,168,174,1
data_143,0,0.8497843146324158,0.8497843146324158,0.5361472368240356,168,174,0
data_143,0,0.7191665768623352,0.6191374063491821,0.5941920280456543,168,174,0
data_143,0,0.7377889156341553,0.7377889156341553,0.4303874969482422,101,97,0
data_143,0,0.7374218106269836,0.7374218106269836,0.6010112166404724,101,97,0
data_143,0,0.8420699238777161,0.8420699238777161,0.624424159526825,101,97,1
data_144,0,0.7210066914558411,0.7004009485244751,0.6696706414222717,375,399,0
data_144,0,0.6912678480148315,0.6548393964767456,0.6912678480148315,375,399,0
data_144,0,0.6220404505729675,0.5742496252059937,0.6220404505729675,375,399,0
data_144,0,0.7838708758354187,0.4320697784423828,0.7838708758354187,375,399,0
data_144,0,0.7508094906806946,0.5609349012374878,0.6961061358451843,375,399,0
data_144,0,0.7772076725959778,0.7772076725959778,0.5523290634155273,26,26,0
data_144,0,0.7311227917671204,0.7311227917671204,0.315641313791275,26,26,0
data_144,0,0.7569517493247986,0.7569517493247986,0.6127794981002808,13,12,0
data_144,0,0.6466451287269592,0.5669328570365906,0.5037915110588074,13,14,0
data_144,0,0.7836645841598511,0.7836645841598511,0.3530043065547943,16,16,0
data_144,0,0.6799134612083435,0.6799134612083435,0.553608238697052,16,16,1
data_144,0,0.8483319282531738,0.8483319282531738,0.40857893228530884,56,58,0
data_144,0,0.8156203627586365,0.8156203627586365,0.4060545563697815,56,58,0
data_144,0,0.6988203525543213,0.6760467290878296,0.6988203525543213,31,29,0
data_144,0,0.8119314908981323,0.8119314908981323,0.4710310697555542,31,29,0
data_144,0,0.768608570098877,0.768608570098877,0.5444701910018921,29,27,0
data_144,0,0.7329994440078735,0.7329994440078735,0.5204123854637146,29,27,0
data_144,0,0.642291247844696,0.5786774158477783,0.642291247844696,29,31,0
data_145,0,0.7512632608413696,0.6512795090675354,0.6673986911773682,85,68,0
data_145,0,0.6544256210327148,0.6544256210327148,0.4453833997249603,85,68,0
data_145,0,0.6325303912162781,0.5595371723175049,0.5914360880851746,52,48,0
data_145,0,0.6834904551506042,0.6834904551506042,0.5308274626731873,52,56,0
data_145,0,0.8223627209663391,0.8223627209663391,0.5434688329696655,39,38,0
data_145,0,0.7432771325111389,0.7432771325111389,0.38032209873199463,39,38,0
data_145,0,0.7036283016204834,0.6949036121368408,0.6459586024284363,664,367,0
data_145,1,0.777250349521637,0.777250349521637,0.5513860583305359,664,367,0
data_145,0,0.6968088746070862,0.6968088746070862,0.34139642119407654,38,39,0
data_146,0,0.8056741952896118,0.8056741952896118,0.6653716564178467,74,70,0
data_146,0,0.7106403708457947,0.7106403708457947,0.3268789052963257,74,70,1
data_146,0,0.7174673080444336,0.6450088620185852,0.5796626210212708,74,70,0
data_146,0,0.7246198654174805,0.7246198654174805,0.6200567483901978,74,70,0
data_146,1,0.7858985662460327,0.7858985662460327,0.7185980081558228,79,83,1
data_146,0,0.8590748310089111,0.8590748310089111,0.6076541543006897,79,83,0
data_146,0,0.7076496481895447,0.6523125767707825,0.5786066651344299,79,83,1
data_146,0,0.7641183733940125,0.7641183733940125,0.5922182202339172,79,83,1
data_146,0,0.8525491952896118,0.8525491952896118,0.537937581539154,83,79,0
data_146,0,0.677756667137146,0.677756667137146,0.4365484416484833,83,79,0
data_146,0,0.8474696278572083,0.8474696278572083,0.7600996494293213,83,79,0
data_146,0,0.7706986665725708,0.7706986665725708,0.7699010968208313,83,79,0
data_146,0,0.7588896751403809,0.7588896751403809,0.575310230255127,103,93,0
data_146,0,0.7610150575637817,0.7524860501289368,0.5432083010673523,103,93,1
data_146,0,0.8284562826156616,0.6975641846656799,0.6094970107078552,103,93,0
data_146,0,0.7941831946372986,0.7361394166946411,0.71458899974823,103,93,0
data_146,0,0.7528531551361084,0.7156276702880859,0.7507638335227966,70,74,0
data_146,0,0.7759419083595276,0.6926488280296326,0.6510050296783447,70,74,0
data_146,0,0.8323874473571777,0.8323874473571777,0.5771738886833191,70,74,0
data_146,0,0.7618571519851685,0.7618571519851685,0.6400662660598755,70,74,0
data_146,0,0.6956700682640076,0.6956700682640076,0.5129262804985046,93,103,0
data_146,0,0.7746487855911255,0.6771418452262878,0.5503557920455933,93,103,1
data_146,0,0.7977017164230347,0.686525821685791,0.6446242332458496,93,103,0
data_146,0,0.6421344876289368,0.5887430906295776,0.5507134795188904,93,83,1
data_147,0,0.9722128510475159,0.9722128510475159,0.5852108001708984,61,65,0
data_147,0,0.9510288834571838,0.9510288834571838,0.5242528319358826,61,65,0
data_147,0,0.8486306071281433,0.8408600091934204,0.5583882927894592,61,65,1
data_147,1,0.7285578846931458,0.4987023174762726,0.4490528106689453,33,35,1
data_147,1,0.7514426112174988,0.6299492120742798,0.5954402685165405,33,35,1
data_147,0,0.8459024429321289,0.7350014448165894,0.7331591248512268,35,33,1
data_147,1,0.7948243618011475,0.7564610838890076,0.5414820313453674,35,33,1
data_147,1,0.775770902633667,0.6022699475288391,0.6017640233039856,50,52,1
data_147,1,0.9618516564369202,0.6260303258895874,0.6669838428497314,41,40,1
data_147,1,0.6912651658058167,0.4715871512889862,0.44167768955230713,41,40,1
data_147,0,0.7756112813949585,0.7756112813949585,0.6095287203788757,65,61,0
data_147,0,0.7388542294502258,0.7388542294502258,0.3411354124546051,65,61,0
data_147,0,0.8127762675285339,0.8127762675285339,0.5991140007972717,65,61,0
data_147,0,0.8287435173988342,0.5694881677627563,0.633789598941803,52,50,0
data_147,0,0.688368558883667,0.688368558883667,0.5718194842338562,52,50,0
data_148,0,0.7325072288513184,0.7325072288513184,0.5438922047615051,137,146,0
data_148,0,0.7302902936935425,0.7302902936935425,0.6131149530410767,137,146,0
data_148,0,0.7691604495048523,0.7691604495048523,0.756181001663208,137,128,0
data_148,0,0.7085455060005188,0.6488471627235413,0.5907542705535889,128,137,1
data_148,1,0.7578116059303284,0.7578116059303284,0.6579607129096985,128,137,1
data_148,0,0.5843003988265991,0.5843003988265991,0.5072815418243408,128,137,0
data_148,0,0.6847444176673889,0.6494559049606323,0.5481557250022888,93,92,0
data_148,0,0.8108487129211426,0.8108487129211426,0.5122134685516357,93,92,0
data_148,0,0.7843599915504456,0.7843599915504456,0.5223401188850403,93,92,0
data_148,0,0.740738570690155,0.7139280438423157,0.590793788433075,92,93,0
data_148,0,0.7161719799041748,0.6124482154846191,0.6401576995849609,92,93,0
data_148,0,0.8717655539512634,0.8717655539512634,0.380513995885849,106,93,0
data_148,0,0.7572630047798157,0.7572630047798157,0.6134977340698242,106,93,1
data_148,0,0.7305189371109009,0.6833210587501526,0.7305189371109009,282,342,0
data_148,0,0.6185576915740967,0.6185576915740967,0.5174954533576965,282,342,0
data_148,0,0.7995761632919312,0.6566928029060364,0.5562546849250793,282,342,0
data_149,0,0.7805188894271851,0.725612998008728,0.7357710599899292,187,186,0
data_149,0,0.759580135345459,0.7569776773452759,0.759580135345459,187,186,0
data_149,0,0.8578556180000305,0.6974645256996155,0.8578556180000305,187,186,1
data_149,0,0.7400991320610046,0.7400991320610046,0.7191205620765686,187,186,0
data_149,0,0.6831344962120056,0.6831344962120056,0.6167802810668945,187,186,1
data_149,0,0.6735919713973999,0.6735919713973999,0.6040343642234802,187,186,0
data_149,0,0.8042536377906799,0.25752779841423035,0.3904039263725281,1,11,0
data_149,0,0.7257850766181946,0.18822655081748962,0.381782591342926,1,11,0
data_149,0,0.8112215995788574,0.2875920832157135,0.4975168704986572,1,11,0
data_149,0,0.7209513187408447,0.16143295168876648,0.3545067608356476,1,11,1
data_149,0,0.7744044065475464,0.15784719586372375,0.30594977736473083,1,11,0
data_149,0,0.7569743990898132,0.7569743990898132,0.6369035243988037,67,72,0
data_149,0,0.8427460789680481,0.8427460789680481,0.7781105041503906,67,72,0
data_149,1,0.7973169684410095,0.7626138925552368,0.7973169684410095,67,72,1
data_149,0,0.755260705947876,0.7041071057319641,0.6501458883285522,67,72,0
data_149,0,0.8239383697509766,0.8239383697509766,0.5476076602935791,85,78,0
data_149,0,0.8788376450538635,0.8788376450538635,0.6189725995063782,85,78,0
data_149,0,0.7493088841438293,0.6403825879096985,0.4538094401359558,85,78,0
data_149,0,0.7889126539230347,0.7889126539230347,0.4021280109882355,85,78,0
data_149,0,0.7446181774139404,0.7122009992599487,0.546355664730072,78,72,0
data_149,0,0.7620838284492493,0.7059566974639893,0.6614158749580383,78,72,0
data_149,0,0.7939717769622803,0.5868289470672607,0.7927706241607666,78,72,0
data_149,0,0.7122700810432434,0.6251809000968933,0.6597199440002441,78,72,0
data_149,0,0.8365707993507385,0.7750778198242188,0.6290478706359863,186,187,0
data_149,0,0.7771173119544983,0.7771173119544983,0.586888313293457,186,187,0
data_149,0,0.8537038564682007,0.8537038564682007,0.6847942471504211,186,187,0
data_149,0,0.831437885761261,0.831437885761261,0.7223184704780579,186,187,0
data_150,0,0.8239599466323853,0.7103958129882812,0.7632560729980469,55,54,0
data_150,0,0.8620918989181519,0.8620918989181519,0.5153594613075256,55,54,0
data_150,0,0.7749423384666443,0.7698342204093933,0.6729579567909241,55,54,0
data_150,0,0.7383030652999878,0.7383030652999878,0.5712816715240479,55,54,0
data_150,0,0.8060051798820496,0.7950038313865662,0.665056586265564,126,82,0
data_150,0,0.8461167812347412,0.8461167812347412,0.5469174385070801,126,82,0
data_150,0,0.7883357405662537,0.7883357405662537,0.5172191858291626,126,82,0
data_150,0,0.7747548222541809,0.7747548222541809,0.6067203879356384,126,82,0
data_150,0,0.8132137060165405,0.8132137060165405,0.5935494899749756,69,82,0
data_150,0,0.7269342541694641,0.7065698504447937,0.4192015826702118,69,82,0
data_150,1,0.8122678995132446,0.6356232762336731,0.4423033893108368,69,82,1
data_150,1,0.9328187108039856,0.9328187108039856,0.7899869084358215,69,82,0
data_150,0,0.8027758002281189,0.8027758002281189,0.6542978286743164,54,55,1
data_150,0,0.843119740486145,0.843119740486145,0.49803128838539124,54,55,0
data_150,0,0.8167072534561157,0.8167072534561157,0.6896025538444519,54,55,0
data_150,0,0.7389344573020935,0.7389344573020935,0.615759015083313,54,55,0
data_150,0,0.9208608865737915,0.9208608865737915,0.754019558429718,24,54,0
data_150,0,0.8311934471130371,0.8311934471130371,0.5243838429450989,24,54,0
data_150,0,0.7476966381072998,0.7476966381072998,0.5684605836868286,24,54,0
data_150,0,0.7928844094276428,0.7842963337898254,0.7717221975326538,24,54,0
data_151,0,0.8202623724937439,0.8202623724937439,0.7496477365493774,51,51,0
data_151,0,0.7287212610244751,0.7287212610244751,0.6865311861038208,51,51,0
data_151,0,0.8436070084571838,0.8436070084571838,0.5833630561828613,51,51,0
data_151,0,0.7791795134544373,0.7791795134544373,0.6438296437263489,40,40,0
data_151,0,0.7464505434036255,0.7464505434036255,0.6222813725471497,40,40,0
data_151,0,0.8552513718605042,0.8552513718605042,0.4627096354961395,67,70,0
data_151,0,0.7953360676765442,0.7953360676765442,0.7119774222373962,67,70,1
data_151,0,0.7939665913581848,0.7444891333580017,0.6885897517204285,40,40,0
data_151,0,0.8249072432518005,0.8104787468910217,0.6074396371841431,40,40,0
data_151,0,0.843685507774353,0.843685507774353,0.6244146823883057,88,88,0
data_151,0,0.7969527840614319,0.7969527840614319,0.6452058553695679,88,88,0
data_151,0,0.9210742712020874,0.9210742712020874,0.6676791310310364,51,51,0
data_151,0,0.9135807156562805,0.9135807156562805,0.5967842936515808,51,51,1
data_151,0,0.7385730743408203,0.7385730743408203,0.4675854742527008,45,41,0
data_151,0,0.7311593294143677,0.7311593294143677,0.5863211154937744,45,41,0
data_151,0,0.8871671557426453,0.8871671557426453,0.453460693359375,92,88,0
data_151,0,0.8462005853652954,0.8462005853652954,0.5885835289955139,92,88,0
data_151,0,0.8293066024780273,0.8032940626144409,0.6975017189979553,70,67,0
data_151,0,0.7452781796455383,0.698456346988678,0.6792047619819641,70,67,0
data_151,0,0.8863927721977234,0.8863927721977234,0.7951317429542542,9,40,0
data_151,1,0.7389334440231323,0.5601731538772583,0.6224428415298462,9,40,1
data_152,0,0.8936501145362854,0.8936501145362854,0.5826104879379272,68,65,0
data_152,0,0.8774734139442444,0.8774734139442444,0.6681126952171326,68,65,0
data_152,0,0.8170477747917175,0.8170477747917175,0.5492841005325317,68,65,0
data_152,0,0.7652555108070374,0.7529405355453491,0.6521885395050049,106,94,0
data_152,0,0.686347246170044,0.686347246170044,0.4051153063774109,106,94,0
data_152,0,0.7759895324707031,0.7759895324707031,0.5846571326255798,106,94,0
data_152,1,0.795213520526886,0.6349111795425415,0.7403501272201538,65,63,0
data_152,0,0.6408421993255615,0.5873827338218689,0.5168473720550537,65,63,0
data_152,1,0.7666112780570984,0.6468771696090698,0.6940175890922546,65,63,0
data_152,0,0.6128414869308472,0.6128414869308472,0.5182247757911682,202,106,0
data_152,1,0.6905469298362732,0.5660704970359802,0.520938515663147,202,106,1
data_152,0,0.7555137872695923,0.6740675568580627,0.6465153694152832,45,60,0
data_152,0,0.7477491497993469,0.7477491497993469,0.5186818242073059,45,60,0
data_152,0,0.6734419465065002,0.6341346502304077,0.5697262287139893,60,63,0
data_152,0,0.7321248650550842,0.7321248650550842,0.3501562178134918,60,63,0
data_152,0,0.7088945508003235,0.7088945508003235,0.6803160905838013,60,63,0
data_152,0,0.8086877465248108,0.8086877465248108,0.5039952397346497,63,65,0
data_152,1,0.7295031547546387,0.7295031547546387,0.6022217273712158,63,65,0
data_152,0,0.6792258620262146,0.6717270612716675,0.5458046793937683,22,45,1
data_153,0,0.6401064991950989,0.6401064991950989,0.3297331929206848,239,119,0
data_153,0,0.8244063258171082,0.8244063258171082,0.6083398461341858,239,119,0
data_153,0,0.6925691962242126,0.6022099852561951,0.6925691962242126,239,119,0
data_153,0,0.8153476715087891,0.8153476715087891,0.6960146427154541,526,376,0
data_153,0,0.7390514612197876,0.7390514612197876,0.5598258376121521,526,376,0
data_153,0,0.6112558841705322,0.6112558841705322,0.48960527777671814,526,376,1
data_153,0,0.7606474161148071,0.7606474161148071,0.6299649477005005,78,74,0
data_153,1,0.6773791909217834,0.6023951172828674,0.5383636951446533,78,74,1
data_153,0,0.618933379650116,0.5986878871917725,0.602978527545929,78,74,0
data_153,0,0.7206305265426636,0.6988564729690552,0.5909523963928223,24,25,0
data_153,0,0.6673851013183594,0.6673851013183594,0.45482251048088074,24,25,0
data_153,1,0.7413091659545898,0.6364282965660095,0.2785099744796753,24,23,0
data_153,1,0.6277263164520264,0.5256466865539551,0.6141911745071411,41,39,1
data_153,1,0.6650091409683228,0.5474100708961487,0.635123074054718,41,39,1
data_153,1,0.8128806352615356,0.5868028402328491,0.5939145088195801,41,39,1
data_154,0,0.7774934768676758,0.7774934768676758,0.7060542106628418,319,237,0
data_154,1,0.6949043869972229,0.6949043869972229,0.6683647036552429,319,237,1
data_154,0,0.6844145059585571,0.6844145059585571,0.4272245764732361,319,237,1
data_154,0,0.7269133925437927,0.7269133925437927,0.4717835783958435,319,237,0
data_154,0,0.7553418874740601,0.7553418874740601,0.5865471363067627,319,237,0
data_154,0,0.589306116104126,0.589306116104126,0.4798980951309204,68,73,1
data_154,0,0.7101147770881653,0.6755425930023193,0.6212391257286072,68,73,0
data_154,0,0.6110014319419861,0.6110014319419861,0.4656004309654236,68,73,0
data_154,0,0.7705981731414795,0.7705981731414795,0.39892101287841797,68,73,0
data_154,0,0.8195687532424927,0.8195687532424927,0.6846001744270325,78,76,0
data_154,0,0.5636105537414551,0.5441415309906006,0.3749455213546753,78,76,0
data_154,0,0.6890962719917297,0.5470601916313171,0.2784312665462494,78,76,0
data_154,0,0.6537861824035645,0.5195580124855042,0.5437343716621399,78,76,0
data_154,0,0.764987587928772,0.764987587928772,0.6809963583946228,129,78,0
data_154,0,0.7460858225822449,0.6952122449874878,0.7460858225822449,129,78,0
data_154,0,0.7096267342567444,0.633137583732605,0.4919285178184509,129,78,1
data_154,0,0.7139832973480225,0.5678573250770569,0.6482666730880737,129,78,0
data_154,0,0.7455522418022156,0.6896197199821472,0.6974912285804749,76,78,1
data_154,0,0.7881609797477722,0.7881609797477722,0.5133858919143677,76,74,0
data_154,1,0.8431606888771057,0.6967333555221558,0.7209635972976685,76,78,1
data_154,0,0.8093534111976624,0.6861847639083862,0.7529580593109131,76,74,0
data_155,0,0.6685106158256531,0.6685106158256531,0.3842918276786804,52,62,0
data_155,0,0.6564576625823975,0.6075586676597595,0.5635278820991516,52,62,0
data_155,0,0.7640608549118042,0.7640608549118042,0.5353310108184814,52,62,0
data_155,1,0.7337933778762817,0.3440300524234772,0.5742545127868652,9,9,1
data_155,0,0.8111743927001953,0.8111743927001953,0.7843684554100037,32,39,0
data_155,0,0.8412358164787292,0.8412358164787292,0.6367088556289673,160,184,0
data_155,0,0.7606481313705444,0.7606481313705444,0.7195041179656982,160,184,0
data_155,0,0.5903412699699402,0.5903412699699402,0.5144719481468201,195,184,0
data_155,0,0.6394224166870117,0.6394224166870117,0.5666365027427673,195,184,0
data_155,0,0.693138599395752,0.5814245343208313,0.5395559668540955,91,87,0
data_155,0,0.684212327003479,0.684212327003479,0.6386100053787231,91,87,0
data_155,0,0.8222312927246094,0.8145619630813599,0.6880661249160767,87,91,0
data_155,1,0.6269943714141846,0.5192692875862122,0.5442217588424683,87,91,1
data_156,0,0.7988842129707336,0.7988842129707336,0.500328540802002,42,52,0
data_156,0,0.6777663826942444,0.6777663826942444,0.6084296703338623,42,52,0
data_156,0,0.6992285847663879,0.6992285847663879,0.4490493834018707,42,52,0
data_156,0,0.8583077192306519,0.8583077192306519,0.7873751521110535,178,200,0
data_156,0,0.7963320016860962,0.673946738243103,0.5895084738731384,178,200,0
data_156,1,0.6837644577026367,0.6679059863090515,0.6837644577026367,178,200,1
data_156,1,0.7683653831481934,0.5926693081855774,0.609414279460907,63,52,1
data_156,1,0.7466811537742615,0.6171356439590454,0.5318045020103455,63,52,1
data_156,1,0.7042188048362732,0.7042188048362732,0.4596772789955139,63,52,1
data_156,0,0.8053270578384399,0.5439767837524414,0.5609713792800903,52,42,1
data_156,0,0.6732861399650574,0.521173894405365,0.502148449420929,52,42,1
data_156,0,0.6869744658470154,0.5114416480064392,0.6317653059959412,52,42,1
data_156,0,0.8319403529167175,0.8319403529167175,0.5095391869544983,20,26,0
data_156,0,0.7274746894836426,0.7274746894836426,0.4416724741458893,20,26,0
data_157,0,0.8078078031539917,0.7608662843704224,0.753089189529419,106,97,0
data_157,0,0.7659393548965454,0.7461168766021729,0.7175689339637756,106,97,0
data_157,0,0.79936283826828,0.79936283826828,0.6094751358032227,106,97,0
data_157,1,0.7420961260795593,0.6728410720825195,0.7420961260795593,106,97,1
data_157,0,0.7671204805374146,0.7606461644172668,0.6252726912498474,97,94,0
data_157,0,0.7086198925971985,0.6587281227111816,0.44454067945480347,97,94,1
data_157,0,0.774781346321106,0.774781346321106,0.6947017908096313,97,94,0
data_157,1,0.7712875604629517,0.7712875604629517,0.6479958891868591,157,165,0
data_157,1,0.7012221813201904,0.6792073249816895,0.6472812294960022,157,165,1
data_157,1,0.8214840292930603,0.6873924732208252,0.8214840292930603,157,165,1
data_157,0,0.8476580381393433,0.8476580381393433,0.4126354455947876,131,133,0
data_157,0,0.9466143250465393,0.9466143250465393,0.5291925668716431,131,133,0
data_157,0,0.7149285674095154,0.7149285674095154,0.5173201560974121,131,133,0
data_158,0,0.7350023984909058,0.7350023984909058,0.5730909109115601,114,102,0
data_158,0,0.8434407114982605,0.8434407114982605,0.6543881893157959,114,102,0
data_158,0,0.7466022968292236,0.6861051917076111,0.4975064694881439,114,102,0
data_158,0,0.7082957029342651,0.7082957029342651,0.6112192869186401,114,102,0
data_158,0,0.6740303635597229,0.6186604499816895,0.53876793384552,53,56,1
data_158,0,0.792166531085968,0.7006045579910278,0.6295494437217712,53,56,0
data_158,0,0.8327116966247559,0.8327116966247559,0.5711832046508789,53,56,0
data_158,0,0.7528812289237976,0.7528812289237976,0.6252041459083557,53,56,0
data_158,0,0.7766153812408447,0.7766153812408447,0.5653237700462341,43,45,0
data_158,0,0.7672040462493896,0.7672040462493896,0.6334072351455688,43,45,0
data_158,0,0.8724927306175232,0.8724927306175232,0.647562563419342,43,45,0
data_158,0,0.7255295515060425,0.7190778255462646,0.5937390923500061,43,45,0
data_158,0,0.9174363613128662,0.7117264866828918,0.6783613562583923,102,114,0
data_158,1,0.745689868927002,0.6708539128303528,0.629743754863739,102,114,1
data_158,0,0.8219963312149048,0.8219963312149048,0.6574508547782898,102,114,0
data_158,0,0.7582191228866577,0.7582191228866577,0.5643935203552246,30,43,0
data_158,0,0.8253030776977539,0.8253030776977539,0.6137962341308594,30,43,0
data_158,0,0.9088596701622009,0.9088596701622009,0.8015580177307129,30,43,0
data_158,1,0.7042282819747925,0.6358103156089783,0.6219761967658997,56,53,0
data_158,0,0.8384764194488525,0.8384764194488525,0.5790625214576721,56,53,0
data_158,0,0.82430499792099,0.5923673510551453,0.7226855754852295,56,53,0
data_158,0,0.8718326687812805,0.8718326687812805,0.45508265495300293,45,43,0
data_158,0,0.7031472325325012,0.6873252391815186,0.5147644281387329,45,43,0
data_158,0,0.6611793637275696,0.5632731318473816,0.5443616509437561,45,43,1
data_159,0,0.8378390073776245,0.7083526253700256,0.6407175064086914,36,40,0
data_159,0,0.8169811367988586,0.8101736903190613,0.6923189163208008,36,40,0
data_159,0,0.9107343554496765,0.8338654637336731,0.9107343554496765,36,40,0
data_159,0,0.8299271464347839,0.8299271464347839,0.46917828917503357,49,46,0
data_159,0,0.8817450404167175,0.8817450404167175,0.5081513524055481,49,46,0
data_159,0,0.9463357925415039,0.9463357925415039,0.6661868095397949,49,46,0
data_159,0,0.6863990426063538,0.6863990426063538,0.5738072395324707,49,46,0
data_159,0,0.9441375732421875,0.9441375732421875,0.44127339124679565,45,46,0
data_159,0,0.8293262124061584,0.760732889175415,0.5371540784835815,45,46,0
data_159,0,0.8139321804046631,0.7964659333229065,0.5761486887931824,45,46,0
data_159,0,0.7092120051383972,0.6734154224395752,0.5704300403594971,45,46,1
data_159,0,0.748064398765564,0.748064398765564,0.5214182734489441,46,45,0
data_159,0,0.617705762386322,0.5556617975234985,0.32456010580062866,46,45,0
data_159,0,0.743067741394043,0.743067741394043,0.5919134616851807,46,45,0
data_159,0,0.7098100185394287,0.7098100185394287,0.6505612134933472,164,105,0
data_159,0,0.7280856370925903,0.7280856370925903,0.5694467425346375,164,105,0
data_159,0,0.742845892906189,0.6124604344367981,0.6384146213531494,164,105,0
data_159,0,0.8180490732192993,0.8180490732192993,0.5523186922073364,84,91,0
data_159,0,0.7726722955703735,0.6819704174995422,0.602173924446106,84,91,0
data_159,0,0.9375267028808594,0.9375267028808594,0.38544344902038574,84,91,0
data_160,0,0.8930206894874573,0.8930206894874573,0.6580361723899841,82,103,0
data_160,0,0.8434112071990967,0.8434112071990967,0.6349050402641296,82,103,0
data_160,0,0.8552233576774597,0.8282322883605957,0.7095568180084229,82,103,0
data_160,0,0.7141838073730469,0.6888654232025146,0.6060219407081604,34,25,0
data_160,0,0.8209409713745117,0.8209409713745117,0.5565106868743896,34,25,0
data_160,0,0.8838710188865662,0.794883668422699,0.6687149405479431,34,25,0
data_160,0,0.777375340461731,0.777375340461731,0.5639269948005676,120,119,0
data_160,0,0.7644985318183899,0.7629979252815247,0.7644985318183899,120,119,0
data_160,0,0.8275938034057617,0.8275938034057617,0.6665542125701904,120,119,0
data_160,0,0.6413039565086365,0.6413039565086365,0.5958466529846191,119,120,0
data_160,0,0.8001658320426941,0.7225484848022461,0.7967721819877625,119,120,0
data_160,0,0.7473883032798767,0.7473883032798767,0.7098291516304016,119,120,0
data_160,0,0.7881011962890625,0.668846607208252,0.7821326851844788,115,119,0
data_160,0,0.687602162361145,0.687602162361145,0.5508827567100525,115,119,0
data_160,0,0.7961665391921997,0.7961665391921997,0.6904220581054688,115,119,0
data_160,0,0.8321805000305176,0.6272361278533936,0.6392099857330322,103,115,0
data_160,0,0.8225134015083313,0.7537503242492676,0.6839669346809387,103,115,0
data_160,0,0.8598331212997437,0.6857317090034485,0.6458998322486877,103,115,0
data_160,0,0.8734015822410583,0.8734015822410583,0.5551537275314331,54,48,0
data_160,0,0.8207579851150513,0.8207579851150513,0.7270295023918152,54,48,0
data_160,0,0.8527334928512573,0.8527334928512573,0.5480098724365234,54,48,0
data_161,0,0.7183613777160645,0.5900511741638184,0.6417943239212036,24,28,0
data_161,0,0.766492486000061,0.5757742524147034,0.46173593401908875,24,28,0
data_161,0,0.7227230072021484,0.49666640162467957,0.5037555694580078,24,28,0
data_161,0,0.739782452583313,0.6050692796707153,0.6859768033027649,24,28,1
data_161,0,0.8330294489860535,0.8330294489860535,0.6044138669967651,28,24,0
data_161,0,0.8370595574378967,0.8370595574378967,0.6587669849395752,28,24,0
data_161,0,0.7251344919204712,0.5687598586082458,0.5965341329574585,28,24,0
data_161,1,0.7425140738487244,0.6395251154899597,0.7425140738487244,28,24,1
data_161,0,0.7758238911628723,0.7758238911628723,0.6736112236976624,193,207,0
data_161,0,0.7508052587509155,0.7508052587509155,0.7353566288948059,193,207,1
data_161,1,0.7993800044059753,0.7993800044059753,0.6003315448760986,193,207,1
data_161,0,0.6899587512016296,0.6899587512016296,0.44294482469558716,66,54,0
data_161,0,0.8650237321853638,0.8650237321853638,0.5105400681495667,66,54,0
data_161,0,0.632540225982666,0.632540225982666,0.40415963530540466,66,54,0
data_161,0,0.6876295208930969,0.6876295208930969,0.5335963368415833,138,131,0
data_161,0,0.7616312503814697,0.7616312503814697,0.5558510422706604,138,131,0
data_161,0,0.7099155187606812,0.5987962484359741,0.5849996209144592,138,131,0
data_161,0,0.678911030292511,0.6425577998161316,0.6247225999832153,46,43,0
data_161,0,0.6630814671516418,0.5806910395622253,0.5462842583656311,46,43,0
data_161,0,0.7257123589515686,0.7257123589515686,0.4897802472114563,46,43,0
data_161,0,0.695723831653595,0.6107620000839233,0.5598855018615723,43,42,0
data_161,0,0.7962982058525085,0.7962982058525085,0.533276379108429,43,42,0
data_161,0,0.6386013627052307,0.5296580195426941,0.454060435295105,43,42,0
data_161,0,0.7537716031074524,0.7537716031074524,0.4878055453300476,19,19,0
data_161,0,0.7401456832885742,0.7401456832885742,0.5806225538253784,19,19,1
data_161,0,0.6575731635093689,0.5681232810020447,0.6165127754211426,131,138,1
data_161,0,0.7356517910957336,0.6240617632865906,0.6880968809127808,131,138,0
data_161,0,0.7191336154937744,0.7191336154937744,0.5407875180244446,131,138,0
data_161,0,0.6532032489776611,0.6219511032104492,0.4341192841529846,54,46,0
data_161,0,0.6746099591255188,0.6746099591255188,0.5218576192855835,54,46,0
data_161,0,0.7408679723739624,0.737271785736084,0.49403315782546997,54,46,0
data_161,0,0.6515404582023621,0.6515404582023621,0.550214946269989,19,19,1
data_161,0,0.7412816286087036,0.7412816286087036,0.4025017321109772,19,19,0
data_162,0,0.8582191467285156,0.8045302629470825,0.7720674872398376,85,84,0
data_162,0,0.8804945945739746,0.8804945945739746,0.6409512758255005,85,84,0
data_162,0,0.74513840675354,0.6948245763778687,0.6213951110839844,85,84,0
data_162,0,0.836852490901947,0.836852490901947,0.4396723508834839,85,84,0
data_162,0,0.7518947720527649,0.7518947720527649,0.6759862303733826,32,39,0
data_162,0,0.9085819125175476,0.9085819125175476,0.7127690315246582,32,39,0
data_162,0,0.8978126645088196,0.8978126645088196,0.7695912718772888,32,39,0
data_162,0,0.8067902326583862,0.8067902326583862,0.5203852653503418,66,66,0
data_162,0,0.837958037853241,0.837958037853241,0.5445939898490906,66,66,0
data_162,0,0.8441771864891052,0.8441771864891052,0.5651322603225708,66,66,0
data_162,0,0.924014687538147,0.924014687538147,0.6510642766952515,129,85,0
data_162,0,0.7723397612571716,0.7723397612571716,0.6066442728042603,129,85,0
data_162,0,0.8533328771591187,0.7314856648445129,0.7936505079269409,129,85,0
data_162,0,0.8658540844917297,0.8658540844917297,0.6703827977180481,39,32,0
data_162,0,0.7704122066497803,0.7185949683189392,0.6365416646003723,39,32,1
data_162,0,0.6600492596626282,0.6481350064277649,0.5882681608200073,39,32,0
data_162,0,0.9010597467422485,0.9010597467422485,0.6789844036102295,70,66,0
data_162,0,0.8661602735519409,0.8661602735519409,0.7301750183105469,70,66,0
data_162,0,0.8631670475006104,0.8631670475006104,0.6685966849327087,70,66,0
data_162,0,0.8330802321434021,0.7504308223724365,0.7954188585281372,84,85,1
data_162,0,0.803824782371521,0.803824782371521,0.6222081780433655,84,85,0
data_162,1,0.7505587935447693,0.7505587935447693,0.6218116879463196,84,85,0
data_163,0,0.8571513891220093,0.8571513891220093,0.7004890441894531,47,46,0
data_163,0,0.7928779125213623,0.7928779125213623,0.690041184425354,47,46,0
data_163,0,0.7606085538864136,0.7606085538864136,0.5770300030708313,47,46,0
data_163,0,0.7685509324073792,0.7685509324073792,0.6955578923225403,61,69,0
data_163,0,0.8687372803688049,0.8687372803688049,0.7013782262802124,61,69,0
data_163,0,0.785910964012146,0.7501243352890015,0.785910964012146,61,69,0
data_163,0,0.7523984909057617,0.7523984909057617,0.6223548650741577,77,75,0
data_163,0,0.8085625767707825,0.8085625767707825,0.5968644618988037,77,75,0
data_163,0,0.7841107845306396,0.7841107845306396,0.5704262852668762,77,75,0
data_163,0,0.7333628535270691,0.7123347520828247,0.6549026966094971,69,75,1
data_163,0,0.70328289270401,0.70328289270401,0.6909469366073608,69,75,0
data_163,0,0.8108489513397217,0.8108489513397217,0.6497621536254883,69,75,0
data_163,0,0.7828996777534485,0.7828996777534485,0.6940191388130188,46,47,0
data_163,0,0.8865628242492676,0.8865628242492676,0.5406359434127808,46,47,0
data_163,0,0.9441344141960144,0.9441344141960144,0.6655780673027039,46,47,0
data_164,0,0.8983984589576721,0.8983984589576721,0.43235644698143005,100,97,1
data_164,0,0.7129409313201904,0.7070320248603821,0.6898021101951599,100,97,0
data_164,0,0.843633770942688,0.843633770942688,0.6924911141395569,100,97,0
data_164,0,0.7919179201126099,0.7820898294448853,0.7199847102165222,20,68,0
data_164,0,0.688992440700531,0.6821895837783813,0.688992440700531,20,68,0
data_164,0,0.8290018439292908,0.8290018439292908,0.5538241267204285,189,165,0
data_164,0,0.6274649500846863,0.5150079727172852,0.5772042870521545,189,165,0
data_164,0,0.848182201385498,0.848182201385498,0.6616662740707397,189,165,0
data_164,0,0.7982109189033508,0.7982109189033508,0.7300666570663452,189,165,0
data_164,0,0.7099477052688599,0.6688836812973022,0.6644671559333801,189,165,0
data_164,0,0.7881929874420166,0.7881929874420166,0.7529105544090271,189,165,0
data_165,0,0.9643670916557312,0.9643670916557312,0.7484418153762817,84,67,0
data_165,0,0.7764166593551636,0.7764166593551636,0.5022419095039368,84,67,0
data_165,0,0.7905563712120056,0.7905563712120056,0.49010491371154785,84,67,0
data_165,0,0.8802704811096191,0.8802704811096191,0.724381685256958,84,67,0
data_165,0,0.804561197757721,0.7239236831665039,0.5258647799491882,65,67,1
data_165,0,0.7488114833831787,0.7350475788116455,0.3933297395706177,65,67,0
data_165,0,0.8658862709999084,0.8658862709999084,0.48397767543792725,65,67,0
data_165,0,0.7800326943397522,0.3475992977619171,0.5551433563232422,65,67,0
data_165,0,0.8128212094306946,0.7965792417526245,0.6905596852302551,169,146,1
data_165,0,0.771869957447052,0.7322100400924683,0.6463631987571716,169,146,0
data_165,0,0.7045505046844482,0.47550803422927856,0.7045505046844482,169,146,0
data_165,0,0.832675576210022,0.7227168679237366,0.7183314561843872,169,146,0
data_165,0,0.8096193075180054,0.6300601959228516,0.47278887033462524,62,65,0
data_165,0,0.8656209111213684,0.8656209111213684,0.44111987948417664,62,65,0
data_165,0,0.6968786120414734,0.6320853233337402,0.43945321440696716,62,65,0
data_165,1,0.8163005709648132,0.72618168592453,0.517160177230835,62,65,1
data_165,0,0.8268877267837524,0.7227529287338257,0.6793879270553589,67,65,0
data_165,0,0.7334862947463989,0.7334862947463989,0.4113256633281708,67,65,0
data_165,0,0.8937944769859314,0.8937944769859314,0.41523420810699463,67,65,0
data_165,0,0.9293517470359802,0.9293517470359802,0.4634391963481903,67,65,0
data_165,0,0.7581323385238647,0.7581323385238647,0.6307645440101624,139,146,0
data_165,0,0.7011630535125732,0.7011630535125732,0.6793473362922668,139,146,0
data_165,0,0.7846065759658813,0.7846065759658813,0.7493542432785034,139,146,0
data_165,0,0.802213728427887,0.802213728427887,0.762053370475769,139,146,0
data_166,0,0.768058717250824,0.768058717250824,0.6345231533050537,117,102,0
data_166,0,0.6726119518280029,0.6450015902519226,0.6641702651977539,117,102,0
data_166,0,0.8277062177658081,0.7623645663261414,0.7282016277313232,117,102,0
data_166,0,0.8176553845405579,0.8176553845405579,0.3988870084285736,138,136,0
data_166,0,0.7702996730804443,0.7034746408462524,0.5344841480255127,138,136,0
data_166,1,0.8204330205917358,0.6895649433135986,0.5068857073783875,138,136,1
data_166,0,0.7206547856330872,0.7206547856330872,0.5167233347892761,136,138,1
data_166,0,0.7330200672149658,0.7330200672149658,0.6887750029563904,136,138,1
data_166,0,0.8794095516204834,0.8794095516204834,0.725013017654419,99,102,0
data_166,0,0.8083944916725159,0.8083944916725159,0.6676893830299377,99,102,0
data_166,0,0.6877513527870178,0.6834431886672974,0.6120185852050781,99,102,0
data_166,0,0.8482025265693665,0.8482025265693665,0.3853961229324341,93,91,0
data_166,0,0.8120173215866089,0.7646437287330627,0.7929225564002991,93,91,0
data_166,1,0.8097511529922485,0.6801908612251282,0.3816613256931305,93,91,1
data_166,0,0.7484109997749329,0.7106443047523499,0.7484109997749329,102,99,1
data_166,0,0.7372868061065674,0.6627962589263916,0.7372868061065674,102,99,0
data_166,0,0.7789778709411621,0.7065458297729492,0.53715980052948,102,99,0
data_166,1,0.7428247332572937,0.6467291712760925,0.604822039604187,91,93,1
data_166,0,0.7131200432777405,0.5918071269989014,0.46323516964912415,91,93,1
data_167,0,0.7365638613700867,0.7365638613700867,0.49261656403541565,35,37,0
data_167,0,0.7269700169563293,0.7269700169563293,0.4983541965484619,35,37,0
data_167,0,0.8868460655212402,0.8868460655212402,0.6260077357292175,35,37,0
data_167,0,0.7369220852851868,0.7369220852851868,0.6040900349617004,63,61,0
data_167,0,0.9992734789848328,0.9992734789848328,0.6322320699691772,63,61,0
data_167,0,0.8205393552780151,0.8205393552780151,0.5329771041870117,63,61,0
data_167,0,0.9033872485160828,0.9033872485160828,0.45391395688056946,40,37,0
data_167,0,0.8263664245605469,0.687990665435791,0.5710740685462952,40,37,0
data_167,0,0.6837761998176575,0.6837761998176575,0.464861661195755,40,37,1
data_167,0,0.7579150795936584,0.7579150795936584,0.7198917269706726,27,27,1
data_167,0,0.786922037601471,0.786922037601471,0.4883638024330139,27,27,0
data_167,0,0.9796441793441772,0.9796441793441772,0.38052040338516235,27,27,0
data_167,0,0.9858536720275879,0.9858536720275879,0.7848153114318848,57,58,0
data_167,0,0.8547754287719727,0.8547754287719727,0.6754425764083862,57,58,0
data_167,0,0.8717347383499146,0.8717347383499146,0.6974930167198181,57,58,0
data_167,0,0.8733588457107544,0.8733588457107544,0.6656659841537476,90,99,0
data_167,0,0.7616228461265564,0.7616228461265564,0.6877106428146362,90,99,0
data_167,0,0.9499624371528625,0.9499624371528625,0.7558045983314514,90,99,0
data_167,0,0.8564935326576233,0.8564935326576233,0.8310887813568115,58,57,0
data_167,0,0.7883255481719971,0.7883255481719971,0.7262855768203735,58,57,0
data_167,0,0.7423038482666016,0.7423038482666016,0.5689986944198608,58,57,0
data_167,0,0.9915010929107666,0.9915010929107666,0.5581154227256775,99,90,0
data_167,0,0.8021882772445679,0.7423400282859802,0.5808320641517639,99,90,0
data_167,0,0.8224149942398071,0.7670945525169373,0.7359207272529602,99,90,0
data_167,0,0.8107624053955078,0.8107624053955078,0.42898690700531006,23,25,0
data_167,0,0.6495340466499329,0.5829654335975647,0.5723959803581238,23,25,0
data_168,0,0.7718634605407715,0.7718634605407715,0.5314935445785522,96,74,0
data_168,0,0.7769603729248047,0.7700207233428955,0.7708543539047241,96,74,0
data_168,0,0.6745637655258179,0.6745637655258179,0.6310732364654541,96,74,0
data_168,1,0.6181395053863525,0.5592032074928284,0.38067054748535156,96,74,1
data_168,1,0.7801245450973511,0.6837150454521179,0.7073004245758057,96,74,1
data_168,0,0.7436703443527222,0.7436703443527222,0.5046230554580688,146,136,0
data_168,0,0.8354681134223938,0.8354681134223938,0.5228986144065857,146,136,0
data_168,0,0.6666116118431091,0.6032432913780212,0.6666116118431091,146,136,0
data_168,0,0.6735300421714783,0.5862359404563904,0.6735300421714783,136,146,0
data_168,0,0.5483359098434448,0.4593251645565033,0.5018394589424133,136,146,0
data_168,0,0.8523083329200745,0.6408767700195312,0.5149801969528198,136,146,1
data_168,0,0.727151095867157,0.727151095867157,0.6694103479385376,74,96,0
data_168,0,0.7625826001167297,0.7625826001167297,0.5996659398078918,74,96,0
data_169,0,0.7618786692619324,0.7618786692619324,0.44931918382644653,41,43,0
data_169,0,0.9254331588745117,0.9254331588745117,0.6182386875152588,41,43,0
data_169,0,0.8233111500740051,0.8233111500740051,0.6424636840820312,41,43,0
data_169,0,0.9444068670272827,0.9444068670272827,0.6016874313354492,53,54,0
data_169,1,0.6682668328285217,0.5865564346313477,0.5101364850997925,53,54,0
data_169,0,0.7585176825523376,0.605935275554657,0.552760899066925,53,54,0
data_170,0,0.8716174364089966,0.8483701348304749,0.5692642331123352,29,29,0
data_170,0,0.8432232737541199,0.8432232737541199,0.5109860897064209,29,29,0
data_170,0,0.8643363118171692,0.8643363118171692,0.5342390537261963,29,29,0
data_170,0,0.7261423468589783,0.6732630729675293,0.6578543782234192,40,43,0
data_170,0,0.6754060387611389,0.6151733994483948,0.5838636159896851,40,43,0
data_170,0,0.8045516014099121,0.8045516014099121,0.7550908923149109,52,61,0
data_170,1,0.8313837647438049,0.7572092413902283,0.8313837647438049,52,61,1
data_170,0,0.7210232019424438,0.659424901008606,0.5904147624969482,70,72,0
data_170,1,0.7188721299171448,0.5266387462615967,0.5713788270950317,67,70,1
data_170,1,0.8613889813423157,0.8191638588905334,0.7475625872612,72,70,1
data_170,0,0.7494961619377136,0.6674791574478149,0.5120892524719238,72,70,0
data_170,0,0.7279976010322571,0.7019572257995605,0.5817657709121704,43,40,1
data_170,0,0.8622550368309021,0.8622550368309021,0.5214380621910095,61,61,0
data_170,1,0.8162907361984253,0.7595652341842651,0.4711695909500122,61,61,0
data_170,0,0.8251343369483948,0.7527315020561218,0.8199905157089233,147,192,0
data_170,0,0.747811496257782,0.569611132144928,0.6623824834823608,147,192,1
data_171,0,0.7325634956359863,0.7016791105270386,0.37687554955482483,488,324,0
data_171,0,0.8087708950042725,0.8087708950042725,0.46747922897338867,488,324,0
data_171,0,0.727173924446106,0.727173924446106,0.4418147802352905,488,324,0
data_171,0,0.6977019906044006,0.6977019906044006,0.5357938408851624,488,324,1
data_171,0,0.8179959654808044,0.8179959654808044,0.5420317649841309,488,324,0
data_171,0,0.7792057991027832,0.760341465473175,0.5773003697395325,488,324,0
data_171,0,0.6430050134658813,0.6430050134658813,0.38454553484916687,134,79,0
data_171,0,0.6692063808441162,0.5802084803581238,0.5545575022697449,134,79,0
data_171,0,0.7214440107345581,0.7214440107345581,0.4245404601097107,20,18,0
data_171,0,0.9179374575614929,0.9179374575614929,0.46705904603004456,20,18,0
data_171,0,0.8366239070892334,0.6948306560516357,0.5217371582984924,20,18,0
data_171,0,0.7505128383636475,0.6610944867134094,0.44459590315818787,72,72,0
data_171,0,0.8453721404075623,0.8453721404075623,0.544048011302948,72,72,0
data_171,0,0.8453012108802795,0.8453012108802795,0.5455801486968994,79,77,0
data_171,0,0.7880573868751526,0.7880573868751526,0.5761885046958923,79,77,0
data_171,0,0.7630190253257751,0.7304366230964661,0.7630190253257751,79,77,0
data_171,0,0.7707298398017883,0.7707298398017883,0.5205993056297302,58,59,0
data_171,0,0.8972207903862,0.8972207903862,0.5553203225135803,58,59,0
data_171,0,0.8272181749343872,0.7522907257080078,0.5029159784317017,26,27,0
data_171,0,0.5969398021697998,0.5581273436546326,0.4787032902240753,26,27,0
data_171,0,0.5869218111038208,0.5573647022247314,0.48320209980010986,24,24,0
data_171,0,0.7233505845069885,0.7233505845069885,0.4585750102996826,24,24,0
data_172,0,0.8633082509040833,0.8633082509040833,0.7387654781341553,58,56,0
data_172,1,0.6157097220420837,0.6157097220420837,0.5126550197601318,58,56,1
data_172,0,0.729947030544281,0.6960963010787964,0.6772065758705139,58,56,0
data_172,0,0.6793830990791321,0.6618064045906067,0.6083809733390808,36,39,0
data_172,0,0.6411941647529602,0.5522229671478271,0.36547210812568665,36,39,0
data_172,0,0.8098666071891785,0.5912182331085205,0.48166346549987793,36,39,0
data_172,0,0.672062337398529,0.5726490020751953,0.4527561068534851,70,69,0
data_172,0,0.8297801613807678,0.8297801613807678,0.6086435317993164,70,69,0
data_172,0,0.6847083568572998,0.6847083568572998,0.4321826100349426,70,69,0
data_172,0,0.786243736743927,0.697981595993042,0.564276397228241,41,39,0
data_172,0,0.7416401505470276,0.7416401505470276,0.6137778759002686,41,39,0
data_172,0,0.8066490888595581,0.8066490888595581,0.5888779759407043,41,39,0
data_172,1,0.8100226521492004,0.4836284816265106,0.4867216944694519,121,78,1
data_172,1,0.7238328456878662,0.569785475730896,0.47415685653686523,121,78,1
data_172,0,0.7277075052261353,0.620307207107544,0.6555348634719849,121,78,1
data_172,0,0.8093461394309998,0.8093461394309998,0.6051064729690552,54,55,0
data_172,0,0.5992816686630249,0.5833244919776917,0.3891669809818268,54,55,0
data_172,0,0.7234905362129211,0.6408465504646301,0.5788406133651733,54,55,0
data_172,0,0.7063808441162109,0.6254204511642456,0.5804166793823242,19,17,0
data_172,0,0.7413171529769897,0.7413171529769897,0.3372584581375122,19,17,0
data_172,0,0.6180889010429382,0.42641645669937134,0.47153112292289734,19,17,0
data_172,0,0.75285804271698,0.7431504130363464,0.6223670840263367,39,41,0
data_172,0,0.6788877844810486,0.6788877844810486,0.5784214735031128,39,41,0
data_172,0,0.6823154091835022,0.5598859786987305,0.6252779364585876,39,41,0
data_172,0,0.6220400333404541,0.5768306255340576,0.5727458000183105,49,54,0
data_172,0,0.7236102223396301,0.7236102223396301,0.5191580057144165,49,54,0
data_172,0,0.600681722164154,0.5303535461425781,0.4939781129360199,49,54,0
data_173,0,0.8633314371109009,0.7507548332214355,0.8633314371109009,68,85,0
data_173,0,0.8219879865646362,0.8219879865646362,0.7250174880027771,68,85,0
data_173,0,0.7945085167884827,0.7306838631629944,0.6781064867973328,68,85,1
data_173,0,0.7267761826515198,0.6966102123260498,0.6284058690071106,68,85,0
data_173,0,0.8329688310623169,0.7407408952713013,0.7512524127960205,68,85,0
data_173,0,0.7825258374214172,0.7825258374214172,0.5902827978134155,45,49,0
data_173,0,0.7974869012832642,0.7974869012832642,0.6364261507987976,45,49,0
data_173,1,0.8429749011993408,0.8429749011993408,0.6440907716751099,45,49,0
data_173,0,0.8348038792610168,0.8348038792610168,0.6160175204277039,49,45,0
data_173,0,0.7767444849014282,0.7767444849014282,0.6463707685470581,49,45,0
data_173,0,0.847427487373352,0.847427487373352,0.6662079095840454,49,45,1
data_173,0,0.7943457961082458,0.7943457961082458,0.609239399433136,49,45,0
data_173,0,0.8561975955963135,0.8008022904396057,0.808444619178772,147,137,0
data_173,0,0.7549928426742554,0.7549928426742554,0.7221395373344421,147,137,0
data_173,0,0.7797430157661438,0.7357309460639954,0.7486627697944641,147,137,1
data_173,0,0.809169590473175,0.6366550922393799,0.783291757106781,147,137,0
data_173,0,0.7996858358383179,0.7996858358383179,0.7897897362709045,135,137,0
data_173,0,0.7367722988128662,0.7367722988128662,0.7271698713302612,135,137,0
data_173,1,0.7109310626983643,0.6947364211082458,0.6782788634300232,135,137,0
data_173,0,0.6792196035385132,0.6597276329994202,0.6413602232933044,135,137,0
data_173,0,0.8532577157020569,0.8532577157020569,0.4407934844493866,85,68,0
data_173,0,0.8696388602256775,0.8696388602256775,0.6090191602706909,85,68,0
data_173,1,0.7395002245903015,0.7395002245903015,0.6265551447868347,85,68,1
data_173,0,0.8319405913352966,0.8319405913352966,0.7642115354537964,85,68,0
data_174,0,0.7452744841575623,0.7452744841575623,0.6537636518478394,115,127,0
data_174,0,0.6561366319656372,0.6367011666297913,0.4490641951560974,115,127,0
data_174,0,0.8935651183128357,0.8935651183128357,0.7176654934883118,115,127,0
data_174,0,0.9159646034240723,0.9159646034240723,0.7370522618293762,115,127,0
data_174,0,0.5636430382728577,0.5636430382728577,0.4944259524345398,273,169,1
data_174,0,0.5876701474189758,0.5876701474189758,0.4888869822025299,273,169,0
data_174,0,0.6346772313117981,0.6346772313117981,0.6101205945014954,273,169,0
data_174,0,0.7586991786956787,0.7586991786956787,0.5209395289421082,273,169,0
data_174,0,0.6979451179504395,0.6381117105484009,0.5281651616096497,138,127,0
data_174,0,0.8239286541938782,0.8239286541938782,0.5896570086479187,138,127,1
data_174,0,0.6688302755355835,0.6688302755355835,0.5105935335159302,138,127,0
data_174,0,0.737412691116333,0.6687588691711426,0.6587503552436829,64,115,0
data_174,0,0.7192560434341431,0.6571305990219116,0.4579539895057678,64,115,1
data_174,0,0.6935508847236633,0.6935508847236633,0.553784966468811,64,115,1
data_175,0,0.78642338514328,0.78642338514328,0.6330803632736206,343,119,0
data_175,0,0.7441324591636658,0.7441324591636658,0.46961942315101624,343,119,0
data_175,0,0.6660634875297546,0.6660634875297546,0.6203906536102295,343,119,1
data_175,0,0.8175370693206787,0.8175370693206787,0.48366281390190125,343,119,0
data_175,1,0.6800497174263,0.5727838277816772,0.4474806785583496,28,21,1
data_175,0,0.837856113910675,0.837856113910675,0.3775574564933777,28,21,1
data_175,0,0.6168704032897949,0.6159942746162415,0.26055213809013367,28,21,1
data_175,0,0.8868932723999023,0.8868932723999023,0.6869399547576904,46,28,0
data_175,0,0.6407929062843323,0.6407929062843323,0.48085227608680725,46,28,0
data_175,0,0.7761275768280029,0.7761275768280029,0.5131762027740479,46,28,0
data_175,0,0.7221844792366028,0.48758190870285034,0.60905522108078,21,28,0
data_175,0,0.7054117321968079,0.5283136367797852,0.5420291423797607,21,28,1
data_176,0,0.7397933006286621,0.6552131175994873,0.5429074764251709,85,80,0
data_176,0,0.7825027108192444,0.7504313588142395,0.7099493145942688,85,80,0
data_176,0,0.6825072765350342,0.6825072765350342,0.3383278548717499,85,80,0
data_176,0,0.796282947063446,0.7544267177581787,0.7009814381599426,85,80,0
data_176,0,0.7785716652870178,0.7785716652870178,0.6320372223854065,85,80,0
data_176,0,0.8023749589920044,0.8023749589920044,0.5275450944900513,85,80,0
data_176,0,0.7894808053970337,0.7894808053970337,0.61004638671875,85,80,0
data_176,0,0.8613743185997009,0.8613743185997009,0.8061435222625732,80,85,0
data_176,0,0.8492579460144043,0.8032514452934265,0.654965341091156,80,85,0
data_176,0,0.8076372742652893,0.7706630229949951,0.8076372742652893,80,85,0
data_176,0,0.7062454223632812,0.7062454223632812,0.5994408130645752,80,85,0
data_176,1,0.7589966058731079,0.7589966058731079,0.7148022055625916,80,85,1
data_176,1,0.678409218788147,0.6165159940719604,0.45175179839134216,80,85,1
data_176,0,0.7305192947387695,0.7305192947387695,0.6181473731994629,155,146,0
data_176,0,0.7011032700538635,0.7011032700538635,0.5851433873176575,155,146,0
data_176,0,0.8030557036399841,0.8030557036399841,0.7869452834129333,155,146,0
data_176,0,0.7369494438171387,0.6490066051483154,0.689399242401123,155,146,0
data_176,0,0.7147945165634155,0.7147945165634155,0.6557431221008301,155,146,0
data_176,0,0.884962260723114,0.884962260723114,0.545119047164917,48,33,0
data_176,0,0.8184565305709839,0.7113506197929382,0.7975780367851257,48,33,0
data_176,0,0.6360019445419312,0.4724508225917816,0.41133952140808105,48,33,1
data_176,0,0.6766685843467712,0.6619987487792969,0.6766685843467712,146,155,0
data_176,0,0.8614153861999512,0.8614153861999512,0.7519665360450745,146,155,0
data_176,0,0.807574450969696,0.7669625282287598,0.7886524796485901,146,155,0
data_177,0,0.8586007952690125,0.6220532059669495,0.5266809463500977,139,174,0
data_177,0,0.6811416745185852,0.5238964557647705,0.38459426164627075,139,174,0
data_177,1,0.7702566981315613,0.6609700322151184,0.4607386291027069,139,174,1
data_177,0,0.8110589385032654,0.8110589385032654,0.4470106065273285,71,66,0
data_177,0,0.677664577960968,0.677664577960968,0.5993982553482056,71,66,1
data_177,0,0.6864226460456848,0.6820830702781677,0.502613365650177,71,66,0
data_177,1,0.7030982971191406,0.508516252040863,0.7030982971191406,98,95,1
data_177,1,0.826085090637207,0.4272351861000061,0.826085090637207,98,95,1
data_177,0,0.6380398869514465,0.6380398869514465,0.6123753190040588,98,95,1
data_177,0,0.6901117563247681,0.6901117563247681,0.5537164211273193,57,63,0
data_177,0,0.6900581121444702,0.6900581121444702,0.6168617606163025,57,63,0
data_178,0,0.7374917268753052,0.7374917268753052,0.5400809645652771,58,61,1
data_178,0,0.8079805970191956,0.8079805970191956,0.6595249772071838,58,61,0
data_178,0,0.9682807922363281,0.9682807922363281,0.6199746131896973,58,61,0
data_178,0,0.8575692772865295,0.8575692772865295,0.47630342841148376,31,32,0
data_178,0,0.853691577911377,0.853691577911377,0.5342363119125366,31,32,0
data_178,0,0.7605522274971008,0.7605522274971008,0.5505707263946533,31,32,0
data_178,0,0.7979296445846558,0.7979296445846558,0.2974240481853485,24,24,0
data_178,1,0.7100933790206909,0.36522194743156433,0.42952150106430054,24,24,1
data_178,1,0.7053415775299072,0.5452456474304199,0.4946761131286621,24,24,1
data_178,0,0.7401092648506165,0.7401092648506165,0.43799570202827454,64,63,0
data_178,1,0.6928257942199707,0.6808298230171204,0.4013883173465729,64,63,1
data_178,0,0.8775742053985596,0.8775742053985596,0.598615288734436,61,63,0
data_178,0,0.9419615864753723,0.8150988817214966,0.6890466809272766,61,63,0
data_178,0,0.7583511471748352,0.7557327151298523,0.5756661891937256,61,63,0
data_178,0,0.8082945346832275,0.776854932308197,0.503190815448761,75,76,0
data_178,0,0.6874057650566101,0.6874057650566101,0.573366641998291,75,76,1
data_178,0,0.8466866612434387,0.8466866612434387,0.3717186450958252,36,38,0
data_178,0,0.6617836952209473,0.6269590854644775,0.5045621991157532,36,38,0
data_178,0,0.8811761736869812,0.8811761736869812,0.5811598300933838,20,20,0
data_178,0,0.6585057377815247,0.4692726135253906,0.4671901762485504,20,20,0
data_179,0,0.9786933064460754,0.9786933064460754,0.4510394334793091,44,57,0
data_179,0,0.9327244162559509,0.9327244162559509,0.3922428488731384,44,57,0
data_179,0,0.7099515795707703,0.6706859469413757,0.5536953806877136,44,57,0
data_179,0,0.8754176497459412,0.8754176497459412,0.5525522232055664,106,100,0
data_179,0,0.733489453792572,0.7110567688941956,0.733489453792572,106,100,0
data_179,0,0.7316029667854309,0.7316029667854309,0.6998602747917175,106,100,1
data_179,0,0.8870463967323303,0.8870463967323303,0.5214163064956665,69,77,0
data_179,0,0.8050447106361389,0.8050447106361389,0.6041014790534973,69,77,0
data_179,0,0.7915485501289368,0.7915485501289368,0.5512022972106934,69,77,0
data_179,0,0.8751350045204163,0.8751350045204163,0.6201184391975403,57,60,0
data_179,0,0.6166616082191467,0.6129917502403259,0.6166616082191467,57,60,0
data_179,0,0.7522723078727722,0.7522723078727722,0.5569112300872803,57,60,0
data_179,0,0.8077734112739563,0.8077734112739563,0.6302565932273865,60,57,0
data_179,0,0.8476525545120239,0.8476525545120239,0.5879191756248474,60,57,0
data_179,0,0.7187761068344116,0.7187761068344116,0.5243043899536133,60,57,0
data_179,0,0.8867265582084656,0.8867265582084656,0.6079232692718506,77,69,0
data_179,0,0.7970004677772522,0.7632525563240051,0.6764148473739624,77,69,0
data_179,0,0.8687610030174255,0.8687610030174255,0.6945083141326904,77,69,0
data_180,0,0.9355063438415527,0.9355063438415527,0.6227449774742126,97,77,0
data_180,0,0.6970710158348083,0.6621701121330261,0.6400346755981445,97,77,0
data_180,0,0.780650794506073,0.780650794506073,0.7721401453018188,97,77,0
data_180,0,0.6707964539527893,0.6707964539527893,0.614230215549469,65,66,0
data_180,1,0.6772856116294861,0.6754928827285767,0.6686400175094604,65,66,1
data_180,0,0.7169655561447144,0.6491795778274536,0.616527795791626,65,66,0
data_180,0,0.8838729858398438,0.7613892555236816,0.6873764395713806,48,43,0
data_180,0,0.7300707697868347,0.724571704864502,0.5555193424224854,48,43,0
data_180,0,0.7960439324378967,0.7086483240127563,0.5590763688087463,48,43,0
data_181,0,0.9655476212501526,0.9655476212501526,0.7370594143867493,64,65,0
data_181,0,0.7604928016662598,0.7245067954063416,0.7207863330841064,64,65,0
data_181,0,0.8721316456794739,0.8721316456794739,0.698786735534668,64,65,0
data_181,0,0.7883906960487366,0.7883906960487366,0.6154777407646179,64,65,0
data_181,0,0.7940548658370972,0.777767539024353,0.7888652682304382,64,65,0
data_181,0,0.8816215395927429,0.8816215395927429,0.6768770217895508,93,85,0
data_181,0,0.7386208772659302,0.7386208772659302,0.6163087487220764,93,85,1
data_181,0,0.7924468517303467,0.7924468517303467,0.6838111877441406,93,85,0
data_181,0,0.838709831237793,0.692114531993866,0.8215407729148865,93,85,0
data_181,0,0.7735097408294678,0.7497487664222717,0.7735097408294678,93,85,0
data_181,0,0.7719017267227173,0.7719017267227173,0.5835082530975342,62,64,0
data_181,0,0.6182409524917603,0.6182409524917603,0.5329810976982117,62,64,0
data_181,0,0.8582863211631775,0.7385175824165344,0.6921930909156799,62,64,0
data_181,0,0.8134306073188782,0.7395241856575012,0.6614736914634705,62,64,0
data_181,0,0.8192743062973022,0.7962239384651184,0.7284416556358337,85,93,0
data_181,0,0.7661011815071106,0.7661011815071106,0.602903425693512,85,93,1
data_181,0,0.7929835319519043,0.7929835319519043,0.6337979435920715,85,93,0
data_181,0,0.8051424622535706,0.8051424622535706,0.6519721746444702,85,93,0
data_181,0,0.8161811232566833,0.8161811232566833,0.6562414765357971,117,112,0
data_181,0,0.8439096212387085,0.6836920976638794,0.7531054019927979,117,112,1
data_181,0,0.7882409691810608,0.6446749567985535,0.6913784146308899,117,112,1
data_181,0,0.8650622367858887,0.6996967792510986,0.8650622367858887,117,112,0
data_181,0,0.7921773791313171,0.7921773791313171,0.5830645561218262,65,64,0
data_181,0,0.7398848533630371,0.6430976986885071,0.6167249083518982,65,64,0
data_181,0,0.7039031386375427,0.7039031386375427,0.5631625056266785,65,64,0
data_181,0,0.8545415997505188,0.7454249858856201,0.7978519201278687,65,64,0
data_182,0,0.7891398668289185,0.7358295917510986,0.7891398668289185,128,119,0
data_182,0,0.8414222002029419,0.8414222002029419,0.5661662220954895,128,119,0
data_182,0,0.7885335683822632,0.7430666089057922,0.7065277099609375,128,119,0
data_182,0,0.695097804069519,0.695097804069519,0.5072804093360901,155,161,0
data_182,1,0.6703914999961853,0.6088561415672302,0.44294288754463196,155,161,0
data_182,0,0.8403763771057129,0.8403763771057129,0.6823819875717163,155,161,0
data_182,0,0.6748058199882507,0.6604249477386475,0.5348675847053528,33,27,0
data_182,0,0.7669994235038757,0.7669994235038757,0.4106200635433197,33,27,1
data_182,0,0.7048206329345703,0.6564694046974182,0.46950599551200867,33,27,0
data_182,0,0.8148043751716614,0.5907829403877258,0.681953489780426,89,84,0
data_182,0,0.8801254630088806,0.8801254630088806,0.5639856457710266,89,84,0
data_182,0,0.8429702520370483,0.8429702520370483,0.6575958132743835,89,84,0
data_182,0,0.6598701477050781,0.6366568803787231,0.6302626729011536,99,89,0
data_182,0,0.7243428826332092,0.7243428826332092,0.5831899046897888,99,89,0
data_182,0,0.8003086447715759,0.8003086447715759,0.6052669286727905,99,89,0
data_182,0,0.8344911336898804,0.8344911336898804,0.6700678467750549,161,155,0
data_182,0,0.845238447189331,0.845238447189331,0.5786784887313843,161,155,0
data_182,0,0.8408766984939575,0.5405747890472412,0.5124388337135315,161,155,0
data_183,0,0.8541657328605652,0.7341351509094238,0.8293014764785767,338,301,1
data_183,0,0.7425609827041626,0.6674116849899292,0.7221373319625854,338,301,0
data_183,0,0.7566529512405396,0.7566529512405396,0.7545727491378784,338,301,1
data_183,1,0.6162716150283813,0.585776686668396,0.5793625712394714,338,301,1
data_183,0,0.7010608911514282,0.7010608911514282,0.5179438591003418,222,301,0
data_183,0,0.732666015625,0.732666015625,0.5868631601333618,222,301,0
data_183,1,0.6620854139328003,0.6620854139328003,0.5764250755310059,222,301,1
data_183,0,0.8079615831375122,0.8079615831375122,0.6955939531326294,222,301,0
data_183,0,0.8075200915336609,0.8075200915336609,0.5870998501777649,58,54,0
data_183,1,0.7938194870948792,0.7938194870948792,0.632428765296936,58,54,0
data_183,1,0.7710174322128296,0.5648072361946106,0.7710174322128296,58,54,1
data_183,0,0.7762579321861267,0.763427734375,0.5223743915557861,43,40,1
data_183,0,0.7002167105674744,0.6590781807899475,0.4989234209060669,43,40,0
data_184,0,0.7894282341003418,0.7894282341003418,0.6143292784690857,60,52,1
data_184,0,0.7954283356666565,0.7954283356666565,0.6579593420028687,60,52,0
data_184,0,0.736862063407898,0.70210862159729,0.6509552597999573,60,52,1
data_184,0,0.765671968460083,0.7062975764274597,0.7164535522460938,117,94,1
data_184,0,0.7796533703804016,0.6681442260742188,0.5723360776901245,117,94,0
data_184,1,0.7865577936172485,0.7865577936172485,0.7289838790893555,117,94,1
data_184,0,0.620232105255127,0.620232105255127,0.6011383533477783,117,94,0
data_184,0,0.8343632817268372,0.8343632817268372,0.7707684636116028,69,75,0
data_184,0,0.9943752884864807,0.9943752884864807,0.6565060615539551,69,75,0
data_184,0,0.8897417187690735,0.8897417187690735,0.6743026375770569,69,75,0
data_184,1,0.8111070394515991,0.8111070394515991,0.6428396701812744,52,60,0
data_184,0,0.7815051674842834,0.7815051674842834,0.6539056301116943,52,60,0
data_184,1,0.7816024422645569,0.7286340594291687,0.6612939834594727,52,60,1
data_184,0,0.7714658975601196,0.7227839231491089,0.7177070379257202,93,94,0
data_184,0,0.8792452216148376,0.8792452216148376,0.6883989572525024,93,94,0
data_184,0,0.8652942180633545,0.8652942180633545,0.6809433698654175,93,94,0
data_184,0,0.7176818251609802,0.6903833746910095,0.6514164209365845,94,93,1
data_184,0,0.8123531937599182,0.8123531937599182,0.7376337647438049,94,93,0
data_185,0,0.7633930444717407,0.7633930444717407,0.627113938331604,158,144,0
data_185,0,0.7274726033210754,0.7274726033210754,0.6283758878707886,158,144,0
data_185,1,0.791382372379303,0.678583562374115,0.653447687625885,158,144,1
data_185,1,0.7128583788871765,0.6730580925941467,0.6698427200317383,158,144,1
data_185,0,0.722833514213562,0.6806572675704956,0.6240420341491699,15,35,1
data_185,0,0.8102479577064514,0.5777058601379395,0.5470713376998901,15,35,0
data_185,0,0.7578203678131104,0.6249527335166931,0.7453411817550659,116,103,1
data_185,0,0.745358943939209,0.6773433089256287,0.745358943939209,116,103,0
data_185,0,0.7396771907806396,0.5126035809516907,0.7233064770698547,116,103,0
data_185,0,0.8375371098518372,0.8375371098518372,0.46257153153419495,35,15,0
data_185,0,0.7256678938865662,0.6982027292251587,0.4398983120918274,35,15,0
data_185,1,0.6358358263969421,0.47219517827033997,0.3604554235935211,35,15,1
data_185,1,0.9000679850578308,0.5585633516311646,0.5332363843917847,35,15,1
data_185,0,0.8902438282966614,0.7262687683105469,0.5796882510185242,82,79,0
data_185,0,0.7607150077819824,0.7607150077819824,0.4364270567893982,82,79,0
data_185,0,0.7501535415649414,0.7501535415649414,0.4466036260128021,82,79,0
data_185,0,0.817862868309021,0.5998599529266357,0.6084951758384705,79,82,0
data_185,0,0.737890362739563,0.737890362739563,0.5167210698127747,79,82,0
data_185,0,0.702259361743927,0.6371390223503113,0.6750932931900024,79,82,0
data_185,0,0.7960013151168823,0.7960013151168823,0.7565901875495911,144,144,0
data_185,0,0.7702085375785828,0.7123150825500488,0.718568742275238,144,144,1
data_186,0,0.7660689353942871,0.7660689353942871,0.6031049489974976,63,67,0
data_186,0,0.8318175673484802,0.8318175673484802,0.6289749145507812,63,67,0
data_186,0,0.6890800595283508,0.6890800595283508,0.48461654782295227,63,67,0
data_186,0,0.7303147912025452,0.7303147912025452,0.7195462584495544,63,67,0
data_186,0,0.9324339032173157,0.9324339032173157,0.48909714818000793,67,63,0
data_186,0,0.7831947207450867,0.7831947207450867,0.7242435216903687,67,63,0
data_186,0,0.7971442937850952,0.7971442937850952,0.5304524898529053,67,63,0
data_186,0,0.8156728148460388,0.8156728148460388,0.5738665461540222,67,63,0
data_186,0,0.854304850101471,0.854304850101471,0.7226296067237854,89,84,1
data_186,0,0.6319355964660645,0.6319355964660645,0.6264832019805908,89,84,1
data_186,0,0.7261314988136292,0.7048409581184387,0.632801353931427,89,84,0
data_186,0,0.899420440196991,0.899420440196991,0.5751434564590454,89,84,0
data_186,0,0.9301046133041382,0.9301046133041382,0.6080243587493896,82,84,0
data_186,0,0.7168158292770386,0.6706165671348572,0.7095173597335815,82,84,0
data_186,0,0.713165819644928,0.713165819644928,0.642751157283783,82,84,0
data_186,0,0.8025573492050171,0.6886389255523682,0.6631922721862793,82,84,0
data_186,0,0.7561182379722595,0.7357777953147888,0.7561182379722595,110,89,0
data_186,0,0.7960608005523682,0.7960608005523682,0.7893624305725098,110,89,0
data_186,0,0.8463977575302124,0.8463977575302124,0.5980211496353149,110,89,0
data_186,0,0.8841122388839722,0.8841122388839722,0.6208378672599792,110,89,0
data_186,0,0.7400586009025574,0.7400586009025574,0.5396624207496643,84,82,0
data_186,0,0.644285261631012,0.6314787864685059,0.5625994801521301,84,82,0
data_186,0,0.6518254280090332,0.6518254280090332,0.62940514087677,84,82,1
data_186,0,0.7868273258209229,0.7868273258209229,0.6532734036445618,84,82,0
data_187,0,0.8490459322929382,0.7721073627471924,0.6338391304016113,34,26,0
data_187,0,0.6887876391410828,0.6887876391410828,0.44960668683052063,34,26,0
data_187,0,0.7716382145881653,0.7716382145881653,0.6244730949401855,34,26,0
data_187,0,0.79824298620224,0.79824298620224,0.6338778734207153,21,21,0
data_187,0,0.7904102802276611,0.7421252727508545,0.6570244431495667,21,21,0
data_187,0,0.8679417967796326,0.7482481002807617,0.5906646847724915,17,18,0
data_187,0,0.6543022990226746,0.6541313529014587,0.5402712821960449,17,18,0
data_187,0,0.7519944310188293,0.7519944310188293,0.4906349778175354,56,55,0
data_187,0,0.8405283093452454,0.8405283093452454,0.502201497554779,56,55,0
data_188,0,0.7901631593704224,0.7901631593704224,0.6072393655776978,82,82,0
data_188,0,0.8923037052154541,0.8132144808769226,0.7174240350723267,82,82,0
data_188,1,0.8434882164001465,0.7799401879310608,0.6569488644599915,75,74,1
data_188,0,0.8854852914810181,0.7848638296127319,0.714287519454956,75,74,0
data_188,0,0.8696050643920898,0.8696050643920898,0.8183963894844055,82,82,0
data_188,0,0.9201924204826355,0.8206542134284973,0.784777820110321,82,82,1
data_188,0,0.7802147269248962,0.7802147269248962,0.6761894226074219,63,74,0
data_188,0,0.7761379480361938,0.7761379480361938,0.6445124745368958,63,74,0
data_189,0,0.881370484828949,0.881370484828949,0.5400187969207764,66,60,0
data_189,0,0.8769960999488831,0.8769960999488831,0.6631518602371216,66,60,0
data_189,0,0.9419530034065247,0.9419530034065247,0.4075066149234772,66,60,0
data_189,0,0.5915254950523376,0.5915254950523376,0.4739672839641571,66,60,1
data_189,1,0.7914333939552307,0.7914333939552307,0.7144365310668945,75,66,1
data_189,0,0.7851961851119995,0.7851961851119995,0.6820529103279114,75,66,0
data_189,0,0.8388597369194031,0.8388597369194031,0.6954555511474609,75,66,0
data_189,0,0.8251449465751648,0.8251449465751648,0.7474818229675293,75,66,0
data_189,0,0.7599664330482483,0.7599664330482483,0.5710097551345825,60,66,0
data_189,0,0.7634010910987854,0.7634010910987854,0.6562387347221375,60,66,0
data_189,0,0.854312002658844,0.854312002658844,0.5597254633903503,60,66,0
data_189,0,0.7475723028182983,0.7475723028182983,0.7329856753349304,117,97,0
data_189,0,0.8108056783676147,0.8108056783676147,0.5670249462127686,117,97,0
data_189,0,0.704934298992157,0.7003898024559021,0.5225998163223267,117,97,1
data_189,0,0.765327513217926,0.765327513217926,0.5372633934020996,117,97,0
data_190,0,0.7301936149597168,0.6332675218582153,0.6802874207496643,11,14,0
data_190,0,0.7236751317977905,0.6941790580749512,0.5951613187789917,107,111,0
data_190,0,0.9623545408248901,0.9623545408248901,0.6358888745307922,107,111,0
data_190,0,0.9307522177696228,0.9307522177696228,0.6796523928642273,107,111,0
data_190,0,0.6878554821014404,0.6813363432884216,0.5379761457443237,107,111,0
data_190,0,0.7953415513038635,0.747925877571106,0.6658003926277161,107,111,0
data_190,0,0.7412492036819458,0.7412492036819458,0.5893560647964478,107,111,0
data_190,0,0.7880799770355225,0.7880799770355225,0.6437839865684509,74,88,0
data_190,0,0.9265074133872986,0.9265074133872986,0.5748703479766846,74,88,0
data_190,0,0.6947965621948242,0.6339592933654785,0.6159146428108215,74,88,0
data_190,0,0.8033621311187744,0.8033621311187744,0.690716564655304,74,88,0
data_190,0,0.6724469065666199,0.6724469065666199,0.6229345798492432,74,88,0
data_190,0,0.7788867950439453,0.7788867950439453,0.6510211825370789,111,107,0
data_190,0,0.7420211434364319,0.7420211434364319,0.6965060234069824,111,107,0
data_190,0,0.747949481010437,0.7176490426063538,0.6577982306480408,111,107,0
data_190,0,0.7038201093673706,0.5868497490882874,0.5393305420875549,111,107,1
data_190,0,0.7570106387138367,0.7570106387138367,0.6191781759262085,111,107,0
data_190,0,0.8513758778572083,0.8513758778572083,0.6618641018867493,119,111,0
data_190,0,0.7745400071144104,0.7745400071144104,0.6998666524887085,119,111,0
data_190,0,0.7147160172462463,0.7020324468612671,0.6114177107810974,119,111,0
data_190,0,0.7490226030349731,0.6862326264381409,0.6080254316329956,119,111,0
data_190,0,0.8624935150146484,0.7786862850189209,0.7526698708534241,88,74,0
data_190,1,0.6070995926856995,0.5842918753623962,0.5413432717323303,88,74,0
data_190,0,0.7405222654342651,0.6614744663238525,0.5563605427742004,88,74,0
data_190,0,0.7822855710983276,0.7822855710983276,0.5166664123535156,140,119,0
data_190,0,0.7206619381904602,0.7206619381904602,0.28110623359680176,140,119,0
data_190,0,0.7679104804992676,0.7679104804992676,0.6163926720619202,140,119,0
data_191,0,0.8938012719154358,0.8938012719154358,0.6284278035163879,51,37,0
data_191,0,0.8308068513870239,0.8308068513870239,0.5476117134094238,51,37,0
data_191,0,0.8138995170593262,0.8138995170593262,0.6643107533454895,51,37,0
data_191,0,0.9044546484947205,0.9044546484947205,0.717345118522644,51,37,0
data_191,0,0.8758132457733154,0.8758132457733154,0.618882417678833,80,85,0
data_191,0,0.7899671196937561,0.7899671196937561,0.5023090839385986,80,85,0
data_191,0,0.7125900983810425,0.7125900983810425,0.47271206974983215,80,85,0
data_191,0,0.6600434184074402,0.6577068567276001,0.5668132305145264,80,85,0
data_191,0,0.9077145457267761,0.9077145457267761,0.7192290425300598,167,162,0
data_191,0,0.7741216421127319,0.7741216421127319,0.6950566172599792,167,162,0
data_191,0,0.7865771055221558,0.7865771055221558,0.711107075214386,167,162,0
data_191,1,0.7202627062797546,0.7202627062797546,0.6724862456321716,167,162,1
data_191,0,0.8568574786186218,0.8568574786186218,0.6573268175125122,162,167,0
data_191,0,0.7418768405914307,0.7418768405914307,0.5939508080482483,162,167,0
data_191,1,0.9052393436431885,0.9052393436431885,0.5805061459541321,162,167,1
data_191,0,0.9037975072860718,0.9037975072860718,0.5723689794540405,85,80,0
data_191,1,0.6724728345870972,0.6724728345870972,0.5786066651344299,85,80,1
data_191,0,0.7236140966415405,0.7236140966415405,0.6489982008934021,85,80,0
data_192,0,0.9330126643180847,0.9330126643180847,0.5444784164428711,50,73,0
data_192,0,0.8748707175254822,0.8748707175254822,0.46940091252326965,50,73,0
data_192,0,0.8183846473693848,0.8183846473693848,0.5666371583938599,50,73,0
data_192,0,0.8034760355949402,0.8034760355949402,0.4633190333843231,50,73,0
data_192,0,0.8132494688034058,0.8132494688034058,0.5718888640403748,50,73,0
data_192,0,0.6936666965484619,0.659242570400238,0.6788743138313293,73,50,0
data_192,0,0.9052491188049316,0.9052491188049316,0.5628044009208679,73,50,0
data_192,0,0.716025710105896,0.716025710105896,0.5449340343475342,73,50,0
data_192,0,0.7824004292488098,0.729266345500946,0.6198366284370422,73,50,0
data_192,0,0.805069625377655,0.805069625377655,0.5090736150741577,73,50,0
data_192,0,0.7851176261901855,0.7851176261901855,0.5836027264595032,161,168,0
data_192,0,0.7223525047302246,0.7223525047302246,0.5644257664680481,161,168,0
data_192,0,0.9240502715110779,0.9240502715110779,0.25610214471817017,161,168,0
data_192,1,0.7919564247131348,0.7919564247131348,0.6215710043907166,161,168,0
data_192,0,0.695829451084137,0.695829451084137,0.683616042137146,161,168,0
data_192,0,0.6873573064804077,0.6873573064804077,0.5673081874847412,121,121,0
data_192,0,0.796789824962616,0.796789824962616,0.6161075234413147,121,121,0
data_192,0,0.7274449467658997,0.6745567917823792,0.5988806486129761,121,121,0
data_192,1,0.8193628191947937,0.8193628191947937,0.5314369797706604,121,121,1
data_192,0,0.6685131192207336,0.5668850541114807,0.5748671293258667,121,121,0
data_193,0,1.0000001192092896,0.5648354291915894,0.5745983719825745,138,154,0
data_193,0,0.8729910850524902,0.5381378531455994,0.5513383746147156,138,154,0
data_193,0,0.799365222454071,0.799365222454071,0.5062897205352783,80,82,0
data_193,0,0.8454050421714783,0.7537202835083008,0.6828091740608215,80,82,0
data_193,0,0.6989082098007202,0.6989082098007202,0.5354212522506714,115,101,0
data_193,0,0.7869006991386414,0.67842698097229,0.7869006991386414,115,101,0
data_193,0,0.6924408674240112,0.6924408674240112,0.5291483402252197,115,101,0
data_193,1,0.7758238911628723,0.6547590494155884,0.6684471368789673,154,165,0
data_193,1,0.7519757747650146,0.5406091213226318,0.7519757747650146,154,165,1
data_193,0,0.8269508481025696,0.7925742864608765,0.6894346475601196,101,115,0
data_193,0,0.7035398483276367,0.7035398483276367,0.5956942439079285,101,115,0
data_193,0,0.783503532409668,0.783503532409668,0.7192405462265015,55,59,0
data_193,0,0.7125547528266907,0.7125547528266907,0.5453975200653076,168,165,1
data_193,0,0.7125514149665833,0.7125514149665833,0.5778053998947144,45,55,1
data_193,0,0.7706405520439148,0.7482990026473999,0.5452468395233154,45,55,0
data_193,0,0.7223879098892212,0.6222788095474243,0.7223879098892212,59,55,0
data_193,1,0.7277194261550903,0.564555287361145,0.610345184803009,59,55,0
data_193,0,0.7415169477462769,0.7415169477462769,0.6097363829612732,165,168,0
data_193,0,0.5812251567840576,0.5759643316268921,0.5812251567840576,165,168,0
data_194,0,0.7933430075645447,0.7933430075645447,0.6080688238143921,57,59,0
data_194,0,0.8534230589866638,0.8534230589866638,0.5813532471656799,57,59,0
data_194,0,0.8066152930259705,0.8066152930259705,0.6701690554618835,57,59,0
data_194,0,0.7162869572639465,0.7162869572639465,0.5992857813835144,57,59,0
data_194,0,0.7769981026649475,0.7769981026649475,0.5911142230033875,128,127,0
data_194,0,0.6084818243980408,0.5655232667922974,0.5381921529769897,128,127,0
data_194,0,0.7849213480949402,0.753250241279602,0.7510403394699097,128,127,1
data_194,0,0.8403352499008179,0.8403352499008179,0.6878857016563416,128,127,0
data_194,0,0.8030949234962463,0.8030949234962463,0.6342359781265259,86,81,0
data_194,1,0.7528020143508911,0.6604157090187073,0.7140352129936218,86,81,0
data_194,0,0.8033183813095093,0.8033183813095093,0.64220130443573,86,81,0
data_194,0,0.8903459906578064,0.8903459906578064,0.4691610038280487,71,68,0
data_194,0,0.8273277878761292,0.8112919926643372,0.8273277878761292,71,68,0
data_194,0,0.7875609993934631,0.7510828375816345,0.6812666654586792,71,68,0
data_194,0,0.8070374727249146,0.8070374727249146,0.5192809104919434,71,68,0
data_194,0,0.7368112206459045,0.7368112206459045,0.5214349627494812,68,71,0
data_194,0,0.6887423992156982,0.6887423992156982,0.5658158659934998,68,71,0
data_194,0,0.7383534908294678,0.7383534908294678,0.6835203170776367,68,71,0
data_194,0,0.7833513021469116,0.743095338344574,0.6825385689735413,59,57,1
data_194,0,0.7522366642951965,0.7042116522789001,0.6072747111320496,59,57,0
data_194,0,0.8100813627243042,0.8100813627243042,0.6201539039611816,59,57,1
data_195,0,0.8599886894226074,0.8599886894226074,0.7992666959762573,148,108,0
data_195,0,0.8107417821884155,0.8107417821884155,0.5954378247261047,148,108,1
data_195,0,0.7572399377822876,0.6957913041114807,0.7572399377822876,148,108,0
data_195,0,0.7446384429931641,0.7446384429931641,0.5642949342727661,148,108,0
data_195,0,0.7908287048339844,0.7908287048339844,0.7570341229438782,148,108,0
data_195,0,0.7902755737304688,0.7902755737304688,0.7426992654800415,88,97,0
data_195,0,0.7295600771903992,0.7295600771903992,0.6311957836151123,88,97,0
data_195,0,0.863346517086029,0.863346517086029,0.6565837264060974,88,97,0
data_195,1,0.7533708810806274,0.6905016303062439,0.6971654295921326,88,97,1
data_195,0,0.7900876998901367,0.7900876998901367,0.6968912482261658,88,97,0
data_195,0,0.8975556492805481,0.8975556492805481,0.6031545400619507,108,97,0
data_195,0,0.702193021774292,0.6822392344474792,0.654968798160553,108,97,0
data_195,0,0.7725991010665894,0.7725991010665894,0.7066846489906311,108,97,0
data_195,0,0.900999128818512,0.900999128818512,0.7261056900024414,108,97,0
data_195,0,0.801762580871582,0.801762580871582,0.7060693502426147,108,97,0
data_196,0,0.7413851618766785,0.7413851618766785,0.6178478598594666,89,68,0
data_196,0,0.7278349995613098,0.6703490018844604,0.6410948634147644,89,68,0
data_196,0,0.7469449043273926,0.7469449043273926,0.5600054860115051,89,68,0
data_196,0,0.6436461806297302,0.6215128898620605,0.6330782771110535,89,68,0
data_196,0,0.7804068326950073,0.6753557324409485,0.7804068326950073,63,68,0
data_196,0,0.924310564994812,0.924310564994812,0.65074223279953,63,68,0
data_196,0,0.7751862406730652,0.7751862406730652,0.5280384421348572,63,68,0
data_196,0,0.884856641292572,0.884856641292572,0.6748970150947571,63,68,0
data_196,0,0.6766645908355713,0.6727687120437622,0.5724068880081177,68,63,0
data_196,0,0.854241132736206,0.854241132736206,0.5898651480674744,68,63,0
data_196,0,0.7606731653213501,0.7606731653213501,0.5704531669616699,68,63,0
data_196,0,0.7875477075576782,0.7875477075576782,0.5011348128318787,68,63,0
data_197,0,0.8057355880737305,0.6390853524208069,0.7482923865318298,9,45,0
data_197,0,0.7607937455177307,0.6888663172721863,0.6397181153297424,9,45,0
data_197,0,0.7939881086349487,0.7939881086349487,0.359653115272522,63,64,0
data_197,0,0.6541455388069153,0.5495209097862244,0.30513080954551697,63,64,0
data_197,0,0.9520543217658997,0.9520543217658997,0.6710221767425537,125,123,1
data_197,0,0.7724733352661133,0.7282892465591431,0.6205518841743469,125,123,0
data_197,0,0.7749471664428711,0.7749471664428711,0.6801798343658447,103,117,0
data_197,0,0.9398342967033386,0.9398342967033386,0.6732914447784424,103,117,0
data_197,0,0.7931323051452637,0.7931323051452637,0.5266857147216797,72,72,0
data_197,0,0.816843569278717,0.786923885345459,0.7103932499885559,72,72,0
data_197,0,0.8129647970199585,0.7443986535072327,0.6792173385620117,59,63,0
data_197,1,0.9116703867912292,0.6740313172340393,0.6282455921173096,59,63,1
data_197,0,0.7867292761802673,0.7867292761802673,0.721297025680542,123,125,0
data_197,1,0.7062119841575623,0.6196565628051758,0.7062119841575623,123,125,1
data_198,0,0.8169716596603394,0.8169716596603394,0.6604608297348022,39,39,0
data_198,0,0.8853906989097595,0.8853906989097595,0.6974731683731079,39,39,0
data_198,0,0.910788893699646,0.910788893699646,0.7021375894546509,39,39,0
data_198,0,0.6730830073356628,0.611423909664154,0.5713485479354858,39,39,0
data_198,0,0.6910867691040039,0.6516398787498474,0.5862283110618591,39,39,0
data_198,0,0.8605451583862305,0.8605451583862305,0.5385777354240417,39,39,0
data_198,0,0.7682529091835022,0.7682529091835022,0.3980954587459564,39,39,0
data_198,0,0.9202152490615845,0.9202152490615845,0.616253674030304,39,39,0
data_198,0,0.8968489766120911,0.8968489766120911,0.6753905415534973,39,39,0
data_198,0,0.760870635509491,0.760870635509491,0.5252929329872131,53,50,0
data_198,0,0.764862060546875,0.764862060546875,0.5254023671150208,53,50,0
data_198,0,0.8187342286109924,0.8187342286109924,0.5391457080841064,53,50,0
data_198,0,0.6273670792579651,0.6040701270103455,0.6273670792579651,53,50,0
data_198,0,0.6552785634994507,0.6552785634994507,0.5338830947875977,62,66,0
data_198,0,0.9477320909500122,0.9289010167121887,0.6482020616531372,62,66,0
data_198,0,0.7956474423408508,0.7956474423408508,0.7061188817024231,62,66,0
data_198,0,0.8527344465255737,0.8527344465255737,0.6553939580917358,62,66,0
data_198,0,0.6587334275245667,0.6587334275245667,0.43496233224868774,50,53,1
data_198,0,0.8109357953071594,0.6929026246070862,0.5675041675567627,50,53,0
data_198,0,0.7591513991355896,0.7075476050376892,0.7591513991355896,50,53,1
data_198,0,0.8005168437957764,0.7850111722946167,0.7978657484054565,66,62,0
data_198,0,0.8123466968536377,0.8123466968536377,0.7955256104469299,66,62,0
data_198,0,0.7883051037788391,0.7883051037788391,0.6208041906356812,28,25,0
data_198,0,0.7374299764633179,0.6383497714996338,0.5722074508666992,28,25,0
data_198,0,0.582746684551239,0.5744407176971436,0.582746684551239,25,28,0
data_198,0,0.6435726881027222,0.6435726881027222,0.5023283362388611,25,28,0
data_199,0,0.706463098526001,0.706463098526001,0.4463489353656769,824,382,0
data_199,0,0.7094398736953735,0.7094398736953735,0.3793751001358032,824,382,0
data_199,0,0.7261823415756226,0.7261823415756226,0.41945120692253113,824,382,0
data_199,0,0.8507083654403687,0.8507083654403687,0.454230397939682,824,382,0
data_199,1,0.8681342005729675,0.8681342005729675,0.35063666105270386,824,382,1
data_199,0,0.7442810535430908,0.7442810535430908,0.4987185299396515,824,382,0
data_199,0,0.7692347168922424,0.7692347168922424,0.5323307514190674,824,382,1
data_199,0,0.7131267786026001,0.7131267786026001,0.6025824546813965,824,382,0
data_199,0,0.7995159029960632,0.49914297461509705,0.7657377123832703,50,50,0
data_199,1,0.868432879447937,0.5594902634620667,0.6297335028648376,50,50,1
data_199,0,0.6775051355361938,0.49521833658218384,0.5979419946670532,50,50,1
data_199,0,0.796139121055603,0.796139121055603,0.3945779502391815,44,46,0
data_199,0,0.6600910425186157,0.6600910425186157,0.19549614191055298,18,19,0
data_199,0,0.7696414589881897,0.7696414589881897,0.23512257635593414,18,19,0
data_199,0,0.6057034134864807,0.4842163920402527,0.5488728284835815,18,19,0
data_199,0,0.6547829508781433,0.6547829508781433,0.5128626227378845,97,102,0
data_199,0,0.6974488496780396,0.6974488496780396,0.48833930492401123,97,102,0
data_199,0,0.8149191737174988,0.8149191737174988,0.5002448558807373,97,92,0
data_199,0,0.8126891851425171,0.6737859845161438,0.6568232178688049,62,66,0
data_199,0,0.8129017353057861,0.8129017353057861,0.4074844717979431,62,66,0
data_199,0,0.7685971856117249,0.7207761406898499,0.36830124258995056,62,66,0
data_200,1,0.7927486300468445,0.5214925408363342,0.6892039775848389,38,52,1
data_200,0,0.7423183917999268,0.7423183917999268,0.6265217065811157,38,52,0
data_200,0,0.8118564486503601,0.8118564486503601,0.6276840567588806,38,52,0
data_200,0,0.7376439571380615,0.7376439571380615,0.7041353583335876,38,52,0
data_200,0,0.6278707385063171,0.5797380805015564,0.5867764949798584,58,52,0
data_200,0,0.8343104720115662,0.8343104720115662,0.7502505779266357,58,52,0
data_200,0,0.8426311016082764,0.6219469904899597,0.6969333291053772,58,52,0
data_200,0,0.7128159999847412,0.7128159999847412,0.5822027921676636,58,52,0
data_200,1,0.8609197735786438,0.8609197735786438,0.6573235988616943,52,58,0
data_200,1,0.8195129632949829,0.8195129632949829,0.4806850552558899,52,58,0
data_200,0,0.7252769470214844,0.6756500005722046,0.6053512096405029,52,58,0
data_200,0,0.836527407169342,0.836527407169342,0.6150783896446228,52,58,0
data_200,0,0.7525006532669067,0.731536328792572,0.7437734007835388,80,65,0
data_200,0,0.8026525378227234,0.7382987141609192,0.47441160678863525,80,65,0
data_200,0,0.7918520569801331,0.7918520569801331,0.6732000708580017,80,65,0
data_200,0,0.7884012460708618,0.764954149723053,0.7884012460708618,80,65,0
data_200,1,0.74955153465271,0.7387213110923767,0.74955153465271,65,65,0
data_200,0,0.5601451396942139,0.4983552098274231,0.4530852138996124,65,65,0
data_200,0,0.7095266580581665,0.7095266580581665,0.5330442190170288,65,65,0
data_200,0,0.7980203032493591,0.7626814246177673,0.5573151111602783,65,65,0
data_200,0,0.8763220310211182,0.8763220310211182,0.5952930450439453,65,65,0
data_200,0,0.7791444659233093,0.7791444659233093,0.5590582489967346,65,65,0
data_200,0,0.8843214511871338,0.8843214511871338,0.6220369338989258,105,97,0
data_200,0,0.7897564768791199,0.7111068367958069,0.6789805293083191,105,97,0
data_200,0,0.6888072490692139,0.6888072490692139,0.4926814138889313,105,97,0
data_200,1,0.7671653032302856,0.7671653032302856,0.49735862016677856,105,97,0
data_200,0,0.7121464610099792,0.7121464610099792,0.5933274626731873,97,105,0
data_200,0,0.783615231513977,0.6105116605758667,0.689408004283905,97,105,1
data_200,0,0.6223404407501221,0.571700930595398,0.5686776041984558,97,105,0
data_200,1,0.5371471047401428,0.4994385838508606,0.4787409007549286,97,105,0
data_201,0,0.7480191588401794,0.35554593801498413,0.2570537328720093,3,2,1
data_201,0,0.678703248500824,0.19757266342639923,0.05467386543750763,3,2,1
data_201,0,0.7527415156364441,0.2669609785079956,0.17530392110347748,3,2,1
data_201,1,0.7631894946098328,0.6203876733779907,0.5758771300315857,158,140,1
data_201,1,0.6952946186065674,0.5242535471916199,0.5770552754402161,158,140,1
data_201,0,0.7315247058868408,0.6924862861633301,0.624663770198822,158,140,0
data_201,0,0.7033810615539551,0.6970717310905457,0.4929716885089874,109,105,1
data_201,1,0.6443138718605042,0.5680747628211975,0.5336517691612244,109,105,0
data_201,1,0.6170300245285034,0.4476248025894165,0.5878229737281799,109,105,1
data_201,0,0.6811015605926514,0.6567161679267883,0.580532968044281,313,304,0
data_201,0,0.6117237210273743,0.5365332961082458,0.6062085628509521,313,304,0
data_201,0,0.6828687191009521,0.673634946346283,0.5912359952926636,313,304,0
data_201,0,0.6987583041191101,0.6630992293357849,0.45938602089881897,63,64,0
data_201,1,0.6403090953826904,0.5066255927085876,0.4682089388370514,63,64,1
data_201,0,0.7676405906677246,0.7676405906677246,0.32798001170158386,63,64,0
data_201,0,0.6459149718284607,0.5559892058372498,0.6459149718284607,52,51,0
data_201,0,0.6432304978370667,0.5862112045288086,0.49478399753570557,52,51,0
data_201,0,0.8178739547729492,0.5564150214195251,0.4051172435283661,52,51,0
data_201,0,0.6873146295547485,0.6665406227111816,0.5789964199066162,125,125,0
data_201,0,0.7781665921211243,0.7781665921211243,0.667090892791748,125,125,0
data_201,0,0.7240661382675171,0.7240661382675171,0.5052427649497986,125,125,0
data_201,1,0.8485023379325867,0.4635706841945648,0.47612136602401733,42,42,1
data_201,1,0.6906402707099915,0.5449305176734924,0.3520297408103943,42,42,1
data_201,1,0.6966418623924255,0.6656616926193237,0.4845828413963318,42,42,1
data_202,0,0.7460078597068787,0.7460078597068787,0.5649950504302979,38,50,0
data_202,0,0.8036621809005737,0.8036621809005737,0.6009731292724609,38,50,0
data_202,0,0.8359735608100891,0.8359735608100891,0.6330065131187439,38,50,0
data_202,0,0.7531590461730957,0.7531590461730957,0.6564871668815613,157,171,0
data_202,0,0.7320014238357544,0.7320014238357544,0.6371153593063354,157,171,0
data_202,0,0.7431869506835938,0.7431869506835938,0.600768506526947,157,171,0
data_202,1,0.7382292747497559,0.6978205442428589,0.7246036529541016,50,60,0
data_202,0,0.5788595676422119,0.49644309282302856,0.5788595676422119,50,60,0
data_202,0,0.7592219710350037,0.7592219710350037,0.6088893413543701,60,50,0
data_202,0,0.7076778411865234,0.7076778411865234,0.6039166450500488,60,50,0
data_202,0,0.7146984934806824,0.6279700398445129,0.6005252003669739,60,50,0
data_203,0,0.8217012882232666,0.8217012882232666,0.7632687091827393,17,40,0
data_203,0,0.663675844669342,0.663675844669342,0.5015517473220825,17,40,0
data_203,0,0.5822438597679138,0.5822438597679138,0.4817177355289459,17,40,0
data_203,0,0.7135652303695679,0.7135652303695679,0.5201764702796936,69,65,0
data_203,0,0.6334646940231323,0.6334646940231323,0.4968852400779724,69,65,0
data_203,0,0.8884223699569702,0.8884223699569702,0.5117404460906982,69,65,0
data_203,0,0.854926586151123,0.854926586151123,0.6732707619667053,82,78,0
data_203,1,0.7860795259475708,0.7860795259475708,0.5838870406150818,82,78,1
data_203,0,0.7616462111473083,0.7616462111473083,0.4527778625488281,82,78,0
data_203,0,0.7128432989120483,0.7128432989120483,0.41362494230270386,54,65,0
data_203,0,0.6433011889457703,0.6433011889457703,0.533737301826477,54,65,0
data_203,0,0.6531275510787964,0.6531275510787964,0.6000691652297974,54,65,0
data_203,0,0.6824133992195129,0.6824133992195129,0.4769393503665924,40,54,0
data_203,0,0.7819796204566956,0.4819352626800537,0.5064273476600647,40,54,0
data_203,0,0.7286798357963562,0.6208436489105225,0.5641055107116699,40,54,0
data_203,0,0.5594579577445984,0.5404314398765564,0.4830681085586548,65,69,0
data_203,0,0.6649163365364075,0.6649163365364075,0.6139054894447327,65,69,0
data_203,0,0.844005823135376,0.844005823135376,0.7305912971496582,65,69,0
data_203,1,0.770405113697052,0.6715606451034546,0.524749755859375,78,82,0
data_203,0,0.7411843538284302,0.7411843538284302,0.4963911771774292,78,82,0
data_203,0,0.6759138703346252,0.6759138703346252,0.6603849530220032,78,82,0
data_204,0,0.9442981481552124,0.9442981481552124,0.6947709321975708,15,39,0
data_204,0,0.9222760200500488,0.9222760200500488,0.559217095375061,15,39,0
data_204,0,0.8902752995491028,0.8902752995491028,0.6315792202949524,15,39,0
data_204,0,0.8394536972045898,0.8394536972045898,0.6110009551048279,15,39,0
data_204,0,0.999150276184082,0.999150276184082,0.4642064571380615,90,90,0
data_204,0,0.7677903175354004,0.7677903175354004,0.5012667775154114,90,90,0
data_204,0,0.9880114197731018,0.9880114197731018,0.4779850244522095,172,169,0
data_204,1,0.8573035597801208,0.8573035597801208,0.6814952492713928,172,169,0
data_204,1,0.7192156314849854,0.5985268950462341,0.6141387224197388,172,169,1
data_204,0,0.8187826871871948,0.8187826871871948,0.6876062750816345,90,90,0
data_204,1,0.7476100921630859,0.7453263401985168,0.5604723691940308,90,90,1
data_204,0,0.9481770992279053,0.5468742251396179,0.810551643371582,90,90,1
data_204,1,0.8008307814598083,0.6541302800178528,0.668861985206604,277,172,1
data_204,1,0.7472803592681885,0.5859033465385437,0.6066978573799133,277,172,1
data_204,0,0.903368353843689,0.903368353843689,0.5644785761833191,39,51,0
data_204,0,0.6223545074462891,0.6054392457008362,0.32623687386512756,39,51,0
data_205,1,0.7236396670341492,0.7236396670341492,0.5155165791511536,99,100,0
data_205,0,0.7732311487197876,0.7732311487197876,0.6905978918075562,99,100,0
data_205,0,0.9731871485710144,0.7232075929641724,0.678870439529419,99,100,1
data_205,0,0.7915390729904175,0.7359721660614014,0.7915390729904175,78,76,0
data_205,0,0.679320216178894,0.679320216178894,0.5572712421417236,78,80,0
data_205,0,0.8134099245071411,0.6569006443023682,0.6679683327674866,78,80,1
data_205,0,0.8902000784873962,0.8902000784873962,0.6556716561317444,48,47,0
data_205,0,0.8423808217048645,0.8423808217048645,0.700462818145752,48,47,0
data_205,0,0.7639147043228149,0.7639147043228149,0.6513505578041077,48,47,0
data_205,0,0.8623332977294922,0.8623332977294922,0.6584662795066833,47,48,0
data_205,1,0.8336931467056274,0.8336931467056274,0.6522449254989624,47,48,1
data_205,0,0.8158713579177856,0.679108202457428,0.7160054445266724,47,48,1
data_206,0,0.7305259108543396,0.6572352647781372,0.5713132619857788,48,48,0
data_206,0,0.792902410030365,0.7744897603988647,0.565082311630249,48,48,0
data_206,0,0.7689856886863708,0.6463915705680847,0.6197382807731628,48,48,1
data_206,0,0.8043039441108704,0.7199923992156982,0.5966622233390808,52,53,0
data_206,0,0.7020407319068909,0.6195440888404846,0.7020407319068909,52,51,0
data_206,0,0.6743592023849487,0.6743592023849487,0.48789337277412415,52,51,1
data_206,0,0.7951776385307312,0.7579750418663025,0.46957120299339294,51,52,0
data_206,0,0.889412522315979,0.889412522315979,0.5079096555709839,51,52,0
data_206,0,0.8371229767799377,0.8371229767799377,0.5943987965583801,51,52,0
data_206,0,0.7298640012741089,0.7161389589309692,0.6692785620689392,57,53,0
data_206,1,0.7800450921058655,0.7800450921058655,0.6557718515396118,57,53,0
data_206,1,0.8294715881347656,0.6601247191429138,0.7219846844673157,57,53,0
data_206,0,0.9770304560661316,0.9770304560661316,0.6609481573104858,44,45,0
data_206,0,0.8191186785697937,0.8191186785697937,0.6698015928268433,44,45,0
data_206,1,0.7949380874633789,0.7432955503463745,0.6616975665092468,44,45,0
data_206,0,0.7599611878395081,0.7265033721923828,0.6588521003723145,65,57,0
data_206,0,0.7047593593597412,0.7047593593597412,0.5586557984352112,65,57,0
data_206,0,0.7709381580352783,0.7709381580352783,0.4766881763935089,65,57,0
